2018/09/22 00:00:06.284 DEBUG ManualMessagePump DataManagerCore - License check OK
2018/09/22 00:01:06.285 DEBUG ManualMessagePump DataManagerCore - License check OK
2018/09/22 00:02:06.292 DEBUG ManualMessagePump DataManagerCore - License check OK
2018/09/22 00:03:06.917 DEBUG ManualMessagePump DataManagerCore - License check OK
2018/09/22 00:04:06.924 DEBUG ManualMessagePump DataManagerCore - License check OK
2018/09/22 00:05:06.935 DEBUG ManualMessagePump DataManagerCore - License check OK
2018/09/22 00:06:06.948 DEBUG ManualMessagePump DataManagerCore - License check OK
2018/09/22 00:07:06.958 DEBUG ManualMessagePump DataManagerCore - License check OK
2018/09/22 00:08:06.973 DEBUG ManualMessagePump DataManagerCore - License check OK
2018/09/22 00:09:06.988 DEBUG ManualMessagePump DataManagerCore - License check OK
2018/09/22 00:10:07.002 DEBUG ManualMessagePump DataManagerCore - License check OK
2018/09/22 00:11:07.003 DEBUG ManualMessagePump DataManagerCore - License check OK
2018/09/22 00:12:07.002 DEBUG ManualMessagePump DataManagerCore - License check OK
2018/09/22 00:13:07.014 DEBUG ManualMessagePump DataManagerCore - License check OK
2018/09/22 00:14:07.030 DEBUG ManualMessagePump DataManagerCore - License check OK
2018/09/22 00:15:07.041 DEBUG ManualMessagePump DataManagerCore - License check OK
2018/09/22 00:16:07.053 DEBUG ManualMessagePump DataManagerCore - License check OK
2018/09/22 00:17:07.061 DEBUG ManualMessagePump DataManagerCore - License check OK
2018/09/22 00:18:07.071 DEBUG ManualMessagePump DataManagerCore - License check OK
2018/09/22 00:19:07.083 DEBUG ManualMessagePump DataManagerCore - License check OK
2018/09/22 00:20:07.099 DEBUG ManualMessagePump DataManagerCore - License check OK
2018/09/22 00:21:07.105 DEBUG ManualMessagePump DataManagerCore - License check OK
2018/09/22 00:22:07.117 DEBUG ManualMessagePump DataManagerCore - License check OK
2018/09/22 00:23:07.130 DEBUG ManualMessagePump DataManagerCore - License check OK
2018/09/22 00:24:07.135 DEBUG ManualMessagePump DataManagerCore - License check OK
2018/09/22 00:25:07.144 DEBUG ManualMessagePump DataManagerCore - License check OK
2018/09/22 00:26:07.160 DEBUG ManualMessagePump DataManagerCore - License check OK
2018/09/22 00:27:07.168 DEBUG ManualMessagePump DataManagerCore - License check OK
2018/09/22 00:28:07.176 DEBUG ManualMessagePump DataManagerCore - License check OK
2018/09/22 00:29:07.176 DEBUG ManualMessagePump DataManagerCore - License check OK
2018/09/22 00:30:07.176 DEBUG ManualMessagePump DataManagerCore - License check OK
2018/09/22 00:31:07.191 DEBUG ManualMessagePump DataManagerCore - License check OK
2018/09/22 00:32:07.202 DEBUG ManualMessagePump DataManagerCore - License check OK
2018/09/22 00:33:07.207 DEBUG ManualMessagePump DataManagerCore - License check OK
2018/09/22 00:34:07.214 DEBUG ManualMessagePump DataManagerCore - License check OK
2018/09/22 00:35:07.223 DEBUG ManualMessagePump DataManagerCore - License check OK
2018/09/22 00:36:07.231 DEBUG ManualMessagePump DataManagerCore - License check OK
2018/09/22 00:37:07.240 DEBUG ManualMessagePump DataManagerCore - License check OK
2018/09/22 00:38:07.248 DEBUG ManualMessagePump DataManagerCore - License check OK
2018/09/22 00:39:07.258 DEBUG ManualMessagePump DataManagerCore - License check OK
2018/09/22 00:40:07.269 DEBUG ManualMessagePump DataManagerCore - License check OK
2018/09/22 00:41:07.281 DEBUG ManualMessagePump DataManagerCore - License check OK
2018/09/22 00:42:07.286 DEBUG ManualMessagePump DataManagerCore - License check OK
2018/09/22 00:43:07.300 DEBUG ManualMessagePump DataManagerCore - License check OK
2018/09/22 00:44:07.301 DEBUG ManualMessagePump DataManagerCore - License check OK
2018/09/22 00:45:07.303 DEBUG ManualMessagePump DataManagerCore - License check OK
2018/09/22 00:46:07.320 DEBUG ManualMessagePump DataManagerCore - License check OK
2018/09/22 00:47:07.320 DEBUG ManualMessagePump DataManagerCore - License check OK
2018/09/22 00:48:07.332 DEBUG ManualMessagePump DataManagerCore - License check OK
2018/09/22 00:49:07.343 DEBUG ManualMessagePump DataManagerCore - License check OK
2018/09/22 00:50:07.347 DEBUG ManualMessagePump DataManagerCore - License check OK
2018/09/22 00:51:07.358 DEBUG ManualMessagePump DataManagerCore - License check OK
2018/09/22 00:52:07.366 DEBUG ManualMessagePump DataManagerCore - License check OK
2018/09/22 00:53:07.379 DEBUG ManualMessagePump DataManagerCore - License check OK
2018/09/22 00:54:07.384 DEBUG ManualMessagePump DataManagerCore - License check OK
2018/09/22 00:55:07.393 DEBUG ManualMessagePump DataManagerCore - License check OK
2018/09/22 00:56:07.394 DEBUG ManualMessagePump DataManagerCore - License check OK
2018/09/22 00:57:07.404 DEBUG ManualMessagePump DataManagerCore - License check OK
2018/09/22 00:58:07.419 DEBUG ManualMessagePump DataManagerCore - License check OK
2018/09/22 00:59:07.425 DEBUG ManualMessagePump DataManagerCore - License check OK
2018/09/22 01:00:07.425 DEBUG ManualMessagePump DataManagerCore - License check OK
2018/09/22 01:01:07.428 DEBUG ManualMessagePump DataManagerCore - License check OK
2018/09/22 01:02:07.441 DEBUG ManualMessagePump DataManagerCore - License check OK
2018/09/22 01:03:07.443 DEBUG ManualMessagePump DataManagerCore - License check OK
2018/09/22 01:04:07.446 DEBUG ManualMessagePump DataManagerCore - License check OK
2018/09/22 01:05:07.457 DEBUG ManualMessagePump DataManagerCore - License check OK
2018/09/22 01:06:07.469 DEBUG ManualMessagePump DataManagerCore - License check OK
2018/09/22 01:07:07.483 DEBUG ManualMessagePump DataManagerCore - License check OK
2018/09/22 01:08:07.496 DEBUG ManualMessagePump DataManagerCore - License check OK
2018/09/22 01:09:07.507 DEBUG ManualMessagePump DataManagerCore - License check OK
2018/09/22 01:10:07.518 DEBUG ManualMessagePump DataManagerCore - License check OK
2018/09/22 01:11:07.529 DEBUG ManualMessagePump DataManagerCore - License check OK
2018/09/22 01:12:07.537 DEBUG ManualMessagePump DataManagerCore - License check OK
2018/09/22 01:13:07.537 DEBUG ManualMessagePump DataManagerCore - License check OK
2018/09/22 01:14:07.550 DEBUG ManualMessagePump DataManagerCore - License check OK
2018/09/22 01:15:07.559 DEBUG ManualMessagePump DataManagerCore - License check OK
2018/09/22 01:16:07.566 DEBUG ManualMessagePump DataManagerCore - License check OK
2018/09/22 01:17:07.569 DEBUG ManualMessagePump DataManagerCore - License check OK
2018/09/22 01:18:07.582 DEBUG ManualMessagePump DataManagerCore - License check OK
2018/09/22 01:19:07.582 DEBUG ManualMessagePump DataManagerCore - License check OK
2018/09/22 01:20:07.587 DEBUG ManualMessagePump DataManagerCore - License check OK
2018/09/22 01:21:07.598 DEBUG ManualMessagePump DataManagerCore - License check OK
2018/09/22 01:22:07.606 DEBUG ManualMessagePump DataManagerCore - License check OK
2018/09/22 01:23:07.615 DEBUG ManualMessagePump DataManagerCore - License check OK
2018/09/22 01:24:07.629 DEBUG ManualMessagePump DataManagerCore - License check OK
2018/09/22 01:25:07.642 DEBUG ManualMessagePump DataManagerCore - License check OK
2018/09/22 01:26:07.650 DEBUG ManualMessagePump DataManagerCore - License check OK
2018/09/22 01:27:07.660 DEBUG ManualMessagePump DataManagerCore - License check OK
2018/09/22 01:28:07.670 DEBUG ManualMessagePump DataManagerCore - License check OK
2018/09/22 01:29:07.679 DEBUG ManualMessagePump DataManagerCore - License check OK
2018/09/22 01:30:07.691 DEBUG ManualMessagePump DataManagerCore - License check OK
2018/09/22 01:31:07.692 DEBUG ManualMessagePump DataManagerCore - License check OK
2018/09/22 01:32:07.707 DEBUG ManualMessagePump DataManagerCore - License check OK
2018/09/22 01:33:07.710 DEBUG ManualMessagePump DataManagerCore - License check OK
2018/09/22 01:34:07.724 DEBUG ManualMessagePump DataManagerCore - License check OK
2018/09/22 01:35:07.724 DEBUG ManualMessagePump DataManagerCore - License check OK
2018/09/22 01:36:07.724 DEBUG ManualMessagePump DataManagerCore - License check OK
2018/09/22 01:37:07.724 DEBUG ManualMessagePump DataManagerCore - License check OK
2018/09/22 01:38:07.734 DEBUG ManualMessagePump DataManagerCore - License check OK
2018/09/22 01:39:07.744 DEBUG ManualMessagePump DataManagerCore - License check OK
2018/09/22 01:40:07.757 DEBUG ManualMessagePump DataManagerCore - License check OK
2018/09/22 01:41:07.771 DEBUG ManualMessagePump DataManagerCore - License check OK
2018/09/22 01:42:07.785 DEBUG ManualMessagePump DataManagerCore - License check OK
2018/09/22 01:43:07.794 DEBUG ManualMessagePump DataManagerCore - License check OK
2018/09/22 01:44:07.802 DEBUG ManualMessagePump DataManagerCore - License check OK
2018/09/22 01:45:07.804 DEBUG ManualMessagePump DataManagerCore - License check OK
2018/09/22 01:46:07.817 DEBUG ManualMessagePump DataManagerCore - License check OK
2018/09/22 01:47:07.832 DEBUG ManualMessagePump DataManagerCore - License check OK
2018/09/22 01:48:07.836 DEBUG ManualMessagePump DataManagerCore - License check OK
2018/09/22 01:49:07.848 DEBUG ManualMessagePump DataManagerCore - License check OK
2018/09/22 01:50:07.849 DEBUG ManualMessagePump DataManagerCore - License check OK
2018/09/22 01:51:07.865 DEBUG ManualMessagePump DataManagerCore - License check OK
2018/09/22 01:52:07.865 DEBUG ManualMessagePump DataManagerCore - License check OK
2018/09/22 01:53:07.883 DEBUG ManualMessagePump DataManagerCore - License check OK
2018/09/22 01:54:07.895 DEBUG ManualMessagePump DataManagerCore - License check OK
2018/09/22 01:55:07.896 DEBUG ManualMessagePump DataManagerCore - License check OK
2018/09/22 01:56:07.899 DEBUG ManualMessagePump DataManagerCore - License check OK
2018/09/22 01:57:07.912 DEBUG ManualMessagePump DataManagerCore - License check OK
2018/09/22 01:58:07.913 DEBUG ManualMessagePump DataManagerCore - License check OK
2018/09/22 01:59:07.923 DEBUG ManualMessagePump DataManagerCore - License check OK
2018/09/22 02:00:07.937 DEBUG ManualMessagePump DataManagerCore - License check OK
2018/09/22 02:01:07.951 DEBUG ManualMessagePump DataManagerCore - License check OK
2018/09/22 02:02:07.962 DEBUG ManualMessagePump DataManagerCore - License check OK
2018/09/22 02:03:07.969 DEBUG ManualMessagePump DataManagerCore - License check OK
2018/09/22 02:04:07.973 DEBUG ManualMessagePump DataManagerCore - License check OK
2018/09/22 02:05:07.977 DEBUG ManualMessagePump DataManagerCore - License check OK
2018/09/22 02:06:07.989 DEBUG ManualMessagePump DataManagerCore - License check OK
2018/09/22 02:07:07.997 DEBUG ManualMessagePump DataManagerCore - License check OK
2018/09/22 02:08:08.009 DEBUG ManualMessagePump DataManagerCore - License check OK
2018/09/22 02:09:08.019 DEBUG ManualMessagePump DataManagerCore - License check OK
2018/09/22 02:10:08.023 DEBUG ManualMessagePump DataManagerCore - License check OK
2018/09/22 02:11:08.038 DEBUG ManualMessagePump DataManagerCore - License check OK
2018/09/22 02:12:08.057 DEBUG ManualMessagePump DataManagerCore - License check OK
2018/09/22 02:13:08.071 DEBUG ManualMessagePump DataManagerCore - License check OK
2018/09/22 02:14:08.084 DEBUG ManualMessagePump DataManagerCore - License check OK
2018/09/22 02:15:08.085 DEBUG ManualMessagePump DataManagerCore - License check OK
2018/09/22 02:16:08.085 DEBUG ManualMessagePump DataManagerCore - License check OK
2018/09/22 02:17:08.098 DEBUG ManualMessagePump DataManagerCore - License check OK
2018/09/22 02:18:08.109 DEBUG ManualMessagePump DataManagerCore - License check OK
2018/09/22 02:19:08.123 DEBUG ManualMessagePump DataManagerCore - License check OK
2018/09/22 02:20:08.137 DEBUG ManualMessagePump DataManagerCore - License check OK
2018/09/22 02:21:08.141 DEBUG ManualMessagePump DataManagerCore - License check OK
2018/09/22 02:22:08.155 DEBUG ManualMessagePump DataManagerCore - License check OK
2018/09/22 02:23:08.165 DEBUG ManualMessagePump DataManagerCore - License check OK
2018/09/22 02:24:08.178 DEBUG ManualMessagePump DataManagerCore - License check OK
2018/09/22 02:25:08.189 DEBUG ManualMessagePump DataManagerCore - License check OK
2018/09/22 02:26:08.192 DEBUG ManualMessagePump DataManagerCore - License check OK
2018/09/22 02:27:08.203 DEBUG ManualMessagePump DataManagerCore - License check OK
2018/09/22 02:28:08.213 DEBUG ManualMessagePump DataManagerCore - License check OK
2018/09/22 02:29:08.225 DEBUG ManualMessagePump DataManagerCore - License check OK
2018/09/22 02:30:08.239 DEBUG ManualMessagePump DataManagerCore - License check OK
2018/09/22 02:31:08.241 DEBUG ManualMessagePump DataManagerCore - License check OK
2018/09/22 02:32:08.414 DEBUG ManualMessagePump DataManagerCore - License check OK
2018/09/22 02:33:08.426 DEBUG ManualMessagePump DataManagerCore - License check OK
2018/09/22 02:34:08.437 DEBUG ManualMessagePump DataManagerCore - License check OK
2018/09/22 02:35:08.444 DEBUG ManualMessagePump DataManagerCore - License check OK
2018/09/22 02:36:08.457 DEBUG ManualMessagePump DataManagerCore - License check OK
2018/09/22 02:37:08.461 DEBUG ManualMessagePump DataManagerCore - License check OK
2018/09/22 02:38:08.475 DEBUG ManualMessagePump DataManagerCore - License check OK
2018/09/22 02:39:08.485 DEBUG ManualMessagePump DataManagerCore - License check OK
2018/09/22 02:40:08.495 DEBUG ManualMessagePump DataManagerCore - License check OK
2018/09/22 02:41:08.507 DEBUG ManualMessagePump DataManagerCore - License check OK
2018/09/22 02:42:08.521 DEBUG ManualMessagePump DataManagerCore - License check OK
2018/09/22 02:43:08.523 DEBUG ManualMessagePump DataManagerCore - License check OK
2018/09/22 02:44:08.536 DEBUG ManualMessagePump DataManagerCore - License check OK
2018/09/22 02:45:08.543 DEBUG ManualMessagePump DataManagerCore - License check OK
2018/09/22 02:46:08.552 DEBUG ManualMessagePump DataManagerCore - License check OK
2018/09/22 02:47:08.568 DEBUG ManualMessagePump DataManagerCore - License check OK
2018/09/22 02:48:08.584 DEBUG ManualMessagePump DataManagerCore - License check OK
2018/09/22 02:49:08.584 DEBUG ManualMessagePump DataManagerCore - License check OK
2018/09/22 02:50:08.586 DEBUG ManualMessagePump DataManagerCore - License check OK
2018/09/22 02:51:08.586 DEBUG ManualMessagePump DataManagerCore - License check OK
2018/09/22 02:52:08.598 DEBUG ManualMessagePump DataManagerCore - License check OK
2018/09/22 02:53:08.600 DEBUG ManualMessagePump DataManagerCore - License check OK
2018/09/22 02:54:08.602 DEBUG ManualMessagePump DataManagerCore - License check OK
2018/09/22 02:55:08.603 DEBUG ManualMessagePump DataManagerCore - License check OK
2018/09/22 02:56:08.615 DEBUG ManualMessagePump DataManagerCore - License check OK
2018/09/22 02:57:08.629 DEBUG ManualMessagePump DataManagerCore - License check OK
2018/09/22 02:58:08.630 DEBUG ManualMessagePump DataManagerCore - License check OK
2018/09/22 02:59:08.645 DEBUG ManualMessagePump DataManagerCore - License check OK
2018/09/22 03:00:08.645 DEBUG ManualMessagePump DataManagerCore - License check OK
2018/09/22 03:01:08.653 DEBUG ManualMessagePump DataManagerCore - License check OK
2018/09/22 03:02:08.661 DEBUG ManualMessagePump DataManagerCore - License check OK
2018/09/22 03:03:08.670 DEBUG ManualMessagePump DataManagerCore - License check OK
2018/09/22 03:04:08.678 DEBUG ManualMessagePump DataManagerCore - License check OK
2018/09/22 03:05:08.692 DEBUG ManualMessagePump DataManagerCore - License check OK
2018/09/22 03:06:08.692 DEBUG ManualMessagePump DataManagerCore - License check OK
2018/09/22 03:07:08.703 DEBUG ManualMessagePump DataManagerCore - License check OK
2018/09/22 03:08:08.712 DEBUG ManualMessagePump DataManagerCore - License check OK
2018/09/22 03:09:08.723 DEBUG ManualMessagePump DataManagerCore - License check OK
2018/09/22 03:10:08.724 DEBUG ManualMessagePump DataManagerCore - License check OK
2018/09/22 03:11:08.724 DEBUG ManualMessagePump DataManagerCore - License check OK
2018/09/22 03:12:08.739 DEBUG ManualMessagePump DataManagerCore - License check OK
2018/09/22 03:13:08.742 DEBUG ManualMessagePump DataManagerCore - License check OK
2018/09/22 03:14:08.754 DEBUG ManualMessagePump DataManagerCore - License check OK
2018/09/22 03:15:08.759 DEBUG ManualMessagePump DataManagerCore - License check OK
2018/09/22 03:16:08.773 DEBUG ManualMessagePump DataManagerCore - License check OK
2018/09/22 03:17:08.787 DEBUG ManualMessagePump DataManagerCore - License check OK
2018/09/22 03:18:08.788 DEBUG ManualMessagePump DataManagerCore - License check OK
2018/09/22 03:19:08.792 DEBUG ManualMessagePump DataManagerCore - License check OK
2018/09/22 03:20:08.803 DEBUG ManualMessagePump DataManagerCore - License check OK
2018/09/22 03:21:08.803 DEBUG ManualMessagePump DataManagerCore - License check OK
2018/09/22 03:22:08.814 DEBUG ManualMessagePump DataManagerCore - License check OK
2018/09/22 03:23:08.823 DEBUG ManualMessagePump DataManagerCore - License check OK
2018/09/22 03:24:08.837 DEBUG ManualMessagePump DataManagerCore - License check OK
2018/09/22 03:25:08.851 DEBUG ManualMessagePump DataManagerCore - License check OK
2018/09/22 03:26:08.867 DEBUG ManualMessagePump DataManagerCore - License check OK
2018/09/22 03:27:08.869 DEBUG ManualMessagePump DataManagerCore - License check OK
2018/09/22 03:28:08.882 DEBUG ManualMessagePump DataManagerCore - License check OK
2018/09/22 03:29:08.897 DEBUG ManualMessagePump DataManagerCore - License check OK
2018/09/22 03:30:08.896 DEBUG ManualMessagePump DataManagerCore - License check OK
2018/09/22 03:31:08.898 DEBUG ManualMessagePump DataManagerCore - License check OK
2018/09/22 03:32:08.900 DEBUG ManualMessagePump DataManagerCore - License check OK
2018/09/22 03:33:08.901 DEBUG ManualMessagePump DataManagerCore - License check OK
2018/09/22 03:34:08.913 DEBUG ManualMessagePump DataManagerCore - License check OK
2018/09/22 03:35:08.914 DEBUG ManualMessagePump DataManagerCore - License check OK
2018/09/22 03:36:08.927 DEBUG ManualMessagePump DataManagerCore - License check OK
2018/09/22 03:37:08.928 DEBUG ManualMessagePump DataManagerCore - License check OK
2018/09/22 03:38:08.931 DEBUG ManualMessagePump DataManagerCore - License check OK
2018/09/22 03:39:08.945 DEBUG ManualMessagePump DataManagerCore - License check OK
2018/09/22 03:40:08.946 DEBUG ManualMessagePump DataManagerCore - License check OK
2018/09/22 03:41:08.959 DEBUG ManualMessagePump DataManagerCore - License check OK
2018/09/22 03:42:08.960 DEBUG ManualMessagePump DataManagerCore - License check OK
2018/09/22 03:43:08.960 DEBUG ManualMessagePump DataManagerCore - License check OK
2018/09/22 03:44:08.962 DEBUG ManualMessagePump DataManagerCore - License check OK
2018/09/22 03:45:08.976 DEBUG ManualMessagePump DataManagerCore - License check OK
2018/09/22 03:46:08.976 DEBUG ManualMessagePump DataManagerCore - License check OK
2018/09/22 03:47:08.992 DEBUG ManualMessagePump DataManagerCore - License check OK
2018/09/22 03:48:09.006 DEBUG ManualMessagePump DataManagerCore - License check OK
2018/09/22 03:49:09.016 DEBUG ManualMessagePump DataManagerCore - License check OK
2018/09/22 03:50:09.024 DEBUG ManualMessagePump DataManagerCore - License check OK
2018/09/22 03:51:09.029 DEBUG ManualMessagePump DataManagerCore - License check OK
2018/09/22 03:52:09.037 DEBUG ManualMessagePump DataManagerCore - License check OK
2018/09/22 03:53:09.038 DEBUG ManualMessagePump DataManagerCore - License check OK
2018/09/22 03:54:09.052 DEBUG ManualMessagePump DataManagerCore - License check OK
2018/09/22 03:55:09.054 DEBUG ManualMessagePump DataManagerCore - License check OK
2018/09/22 03:56:09.068 DEBUG ManualMessagePump DataManagerCore - License check OK
2018/09/22 03:57:09.069 DEBUG ManualMessagePump DataManagerCore - License check OK
2018/09/22 03:58:09.071 DEBUG ManualMessagePump DataManagerCore - License check OK
2018/09/22 03:59:09.073 DEBUG ManualMessagePump DataManagerCore - License check OK
2018/09/22 04:00:09.083 DEBUG ManualMessagePump DataManagerCore - License check OK
2018/09/22 04:01:09.084 DEBUG ManualMessagePump DataManagerCore - License check OK
2018/09/22 04:02:09.091 DEBUG ManualMessagePump DataManagerCore - License check OK
2018/09/22 04:03:09.101 DEBUG ManualMessagePump DataManagerCore - License check OK
2018/09/22 04:04:09.102 DEBUG ManualMessagePump DataManagerCore - License check OK
2018/09/22 04:05:09.115 DEBUG ManualMessagePump DataManagerCore - License check OK
2018/09/22 04:06:09.116 DEBUG ManualMessagePump DataManagerCore - License check OK
2018/09/22 04:07:09.116 DEBUG ManualMessagePump DataManagerCore - License check OK
2018/09/22 04:08:09.119 DEBUG ManualMessagePump DataManagerCore - License check OK
2018/09/22 04:09:09.129 DEBUG ManualMessagePump DataManagerCore - License check OK
2018/09/22 04:10:09.162 DEBUG ManualMessagePump DataManagerCore - License check OK
2018/09/22 04:11:09.149 DEBUG ManualMessagePump DataManagerCore - License check OK
2018/09/22 04:12:09.159 DEBUG ManualMessagePump DataManagerCore - License check OK
2018/09/22 04:13:09.162 DEBUG ManualMessagePump DataManagerCore - License check OK
2018/09/22 04:14:09.164 DEBUG ManualMessagePump DataManagerCore - License check OK
2018/09/22 04:15:09.173 DEBUG ManualMessagePump DataManagerCore - License check OK
2018/09/22 04:16:09.179 DEBUG ManualMessagePump DataManagerCore - License check OK
2018/09/22 04:17:09.186 DEBUG ManualMessagePump DataManagerCore - License check OK
2018/09/22 04:18:09.763 DEBUG ManualMessagePump DataManagerCore - License check OK
2018/09/22 04:19:09.771 DEBUG ManualMessagePump DataManagerCore - License check OK
2018/09/22 04:20:09.783 DEBUG ManualMessagePump DataManagerCore - License check OK
2018/09/22 04:21:09.789 DEBUG ManualMessagePump DataManagerCore - License check OK
2018/09/22 04:22:09.790 DEBUG ManualMessagePump DataManagerCore - License check OK
2018/09/22 04:23:09.791 DEBUG ManualMessagePump DataManagerCore - License check OK
2018/09/22 04:24:09.802 DEBUG ManualMessagePump DataManagerCore - License check OK
2018/09/22 04:25:09.805 DEBUG ManualMessagePump DataManagerCore - License check OK
2018/09/22 04:26:09.818 DEBUG ManualMessagePump DataManagerCore - License check OK
2018/09/22 04:27:09.818 DEBUG ManualMessagePump DataManagerCore - License check OK
2018/09/22 04:27:14.053 DEBUG HistoricalWriteQueue DataManagerCore - An unhandled exception occurred
2018/09/22 04:27:14.053 DEBUG HistoricalWriteQueue DataManagerCore - System.Data.SqlClient.SqlException (0x80131904): A network-related or instance-specific error occurred while establishing a connection to SQL Server. The server was not found or was not accessible. Verify that the instance name is correct and that SQL Server is configured to allow remote connections. (provider: TCP Provider, error: 0 - The wait operation timed out.) ---> System.ComponentModel.Win32Exception (0x80004005): The wait operation timed out

   at System.Data.ProviderBase.DbConnectionPool.TryGetConnection(DbConnection owningObject, UInt32 waitForMultipleObjectsTimeout, Boolean allowCreate, Boolean onlyOneCheckConnection, DbConnectionOptions userOptions, DbConnectionInternal& connection)
   at System.Data.ProviderBase.DbConnectionPool.TryGetConnection(DbConnection owningObject, TaskCompletionSource`1 retry, DbConnectionOptions userOptions, DbConnectionInternal& connection)
   at System.Data.ProviderBase.DbConnectionFactory.TryGetConnection(DbConnection owningConnection, TaskCompletionSource`1 retry, DbConnectionOptions userOptions, DbConnectionInternal oldConnection, DbConnectionInternal& connection)
   at System.Data.ProviderBase.DbConnectionInternal.TryOpenConnectionInternal(DbConnection outerConnection, DbConnectionFactory connectionFactory, TaskCompletionSource`1 retry, DbConnectionOptions userOptions)
   at System.Data.SqlClient.SqlConnection.TryOpenInner(TaskCompletionSource`1 retry)
   at System.Data.SqlClient.SqlConnection.TryOpen(TaskCompletionSource`1 retry)
   at System.Data.SqlClient.SqlConnection.Open()
   at Petex.IVM.Data.IVMRepositoryBase.GetIVMHistoricalConnection() in File1130:line 81
   at Petex.IVM.Data.IVMHistorical.HistoryRepository.SaveTransactions(Queue`1 logs) in File1152:line 1454
   at Petex.IVM.Server.Historical.HistoricalWriteQueue.c02d634c75c7516d4ca607019a27726cd(Queue`1 c0bbd5b3cc5e74926be68f344583128ea, Queue`1 c2c3849473237c6bb974727a93b277620, Queue`1 ce7922fff8b8d940e9b3b752793eb7310) in File57:line 210
   at Petex.IVM.Server.Historical.HistoricalWriteQueue.c30bfe3460601f6d88c296012dc4e3cfa(c899059e01bdad79876c27fb76419400c c9acfbf4dd062c879051e08abf228c83b) in File57:line 164
   at System.Threading.ExecutionContext.RunInternal(ExecutionContext executionContext, ContextCallback callback, Object state, Boolean preserveSyncCtx)
   at System.Threading.ExecutionContext.Run(ExecutionContext executionContext, ContextCallback callback, Object state, Boolean preserveSyncCtx)
   at System.Threading.ExecutionContext.Run(ExecutionContext executionContext, ContextCallback callback, Object state)
   at System.Threading.ThreadHelper.ThreadStart()
ClientConnectionId:00000000-0000-0000-0000-000000000000
Error Number:258,State:0,Class:20
2018/09/22 04:27:14.060 ERROR HistoricalWriteQueue ExceptionLogger - A network-related or instance-specific error occurred while establishing a connection to SQL Server. The server was not found or was not accessible. Verify that the instance name is correct and that SQL Server is configured to allow remote connections. (provider: TCP Provider, error: 0 - The wait operation timed out.)
    Error #0
    Message: A network-related or instance-specific error occurred while establishing a connection to SQL Server. The server was not found or was not accessible. Verify that the instance name is correct and that SQL Server is configured to allow remote connections. (provider: TCP Provider, error: 0 - The wait operation timed out.)
    Error Number: 258
    LineNumber: 0
    Source: .Net SqlClient Data Provider
    Procedure: 

                The wait operation timed out

System.Data.SqlClient.SqlException (0x80131904): A network-related or instance-specific error occurred while establishing a connection to SQL Server. The server was not found or was not accessible. Verify that the instance name is correct and that SQL Server is configured to allow remote connections. (provider: TCP Provider, error: 0 - The wait operation timed out.) ---> System.ComponentModel.Win32Exception (0x80004005): The wait operation timed out

   at System.Data.ProviderBase.DbConnectionPool.TryGetConnection(DbConnection owningObject, UInt32 waitForMultipleObjectsTimeout, Boolean allowCreate, Boolean onlyOneCheckConnection, DbConnectionOptions userOptions, DbConnectionInternal& connection)
   at System.Data.ProviderBase.DbConnectionPool.TryGetConnection(DbConnection owningObject, TaskCompletionSource`1 retry, DbConnectionOptions userOptions, DbConnectionInternal& connection)
   at System.Data.ProviderBase.DbConnectionFactory.TryGetConnection(DbConnection owningConnection, TaskCompletionSource`1 retry, DbConnectionOptions userOptions, DbConnectionInternal oldConnection, DbConnectionInternal& connection)
   at System.Data.ProviderBase.DbConnectionInternal.TryOpenConnectionInternal(DbConnection outerConnection, DbConnectionFactory connectionFactory, TaskCompletionSource`1 retry, DbConnectionOptions userOptions)
   at System.Data.SqlClient.SqlConnection.TryOpenInner(TaskCompletionSource`1 retry)
   at System.Data.SqlClient.SqlConnection.TryOpen(TaskCompletionSource`1 retry)
   at System.Data.SqlClient.SqlConnection.Open()
   at Petex.IVM.Data.IVMRepositoryBase.GetIVMHistoricalConnection() in File1130:line 81
   at Petex.IVM.Data.IVMHistorical.HistoryRepository.SaveTransactions(Queue`1 logs) in File1152:line 1454
   at Petex.IVM.Server.Historical.HistoricalWriteQueue.c02d634c75c7516d4ca607019a27726cd(Queue`1 c0bbd5b3cc5e74926be68f344583128ea, Queue`1 c2c3849473237c6bb974727a93b277620, Queue`1 ce7922fff8b8d940e9b3b752793eb7310) in File57:line 210
   at Petex.IVM.Server.Historical.HistoricalWriteQueue.c30bfe3460601f6d88c296012dc4e3cfa(c899059e01bdad79876c27fb76419400c c9acfbf4dd062c879051e08abf228c83b) in File57:line 164
   at System.Threading.ExecutionContext.RunInternal(ExecutionContext executionContext, ContextCallback callback, Object state, Boolean preserveSyncCtx)
   at System.Threading.ExecutionContext.Run(ExecutionContext executionContext, ContextCallback callback, Object state, Boolean preserveSyncCtx)
   at System.Threading.ExecutionContext.Run(ExecutionContext executionContext, ContextCallback callback, Object state)
   at System.Threading.ThreadHelper.ThreadStart()
ClientConnectionId:00000000-0000-0000-0000-000000000000
Error Number:258,State:0,Class:20
2018/09/22 04:27:14.090 ERROR HistoricalWriteQueue ExceptionLogger - A network-related or instance-specific error occurred while establishing a connection to SQL Server. The server was not found or was not accessible. Verify that the instance name is correct and that SQL Server is configured to allow remote connections. (provider: TCP Provider, error: 0 - The wait operation timed out.)
    Error #0
    Message: A network-related or instance-specific error occurred while establishing a connection to SQL Server. The server was not found or was not accessible. Verify that the instance name is correct and that SQL Server is configured to allow remote connections. (provider: TCP Provider, error: 0 - The wait operation timed out.)
    Error Number: 258
    LineNumber: 0
    Source: .Net SqlClient Data Provider
    Procedure: 

                The wait operation timed out

System.Data.SqlClient.SqlException (0x80131904): A network-related or instance-specific error occurred while establishing a connection to SQL Server. The server was not found or was not accessible. Verify that the instance name is correct and that SQL Server is configured to allow remote connections. (provider: TCP Provider, error: 0 - The wait operation timed out.) ---> System.ComponentModel.Win32Exception (0x80004005): The wait operation timed out

   at System.Data.ProviderBase.DbConnectionPool.TryGetConnection(DbConnection owningObject, UInt32 waitForMultipleObjectsTimeout, Boolean allowCreate, Boolean onlyOneCheckConnection, DbConnectionOptions userOptions, DbConnectionInternal& connection)
   at System.Data.ProviderBase.DbConnectionPool.TryGetConnection(DbConnection owningObject, TaskCompletionSource`1 retry, DbConnectionOptions userOptions, DbConnectionInternal& connection)
   at System.Data.ProviderBase.DbConnectionFactory.TryGetConnection(DbConnection owningConnection, TaskCompletionSource`1 retry, DbConnectionOptions userOptions, DbConnectionInternal oldConnection, DbConnectionInternal& connection)
   at System.Data.ProviderBase.DbConnectionInternal.TryOpenConnectionInternal(DbConnection outerConnection, DbConnectionFactory connectionFactory, TaskCompletionSource`1 retry, DbConnectionOptions userOptions)
   at System.Data.SqlClient.SqlConnection.TryOpenInner(TaskCompletionSource`1 retry)
   at System.Data.SqlClient.SqlConnection.TryOpen(TaskCompletionSource`1 retry)
   at System.Data.SqlClient.SqlConnection.Open()
   at Petex.IVM.Data.IVMRepositoryBase.GetIVMHistoricalConnection() in File1130:line 81
   at Petex.IVM.Data.IVMHistorical.HistoryRepository.SaveTransactions(Queue`1 logs) in File1152:line 1454
   at Petex.IVM.Server.Historical.HistoricalWriteQueue.c02d634c75c7516d4ca607019a27726cd(Queue`1 c0bbd5b3cc5e74926be68f344583128ea, Queue`1 c2c3849473237c6bb974727a93b277620, Queue`1 ce7922fff8b8d940e9b3b752793eb7310) in File57:line 210
   at Petex.IVM.Server.Historical.HistoricalWriteQueue.c30bfe3460601f6d88c296012dc4e3cfa(c899059e01bdad79876c27fb76419400c c9acfbf4dd062c879051e08abf228c83b) in File57:line 164
   at System.Threading.ExecutionContext.RunInternal(ExecutionContext executionContext, ContextCallback callback, Object state, Boolean preserveSyncCtx)
   at System.Threading.ExecutionContext.Run(ExecutionContext executionContext, ContextCallback callback, Object state, Boolean preserveSyncCtx)
   at System.Threading.ExecutionContext.Run(ExecutionContext executionContext, ContextCallback callback, Object state)
   at System.Threading.ThreadHelper.ThreadStart()
ClientConnectionId:00000000-0000-0000-0000-000000000000
Error Number:258,State:0,Class:20
2018/09/22 04:27:14.092 ERROR HistoricalWriteQueue ExceptionLogger - A network-related or instance-specific error occurred while establishing a connection to SQL Server. The server was not found or was not accessible. Verify that the instance name is correct and that SQL Server is configured to allow remote connections. (provider: TCP Provider, error: 0 - The wait operation timed out.)
    Error #0
    Message: A network-related or instance-specific error occurred while establishing a connection to SQL Server. The server was not found or was not accessible. Verify that the instance name is correct and that SQL Server is configured to allow remote connections. (provider: TCP Provider, error: 0 - The wait operation timed out.)
    Error Number: 258
    LineNumber: 0
    Source: .Net SqlClient Data Provider
    Procedure: 

                The wait operation timed out

System.Data.SqlClient.SqlException (0x80131904): A network-related or instance-specific error occurred while establishing a connection to SQL Server. The server was not found or was not accessible. Verify that the instance name is correct and that SQL Server is configured to allow remote connections. (provider: TCP Provider, error: 0 - The wait operation timed out.) ---> System.ComponentModel.Win32Exception (0x80004005): The wait operation timed out

   at System.Data.ProviderBase.DbConnectionPool.TryGetConnection(DbConnection owningObject, UInt32 waitForMultipleObjectsTimeout, Boolean allowCreate, Boolean onlyOneCheckConnection, DbConnectionOptions userOptions, DbConnectionInternal& connection)
   at System.Data.ProviderBase.DbConnectionPool.TryGetConnection(DbConnection owningObject, TaskCompletionSource`1 retry, DbConnectionOptions userOptions, DbConnectionInternal& connection)
   at System.Data.ProviderBase.DbConnectionFactory.TryGetConnection(DbConnection owningConnection, TaskCompletionSource`1 retry, DbConnectionOptions userOptions, DbConnectionInternal oldConnection, DbConnectionInternal& connection)
   at System.Data.ProviderBase.DbConnectionInternal.TryOpenConnectionInternal(DbConnection outerConnection, DbConnectionFactory connectionFactory, TaskCompletionSource`1 retry, DbConnectionOptions userOptions)
   at System.Data.SqlClient.SqlConnection.TryOpenInner(TaskCompletionSource`1 retry)
   at System.Data.SqlClient.SqlConnection.TryOpen(TaskCompletionSource`1 retry)
   at System.Data.SqlClient.SqlConnection.Open()
   at Petex.IVM.Data.IVMRepositoryBase.GetIVMHistoricalConnection() in File1130:line 81
   at Petex.IVM.Data.IVMHistorical.HistoryRepository.SaveTransactions(Queue`1 logs) in File1152:line 1454
   at Petex.IVM.Server.Historical.HistoricalWriteQueue.c02d634c75c7516d4ca607019a27726cd(Queue`1 c0bbd5b3cc5e74926be68f344583128ea, Queue`1 c2c3849473237c6bb974727a93b277620, Queue`1 ce7922fff8b8d940e9b3b752793eb7310) in File57:line 210
   at Petex.IVM.Server.Historical.HistoricalWriteQueue.c30bfe3460601f6d88c296012dc4e3cfa(c899059e01bdad79876c27fb76419400c c9acfbf4dd062c879051e08abf228c83b) in File57:line 164
   at System.Threading.ExecutionContext.RunInternal(ExecutionContext executionContext, ContextCallback callback, Object state, Boolean preserveSyncCtx)
   at System.Threading.ExecutionContext.Run(ExecutionContext executionContext, ContextCallback callback, Object state, Boolean preserveSyncCtx)
   at System.Threading.ExecutionContext.Run(ExecutionContext executionContext, ContextCallback callback, Object state)
   at System.Threading.ThreadHelper.ThreadStart()
ClientConnectionId:00000000-0000-0000-0000-000000000000
Error Number:258,State:0,Class:20
2018/09/22 04:27:21.665 DEBUG 1 DataManagerCore - DataManager Starting
2018/09/22 04:27:21.776 DEBUG 1 DataManagerCore - MainService ctor
2018/09/22 04:27:21.777 DEBUG 1 DataManagerCore - MainService initialized
2018/09/22 04:27:21.825 DEBUG 7 DataManagerCore - MainService.OnStart
2018/09/22 04:27:21.826 DEBUG 7 DataManagerCore - Attempting to lock global mutex
2018/09/22 04:27:21.829 DEBUG 7 DataManagerCore - Mutex locked
2018/09/22 04:27:21.830 DEBUG 7 DataManagerCore - MainService starting
2018/09/22 04:27:21.830 DEBUG 7 DataManagerCore - Creating ServerCore
2018/09/22 04:27:36.456 ERROR ServerCoreManagerThread ExceptionLogger - There was an error connecting to the IVMConfigdatabase: TIMED OUT
2018/09/22 04:28:21.007 ERROR ServerCoreManagerThread ExceptionLogger - There was an error connecting to the IVMConfigdatabase: TIMED OUT
2018/09/22 04:29:05.561 ERROR ServerCoreManagerThread ExceptionLogger - There was an error connecting to the IVMConfigdatabase: TIMED OUT
2018/09/22 04:29:50.116 ERROR ServerCoreManagerThread ExceptionLogger - There was an error connecting to the IVMConfigdatabase: TIMED OUT
2018/09/22 04:30:20.121 ERROR ServerCoreManagerThread ExceptionLogger - There was an error connecting to the IVMConfigdatabase: TIMED OUT
2018/09/22 04:31:05.467 ERROR ServerCoreManagerThread ExceptionLogger - There was an unknown error connecting to the IVMHistoricaldatabase: Cannot open database "IVMHistorical" requested by the login. The login failed.
Login failed for user 'ANADARKO\svcpetex'.
2018/09/22 04:31:35.538 DEBUG ServerCoreManagerThread DataManagerCore - LockLicense RetryCount=0
2018/09/22 04:31:35.578 DEBUG ManualMessagePump DataManagerCore - LockLicense
2018/09/22 04:31:38.546 DEBUG ServerCoreManagerThread DataManagerCore - IVM Server Core AppDomain created
2018/09/22 04:32:38.548 DEBUG ManualMessagePump DataManagerCore - License check OK
2018/09/22 04:33:38.557 DEBUG ManualMessagePump DataManagerCore - License check OK
2018/09/22 04:34:38.569 DEBUG ManualMessagePump DataManagerCore - License check OK
2018/09/22 04:35:38.575 DEBUG ManualMessagePump DataManagerCore - License check OK
2018/09/22 04:36:38.591 DEBUG ManualMessagePump DataManagerCore - License check OK
2018/09/22 04:37:38.600 DEBUG ManualMessagePump DataManagerCore - License check OK
2018/09/22 04:38:38.604 DEBUG ManualMessagePump DataManagerCore - License check OK
2018/09/22 04:39:38.615 DEBUG ManualMessagePump DataManagerCore - License check OK
2018/09/22 04:40:38.621 DEBUG ManualMessagePump DataManagerCore - License check OK
2018/09/22 04:41:38.633 DEBUG ManualMessagePump DataManagerCore - License check OK
2018/09/22 04:42:38.649 DEBUG ManualMessagePump DataManagerCore - License check OK
2018/09/22 04:43:38.652 DEBUG ManualMessagePump DataManagerCore - License check OK
2018/09/22 04:44:38.657 DEBUG ManualMessagePump DataManagerCore - License check OK
2018/09/22 04:45:38.678 DEBUG ManualMessagePump DataManagerCore - License check OK
2018/09/22 04:46:38.679 DEBUG ManualMessagePump DataManagerCore - License check OK
2018/09/22 04:47:38.685 DEBUG ManualMessagePump DataManagerCore - License check OK
2018/09/22 04:48:38.699 DEBUG ManualMessagePump DataManagerCore - License check OK
2018/09/22 04:49:38.846 DEBUG ManualMessagePump DataManagerCore - License check OK
2018/09/22 04:50:38.854 DEBUG ManualMessagePump DataManagerCore - License check OK
2018/09/22 04:51:38.864 DEBUG ManualMessagePump DataManagerCore - License check OK
2018/09/22 04:52:38.866 DEBUG ManualMessagePump DataManagerCore - License check OK
2018/09/22 04:53:38.869 DEBUG ManualMessagePump DataManagerCore - License check OK
2018/09/22 04:54:38.882 DEBUG ManualMessagePump DataManagerCore - License check OK
2018/09/22 04:55:38.883 DEBUG ManualMessagePump DataManagerCore - License check OK
2018/09/22 04:56:38.898 DEBUG ManualMessagePump DataManagerCore - License check OK
2018/09/22 04:57:38.900 DEBUG ManualMessagePump DataManagerCore - License check OK
2018/09/22 04:58:38.914 DEBUG ManualMessagePump DataManagerCore - License check OK
2018/09/22 04:59:38.914 DEBUG ManualMessagePump DataManagerCore - License check OK
2018/09/22 05:00:38.928 DEBUG ManualMessagePump DataManagerCore - License check OK
2018/09/22 05:01:38.935 DEBUG ManualMessagePump DataManagerCore - License check OK
2018/09/22 05:02:38.945 DEBUG ManualMessagePump DataManagerCore - License check OK
2018/09/22 05:03:38.950 DEBUG ManualMessagePump DataManagerCore - License check OK
2018/09/22 05:04:38.960 DEBUG ManualMessagePump DataManagerCore - License check OK
2018/09/22 05:05:38.964 DEBUG ManualMessagePump DataManagerCore - License check OK
2018/09/22 05:06:38.966 DEBUG ManualMessagePump DataManagerCore - License check OK
2018/09/22 05:07:38.975 DEBUG ManualMessagePump DataManagerCore - License check OK
2018/09/22 05:08:38.990 DEBUG ManualMessagePump DataManagerCore - License check OK
2018/09/22 05:09:38.995 DEBUG ManualMessagePump DataManagerCore - License check OK
2018/09/22 05:10:39.007 DEBUG ManualMessagePump DataManagerCore - License check OK
2018/09/22 05:11:39.008 DEBUG ManualMessagePump DataManagerCore - License check OK
2018/09/22 05:12:39.010 DEBUG ManualMessagePump DataManagerCore - License check OK
2018/09/22 05:13:39.011 DEBUG ManualMessagePump DataManagerCore - License check OK
2018/09/22 05:14:39.022 DEBUG ManualMessagePump DataManagerCore - License check OK
2018/09/22 05:15:39.036 DEBUG ManualMessagePump DataManagerCore - License check OK
2018/09/22 05:16:39.048 DEBUG ManualMessagePump DataManagerCore - License check OK
2018/09/22 05:17:39.064 DEBUG ManualMessagePump DataManagerCore - License check OK
2018/09/22 05:18:39.071 DEBUG ManualMessagePump DataManagerCore - License check OK
2018/09/22 05:19:39.071 DEBUG ManualMessagePump DataManagerCore - License check OK
2018/09/22 05:20:39.083 DEBUG ManualMessagePump DataManagerCore - License check OK
2018/09/22 05:21:39.084 DEBUG ManualMessagePump DataManagerCore - License check OK
2018/09/22 05:22:39.085 DEBUG ManualMessagePump DataManagerCore - License check OK
2018/09/22 05:23:39.088 DEBUG ManualMessagePump DataManagerCore - License check OK
2018/09/22 05:24:39.103 INFO  ManualMessagePump DataManagerCore - License check failed... Count=1
2018/09/22 05:25:39.117 DEBUG ManualMessagePump DataManagerCore - License check OK
2018/09/22 05:25:39.118 INFO  ManualMessagePump DataManagerCore - License restored
2018/09/22 05:26:39.131 DEBUG ManualMessagePump DataManagerCore - License check OK
2018/09/22 05:27:39.131 DEBUG ManualMessagePump DataManagerCore - License check OK
2018/09/22 05:28:39.143 DEBUG ManualMessagePump DataManagerCore - License check OK
2018/09/22 05:29:39.154 DEBUG ManualMessagePump DataManagerCore - License check OK
2018/09/22 05:30:39.163 DEBUG ManualMessagePump DataManagerCore - License check OK
2018/09/22 05:31:39.178 DEBUG ManualMessagePump DataManagerCore - License check OK
2018/09/22 05:32:39.182 DEBUG ManualMessagePump DataManagerCore - License check OK
2018/09/22 05:33:39.195 DEBUG ManualMessagePump DataManagerCore - License check OK
2018/09/22 05:34:39.194 DEBUG ManualMessagePump DataManagerCore - License check OK
2018/09/22 05:35:39.210 DEBUG ManualMessagePump DataManagerCore - License check OK
2018/09/22 05:36:39.210 DEBUG ManualMessagePump DataManagerCore - License check OK
2018/09/22 05:37:39.227 DEBUG ManualMessagePump DataManagerCore - License check OK
2018/09/22 05:38:39.228 DEBUG ManualMessagePump DataManagerCore - License check OK
2018/09/22 05:39:39.928 DEBUG ManualMessagePump DataManagerCore - License check OK
2018/09/22 05:40:39.940 DEBUG ManualMessagePump DataManagerCore - License check OK
2018/09/22 05:41:39.949 DEBUG ManualMessagePump DataManagerCore - License check OK
2018/09/22 05:42:39.957 DEBUG ManualMessagePump DataManagerCore - License check OK
2018/09/22 05:43:39.959 DEBUG ManualMessagePump DataManagerCore - License check OK
2018/09/22 05:44:39.966 DEBUG ManualMessagePump DataManagerCore - License check OK
2018/09/22 05:45:39.980 DEBUG ManualMessagePump DataManagerCore - License check OK
2018/09/22 05:46:39.990 DEBUG ManualMessagePump DataManagerCore - License check OK
2018/09/22 05:47:39.990 DEBUG ManualMessagePump DataManagerCore - License check OK
2018/09/22 05:48:40.002 DEBUG ManualMessagePump DataManagerCore - License check OK
2018/09/22 05:49:40.013 DEBUG ManualMessagePump DataManagerCore - License check OK
2018/09/22 05:50:40.025 DEBUG ManualMessagePump DataManagerCore - License check OK
2018/09/22 05:51:40.026 DEBUG ManualMessagePump DataManagerCore - License check OK
2018/09/22 05:52:40.037 DEBUG ManualMessagePump DataManagerCore - License check OK
2018/09/22 05:53:40.037 DEBUG ManualMessagePump DataManagerCore - License check OK
2018/09/22 05:54:40.046 DEBUG ManualMessagePump DataManagerCore - License check OK
2018/09/22 05:55:40.059 DEBUG ManualMessagePump DataManagerCore - License check OK
2018/09/22 05:56:40.068 DEBUG ManualMessagePump DataManagerCore - License check OK
2018/09/22 05:57:40.078 DEBUG ManualMessagePump DataManagerCore - License check OK
2018/09/22 05:58:40.084 DEBUG ManualMessagePump DataManagerCore - License check OK
2018/09/22 05:59:40.084 DEBUG ManualMessagePump DataManagerCore - License check OK
2018/09/22 06:00:40.086 DEBUG ManualMessagePump DataManagerCore - License check OK
2018/09/22 06:01:40.086 DEBUG ManualMessagePump DataManagerCore - License check OK
2018/09/22 06:02:40.099 DEBUG ManualMessagePump DataManagerCore - License check OK
2018/09/22 06:03:40.101 DEBUG ManualMessagePump DataManagerCore - License check OK
2018/09/22 06:04:40.114 DEBUG ManualMessagePump DataManagerCore - License check OK
2018/09/22 06:05:40.119 DEBUG ManualMessagePump DataManagerCore - License check OK
2018/09/22 06:06:40.189 DEBUG ManualMessagePump DataManagerCore - License check OK
2018/09/22 06:07:40.411 DEBUG ManualMessagePump DataManagerCore - License check OK
2018/09/22 06:08:40.423 DEBUG ManualMessagePump DataManagerCore - License check OK
2018/09/22 06:09:40.434 DEBUG ManualMessagePump DataManagerCore - License check OK
2018/09/22 06:10:40.437 DEBUG ManualMessagePump DataManagerCore - License check OK
2018/09/22 06:11:40.446 DEBUG ManualMessagePump DataManagerCore - License check OK
2018/09/22 06:12:40.459 DEBUG ManualMessagePump DataManagerCore - License check OK
2018/09/22 06:13:40.474 DEBUG ManualMessagePump DataManagerCore - License check OK
2018/09/22 06:14:40.486 DEBUG ManualMessagePump DataManagerCore - License check OK
2018/09/22 06:15:40.498 DEBUG ManualMessagePump DataManagerCore - License check OK
2018/09/22 06:16:40.509 DEBUG ManualMessagePump DataManagerCore - License check OK
2018/09/22 06:17:40.522 DEBUG ManualMessagePump DataManagerCore - License check OK
2018/09/22 06:18:40.522 DEBUG ManualMessagePump DataManagerCore - License check OK
2018/09/22 06:19:40.523 DEBUG ManualMessagePump DataManagerCore - License check OK
2018/09/22 06:20:40.536 DEBUG ManualMessagePump DataManagerCore - License check OK
2018/09/22 06:21:40.542 DEBUG ManualMessagePump DataManagerCore - License check OK
2018/09/22 06:22:40.555 DEBUG ManualMessagePump DataManagerCore - License check OK
2018/09/22 06:23:40.567 DEBUG ManualMessagePump DataManagerCore - License check OK
2018/09/22 06:24:40.579 DEBUG ManualMessagePump DataManagerCore - License check OK
2018/09/22 06:25:40.585 DEBUG ManualMessagePump DataManagerCore - License check OK
2018/09/22 06:26:40.601 DEBUG ManualMessagePump DataManagerCore - License check OK
2018/09/22 06:27:40.615 DEBUG ManualMessagePump DataManagerCore - License check OK
2018/09/22 06:28:40.632 DEBUG ManualMessagePump DataManagerCore - License check OK
2018/09/22 06:29:41.744 DEBUG ManualMessagePump DataManagerCore - License check OK
2018/09/22 06:30:41.743 DEBUG ManualMessagePump DataManagerCore - License check OK
2018/09/22 06:31:42.591 DEBUG ManualMessagePump DataManagerCore - License check OK
2018/09/22 06:32:42.600 DEBUG ManualMessagePump DataManagerCore - License check OK
2018/09/22 06:33:42.601 DEBUG ManualMessagePump DataManagerCore - License check OK
2018/09/22 06:34:42.615 DEBUG ManualMessagePump DataManagerCore - License check OK
2018/09/22 06:35:42.630 DEBUG ManualMessagePump DataManagerCore - License check OK
2018/09/22 06:36:42.632 DEBUG ManualMessagePump DataManagerCore - License check OK
2018/09/22 06:37:42.645 DEBUG ManualMessagePump DataManagerCore - License check OK
2018/09/22 06:38:42.647 DEBUG ManualMessagePump DataManagerCore - License check OK
2018/09/22 06:39:42.648 DEBUG ManualMessagePump DataManagerCore - License check OK
2018/09/22 06:40:42.661 DEBUG ManualMessagePump DataManagerCore - License check OK
2018/09/22 06:41:42.669 DEBUG ManualMessagePump DataManagerCore - License check OK
2018/09/22 06:42:42.677 DEBUG ManualMessagePump DataManagerCore - License check OK
2018/09/22 06:43:42.696 DEBUG ManualMessagePump DataManagerCore - License check OK
2018/09/22 06:44:42.704 DEBUG ManualMessagePump DataManagerCore - License check OK
2018/09/22 06:45:42.722 DEBUG ManualMessagePump DataManagerCore - License check OK
2018/09/22 06:46:42.743 DEBUG ManualMessagePump DataManagerCore - License check OK
2018/09/22 06:47:42.763 DEBUG ManualMessagePump DataManagerCore - License check OK
2018/09/22 06:48:42.780 DEBUG ManualMessagePump DataManagerCore - License check OK
2018/09/22 06:49:42.796 DEBUG ManualMessagePump DataManagerCore - License check OK
2018/09/22 06:50:42.804 DEBUG ManualMessagePump DataManagerCore - License check OK
2018/09/22 06:51:42.822 DEBUG ManualMessagePump DataManagerCore - License check OK
2018/09/22 06:52:42.829 DEBUG ManualMessagePump DataManagerCore - License check OK
2018/09/22 06:53:42.837 DEBUG ManualMessagePump DataManagerCore - License check OK
2018/09/22 06:54:42.854 DEBUG ManualMessagePump DataManagerCore - License check OK
2018/09/22 06:55:42.870 DEBUG ManualMessagePump DataManagerCore - License check OK
2018/09/22 06:56:42.884 DEBUG ManualMessagePump DataManagerCore - License check OK
2018/09/22 06:57:42.894 DEBUG ManualMessagePump DataManagerCore - License check OK
2018/09/22 06:58:42.909 DEBUG ManualMessagePump DataManagerCore - License check OK
2018/09/22 06:59:42.920 DEBUG ManualMessagePump DataManagerCore - License check OK
2018/09/22 07:00:42.932 DEBUG ManualMessagePump DataManagerCore - License check OK
2018/09/22 07:01:42.936 DEBUG ManualMessagePump DataManagerCore - License check OK
2018/09/22 07:02:43.016 DEBUG ManualMessagePump DataManagerCore - License check OK
2018/09/22 07:03:43.029 DEBUG ManualMessagePump DataManagerCore - License check OK
2018/09/22 07:04:43.034 DEBUG ManualMessagePump DataManagerCore - License check OK
2018/09/22 07:05:43.039 DEBUG ManualMessagePump DataManagerCore - License check OK
2018/09/22 07:06:43.052 DEBUG ManualMessagePump DataManagerCore - License check OK
2018/09/22 07:07:43.057 DEBUG ManualMessagePump DataManagerCore - License check OK
2018/09/22 07:08:43.064 DEBUG ManualMessagePump DataManagerCore - License check OK
2018/09/22 07:09:43.074 DEBUG ManualMessagePump DataManagerCore - License check OK
2018/09/22 07:10:43.088 DEBUG ManualMessagePump DataManagerCore - License check OK
2018/09/22 07:11:43.103 DEBUG ManualMessagePump DataManagerCore - License check OK
2018/09/22 07:12:43.116 DEBUG ManualMessagePump DataManagerCore - License check OK
2018/09/22 07:13:43.128 DEBUG ManualMessagePump DataManagerCore - License check OK
2018/09/22 07:14:43.133 DEBUG ManualMessagePump DataManagerCore - License check OK
2018/09/22 07:15:43.141 DEBUG ManualMessagePump DataManagerCore - License check OK
2018/09/22 07:16:44.078 DEBUG ManualMessagePump DataManagerCore - License check OK
2018/09/22 07:17:44.089 DEBUG ManualMessagePump DataManagerCore - License check OK
2018/09/22 07:18:44.104 DEBUG ManualMessagePump DataManagerCore - License check OK
2018/09/22 07:19:44.115 DEBUG ManualMessagePump DataManagerCore - License check OK
2018/09/22 07:20:44.127 DEBUG ManualMessagePump DataManagerCore - License check OK
2018/09/22 07:21:44.138 DEBUG ManualMessagePump DataManagerCore - License check OK
2018/09/22 07:22:44.152 DEBUG ManualMessagePump DataManagerCore - License check OK
2018/09/22 07:23:44.157 DEBUG ManualMessagePump DataManagerCore - License check OK
2018/09/22 07:24:44.168 DEBUG ManualMessagePump DataManagerCore - License check OK
2018/09/22 07:25:44.171 DEBUG ManualMessagePump DataManagerCore - License check OK
2018/09/22 07:26:44.183 DEBUG ManualMessagePump DataManagerCore - License check OK
2018/09/22 07:27:44.194 DEBUG ManualMessagePump DataManagerCore - License check OK
2018/09/22 07:28:45.105 DEBUG ManualMessagePump DataManagerCore - License check OK
2018/09/22 07:29:45.104 DEBUG ManualMessagePump DataManagerCore - License check OK
2018/09/22 07:30:45.108 DEBUG ManualMessagePump DataManagerCore - License check OK
2018/09/22 07:31:45.121 DEBUG ManualMessagePump DataManagerCore - License check OK
2018/09/22 07:32:45.136 DEBUG ManualMessagePump DataManagerCore - License check OK
2018/09/22 07:33:45.140 DEBUG ManualMessagePump DataManagerCore - License check OK
2018/09/22 07:34:45.152 DEBUG ManualMessagePump DataManagerCore - License check OK
2018/09/22 07:35:45.163 DEBUG ManualMessagePump DataManagerCore - License check OK
2018/09/22 07:36:45.178 DEBUG ManualMessagePump DataManagerCore - License check OK
2018/09/22 07:37:45.187 DEBUG ManualMessagePump DataManagerCore - License check OK
2018/09/22 07:38:45.188 DEBUG ManualMessagePump DataManagerCore - License check OK
2018/09/22 07:39:45.194 DEBUG ManualMessagePump DataManagerCore - License check OK
2018/09/22 07:40:45.203 DEBUG ManualMessagePump DataManagerCore - License check OK
2018/09/22 07:41:45.203 DEBUG ManualMessagePump DataManagerCore - License check OK
2018/09/22 07:42:45.219 DEBUG ManualMessagePump DataManagerCore - License check OK
2018/09/22 07:43:45.232 DEBUG ManualMessagePump DataManagerCore - License check OK
2018/09/22 07:44:45.312 DEBUG ManualMessagePump DataManagerCore - License check OK
2018/09/22 07:45:47.729 DEBUG 1 DataManagerCore - DataManager Starting
2018/09/22 07:45:47.837 DEBUG 1 DataManagerCore - MainService ctor
2018/09/22 07:45:47.840 DEBUG 1 DataManagerCore - MainService initialized
2018/09/22 07:45:47.851 DEBUG 7 DataManagerCore - MainService.OnStart
2018/09/22 07:45:47.852 DEBUG 7 DataManagerCore - Attempting to lock global mutex
2018/09/22 07:45:47.857 DEBUG 7 DataManagerCore - Mutex locked
2018/09/22 07:45:47.858 DEBUG 7 DataManagerCore - MainService starting
2018/09/22 07:45:47.858 DEBUG 7 DataManagerCore - Creating ServerCore
2018/09/22 07:45:48.119 DEBUG ServerCoreManagerThread DataManagerCore - LockLicense RetryCount=0
2018/09/22 07:45:48.125 DEBUG ManualMessagePump DataManagerCore - LockLicense
2018/09/22 07:45:50.554 DEBUG ServerCoreManagerThread DataManagerCore - IVM Server Core AppDomain created
2018/09/22 07:46:50.549 DEBUG ManualMessagePump DataManagerCore - License check OK
2018/09/22 07:47:50.549 DEBUG ManualMessagePump DataManagerCore - License check OK
2018/09/22 07:48:50.564 DEBUG ManualMessagePump DataManagerCore - License check OK
2018/09/22 07:49:50.566 DEBUG ManualMessagePump DataManagerCore - License check OK
2018/09/22 07:50:50.577 DEBUG ManualMessagePump DataManagerCore - License check OK
2018/09/22 07:51:50.579 DEBUG ManualMessagePump DataManagerCore - License check OK
2018/09/22 07:52:50.592 DEBUG ManualMessagePump DataManagerCore - License check OK
2018/09/22 07:53:50.599 DEBUG ManualMessagePump DataManagerCore - License check OK
2018/09/22 07:54:50.606 DEBUG ManualMessagePump DataManagerCore - License check OK
2018/09/22 07:55:50.622 DEBUG ManualMessagePump DataManagerCore - License check OK
2018/09/22 07:56:50.637 DEBUG ManualMessagePump DataManagerCore - License check OK
2018/09/22 07:57:50.643 DEBUG ManualMessagePump DataManagerCore - License check OK
2018/09/22 07:58:50.652 DEBUG ManualMessagePump DataManagerCore - License check OK
2018/09/22 07:59:50.662 DEBUG ManualMessagePump DataManagerCore - License check OK
2018/09/22 08:00:50.671 DEBUG ManualMessagePump DataManagerCore - License check OK
2018/09/22 08:01:50.686 DEBUG ManualMessagePump DataManagerCore - License check OK
2018/09/22 08:02:50.685 DEBUG ManualMessagePump DataManagerCore - License check OK
2018/09/22 08:03:50.692 DEBUG ManualMessagePump DataManagerCore - License check OK
2018/09/22 08:04:50.703 DEBUG ManualMessagePump DataManagerCore - License check OK
2018/09/22 08:05:50.709 DEBUG ManualMessagePump DataManagerCore - License check OK
2018/09/22 08:06:50.721 DEBUG ManualMessagePump DataManagerCore - License check OK
2018/09/22 08:07:50.735 DEBUG ManualMessagePump DataManagerCore - License check OK
2018/09/22 08:08:50.732 DEBUG ManualMessagePump DataManagerCore - License check OK
2018/09/22 08:09:50.747 DEBUG ManualMessagePump DataManagerCore - License check OK
2018/09/22 08:10:50.763 DEBUG ManualMessagePump DataManagerCore - License check OK
2018/09/22 08:11:50.771 DEBUG ManualMessagePump DataManagerCore - License check OK
2018/09/22 08:12:50.782 DEBUG ManualMessagePump DataManagerCore - License check OK
2018/09/22 08:13:50.795 DEBUG ManualMessagePump DataManagerCore - License check OK
2018/09/22 08:14:50.795 DEBUG ManualMessagePump DataManagerCore - License check OK
2018/09/22 08:15:50.795 DEBUG ManualMessagePump DataManagerCore - License check OK
2018/09/22 08:16:50.810 DEBUG ManualMessagePump DataManagerCore - License check OK
2018/09/22 08:17:50.821 DEBUG ManualMessagePump DataManagerCore - License check OK
2018/09/22 08:18:50.840 DEBUG ManualMessagePump DataManagerCore - License check OK
2018/09/22 08:19:50.840 DEBUG ManualMessagePump DataManagerCore - License check OK
2018/09/22 08:20:50.846 DEBUG ManualMessagePump DataManagerCore - License check OK
2018/09/22 08:21:51.939 DEBUG ManualMessagePump DataManagerCore - License check OK
2018/09/22 08:22:51.949 DEBUG ManualMessagePump DataManagerCore - License check OK
2018/09/22 08:23:51.951 DEBUG ManualMessagePump DataManagerCore - License check OK
2018/09/22 08:24:51.953 DEBUG ManualMessagePump DataManagerCore - License check OK
2018/09/22 08:25:51.966 DEBUG ManualMessagePump DataManagerCore - License check OK
2018/09/22 08:26:51.971 DEBUG ManualMessagePump DataManagerCore - License check OK
2018/09/22 08:27:51.981 DEBUG ManualMessagePump DataManagerCore - License check OK
2018/09/22 08:28:51.985 DEBUG ManualMessagePump DataManagerCore - License check OK
2018/09/22 08:29:51.999 DEBUG ManualMessagePump DataManagerCore - License check OK
2018/09/22 08:30:52.014 DEBUG ManualMessagePump DataManagerCore - License check OK
2018/09/22 08:31:52.020 DEBUG ManualMessagePump DataManagerCore - License check OK
2018/09/22 08:32:52.029 DEBUG ManualMessagePump DataManagerCore - License check OK
2018/09/22 08:33:52.036 DEBUG ManualMessagePump DataManagerCore - License check OK
2018/09/22 08:34:52.043 DEBUG ManualMessagePump DataManagerCore - License check OK
2018/09/22 08:35:52.054 DEBUG ManualMessagePump DataManagerCore - License check OK
2018/09/22 08:36:52.480 DEBUG ManualMessagePump DataManagerCore - License check OK
2018/09/22 08:37:52.491 DEBUG ManualMessagePump DataManagerCore - License check OK
2018/09/22 08:38:52.501 DEBUG ManualMessagePump DataManagerCore - License check OK
2018/09/22 08:39:52.517 DEBUG ManualMessagePump DataManagerCore - License check OK
2018/09/22 08:40:52.518 DEBUG ManualMessagePump DataManagerCore - License check OK
2018/09/22 08:41:52.528 DEBUG ManualMessagePump DataManagerCore - License check OK
2018/09/22 08:42:52.529 DEBUG ManualMessagePump DataManagerCore - License check OK
2018/09/22 08:43:52.543 DEBUG ManualMessagePump DataManagerCore - License check OK
2018/09/22 08:44:52.584 DEBUG ManualMessagePump DataManagerCore - License check OK
2018/09/22 08:45:52.561 DEBUG ManualMessagePump DataManagerCore - License check OK
2018/09/22 08:46:52.562 DEBUG ManualMessagePump DataManagerCore - License check OK
2018/09/22 08:47:55.138 DEBUG ManualMessagePump DataManagerCore - License check OK
2018/09/22 08:48:55.139 DEBUG ManualMessagePump DataManagerCore - License check OK
2018/09/22 08:49:55.149 DEBUG ManualMessagePump DataManagerCore - License check OK
2018/09/22 08:50:55.164 DEBUG ManualMessagePump DataManagerCore - License check OK
2018/09/22 08:51:55.170 DEBUG ManualMessagePump DataManagerCore - License check OK
2018/09/22 08:52:55.182 DEBUG ManualMessagePump DataManagerCore - License check OK
2018/09/22 08:53:55.184 DEBUG ManualMessagePump DataManagerCore - License check OK
2018/09/22 08:54:55.190 DEBUG ManualMessagePump DataManagerCore - License check OK
2018/09/22 08:55:55.199 DEBUG ManualMessagePump DataManagerCore - License check OK
2018/09/22 08:56:55.209 DEBUG ManualMessagePump DataManagerCore - License check OK
2018/09/22 08:57:55.215 DEBUG ManualMessagePump DataManagerCore - License check OK
2018/09/22 08:58:55.224 DEBUG ManualMessagePump DataManagerCore - License check OK
2018/09/22 08:59:55.233 DEBUG ManualMessagePump DataManagerCore - License check OK
2018/09/22 09:00:55.248 DEBUG ManualMessagePump DataManagerCore - License check OK
2018/09/22 09:01:55.248 DEBUG ManualMessagePump DataManagerCore - License check OK
2018/09/22 09:03:02.727 DEBUG ManualMessagePump DataManagerCore - License check OK
2018/09/22 09:04:02.732 DEBUG ManualMessagePump DataManagerCore - License check OK
2018/09/22 09:05:02.732 DEBUG ManualMessagePump DataManagerCore - License check OK
2018/09/22 09:06:02.736 DEBUG ManualMessagePump DataManagerCore - License check OK
2018/09/22 09:07:02.749 DEBUG ManualMessagePump DataManagerCore - License check OK
2018/09/22 09:08:02.754 DEBUG ManualMessagePump DataManagerCore - License check OK
2018/09/22 09:09:02.757 DEBUG ManualMessagePump DataManagerCore - License check OK
2018/09/22 09:10:02.764 DEBUG ManualMessagePump DataManagerCore - License check OK
2018/09/22 09:11:02.766 DEBUG ManualMessagePump DataManagerCore - License check OK
2018/09/22 09:12:02.778 DEBUG ManualMessagePump DataManagerCore - License check OK
2018/09/22 09:13:02.791 DEBUG ManualMessagePump DataManagerCore - License check OK
2018/09/22 09:14:02.799 DEBUG ManualMessagePump DataManagerCore - License check OK
2018/09/22 09:15:02.811 DEBUG ManualMessagePump DataManagerCore - License check OK
2018/09/22 09:16:02.814 DEBUG ManualMessagePump DataManagerCore - License check OK
2018/09/22 09:17:02.820 DEBUG ManualMessagePump DataManagerCore - License check OK
2018/09/22 09:18:02.827 DEBUG ManualMessagePump DataManagerCore - License check OK
2018/09/22 09:19:02.829 DEBUG ManualMessagePump DataManagerCore - License check OK
2018/09/22 09:20:02.842 DEBUG ManualMessagePump DataManagerCore - License check OK
2018/09/22 09:21:02.849 DEBUG ManualMessagePump DataManagerCore - License check OK
2018/09/22 09:22:02.861 DEBUG ManualMessagePump DataManagerCore - License check OK
2018/09/22 09:23:02.875 DEBUG ManualMessagePump DataManagerCore - License check OK
2018/09/22 09:24:02.884 DEBUG ManualMessagePump DataManagerCore - License check OK
2018/09/22 09:25:02.895 DEBUG ManualMessagePump DataManagerCore - License check OK
2018/09/22 09:26:02.904 DEBUG ManualMessagePump DataManagerCore - License check OK
2018/09/22 09:27:02.908 DEBUG ManualMessagePump DataManagerCore - License check OK
2018/09/22 09:28:02.922 DEBUG ManualMessagePump DataManagerCore - License check OK
2018/09/22 09:29:02.930 DEBUG ManualMessagePump DataManagerCore - License check OK
2018/09/22 09:30:02.941 DEBUG ManualMessagePump DataManagerCore - License check OK
2018/09/22 09:31:02.951 DEBUG ManualMessagePump DataManagerCore - License check OK
2018/09/22 09:32:02.956 DEBUG ManualMessagePump DataManagerCore - License check OK
2018/09/22 09:33:02.989 DEBUG ManualMessagePump DataManagerCore - License check OK
2018/09/22 09:34:02.999 DEBUG ManualMessagePump DataManagerCore - License check OK
2018/09/22 09:35:03.013 DEBUG ManualMessagePump DataManagerCore - License check OK
2018/09/22 09:36:03.015 DEBUG ManualMessagePump DataManagerCore - License check OK
2018/09/22 09:37:03.031 DEBUG ManualMessagePump DataManagerCore - License check OK
2018/09/22 09:38:03.045 DEBUG ManualMessagePump DataManagerCore - License check OK
2018/09/22 09:39:03.047 DEBUG ManualMessagePump DataManagerCore - License check OK
2018/09/22 09:40:03.060 DEBUG ManualMessagePump DataManagerCore - License check OK
2018/09/22 09:41:03.065 INFO  ManualMessagePump DataManagerCore - License check failed... Count=1
2018/09/22 09:42:03.066 DEBUG ManualMessagePump DataManagerCore - License check OK
2018/09/22 09:42:03.069 INFO  ManualMessagePump DataManagerCore - License restored
2018/09/22 09:43:03.081 DEBUG ManualMessagePump DataManagerCore - License check OK
2018/09/22 09:44:03.093 DEBUG ManualMessagePump DataManagerCore - License check OK
2018/09/22 09:45:03.098 DEBUG ManualMessagePump DataManagerCore - License check OK
2018/09/22 09:46:03.113 DEBUG ManualMessagePump DataManagerCore - License check OK
2018/09/22 09:47:03.119 DEBUG ManualMessagePump DataManagerCore - License check OK
2018/09/22 09:48:03.133 DEBUG ManualMessagePump DataManagerCore - License check OK
2018/09/22 09:49:03.143 DEBUG ManualMessagePump DataManagerCore - License check OK
2018/09/22 09:50:03.156 DEBUG ManualMessagePump DataManagerCore - License check OK
2018/09/22 09:51:03.164 DEBUG ManualMessagePump DataManagerCore - License check OK
2018/09/22 09:52:03.169 DEBUG ManualMessagePump DataManagerCore - License check OK
2018/09/22 09:53:03.181 DEBUG ManualMessagePump DataManagerCore - License check OK
2018/09/22 09:54:03.188 DEBUG ManualMessagePump DataManagerCore - License check OK
2018/09/22 09:55:03.189 DEBUG ManualMessagePump DataManagerCore - License check OK
2018/09/22 09:56:03.201 DEBUG ManualMessagePump DataManagerCore - License check OK
2018/09/22 09:57:03.204 DEBUG ManualMessagePump DataManagerCore - License check OK
2018/09/22 09:58:03.217 DEBUG ManualMessagePump DataManagerCore - License check OK
2018/09/22 09:59:03.217 DEBUG ManualMessagePump DataManagerCore - License check OK
2018/09/22 10:00:03.232 DEBUG ManualMessagePump DataManagerCore - License check OK
2018/09/22 10:01:03.243 DEBUG ManualMessagePump DataManagerCore - License check OK
2018/09/22 10:02:03.251 DEBUG ManualMessagePump DataManagerCore - License check OK
2018/09/22 10:03:03.258 DEBUG ManualMessagePump DataManagerCore - License check OK
2018/09/22 10:04:03.266 DEBUG ManualMessagePump DataManagerCore - License check OK
2018/09/22 10:05:03.280 DEBUG ManualMessagePump DataManagerCore - License check OK
2018/09/22 10:06:15.269 DEBUG ManualMessagePump DataManagerCore - License check OK
2018/09/22 10:07:15.280 DEBUG ManualMessagePump DataManagerCore - License check OK
2018/09/22 10:08:15.289 DEBUG ManualMessagePump DataManagerCore - License check OK
2018/09/22 10:09:15.296 DEBUG ManualMessagePump DataManagerCore - License check OK
2018/09/22 10:10:15.297 DEBUG ManualMessagePump DataManagerCore - License check OK
2018/09/22 10:11:15.298 DEBUG ManualMessagePump DataManagerCore - License check OK
2018/09/22 10:12:15.316 DEBUG ManualMessagePump DataManagerCore - License check OK
2018/09/22 10:13:15.328 DEBUG ManualMessagePump DataManagerCore - License check OK
2018/09/22 10:14:15.328 DEBUG ManualMessagePump DataManagerCore - License check OK
2018/09/22 10:15:15.329 DEBUG ManualMessagePump DataManagerCore - License check OK
2018/09/22 10:16:15.342 DEBUG ManualMessagePump DataManagerCore - License check OK
2018/09/22 10:17:15.347 DEBUG ManualMessagePump DataManagerCore - License check OK
2018/09/22 10:18:15.359 DEBUG ManualMessagePump DataManagerCore - License check OK
2018/09/22 10:19:15.361 DEBUG ManualMessagePump DataManagerCore - License check OK
2018/09/22 10:20:15.375 DEBUG ManualMessagePump DataManagerCore - License check OK
2018/09/22 10:21:15.386 DEBUG ManualMessagePump DataManagerCore - License check OK
2018/09/22 10:22:15.392 DEBUG ManualMessagePump DataManagerCore - License check OK
2018/09/22 10:23:15.394 DEBUG ManualMessagePump DataManagerCore - License check OK
2018/09/22 10:24:15.410 DEBUG ManualMessagePump DataManagerCore - License check OK
2018/09/22 10:25:15.422 DEBUG ManualMessagePump DataManagerCore - License check OK
2018/09/22 10:26:15.429 DEBUG ManualMessagePump DataManagerCore - License check OK
2018/09/22 10:27:15.437 DEBUG ManualMessagePump DataManagerCore - License check OK
2018/09/22 10:28:15.444 DEBUG ManualMessagePump DataManagerCore - License check OK
2018/09/22 10:29:15.463 DEBUG ManualMessagePump DataManagerCore - License check OK
2018/09/22 10:30:15.475 DEBUG ManualMessagePump DataManagerCore - License check OK
2018/09/22 10:31:15.484 DEBUG ManualMessagePump DataManagerCore - License check OK
2018/09/22 10:32:15.500 DEBUG ManualMessagePump DataManagerCore - License check OK
2018/09/22 10:33:15.499 DEBUG ManualMessagePump DataManagerCore - License check OK
2018/09/22 10:34:15.515 DEBUG ManualMessagePump DataManagerCore - License check OK
2018/09/22 10:35:15.530 DEBUG ManualMessagePump DataManagerCore - License check OK
2018/09/22 10:36:15.539 DEBUG ManualMessagePump DataManagerCore - License check OK
2018/09/22 10:37:15.546 DEBUG ManualMessagePump DataManagerCore - License check OK
2018/09/22 10:38:15.550 DEBUG ManualMessagePump DataManagerCore - License check OK
2018/09/22 10:39:15.561 DEBUG ManualMessagePump DataManagerCore - License check OK
2018/09/22 10:40:15.569 DEBUG ManualMessagePump DataManagerCore - License check OK
2018/09/22 10:41:15.576 DEBUG ManualMessagePump DataManagerCore - License check OK
2018/09/22 10:42:15.577 DEBUG ManualMessagePump DataManagerCore - License check OK
2018/09/22 10:43:15.580 DEBUG ManualMessagePump DataManagerCore - License check OK
2018/09/22 10:44:15.592 DEBUG ManualMessagePump DataManagerCore - License check OK
2018/09/22 10:45:15.599 DEBUG ManualMessagePump DataManagerCore - License check OK
2018/09/22 10:46:15.603 DEBUG ManualMessagePump DataManagerCore - License check OK
2018/09/22 10:47:15.611 DEBUG ManualMessagePump DataManagerCore - License check OK
2018/09/22 10:48:15.611 DEBUG ManualMessagePump DataManagerCore - License check OK
2018/09/22 10:49:15.624 DEBUG ManualMessagePump DataManagerCore - License check OK
2018/09/22 10:50:15.627 DEBUG ManualMessagePump DataManagerCore - License check OK
2018/09/22 10:51:15.639 DEBUG ManualMessagePump DataManagerCore - License check OK
2018/09/22 10:52:15.642 DEBUG ManualMessagePump DataManagerCore - License check OK
2018/09/22 10:53:15.644 DEBUG ManualMessagePump DataManagerCore - License check OK
2018/09/22 10:54:15.657 DEBUG ManualMessagePump DataManagerCore - License check OK
2018/09/22 10:55:15.658 DEBUG ManualMessagePump DataManagerCore - License check OK
2018/09/22 10:56:15.661 DEBUG ManualMessagePump DataManagerCore - License check OK
2018/09/22 10:57:15.675 DEBUG ManualMessagePump DataManagerCore - License check OK
2018/09/22 10:58:15.672 DEBUG ManualMessagePump DataManagerCore - License check OK
2018/09/22 10:59:15.671 DEBUG ManualMessagePump DataManagerCore - License check OK
2018/09/22 11:00:15.672 DEBUG ManualMessagePump DataManagerCore - License check OK
2018/09/22 11:01:15.683 DEBUG ManualMessagePump DataManagerCore - License check OK
2018/09/22 11:02:15.697 DEBUG ManualMessagePump DataManagerCore - License check OK
2018/09/22 11:03:15.711 DEBUG ManualMessagePump DataManagerCore - License check OK
2018/09/22 11:04:15.720 DEBUG ManualMessagePump DataManagerCore - License check OK
2018/09/22 11:05:15.736 DEBUG ManualMessagePump DataManagerCore - License check OK
2018/09/22 11:06:15.735 DEBUG ManualMessagePump DataManagerCore - License check OK
2018/09/22 11:07:15.737 INFO  ManualMessagePump DataManagerCore - License check failed... Count=1
2018/09/22 11:08:15.752 DEBUG ManualMessagePump DataManagerCore - License check OK
2018/09/22 11:08:15.754 INFO  ManualMessagePump DataManagerCore - License restored
2018/09/22 11:09:15.758 DEBUG ManualMessagePump DataManagerCore - License check OK
2018/09/22 11:10:15.769 DEBUG ManualMessagePump DataManagerCore - License check OK
2018/09/22 11:11:15.782 DEBUG ManualMessagePump DataManagerCore - License check OK
2018/09/22 11:12:15.790 DEBUG ManualMessagePump DataManagerCore - License check OK
2018/09/22 11:13:15.802 DEBUG ManualMessagePump DataManagerCore - License check OK
2018/09/22 11:14:15.812 DEBUG ManualMessagePump DataManagerCore - License check OK
2018/09/22 11:15:15.818 DEBUG ManualMessagePump DataManagerCore - License check OK
2018/09/22 11:16:15.830 DEBUG ManualMessagePump DataManagerCore - License check OK
2018/09/22 11:17:15.830 DEBUG ManualMessagePump DataManagerCore - License check OK
2018/09/22 11:18:15.843 DEBUG ManualMessagePump DataManagerCore - License check OK
2018/09/22 11:19:15.846 DEBUG ManualMessagePump DataManagerCore - License check OK
2018/09/22 11:20:15.847 DEBUG ManualMessagePump DataManagerCore - License check OK
2018/09/22 11:21:15.862 DEBUG ManualMessagePump DataManagerCore - License check OK
2018/09/22 11:22:15.874 DEBUG ManualMessagePump DataManagerCore - License check OK
2018/09/22 11:23:15.885 DEBUG ManualMessagePump DataManagerCore - License check OK
2018/09/22 11:24:15.893 DEBUG ManualMessagePump DataManagerCore - License check OK
2018/09/22 11:25:15.895 DEBUG ManualMessagePump DataManagerCore - License check OK
2018/09/22 11:26:15.897 DEBUG ManualMessagePump DataManagerCore - License check OK
2018/09/22 11:27:16.115 DEBUG ManualMessagePump DataManagerCore - License check OK
2018/09/22 11:28:16.128 DEBUG ManualMessagePump DataManagerCore - License check OK
2018/09/22 11:29:16.125 DEBUG ManualMessagePump DataManagerCore - License check OK
2018/09/22 11:30:16.142 DEBUG ManualMessagePump DataManagerCore - License check OK
2018/09/22 11:31:16.145 DEBUG ManualMessagePump DataManagerCore - License check OK
2018/09/22 11:32:16.651 DEBUG ManualMessagePump DataManagerCore - License check OK
2018/09/22 11:33:16.661 DEBUG ManualMessagePump DataManagerCore - License check OK
2018/09/22 11:34:16.673 DEBUG ManualMessagePump DataManagerCore - License check OK
2018/09/22 11:35:16.687 DEBUG ManualMessagePump DataManagerCore - License check OK
2018/09/22 11:36:16.689 DEBUG ManualMessagePump DataManagerCore - License check OK
2018/09/22 11:37:16.691 DEBUG ManualMessagePump DataManagerCore - License check OK
2018/09/22 11:38:16.703 DEBUG ManualMessagePump DataManagerCore - License check OK
2018/09/22 11:39:16.714 DEBUG ManualMessagePump DataManagerCore - License check OK
2018/09/22 11:40:16.726 DEBUG ManualMessagePump DataManagerCore - License check OK
2018/09/22 11:41:16.738 DEBUG ManualMessagePump DataManagerCore - License check OK
2018/09/22 11:41:42.306 DEBUG 1 DataManagerCore - DataManager Starting
2018/09/22 11:41:42.409 DEBUG 1 DataManagerCore - MainService ctor
2018/09/22 11:41:42.410 DEBUG 1 DataManagerCore - MainService initialized
2018/09/22 11:41:42.422 DEBUG 7 DataManagerCore - MainService.OnStart
2018/09/22 11:41:42.423 DEBUG 7 DataManagerCore - Attempting to lock global mutex
2018/09/22 11:41:42.426 DEBUG 7 DataManagerCore - Mutex locked
2018/09/22 11:41:42.427 DEBUG 7 DataManagerCore - MainService starting
2018/09/22 11:41:42.428 DEBUG 7 DataManagerCore - Creating ServerCore
2018/09/22 11:41:42.696 DEBUG ServerCoreManagerThread DataManagerCore - LockLicense RetryCount=0
2018/09/22 11:41:42.701 DEBUG ManualMessagePump DataManagerCore - LockLicense
2018/09/22 11:41:45.132 DEBUG ServerCoreManagerThread DataManagerCore - IVM Server Core AppDomain created
2018/09/22 11:42:45.120 DEBUG ManualMessagePump DataManagerCore - License check OK
2018/09/22 11:43:45.129 DEBUG ManualMessagePump DataManagerCore - License check OK
2018/09/22 11:44:45.141 DEBUG ManualMessagePump DataManagerCore - License check OK
2018/09/22 11:45:45.144 DEBUG ManualMessagePump DataManagerCore - License check OK
2018/09/22 11:46:45.145 DEBUG ManualMessagePump DataManagerCore - License check OK
2018/09/22 11:47:45.159 DEBUG ManualMessagePump DataManagerCore - License check OK
2018/09/22 11:48:45.160 DEBUG ManualMessagePump DataManagerCore - License check OK
2018/09/22 11:49:45.162 DEBUG ManualMessagePump DataManagerCore - License check OK
2018/09/22 11:50:45.176 DEBUG ManualMessagePump DataManagerCore - License check OK
2018/09/22 11:51:45.188 DEBUG ManualMessagePump DataManagerCore - License check OK
2018/09/22 11:52:45.190 DEBUG ManualMessagePump DataManagerCore - License check OK
2018/09/22 11:53:45.204 DEBUG ManualMessagePump DataManagerCore - License check OK
2018/09/22 11:54:45.207 DEBUG ManualMessagePump DataManagerCore - License check OK
2018/09/22 11:55:45.218 DEBUG ManualMessagePump DataManagerCore - License check OK
2018/09/22 11:56:45.220 DEBUG ManualMessagePump DataManagerCore - License check OK
2018/09/22 11:57:45.231 DEBUG ManualMessagePump DataManagerCore - License check OK
2018/09/22 11:58:45.243 DEBUG ManualMessagePump DataManagerCore - License check OK
2018/09/22 11:59:45.254 DEBUG ManualMessagePump DataManagerCore - License check OK
2018/09/22 12:00:45.259 DEBUG ManualMessagePump DataManagerCore - License check OK
2018/09/22 12:01:45.260 DEBUG ManualMessagePump DataManagerCore - License check OK
2018/09/22 12:02:45.273 DEBUG ManualMessagePump DataManagerCore - License check OK
2018/09/22 12:03:45.283 DEBUG ManualMessagePump DataManagerCore - License check OK
2018/09/22 12:04:45.284 DEBUG ManualMessagePump DataManagerCore - License check OK
2018/09/22 12:05:45.285 DEBUG ManualMessagePump DataManagerCore - License check OK
2018/09/22 12:06:45.297 DEBUG ManualMessagePump DataManagerCore - License check OK
2018/09/22 12:07:45.306 DEBUG ManualMessagePump DataManagerCore - License check OK
2018/09/22 12:08:45.315 DEBUG ManualMessagePump DataManagerCore - License check OK
2018/09/22 12:09:45.329 DEBUG ManualMessagePump DataManagerCore - License check OK
2018/09/22 12:10:45.334 DEBUG ManualMessagePump DataManagerCore - License check OK
2018/09/22 12:11:45.330 DEBUG ManualMessagePump DataManagerCore - License check OK
2018/09/22 12:12:45.344 DEBUG ManualMessagePump DataManagerCore - License check OK
2018/09/22 12:13:45.356 DEBUG ManualMessagePump DataManagerCore - License check OK
2018/09/22 12:14:45.348 DEBUG ManualMessagePump DataManagerCore - License check OK
2018/09/22 12:15:45.348 DEBUG ManualMessagePump DataManagerCore - License check OK
2018/09/22 12:16:45.359 DEBUG ManualMessagePump DataManagerCore - License check OK
2018/09/22 12:17:45.359 DEBUG ManualMessagePump DataManagerCore - License check OK
2018/09/22 12:18:45.362 DEBUG ManualMessagePump DataManagerCore - License check OK
2018/09/22 12:19:45.363 DEBUG ManualMessagePump DataManagerCore - License check OK
2018/09/22 12:20:45.376 DEBUG ManualMessagePump DataManagerCore - License check OK
2018/09/22 12:21:45.379 DEBUG ManualMessagePump DataManagerCore - License check OK
2018/09/22 12:22:45.390 DEBUG ManualMessagePump DataManagerCore - License check OK
2018/09/22 12:23:45.392 DEBUG ManualMessagePump DataManagerCore - License check OK
2018/09/22 12:24:45.392 DEBUG ManualMessagePump DataManagerCore - License check OK
2018/09/22 12:25:45.392 DEBUG ManualMessagePump DataManagerCore - License check OK
2018/09/22 12:26:45.406 DEBUG ManualMessagePump DataManagerCore - License check OK
2018/09/22 12:27:45.413 DEBUG ManualMessagePump DataManagerCore - License check OK
2018/09/22 12:28:45.426 DEBUG ManualMessagePump DataManagerCore - License check OK
2018/09/22 12:29:45.438 DEBUG ManualMessagePump DataManagerCore - License check OK
2018/09/22 12:30:45.440 DEBUG ManualMessagePump DataManagerCore - License check OK
2018/09/22 12:31:45.441 DEBUG ManualMessagePump DataManagerCore - License check OK
2018/09/22 12:32:45.457 DEBUG ManualMessagePump DataManagerCore - License check OK
2018/09/22 12:33:45.455 DEBUG ManualMessagePump DataManagerCore - License check OK
2018/09/22 12:34:45.459 DEBUG ManualMessagePump DataManagerCore - License check OK
2018/09/22 12:35:45.457 DEBUG ManualMessagePump DataManagerCore - License check OK
2018/09/22 12:36:45.469 DEBUG ManualMessagePump DataManagerCore - License check OK
2018/09/22 12:37:45.470 DEBUG ManualMessagePump DataManagerCore - License check OK
2018/09/22 12:38:45.471 DEBUG ManualMessagePump DataManagerCore - License check OK
2018/09/22 12:39:45.473 DEBUG ManualMessagePump DataManagerCore - License check OK
2018/09/22 12:40:45.486 DEBUG ManualMessagePump DataManagerCore - License check OK
2018/09/22 12:41:45.495 DEBUG ManualMessagePump DataManagerCore - License check OK
2018/09/22 12:42:45.500 DEBUG ManualMessagePump DataManagerCore - License check OK
2018/09/22 12:43:45.506 DEBUG ManualMessagePump DataManagerCore - License check OK
2018/09/22 12:44:45.516 DEBUG ManualMessagePump DataManagerCore - License check OK
2018/09/22 12:45:45.518 DEBUG ManualMessagePump DataManagerCore - License check OK
2018/09/22 12:46:45.534 DEBUG ManualMessagePump DataManagerCore - License check OK
2018/09/22 12:47:45.534 DEBUG ManualMessagePump DataManagerCore - License check OK
2018/09/22 12:48:45.536 DEBUG ManualMessagePump DataManagerCore - License check OK
2018/09/22 12:49:45.547 DEBUG ManualMessagePump DataManagerCore - License check OK
2018/09/22 12:50:45.550 DEBUG ManualMessagePump DataManagerCore - License check OK
2018/09/22 12:51:45.563 DEBUG ManualMessagePump DataManagerCore - License check OK
2018/09/22 12:52:45.568 DEBUG ManualMessagePump DataManagerCore - License check OK
2018/09/22 12:53:45.573 DEBUG ManualMessagePump DataManagerCore - License check OK
2018/09/22 12:54:45.583 DEBUG ManualMessagePump DataManagerCore - License check OK
2018/09/22 12:55:45.594 DEBUG ManualMessagePump DataManagerCore - License check OK
2018/09/22 12:56:45.596 DEBUG ManualMessagePump DataManagerCore - License check OK
2018/09/22 12:57:45.601 DEBUG ManualMessagePump DataManagerCore - License check OK
2018/09/22 12:58:45.615 DEBUG ManualMessagePump DataManagerCore - License check OK
2018/09/22 12:59:45.629 DEBUG ManualMessagePump DataManagerCore - License check OK
2018/09/22 13:00:45.642 DEBUG ManualMessagePump DataManagerCore - License check OK
2018/09/22 13:01:46.042 DEBUG ManualMessagePump DataManagerCore - License check OK
2018/09/22 13:02:46.054 DEBUG ManualMessagePump DataManagerCore - License check OK
2018/09/22 13:03:46.065 DEBUG ManualMessagePump DataManagerCore - License check OK
2018/09/22 13:04:46.064 DEBUG ManualMessagePump DataManagerCore - License check OK
2018/09/22 13:05:46.074 DEBUG ManualMessagePump DataManagerCore - License check OK
2018/09/22 13:06:46.088 DEBUG ManualMessagePump DataManagerCore - License check OK
2018/09/22 13:07:46.095 DEBUG ManualMessagePump DataManagerCore - License check OK
2018/09/22 13:08:46.096 DEBUG ManualMessagePump DataManagerCore - License check OK
2018/09/22 13:09:46.103 DEBUG ManualMessagePump DataManagerCore - License check OK
2018/09/22 13:10:46.111 DEBUG ManualMessagePump DataManagerCore - License check OK
2018/09/22 13:11:46.111 DEBUG ManualMessagePump DataManagerCore - License check OK
2018/09/22 13:12:46.111 DEBUG ManualMessagePump DataManagerCore - License check OK
2018/09/22 13:13:46.111 DEBUG ManualMessagePump DataManagerCore - License check OK
2018/09/22 13:14:46.113 DEBUG ManualMessagePump DataManagerCore - License check OK
2018/09/22 13:15:46.127 DEBUG ManualMessagePump DataManagerCore - License check OK
2018/09/22 13:16:46.127 DEBUG ManualMessagePump DataManagerCore - License check OK
2018/09/22 13:17:46.136 DEBUG ManualMessagePump DataManagerCore - License check OK
2018/09/22 13:18:46.145 DEBUG ManualMessagePump DataManagerCore - License check OK
2018/09/22 13:19:46.159 DEBUG ManualMessagePump DataManagerCore - License check OK
2018/09/22 13:20:46.173 DEBUG ManualMessagePump DataManagerCore - License check OK
2018/09/22 13:21:46.176 DEBUG ManualMessagePump DataManagerCore - License check OK
2018/09/22 13:22:46.189 DEBUG ManualMessagePump DataManagerCore - License check OK
2018/09/22 13:23:46.192 DEBUG ManualMessagePump DataManagerCore - License check OK
2018/09/22 13:24:46.205 DEBUG ManualMessagePump DataManagerCore - License check OK
2018/09/22 13:25:46.215 DEBUG ManualMessagePump DataManagerCore - License check OK
2018/09/22 13:26:46.222 DEBUG ManualMessagePump DataManagerCore - License check OK
2018/09/22 13:27:46.238 DEBUG ManualMessagePump DataManagerCore - License check OK
2018/09/22 13:28:46.240 DEBUG ManualMessagePump DataManagerCore - License check OK
2018/09/22 13:29:46.253 DEBUG ManualMessagePump DataManagerCore - License check OK
2018/09/22 13:30:46.253 DEBUG ManualMessagePump DataManagerCore - License check OK
2018/09/22 13:31:46.284 DEBUG ManualMessagePump DataManagerCore - License check OK
2018/09/22 13:32:46.297 DEBUG ManualMessagePump DataManagerCore - License check OK
2018/09/22 13:33:46.373 DEBUG ManualMessagePump DataManagerCore - License check OK
2018/09/22 13:34:46.383 DEBUG ManualMessagePump DataManagerCore - License check OK
2018/09/22 13:35:46.398 DEBUG ManualMessagePump DataManagerCore - License check OK
2018/09/22 13:36:46.412 DEBUG ManualMessagePump DataManagerCore - License check OK
2018/09/22 13:37:46.423 DEBUG ManualMessagePump DataManagerCore - License check OK
2018/09/22 13:38:46.428 DEBUG ManualMessagePump DataManagerCore - License check OK
2018/09/22 13:39:46.440 DEBUG ManualMessagePump DataManagerCore - License check OK
2018/09/22 13:40:46.446 DEBUG ManualMessagePump DataManagerCore - License check OK
2018/09/22 13:41:46.457 DEBUG ManualMessagePump DataManagerCore - License check OK
2018/09/22 13:42:46.461 DEBUG ManualMessagePump DataManagerCore - License check OK
2018/09/22 13:43:46.475 DEBUG ManualMessagePump DataManagerCore - License check OK
2018/09/22 13:44:46.485 DEBUG ManualMessagePump DataManagerCore - License check OK
2018/09/22 13:45:46.489 DEBUG ManualMessagePump DataManagerCore - License check OK
2018/09/22 13:46:46.502 DEBUG ManualMessagePump DataManagerCore - License check OK
2018/09/22 13:47:46.504 INFO  ManualMessagePump DataManagerCore - License check failed... Count=1
2018/09/22 13:48:46.516 DEBUG ManualMessagePump DataManagerCore - License check OK
2018/09/22 13:48:46.518 INFO  ManualMessagePump DataManagerCore - License restored
2018/09/22 13:49:46.517 DEBUG ManualMessagePump DataManagerCore - License check OK
2018/09/22 13:50:46.521 DEBUG ManualMessagePump DataManagerCore - License check OK
2018/09/22 13:51:46.532 DEBUG ManualMessagePump DataManagerCore - License check OK
2018/09/22 13:52:46.537 DEBUG ManualMessagePump DataManagerCore - License check OK
2018/09/22 13:53:46.548 DEBUG ManualMessagePump DataManagerCore - License check OK
2018/09/22 13:54:46.548 DEBUG ManualMessagePump DataManagerCore - License check OK
2018/09/22 13:55:46.550 DEBUG ManualMessagePump DataManagerCore - License check OK
2018/09/22 13:56:46.553 DEBUG ManualMessagePump DataManagerCore - License check OK
2018/09/22 13:57:46.564 DEBUG ManualMessagePump DataManagerCore - License check OK
2018/09/22 13:58:46.568 DEBUG ManualMessagePump DataManagerCore - License check OK
2018/09/22 13:59:46.567 DEBUG ManualMessagePump DataManagerCore - License check OK
2018/09/22 14:00:46.579 DEBUG ManualMessagePump DataManagerCore - License check OK
2018/09/22 14:01:46.584 DEBUG ManualMessagePump DataManagerCore - License check OK
2018/09/22 14:02:46.597 DEBUG ManualMessagePump DataManagerCore - License check OK
2018/09/22 14:03:46.612 DEBUG ManualMessagePump DataManagerCore - License check OK
2018/09/22 14:04:46.632 DEBUG ManualMessagePump DataManagerCore - License check OK
2018/09/22 14:05:46.643 DEBUG ManualMessagePump DataManagerCore - License check OK
2018/09/22 14:06:46.647 DEBUG ManualMessagePump DataManagerCore - License check OK
2018/09/22 14:07:46.659 DEBUG ManualMessagePump DataManagerCore - License check OK
2018/09/22 14:08:46.675 DEBUG ManualMessagePump DataManagerCore - License check OK
2018/09/22 14:09:46.690 DEBUG ManualMessagePump DataManagerCore - License check OK
2018/09/22 14:10:46.694 DEBUG ManualMessagePump DataManagerCore - License check OK
2018/09/22 14:11:46.695 DEBUG ManualMessagePump DataManagerCore - License check OK
2018/09/22 14:12:46.705 DEBUG ManualMessagePump DataManagerCore - License check OK
2018/09/22 14:13:46.707 DEBUG ManualMessagePump DataManagerCore - License check OK
2018/09/22 14:14:46.708 DEBUG ManualMessagePump DataManagerCore - License check OK
2018/09/22 14:15:46.717 DEBUG ManualMessagePump DataManagerCore - License check OK
2018/09/22 14:16:46.724 DEBUG ManualMessagePump DataManagerCore - License check OK
2018/09/22 14:17:46.731 DEBUG ManualMessagePump DataManagerCore - License check OK
2018/09/22 14:18:46.739 DEBUG ManualMessagePump DataManagerCore - License check OK
2018/09/22 14:19:46.753 DEBUG ManualMessagePump DataManagerCore - License check OK
2018/09/22 14:20:46.761 DEBUG ManualMessagePump DataManagerCore - License check OK
2018/09/22 14:21:46.771 DEBUG ManualMessagePump DataManagerCore - License check OK
2018/09/22 14:22:46.781 DEBUG ManualMessagePump DataManagerCore - License check OK
2018/09/22 14:23:46.784 DEBUG ManualMessagePump DataManagerCore - License check OK
2018/09/22 14:24:46.791 DEBUG ManualMessagePump DataManagerCore - License check OK
2018/09/22 14:25:46.804 DEBUG ManualMessagePump DataManagerCore - License check OK
2018/09/22 14:26:46.815 DEBUG ManualMessagePump DataManagerCore - License check OK
2018/09/22 14:27:46.830 DEBUG ManualMessagePump DataManagerCore - License check OK
2018/09/22 14:28:46.831 DEBUG ManualMessagePump DataManagerCore - License check OK
2018/09/22 14:29:46.832 DEBUG ManualMessagePump DataManagerCore - License check OK
2018/09/22 14:30:46.845 DEBUG ManualMessagePump DataManagerCore - License check OK
2018/09/22 14:31:46.849 DEBUG ManualMessagePump DataManagerCore - License check OK
2018/09/22 14:32:46.862 DEBUG ManualMessagePump DataManagerCore - License check OK
2018/09/22 14:33:46.862 DEBUG ManualMessagePump DataManagerCore - License check OK
2018/09/22 14:34:46.877 DEBUG ManualMessagePump DataManagerCore - License check OK
2018/09/22 14:35:46.878 DEBUG ManualMessagePump DataManagerCore - License check OK
2018/09/22 14:36:46.892 DEBUG ManualMessagePump DataManagerCore - License check OK
2018/09/22 14:37:46.899 DEBUG ManualMessagePump DataManagerCore - License check OK
2018/09/22 14:38:46.911 DEBUG ManualMessagePump DataManagerCore - License check OK
2018/09/22 14:39:46.911 DEBUG ManualMessagePump DataManagerCore - License check OK
2018/09/22 14:40:47.105 DEBUG ManualMessagePump DataManagerCore - License check OK
2018/09/22 14:41:47.112 DEBUG ManualMessagePump DataManagerCore - License check OK
2018/09/22 14:42:47.128 DEBUG ManualMessagePump DataManagerCore - License check OK
2018/09/22 14:43:47.137 DEBUG ManualMessagePump DataManagerCore - License check OK
2018/09/22 14:44:47.763 DEBUG ManualMessagePump DataManagerCore - License check OK
2018/09/22 14:45:47.779 DEBUG ManualMessagePump DataManagerCore - License check OK
2018/09/22 14:46:47.783 DEBUG ManualMessagePump DataManagerCore - License check OK
2018/09/22 14:47:47.791 DEBUG ManualMessagePump DataManagerCore - License check OK
2018/09/22 14:48:47.799 DEBUG ManualMessagePump DataManagerCore - License check OK
2018/09/22 14:49:47.807 DEBUG ManualMessagePump DataManagerCore - License check OK
2018/09/22 14:50:47.815 DEBUG ManualMessagePump DataManagerCore - License check OK
2018/09/22 14:51:47.817 DEBUG ManualMessagePump DataManagerCore - License check OK
2018/09/22 14:52:47.830 DEBUG ManualMessagePump DataManagerCore - License check OK
2018/09/22 14:53:47.833 DEBUG ManualMessagePump DataManagerCore - License check OK
2018/09/22 14:54:47.850 DEBUG ManualMessagePump DataManagerCore - License check OK
2018/09/22 14:55:47.863 DEBUG ManualMessagePump DataManagerCore - License check OK
2018/09/22 14:56:47.862 DEBUG ManualMessagePump DataManagerCore - License check OK
2018/09/22 14:57:47.870 DEBUG ManualMessagePump DataManagerCore - License check OK
2018/09/22 14:58:47.880 DEBUG ManualMessagePump DataManagerCore - License check OK
2018/09/22 14:59:47.880 DEBUG ManualMessagePump DataManagerCore - License check OK
2018/09/22 15:00:47.893 DEBUG ManualMessagePump DataManagerCore - License check OK
2018/09/22 15:01:47.898 DEBUG ManualMessagePump DataManagerCore - License check OK
2018/09/22 15:02:47.911 DEBUG ManualMessagePump DataManagerCore - License check OK
2018/09/22 15:03:47.917 DEBUG ManualMessagePump DataManagerCore - License check OK
2018/09/22 15:04:47.931 DEBUG ManualMessagePump DataManagerCore - License check OK
2018/09/22 15:05:47.945 DEBUG ManualMessagePump DataManagerCore - License check OK
2018/09/22 15:06:47.957 DEBUG ManualMessagePump DataManagerCore - License check OK
2018/09/22 15:07:47.957 DEBUG ManualMessagePump DataManagerCore - License check OK
2018/09/22 15:08:47.969 DEBUG ManualMessagePump DataManagerCore - License check OK
2018/09/22 15:09:47.981 DEBUG ManualMessagePump DataManagerCore - License check OK
2018/09/22 15:10:47.993 DEBUG ManualMessagePump DataManagerCore - License check OK
2018/09/22 15:11:48.005 DEBUG ManualMessagePump DataManagerCore - License check OK
2018/09/22 15:12:48.018 DEBUG ManualMessagePump DataManagerCore - License check OK
2018/09/22 15:13:48.019 DEBUG ManualMessagePump DataManagerCore - License check OK
2018/09/22 15:14:48.028 DEBUG ManualMessagePump DataManagerCore - License check OK
2018/09/22 15:15:48.037 DEBUG ManualMessagePump DataManagerCore - License check OK
2018/09/22 15:16:48.052 DEBUG ManualMessagePump DataManagerCore - License check OK
2018/09/22 15:17:48.066 DEBUG ManualMessagePump DataManagerCore - License check OK
2018/09/22 15:18:48.067 DEBUG ManualMessagePump DataManagerCore - License check OK
2018/09/22 15:19:48.080 DEBUG ManualMessagePump DataManagerCore - License check OK
2018/09/22 15:20:48.080 DEBUG ManualMessagePump DataManagerCore - License check OK
2018/09/22 15:21:49.492 DEBUG ManualMessagePump DataManagerCore - License check OK
2018/09/22 15:22:49.498 DEBUG ManualMessagePump DataManagerCore - License check OK
2018/09/22 15:23:49.503 DEBUG ManualMessagePump DataManagerCore - License check OK
2018/09/22 15:24:49.504 DEBUG ManualMessagePump DataManagerCore - License check OK
2018/09/22 15:25:49.507 DEBUG ManualMessagePump DataManagerCore - License check OK
2018/09/22 15:26:49.519 DEBUG ManualMessagePump DataManagerCore - License check OK
2018/09/22 15:27:49.523 DEBUG ManualMessagePump DataManagerCore - License check OK
2018/09/22 15:28:49.536 INFO  ManualMessagePump DataManagerCore - License check failed... Count=1
2018/09/22 15:29:49.550 DEBUG ManualMessagePump DataManagerCore - License check OK
2018/09/22 15:29:49.552 INFO  ManualMessagePump DataManagerCore - License restored
2018/09/22 15:30:49.560 DEBUG ManualMessagePump DataManagerCore - License check OK
2018/09/22 15:31:49.765 DEBUG ManualMessagePump DataManagerCore - License check OK
2018/09/22 15:32:49.769 DEBUG ManualMessagePump DataManagerCore - License check OK
2018/09/22 15:33:49.769 DEBUG ManualMessagePump DataManagerCore - License check OK
2018/09/22 15:34:49.770 DEBUG ManualMessagePump DataManagerCore - License check OK
2018/09/22 15:35:49.784 DEBUG ManualMessagePump DataManagerCore - License check OK
2018/09/22 15:36:49.793 DEBUG ManualMessagePump DataManagerCore - License check OK
2018/09/22 15:37:49.799 DEBUG ManualMessagePump DataManagerCore - License check OK
2018/09/22 15:38:49.808 DEBUG ManualMessagePump DataManagerCore - License check OK
2018/09/22 15:39:50.216 DEBUG ManualMessagePump DataManagerCore - License check OK
2018/09/22 15:40:50.221 DEBUG ManualMessagePump DataManagerCore - License check OK
2018/09/22 15:41:50.230 DEBUG ManualMessagePump DataManagerCore - License check OK
2018/09/22 15:42:50.239 DEBUG ManualMessagePump DataManagerCore - License check OK
2018/09/22 15:43:50.254 DEBUG ManualMessagePump DataManagerCore - License check OK
2018/09/22 15:44:50.260 DEBUG ManualMessagePump DataManagerCore - License check OK
2018/09/22 15:45:50.271 DEBUG ManualMessagePump DataManagerCore - License check OK
2018/09/22 15:46:50.730 DEBUG ManualMessagePump DataManagerCore - License check OK
2018/09/22 15:47:50.747 DEBUG ManualMessagePump DataManagerCore - License check OK
2018/09/22 15:48:50.767 DEBUG ManualMessagePump DataManagerCore - License check OK
2018/09/22 15:49:50.789 DEBUG ManualMessagePump DataManagerCore - License check OK
2018/09/22 15:50:50.798 DEBUG ManualMessagePump DataManagerCore - License check OK
2018/09/22 15:51:50.817 DEBUG ManualMessagePump DataManagerCore - License check OK
2018/09/22 15:52:50.838 DEBUG ManualMessagePump DataManagerCore - License check OK
2018/09/22 15:53:50.847 DEBUG ManualMessagePump DataManagerCore - License check OK
2018/09/22 15:54:50.864 DEBUG ManualMessagePump DataManagerCore - License check OK
2018/09/22 15:55:50.877 DEBUG ManualMessagePump DataManagerCore - License check OK
2018/09/22 15:56:50.895 DEBUG ManualMessagePump DataManagerCore - License check OK
2018/09/22 15:57:50.910 DEBUG ManualMessagePump DataManagerCore - License check OK
2018/09/22 15:58:50.919 DEBUG ManualMessagePump DataManagerCore - License check OK
2018/09/22 15:59:50.936 DEBUG ManualMessagePump DataManagerCore - License check OK
2018/09/22 16:00:50.954 DEBUG ManualMessagePump DataManagerCore - License check OK
2018/09/22 16:01:50.970 DEBUG ManualMessagePump DataManagerCore - License check OK
2018/09/22 16:02:50.985 DEBUG ManualMessagePump DataManagerCore - License check OK
2018/09/22 16:03:51.831 DEBUG ManualMessagePump DataManagerCore - License check OK
2018/09/22 16:04:51.841 DEBUG ManualMessagePump DataManagerCore - License check OK
2018/09/22 16:05:51.848 DEBUG ManualMessagePump DataManagerCore - License check OK
2018/09/22 16:06:51.862 DEBUG ManualMessagePump DataManagerCore - License check OK
2018/09/22 16:07:51.872 DEBUG ManualMessagePump DataManagerCore - License check OK
2018/09/22 16:08:51.887 DEBUG ManualMessagePump DataManagerCore - License check OK
2018/09/22 16:09:51.902 DEBUG ManualMessagePump DataManagerCore - License check OK
2018/09/22 16:10:51.915 DEBUG ManualMessagePump DataManagerCore - License check OK
2018/09/22 16:11:51.916 DEBUG ManualMessagePump DataManagerCore - License check OK
2018/09/22 16:12:51.919 DEBUG ManualMessagePump DataManagerCore - License check OK
2018/09/22 16:13:51.921 DEBUG ManualMessagePump DataManagerCore - License check OK
2018/09/22 16:14:51.927 DEBUG ManualMessagePump DataManagerCore - License check OK
2018/09/22 16:15:51.939 DEBUG ManualMessagePump DataManagerCore - License check OK
2018/09/22 16:16:51.962 DEBUG ManualMessagePump DataManagerCore - License check OK
2018/09/22 16:17:51.965 DEBUG ManualMessagePump DataManagerCore - License check OK
2018/09/22 16:18:51.975 DEBUG ManualMessagePump DataManagerCore - License check OK
2018/09/22 16:19:51.985 DEBUG ManualMessagePump DataManagerCore - License check OK
2018/09/22 16:20:52.000 DEBUG ManualMessagePump DataManagerCore - License check OK
2018/09/22 16:21:52.002 DEBUG ManualMessagePump DataManagerCore - License check OK
2018/09/22 16:22:52.002 DEBUG ManualMessagePump DataManagerCore - License check OK
2018/09/22 16:23:52.004 DEBUG ManualMessagePump DataManagerCore - License check OK
2018/09/22 16:24:52.018 DEBUG ManualMessagePump DataManagerCore - License check OK
2018/09/22 16:25:52.020 DEBUG ManualMessagePump DataManagerCore - License check OK
2018/09/22 16:26:52.037 DEBUG ManualMessagePump DataManagerCore - License check OK
2018/09/22 16:27:52.050 DEBUG ManualMessagePump DataManagerCore - License check OK
2018/09/22 16:28:52.050 DEBUG ManualMessagePump DataManagerCore - License check OK
2018/09/22 16:29:52.054 DEBUG ManualMessagePump DataManagerCore - License check OK
2018/09/22 16:30:52.058 DEBUG ManualMessagePump DataManagerCore - License check OK
2018/09/22 16:31:52.067 DEBUG ManualMessagePump DataManagerCore - License check OK
2018/09/22 16:32:52.075 DEBUG ManualMessagePump DataManagerCore - License check OK
2018/09/22 16:33:52.083 DEBUG ManualMessagePump DataManagerCore - License check OK
2018/09/22 16:34:52.093 DEBUG ManualMessagePump DataManagerCore - License check OK
2018/09/22 16:35:52.103 DEBUG ManualMessagePump DataManagerCore - License check OK
2018/09/22 16:36:53.281 DEBUG ManualMessagePump DataManagerCore - License check OK
2018/09/22 16:37:53.292 DEBUG ManualMessagePump DataManagerCore - License check OK
2018/09/22 16:38:53.304 DEBUG ManualMessagePump DataManagerCore - License check OK
2018/09/22 16:39:53.307 DEBUG ManualMessagePump DataManagerCore - License check OK
2018/09/22 16:40:53.319 DEBUG ManualMessagePump DataManagerCore - License check OK
2018/09/22 16:41:53.784 DEBUG ManualMessagePump DataManagerCore - License check OK
2018/09/22 16:42:53.787 DEBUG ManualMessagePump DataManagerCore - License check OK
2018/09/22 16:43:53.801 DEBUG ManualMessagePump DataManagerCore - License check OK
2018/09/22 16:44:53.804 DEBUG ManualMessagePump DataManagerCore - License check OK
2018/09/22 16:45:53.818 DEBUG ManualMessagePump DataManagerCore - License check OK
2018/09/22 16:46:53.919 DEBUG ManualMessagePump DataManagerCore - License check OK
2018/09/22 16:47:53.925 DEBUG ManualMessagePump DataManagerCore - License check OK
2018/09/22 16:48:53.929 DEBUG ManualMessagePump DataManagerCore - License check OK
2018/09/22 16:49:53.932 DEBUG ManualMessagePump DataManagerCore - License check OK
2018/09/22 16:50:53.941 DEBUG ManualMessagePump DataManagerCore - License check OK
2018/09/22 16:51:53.952 DEBUG ManualMessagePump DataManagerCore - License check OK
2018/09/22 16:52:53.957 DEBUG ManualMessagePump DataManagerCore - License check OK
2018/09/22 16:53:53.961 DEBUG ManualMessagePump DataManagerCore - License check OK
2018/09/22 16:54:53.973 DEBUG ManualMessagePump DataManagerCore - License check OK
2018/09/22 16:55:53.973 DEBUG ManualMessagePump DataManagerCore - License check OK
2018/09/22 16:56:53.978 DEBUG ManualMessagePump DataManagerCore - License check OK
2018/09/22 16:57:53.989 DEBUG ManualMessagePump DataManagerCore - License check OK
2018/09/22 16:58:53.996 DEBUG ManualMessagePump DataManagerCore - License check OK
2018/09/22 16:59:54.011 DEBUG ManualMessagePump DataManagerCore - License check OK
2018/09/22 17:00:54.020 DEBUG ManualMessagePump DataManagerCore - License check OK
2018/09/22 17:01:54.037 DEBUG ManualMessagePump DataManagerCore - License check OK
2018/09/22 17:02:54.044 DEBUG ManualMessagePump DataManagerCore - License check OK
2018/09/22 17:03:54.051 DEBUG ManualMessagePump DataManagerCore - License check OK
2018/09/22 17:04:54.053 DEBUG ManualMessagePump DataManagerCore - License check OK
2018/09/22 17:05:54.056 DEBUG ManualMessagePump DataManagerCore - License check OK
2018/09/22 17:06:54.067 DEBUG ManualMessagePump DataManagerCore - License check OK
2018/09/22 17:07:54.069 DEBUG ManualMessagePump DataManagerCore - License check OK
2018/09/22 17:08:54.082 DEBUG ManualMessagePump DataManagerCore - License check OK
2018/09/22 17:09:54.089 DEBUG ManualMessagePump DataManagerCore - License check OK
2018/09/22 17:10:54.098 DEBUG ManualMessagePump DataManagerCore - License check OK
2018/09/22 17:11:54.098 DEBUG ManualMessagePump DataManagerCore - License check OK
2018/09/22 17:12:54.114 DEBUG ManualMessagePump DataManagerCore - License check OK
2018/09/22 17:13:54.122 DEBUG ManualMessagePump DataManagerCore - License check OK
2018/09/22 17:14:54.135 DEBUG ManualMessagePump DataManagerCore - License check OK
2018/09/22 17:15:54.146 DEBUG ManualMessagePump DataManagerCore - License check OK
2018/09/22 17:16:54.160 DEBUG ManualMessagePump DataManagerCore - License check OK
2018/09/22 17:17:54.172 DEBUG ManualMessagePump DataManagerCore - License check OK
2018/09/22 17:18:54.175 DEBUG ManualMessagePump DataManagerCore - License check OK
2018/09/22 17:19:54.179 DEBUG ManualMessagePump DataManagerCore - License check OK
2018/09/22 17:20:54.192 DEBUG ManualMessagePump DataManagerCore - License check OK
2018/09/22 17:21:54.199 DEBUG ManualMessagePump DataManagerCore - License check OK
2018/09/22 17:22:54.966 DEBUG ManualMessagePump DataManagerCore - License check OK
2018/09/22 17:23:54.973 DEBUG ManualMessagePump DataManagerCore - License check OK
2018/09/22 17:24:54.974 DEBUG ManualMessagePump DataManagerCore - License check OK
2018/09/22 17:25:54.975 DEBUG ManualMessagePump DataManagerCore - License check OK
2018/09/22 17:26:54.976 DEBUG ManualMessagePump DataManagerCore - License check OK
2018/09/22 17:27:54.989 DEBUG ManualMessagePump DataManagerCore - License check OK
2018/09/22 17:28:54.994 DEBUG ManualMessagePump DataManagerCore - License check OK
2018/09/22 17:29:54.994 DEBUG ManualMessagePump DataManagerCore - License check OK
2018/09/22 17:30:54.999 DEBUG ManualMessagePump DataManagerCore - License check OK
2018/09/22 17:31:55.008 DEBUG ManualMessagePump DataManagerCore - License check OK
2018/09/22 17:32:55.021 DEBUG ManualMessagePump DataManagerCore - License check OK
2018/09/22 17:33:55.026 DEBUG ManualMessagePump DataManagerCore - License check OK
2018/09/22 17:34:55.036 DEBUG ManualMessagePump DataManagerCore - License check OK
2018/09/22 17:35:55.036 DEBUG ManualMessagePump DataManagerCore - License check OK
2018/09/22 17:36:55.043 DEBUG ManualMessagePump DataManagerCore - License check OK
2018/09/22 17:37:55.052 DEBUG ManualMessagePump DataManagerCore - License check OK
2018/09/22 17:38:55.056 DEBUG ManualMessagePump DataManagerCore - License check OK
2018/09/22 17:39:55.061 DEBUG ManualMessagePump DataManagerCore - License check OK
2018/09/22 17:40:55.070 DEBUG ManualMessagePump DataManagerCore - License check OK
2018/09/22 17:41:55.069 DEBUG ManualMessagePump DataManagerCore - License check OK
2018/09/22 17:42:55.069 DEBUG ManualMessagePump DataManagerCore - License check OK
2018/09/22 17:43:55.083 DEBUG ManualMessagePump DataManagerCore - License check OK
2018/09/22 17:44:55.083 DEBUG ManualMessagePump DataManagerCore - License check OK
2018/09/22 17:45:55.084 DEBUG ManualMessagePump DataManagerCore - License check OK
2018/09/22 17:46:55.091 DEBUG ManualMessagePump DataManagerCore - License check OK
2018/09/22 17:47:55.103 DEBUG ManualMessagePump DataManagerCore - License check OK
2018/09/22 17:48:55.102 DEBUG ManualMessagePump DataManagerCore - License check OK
2018/09/22 17:49:55.103 DEBUG ManualMessagePump DataManagerCore - License check OK
2018/09/22 17:50:55.116 DEBUG ManualMessagePump DataManagerCore - License check OK
2018/09/22 17:51:55.115 DEBUG ManualMessagePump DataManagerCore - License check OK
2018/09/22 17:52:55.117 DEBUG ManualMessagePump DataManagerCore - License check OK
2018/09/22 17:53:55.127 DEBUG ManualMessagePump DataManagerCore - License check OK
2018/09/22 17:54:55.132 DEBUG ManualMessagePump DataManagerCore - License check OK
2018/09/22 17:55:55.147 DEBUG ManualMessagePump DataManagerCore - License check OK
2018/09/22 17:56:55.161 DEBUG ManualMessagePump DataManagerCore - License check OK
2018/09/22 17:57:55.174 DEBUG ManualMessagePump DataManagerCore - License check OK
2018/09/22 17:58:55.188 DEBUG ManualMessagePump DataManagerCore - License check OK
2018/09/22 17:59:55.193 DEBUG ManualMessagePump DataManagerCore - License check OK
2018/09/22 18:00:55.193 DEBUG ManualMessagePump DataManagerCore - License check OK
2018/09/22 18:01:55.208 DEBUG ManualMessagePump DataManagerCore - License check OK
2018/09/22 18:02:55.212 DEBUG ManualMessagePump DataManagerCore - License check OK
2018/09/22 18:03:55.224 DEBUG ManualMessagePump DataManagerCore - License check OK
2018/09/22 18:04:55.240 DEBUG ManualMessagePump DataManagerCore - License check OK
2018/09/22 18:05:55.248 DEBUG ManualMessagePump DataManagerCore - License check OK
2018/09/22 18:06:55.256 DEBUG ManualMessagePump DataManagerCore - License check OK
2018/09/22 18:07:55.267 DEBUG ManualMessagePump DataManagerCore - License check OK
2018/09/22 18:08:55.276 DEBUG ManualMessagePump DataManagerCore - License check OK
2018/09/22 18:09:55.289 DEBUG ManualMessagePump DataManagerCore - License check OK
2018/09/22 18:10:55.289 DEBUG ManualMessagePump DataManagerCore - License check OK
2018/09/22 18:11:55.289 DEBUG ManualMessagePump DataManagerCore - License check OK
2018/09/22 18:12:55.298 DEBUG ManualMessagePump DataManagerCore - License check OK
2018/09/22 18:13:55.302 DEBUG ManualMessagePump DataManagerCore - License check OK
2018/09/22 18:14:55.308 DEBUG ManualMessagePump DataManagerCore - License check OK
2018/09/22 18:15:55.833 DEBUG ManualMessagePump DataManagerCore - License check OK
2018/09/22 18:16:55.834 DEBUG ManualMessagePump DataManagerCore - License check OK
2018/09/22 18:17:55.841 DEBUG ManualMessagePump DataManagerCore - License check OK
2018/09/22 18:18:55.852 DEBUG ManualMessagePump DataManagerCore - License check OK
2018/09/22 18:19:55.857 DEBUG ManualMessagePump DataManagerCore - License check OK
2018/09/22 18:20:55.866 DEBUG ManualMessagePump DataManagerCore - License check OK
2018/09/22 18:21:55.880 DEBUG ManualMessagePump DataManagerCore - License check OK
2018/09/22 18:22:55.882 DEBUG ManualMessagePump DataManagerCore - License check OK
2018/09/22 18:23:55.888 DEBUG ManualMessagePump DataManagerCore - License check OK
2018/09/22 18:24:55.899 DEBUG ManualMessagePump DataManagerCore - License check OK
2018/09/22 18:25:55.912 DEBUG ManualMessagePump DataManagerCore - License check OK
2018/09/22 18:26:55.913 DEBUG ManualMessagePump DataManagerCore - License check OK
2018/09/22 18:27:55.912 DEBUG ManualMessagePump DataManagerCore - License check OK
2018/09/22 18:28:55.928 DEBUG ManualMessagePump DataManagerCore - License check OK
2018/09/22 18:29:55.942 DEBUG ManualMessagePump DataManagerCore - License check OK
2018/09/22 18:30:55.943 DEBUG ManualMessagePump DataManagerCore - License check OK
2018/09/22 18:31:55.956 DEBUG ManualMessagePump DataManagerCore - License check OK
2018/09/22 18:32:55.961 DEBUG ManualMessagePump DataManagerCore - License check OK
2018/09/22 18:33:55.961 DEBUG ManualMessagePump DataManagerCore - License check OK
2018/09/22 18:34:55.963 DEBUG ManualMessagePump DataManagerCore - License check OK
2018/09/22 18:35:55.974 DEBUG ManualMessagePump DataManagerCore - License check OK
2018/09/22 18:36:55.974 DEBUG ManualMessagePump DataManagerCore - License check OK
2018/09/22 18:37:55.979 DEBUG ManualMessagePump DataManagerCore - License check OK
2018/09/22 18:38:55.979 DEBUG ManualMessagePump DataManagerCore - License check OK
2018/09/22 18:39:55.982 DEBUG ManualMessagePump DataManagerCore - License check OK
2018/09/22 18:40:56.050 DEBUG ManualMessagePump DataManagerCore - License check OK
2018/09/22 18:41:56.006 DEBUG ManualMessagePump DataManagerCore - License check OK
2018/09/22 18:42:56.009 DEBUG ManualMessagePump DataManagerCore - License check OK
2018/09/22 18:43:56.023 DEBUG ManualMessagePump DataManagerCore - License check OK
2018/09/22 18:44:56.026 DEBUG ManualMessagePump DataManagerCore - License check OK
2018/09/22 18:45:56.038 DEBUG ManualMessagePump DataManagerCore - License check OK
2018/09/22 18:46:56.043 DEBUG ManualMessagePump DataManagerCore - License check OK
2018/09/22 18:47:56.055 DEBUG ManualMessagePump DataManagerCore - License check OK
2018/09/22 18:48:56.056 DEBUG ManualMessagePump DataManagerCore - License check OK
2018/09/22 18:49:56.056 DEBUG ManualMessagePump DataManagerCore - License check OK
2018/09/22 18:50:56.068 DEBUG ManualMessagePump DataManagerCore - License check OK
2018/09/22 18:51:56.068 DEBUG ManualMessagePump DataManagerCore - License check OK
2018/09/22 18:52:56.552 DEBUG ManualMessagePump DataManagerCore - License check OK
2018/09/22 18:53:56.565 DEBUG ManualMessagePump DataManagerCore - License check OK
2018/09/22 18:54:56.569 DEBUG ManualMessagePump DataManagerCore - License check OK
2018/09/22 18:55:56.572 DEBUG ManualMessagePump DataManagerCore - License check OK
2018/09/22 18:56:56.775 DEBUG ManualMessagePump DataManagerCore - License check OK
2018/09/22 18:57:56.789 DEBUG ManualMessagePump DataManagerCore - License check OK
2018/09/22 18:58:56.792 DEBUG ManualMessagePump DataManagerCore - License check OK
2018/09/22 18:59:56.803 DEBUG ManualMessagePump DataManagerCore - License check OK
2018/09/22 19:00:56.805 DEBUG ManualMessagePump DataManagerCore - License check OK
2018/09/22 19:01:56.806 DEBUG ManualMessagePump DataManagerCore - License check OK
2018/09/22 19:02:57.972 DEBUG ManualMessagePump DataManagerCore - License check OK
2018/09/22 19:03:57.979 DEBUG ManualMessagePump DataManagerCore - License check OK
2018/09/22 19:04:57.991 DEBUG ManualMessagePump DataManagerCore - License check OK
2018/09/22 19:05:57.993 DEBUG ManualMessagePump DataManagerCore - License check OK
2018/09/22 19:06:58.006 DEBUG ManualMessagePump DataManagerCore - License check OK
2018/09/22 19:07:58.013 DEBUG ManualMessagePump DataManagerCore - License check OK
2018/09/22 19:08:58.027 DEBUG ManualMessagePump DataManagerCore - License check OK
2018/09/22 19:09:58.037 DEBUG ManualMessagePump DataManagerCore - License check OK
2018/09/22 19:10:58.043 DEBUG ManualMessagePump DataManagerCore - License check OK
2018/09/22 19:11:58.055 DEBUG ManualMessagePump DataManagerCore - License check OK
2018/09/22 19:12:58.061 DEBUG ManualMessagePump DataManagerCore - License check OK
2018/09/22 19:13:58.068 DEBUG ManualMessagePump DataManagerCore - License check OK
2018/09/22 19:14:58.076 DEBUG ManualMessagePump DataManagerCore - License check OK
2018/09/22 19:15:58.084 DEBUG ManualMessagePump DataManagerCore - License check OK
2018/09/22 19:16:58.088 DEBUG ManualMessagePump DataManagerCore - License check OK
2018/09/22 19:17:58.088 DEBUG ManualMessagePump DataManagerCore - License check OK
2018/09/22 19:18:58.101 DEBUG ManualMessagePump DataManagerCore - License check OK
2018/09/22 19:19:58.115 DEBUG ManualMessagePump DataManagerCore - License check OK
2018/09/22 19:20:58.116 DEBUG ManualMessagePump DataManagerCore - License check OK
2018/09/22 19:21:58.123 DEBUG ManualMessagePump DataManagerCore - License check OK
2018/09/22 19:22:58.125 DEBUG ManualMessagePump DataManagerCore - License check OK
2018/09/22 19:23:58.132 DEBUG ManualMessagePump DataManagerCore - License check OK
2018/09/22 19:24:58.139 DEBUG ManualMessagePump DataManagerCore - License check OK
2018/09/22 19:25:58.149 DEBUG ManualMessagePump DataManagerCore - License check OK
2018/09/22 19:26:58.159 DEBUG ManualMessagePump DataManagerCore - License check OK
2018/09/22 19:27:58.163 DEBUG ManualMessagePump DataManagerCore - License check OK
2018/09/22 19:28:58.171 DEBUG ManualMessagePump DataManagerCore - License check OK
2018/09/22 19:29:58.179 DEBUG ManualMessagePump DataManagerCore - License check OK
2018/09/22 19:30:58.947 DEBUG ManualMessagePump DataManagerCore - License check OK
2018/09/22 19:31:59.267 DEBUG ManualMessagePump DataManagerCore - License check OK
2018/09/22 19:32:59.278 DEBUG ManualMessagePump DataManagerCore - License check OK
2018/09/22 19:33:59.293 DEBUG ManualMessagePump DataManagerCore - License check OK
2018/09/22 19:34:59.304 DEBUG ManualMessagePump DataManagerCore - License check OK
2018/09/22 19:35:59.310 DEBUG ManualMessagePump DataManagerCore - License check OK
2018/09/22 19:36:59.319 DEBUG ManualMessagePump DataManagerCore - License check OK
2018/09/22 19:37:59.321 DEBUG ManualMessagePump DataManagerCore - License check OK
2018/09/22 19:38:59.322 DEBUG ManualMessagePump DataManagerCore - License check OK
2018/09/22 19:39:59.335 DEBUG ManualMessagePump DataManagerCore - License check OK
2018/09/22 19:40:59.348 DEBUG ManualMessagePump DataManagerCore - License check OK
2018/09/22 19:41:59.355 DEBUG ManualMessagePump DataManagerCore - License check OK
2018/09/22 19:42:59.366 DEBUG ManualMessagePump DataManagerCore - License check OK
2018/09/22 19:43:59.370 DEBUG ManualMessagePump DataManagerCore - License check OK
2018/09/22 19:44:59.384 DEBUG ManualMessagePump DataManagerCore - License check OK
2018/09/22 19:45:59.397 DEBUG ManualMessagePump DataManagerCore - License check OK
2018/09/22 19:46:59.404 DEBUG ManualMessagePump DataManagerCore - License check OK
2018/09/22 19:47:59.419 DEBUG ManualMessagePump DataManagerCore - License check OK
2018/09/22 19:48:59.430 DEBUG ManualMessagePump DataManagerCore - License check OK
2018/09/22 19:49:59.436 DEBUG ManualMessagePump DataManagerCore - License check OK
2018/09/22 19:50:59.451 DEBUG ManualMessagePump DataManagerCore - License check OK
2018/09/22 19:51:59.461 DEBUG ManualMessagePump DataManagerCore - License check OK
2018/09/22 19:52:59.463 DEBUG ManualMessagePump DataManagerCore - License check OK
2018/09/22 19:53:59.463 DEBUG ManualMessagePump DataManagerCore - License check OK
2018/09/22 19:54:59.477 DEBUG ManualMessagePump DataManagerCore - License check OK
2018/09/22 19:55:59.488 DEBUG ManualMessagePump DataManagerCore - License check OK
2018/09/22 19:56:59.497 DEBUG ManualMessagePump DataManagerCore - License check OK
2018/09/22 19:57:59.511 DEBUG ManualMessagePump DataManagerCore - License check OK
2018/09/22 19:58:59.521 DEBUG ManualMessagePump DataManagerCore - License check OK
2018/09/22 19:59:59.533 DEBUG ManualMessagePump DataManagerCore - License check OK
2018/09/22 20:00:59.543 DEBUG ManualMessagePump DataManagerCore - License check OK
2018/09/22 20:01:59.547 DEBUG ManualMessagePump DataManagerCore - License check OK
2018/09/22 20:03:00.915 DEBUG ManualMessagePump DataManagerCore - License check OK
2018/09/22 20:04:00.925 DEBUG ManualMessagePump DataManagerCore - License check OK
2018/09/22 20:05:00.928 DEBUG ManualMessagePump DataManagerCore - License check OK
2018/09/22 20:06:00.996 DEBUG ManualMessagePump DataManagerCore - License check OK
2018/09/22 20:07:00.980 DEBUG ManualMessagePump DataManagerCore - License check OK
2018/09/22 20:08:00.994 DEBUG ManualMessagePump DataManagerCore - License check OK
2018/09/22 20:09:01.008 DEBUG ManualMessagePump DataManagerCore - License check OK
2018/09/22 20:10:01.014 DEBUG ManualMessagePump DataManagerCore - License check OK
2018/09/22 20:11:01.025 DEBUG ManualMessagePump DataManagerCore - License check OK
2018/09/22 20:12:01.041 DEBUG ManualMessagePump DataManagerCore - License check OK
2018/09/22 20:13:01.054 DEBUG ManualMessagePump DataManagerCore - License check OK
2018/09/22 20:14:01.059 DEBUG ManualMessagePump DataManagerCore - License check OK
2018/09/22 20:15:01.070 DEBUG ManualMessagePump DataManagerCore - License check OK
2018/09/22 20:16:01.073 DEBUG ManualMessagePump DataManagerCore - License check OK
2018/09/22 20:17:01.080 DEBUG ManualMessagePump DataManagerCore - License check OK
2018/09/22 20:18:01.093 DEBUG ManualMessagePump DataManagerCore - License check OK
2018/09/22 20:19:01.101 DEBUG ManualMessagePump DataManagerCore - License check OK
2018/09/22 20:20:01.105 DEBUG ManualMessagePump DataManagerCore - License check OK
2018/09/22 20:21:01.120 DEBUG ManualMessagePump DataManagerCore - License check OK
2018/09/22 20:22:01.118 DEBUG ManualMessagePump DataManagerCore - License check OK
2018/09/22 20:23:01.135 DEBUG ManualMessagePump DataManagerCore - License check OK
2018/09/22 20:24:01.148 DEBUG ManualMessagePump DataManagerCore - License check OK
2018/09/22 20:25:01.148 DEBUG ManualMessagePump DataManagerCore - License check OK
2018/09/22 20:26:01.150 DEBUG ManualMessagePump DataManagerCore - License check OK
2018/09/22 20:27:01.164 DEBUG ManualMessagePump DataManagerCore - License check OK
2018/09/22 20:28:01.178 DEBUG ManualMessagePump DataManagerCore - License check OK
2018/09/22 20:29:01.179 DEBUG ManualMessagePump DataManagerCore - License check OK
2018/09/22 20:30:01.190 DEBUG ManualMessagePump DataManagerCore - License check OK
2018/09/22 20:31:01.204 DEBUG ManualMessagePump DataManagerCore - License check OK
2018/09/22 20:32:01.210 DEBUG ManualMessagePump DataManagerCore - License check OK
2018/09/22 20:33:01.211 DEBUG ManualMessagePump DataManagerCore - License check OK
2018/09/22 20:34:01.224 DEBUG ManualMessagePump DataManagerCore - License check OK
2018/09/22 20:35:01.229 DEBUG ManualMessagePump DataManagerCore - License check OK
2018/09/22 20:36:01.235 DEBUG ManualMessagePump DataManagerCore - License check OK
2018/09/22 20:37:01.243 DEBUG ManualMessagePump DataManagerCore - License check OK
2018/09/22 20:38:01.242 DEBUG ManualMessagePump DataManagerCore - License check OK
2018/09/22 20:39:01.243 DEBUG ManualMessagePump DataManagerCore - License check OK
2018/09/22 20:40:01.258 DEBUG ManualMessagePump DataManagerCore - License check OK
2018/09/22 20:41:01.258 DEBUG ManualMessagePump DataManagerCore - License check OK
2018/09/22 20:42:01.259 DEBUG ManualMessagePump DataManagerCore - License check OK
2018/09/22 20:43:01.261 DEBUG ManualMessagePump DataManagerCore - License check OK
2018/09/22 20:44:01.264 DEBUG ManualMessagePump DataManagerCore - License check OK
2018/09/22 20:45:01.275 DEBUG ManualMessagePump DataManagerCore - License check OK
2018/09/22 20:46:01.279 DEBUG ManualMessagePump DataManagerCore - License check OK
2018/09/22 20:47:01.283 DEBUG ManualMessagePump DataManagerCore - License check OK
2018/09/22 20:48:01.296 DEBUG ManualMessagePump DataManagerCore - License check OK
2018/09/22 20:49:01.304 DEBUG ManualMessagePump DataManagerCore - License check OK
2018/09/22 20:50:01.304 DEBUG ManualMessagePump DataManagerCore - License check OK
2018/09/22 20:51:01.314 DEBUG ManualMessagePump DataManagerCore - License check OK
2018/09/22 20:52:01.323 DEBUG ManualMessagePump DataManagerCore - License check OK
2018/09/22 20:53:01.339 DEBUG ManualMessagePump DataManagerCore - License check OK
2018/09/22 20:54:01.340 DEBUG ManualMessagePump DataManagerCore - License check OK
2018/09/22 20:55:01.351 DEBUG ManualMessagePump DataManagerCore - License check OK
2018/09/22 20:56:01.359 DEBUG ManualMessagePump DataManagerCore - License check OK
2018/09/22 20:57:01.369 DEBUG ManualMessagePump DataManagerCore - License check OK
2018/09/22 20:58:01.368 DEBUG ManualMessagePump DataManagerCore - License check OK
2018/09/22 20:59:01.368 DEBUG ManualMessagePump DataManagerCore - License check OK
2018/09/22 21:00:01.382 DEBUG ManualMessagePump DataManagerCore - License check OK
2018/09/22 21:01:01.383 DEBUG ManualMessagePump DataManagerCore - License check OK
2018/09/22 21:02:01.387 DEBUG ManualMessagePump DataManagerCore - License check OK
2018/09/22 21:03:01.399 DEBUG ManualMessagePump DataManagerCore - License check OK
2018/09/22 21:04:01.400 DEBUG ManualMessagePump DataManagerCore - License check OK
2018/09/22 21:05:01.414 DEBUG ManualMessagePump DataManagerCore - License check OK
2018/09/22 21:06:01.420 DEBUG ManualMessagePump DataManagerCore - License check OK
2018/09/22 21:07:01.434 DEBUG ManualMessagePump DataManagerCore - License check OK
2018/09/22 21:08:01.447 DEBUG ManualMessagePump DataManagerCore - License check OK
2018/09/22 21:09:01.459 DEBUG ManualMessagePump DataManagerCore - License check OK
2018/09/22 21:10:01.462 DEBUG ManualMessagePump DataManagerCore - License check OK
2018/09/22 21:11:01.479 DEBUG ManualMessagePump DataManagerCore - License check OK
2018/09/22 21:12:01.490 DEBUG ManualMessagePump DataManagerCore - License check OK
2018/09/22 21:13:01.501 DEBUG ManualMessagePump DataManagerCore - License check OK
2018/09/22 21:14:01.510 DEBUG ManualMessagePump DataManagerCore - License check OK
2018/09/22 21:15:01.511 DEBUG ManualMessagePump DataManagerCore - License check OK
2018/09/22 21:16:01.511 DEBUG ManualMessagePump DataManagerCore - License check OK
2018/09/22 21:17:01.524 DEBUG ManualMessagePump DataManagerCore - License check OK
2018/09/22 21:18:01.525 DEBUG ManualMessagePump DataManagerCore - License check OK
2018/09/22 21:19:01.528 DEBUG ManualMessagePump DataManagerCore - License check OK
2018/09/22 21:20:01.542 DEBUG ManualMessagePump DataManagerCore - License check OK
2018/09/22 21:21:01.556 DEBUG ManualMessagePump DataManagerCore - License check OK
2018/09/22 21:22:01.558 DEBUG ManualMessagePump DataManagerCore - License check OK
2018/09/22 21:23:01.571 DEBUG ManualMessagePump DataManagerCore - License check OK
2018/09/22 21:24:01.572 DEBUG ManualMessagePump DataManagerCore - License check OK
2018/09/22 21:25:01.572 DEBUG ManualMessagePump DataManagerCore - License check OK
2018/09/22 21:26:01.586 DEBUG ManualMessagePump DataManagerCore - License check OK
2018/09/22 21:27:02.563 DEBUG ManualMessagePump DataManagerCore - License check OK
2018/09/22 21:28:02.574 DEBUG ManualMessagePump DataManagerCore - License check OK
2018/09/22 21:29:02.586 DEBUG ManualMessagePump DataManagerCore - License check OK
2018/09/22 21:30:02.588 DEBUG ManualMessagePump DataManagerCore - License check OK
2018/09/22 21:31:02.591 DEBUG ManualMessagePump DataManagerCore - License check OK
2018/09/22 21:32:02.605 DEBUG ManualMessagePump DataManagerCore - License check OK
2018/09/22 21:33:02.617 DEBUG ManualMessagePump DataManagerCore - License check OK
2018/09/22 21:34:02.618 DEBUG ManualMessagePump DataManagerCore - License check OK
2018/09/22 21:35:02.634 DEBUG ManualMessagePump DataManagerCore - License check OK
2018/09/22 21:36:02.649 DEBUG ManualMessagePump DataManagerCore - License check OK
2018/09/22 21:37:02.656 DEBUG ManualMessagePump DataManagerCore - License check OK
2018/09/22 21:38:02.667 DEBUG ManualMessagePump DataManagerCore - License check OK
2018/09/22 21:39:02.681 DEBUG ManualMessagePump DataManagerCore - License check OK
2018/09/22 21:40:02.686 DEBUG ManualMessagePump DataManagerCore - License check OK
2018/09/22 21:41:02.696 DEBUG ManualMessagePump DataManagerCore - License check OK
2018/09/22 21:42:02.703 DEBUG ManualMessagePump DataManagerCore - License check OK
2018/09/22 21:43:02.715 DEBUG ManualMessagePump DataManagerCore - License check OK
2018/09/22 21:44:02.727 DEBUG ManualMessagePump DataManagerCore - License check OK
2018/09/22 21:45:02.731 DEBUG ManualMessagePump DataManagerCore - License check OK
2018/09/22 21:46:02.745 DEBUG ManualMessagePump DataManagerCore - License check OK
2018/09/22 21:47:02.745 DEBUG ManualMessagePump DataManagerCore - License check OK
2018/09/22 21:48:02.746 DEBUG ManualMessagePump DataManagerCore - License check OK
2018/09/22 21:49:02.759 DEBUG ManualMessagePump DataManagerCore - License check OK
2018/09/22 21:50:02.762 DEBUG ManualMessagePump DataManagerCore - License check OK
2018/09/22 21:51:02.773 DEBUG ManualMessagePump DataManagerCore - License check OK
2018/09/22 21:52:02.775 DEBUG ManualMessagePump DataManagerCore - License check OK
2018/09/22 21:53:02.781 DEBUG ManualMessagePump DataManagerCore - License check OK
2018/09/22 21:54:02.787 DEBUG ManualMessagePump DataManagerCore - License check OK
2018/09/22 21:55:02.803 DEBUG ManualMessagePump DataManagerCore - License check OK
2018/09/22 21:56:02.830 DEBUG ManualMessagePump DataManagerCore - License check OK
2018/09/22 21:57:02.807 DEBUG ManualMessagePump DataManagerCore - License check OK
2018/09/22 21:58:02.807 DEBUG ManualMessagePump DataManagerCore - License check OK
2018/09/22 21:59:02.821 DEBUG ManualMessagePump DataManagerCore - License check OK
2018/09/22 22:00:02.831 DEBUG ManualMessagePump DataManagerCore - License check OK
2018/09/22 22:01:02.839 DEBUG ManualMessagePump DataManagerCore - License check OK
2018/09/22 22:02:02.853 DEBUG ManualMessagePump DataManagerCore - License check OK
2018/09/22 22:03:02.853 DEBUG ManualMessagePump DataManagerCore - License check OK
2018/09/22 22:04:02.854 DEBUG ManualMessagePump DataManagerCore - License check OK
2018/09/22 22:05:02.870 DEBUG ManualMessagePump DataManagerCore - License check OK
2018/09/22 22:06:02.881 DEBUG ManualMessagePump DataManagerCore - License check OK
2018/09/22 22:07:02.895 DEBUG ManualMessagePump DataManagerCore - License check OK
2018/09/22 22:08:02.906 DEBUG ManualMessagePump DataManagerCore - License check OK
2018/09/22 22:09:02.921 DEBUG ManualMessagePump DataManagerCore - License check OK
2018/09/22 22:10:02.934 DEBUG ManualMessagePump DataManagerCore - License check OK
2018/09/22 22:11:02.946 DEBUG ManualMessagePump DataManagerCore - License check OK
2018/09/22 22:12:02.947 DEBUG ManualMessagePump DataManagerCore - License check OK
2018/09/22 22:13:02.952 DEBUG ManualMessagePump DataManagerCore - License check OK
2018/09/22 22:14:02.965 DEBUG ManualMessagePump DataManagerCore - License check OK
2018/09/22 22:15:02.961 DEBUG ManualMessagePump DataManagerCore - License check OK
2018/09/22 22:16:02.966 DEBUG ManualMessagePump DataManagerCore - License check OK
2018/09/22 22:17:02.970 DEBUG ManualMessagePump DataManagerCore - License check OK
2018/09/22 22:18:02.983 DEBUG ManualMessagePump DataManagerCore - License check OK
2018/09/22 22:19:02.996 DEBUG ManualMessagePump DataManagerCore - License check OK
2018/09/22 22:20:03.009 DEBUG ManualMessagePump DataManagerCore - License check OK
2018/09/22 22:21:03.021 DEBUG ManualMessagePump DataManagerCore - License check OK
2018/09/22 22:22:03.031 DEBUG ManualMessagePump DataManagerCore - License check OK
2018/09/22 22:23:03.042 DEBUG ManualMessagePump DataManagerCore - License check OK
2018/09/22 22:24:03.055 DEBUG ManualMessagePump DataManagerCore - License check OK
2018/09/22 22:25:03.057 DEBUG ManualMessagePump DataManagerCore - License check OK
2018/09/22 22:26:03.057 DEBUG ManualMessagePump DataManagerCore - License check OK
2018/09/22 22:27:03.067 DEBUG ManualMessagePump DataManagerCore - License check OK
2018/09/22 22:28:03.082 DEBUG ManualMessagePump DataManagerCore - License check OK
2018/09/22 22:29:03.087 DEBUG ManualMessagePump DataManagerCore - License check OK
2018/09/22 22:30:03.103 DEBUG ManualMessagePump DataManagerCore - License check OK
2018/09/22 22:31:03.119 DEBUG ManualMessagePump DataManagerCore - License check OK
2018/09/22 22:32:03.123 DEBUG ManualMessagePump DataManagerCore - License check OK
2018/09/22 22:33:03.135 DEBUG ManualMessagePump DataManagerCore - License check OK
2018/09/22 22:34:03.139 DEBUG ManualMessagePump DataManagerCore - License check OK
2018/09/22 22:35:03.150 DEBUG ManualMessagePump DataManagerCore - License check OK
2018/09/22 22:36:03.162 DEBUG ManualMessagePump DataManagerCore - License check OK
2018/09/22 22:37:03.174 DEBUG ManualMessagePump DataManagerCore - License check OK
2018/09/22 22:38:03.183 DEBUG ManualMessagePump DataManagerCore - License check OK
2018/09/22 22:39:03.185 DEBUG ManualMessagePump DataManagerCore - License check OK
2018/09/22 22:40:03.213 DEBUG ManualMessagePump DataManagerCore - License check OK
2018/09/22 22:41:03.198 DEBUG ManualMessagePump DataManagerCore - License check OK
2018/09/22 22:42:03.198 DEBUG ManualMessagePump DataManagerCore - License check OK
2018/09/22 22:43:03.213 DEBUG ManualMessagePump DataManagerCore - License check OK
2018/09/22 22:44:03.217 DEBUG ManualMessagePump DataManagerCore - License check OK
2018/09/22 22:45:03.227 DEBUG ManualMessagePump DataManagerCore - License check OK
2018/09/22 22:46:03.228 DEBUG ManualMessagePump DataManagerCore - License check OK
2018/09/22 22:47:03.241 DEBUG ManualMessagePump DataManagerCore - License check OK
2018/09/22 22:48:03.248 DEBUG ManualMessagePump DataManagerCore - License check OK
2018/09/22 22:49:03.247 DEBUG ManualMessagePump DataManagerCore - License check OK
2018/09/22 22:50:03.259 DEBUG ManualMessagePump DataManagerCore - License check OK
2018/09/22 22:51:03.265 DEBUG ManualMessagePump DataManagerCore - License check OK
2018/09/22 22:52:03.275 DEBUG ManualMessagePump DataManagerCore - License check OK
2018/09/22 22:53:03.277 DEBUG ManualMessagePump DataManagerCore - License check OK
2018/09/22 22:54:03.295 DEBUG ManualMessagePump DataManagerCore - License check OK
2018/09/22 22:55:03.306 DEBUG ManualMessagePump DataManagerCore - License check OK
2018/09/22 22:56:03.310 DEBUG ManualMessagePump DataManagerCore - License check OK
2018/09/22 22:57:03.322 DEBUG ManualMessagePump DataManagerCore - License check OK
2018/09/22 22:58:03.540 DEBUG ManualMessagePump DataManagerCore - License check OK
2018/09/22 22:59:03.548 DEBUG ManualMessagePump DataManagerCore - License check OK
2018/09/22 23:00:03.552 DEBUG ManualMessagePump DataManagerCore - License check OK
2018/09/22 23:01:03.557 DEBUG ManualMessagePump DataManagerCore - License check OK
2018/09/22 23:02:03.561 DEBUG ManualMessagePump DataManagerCore - License check OK
2018/09/22 23:03:03.572 DEBUG ManualMessagePump DataManagerCore - License check OK
2018/09/22 23:04:03.587 DEBUG ManualMessagePump DataManagerCore - License check OK
2018/09/22 23:05:03.590 DEBUG ManualMessagePump DataManagerCore - License check OK
2018/09/22 23:06:03.593 DEBUG ManualMessagePump DataManagerCore - License check OK
2018/09/22 23:07:03.602 DEBUG ManualMessagePump DataManagerCore - License check OK
2018/09/22 23:08:03.604 DEBUG ManualMessagePump DataManagerCore - License check OK
2018/09/22 23:09:03.604 DEBUG ManualMessagePump DataManagerCore - License check OK
2018/09/22 23:10:03.606 DEBUG ManualMessagePump DataManagerCore - License check OK
2018/09/22 23:11:03.619 DEBUG ManualMessagePump DataManagerCore - License check OK
2018/09/22 23:12:03.619 DEBUG ManualMessagePump DataManagerCore - License check OK
2018/09/22 23:13:03.622 DEBUG ManualMessagePump DataManagerCore - License check OK
2018/09/22 23:14:03.622 DEBUG ManualMessagePump DataManagerCore - License check OK
2018/09/22 23:15:03.631 DEBUG ManualMessagePump DataManagerCore - License check OK
2018/09/22 23:16:03.635 DEBUG ManualMessagePump DataManagerCore - License check OK
2018/09/22 23:17:03.635 DEBUG ManualMessagePump DataManagerCore - License check OK
2018/09/22 23:18:03.651 DEBUG ManualMessagePump DataManagerCore - License check OK
2018/09/22 23:19:03.666 DEBUG ManualMessagePump DataManagerCore - License check OK
2018/09/22 23:20:03.668 DEBUG ManualMessagePump DataManagerCore - License check OK
2018/09/22 23:21:03.670 DEBUG ManualMessagePump DataManagerCore - License check OK
2018/09/22 23:22:03.683 DEBUG ManualMessagePump DataManagerCore - License check OK
2018/09/22 23:23:03.684 DEBUG ManualMessagePump DataManagerCore - License check OK
2018/09/22 23:24:03.687 DEBUG ManualMessagePump DataManagerCore - License check OK
2018/09/22 23:25:03.698 DEBUG ManualMessagePump DataManagerCore - License check OK
2018/09/22 23:26:03.701 DEBUG ManualMessagePump DataManagerCore - License check OK
2018/09/22 23:27:03.714 DEBUG ManualMessagePump DataManagerCore - License check OK
2018/09/22 23:28:03.718 DEBUG ManualMessagePump DataManagerCore - License check OK
2018/09/22 23:29:03.732 DEBUG ManualMessagePump DataManagerCore - License check OK
2018/09/22 23:30:03.744 DEBUG ManualMessagePump DataManagerCore - License check OK
2018/09/22 23:31:03.745 DEBUG ManualMessagePump DataManagerCore - License check OK
2018/09/22 23:32:03.754 DEBUG ManualMessagePump DataManagerCore - License check OK
2018/09/22 23:33:03.763 DEBUG ManualMessagePump DataManagerCore - License check OK
2018/09/22 23:34:03.807 DEBUG ManualMessagePump DataManagerCore - License check OK
2018/09/22 23:35:03.818 DEBUG ManualMessagePump DataManagerCore - License check OK
2018/09/22 23:36:03.831 DEBUG ManualMessagePump DataManagerCore - License check OK
2018/09/22 23:37:03.840 DEBUG ManualMessagePump DataManagerCore - License check OK
2018/09/22 23:38:03.844 DEBUG ManualMessagePump DataManagerCore - License check OK
2018/09/22 23:39:03.855 DEBUG ManualMessagePump DataManagerCore - License check OK
2018/09/22 23:40:03.860 DEBUG ManualMessagePump DataManagerCore - License check OK
2018/09/22 23:41:03.873 DEBUG ManualMessagePump DataManagerCore - License check OK
2018/09/22 23:42:03.887 DEBUG ManualMessagePump DataManagerCore - License check OK
2018/09/22 23:43:03.886 DEBUG ManualMessagePump DataManagerCore - License check OK
2018/09/22 23:44:03.902 DEBUG ManualMessagePump DataManagerCore - License check OK
2018/09/22 23:45:03.917 DEBUG ManualMessagePump DataManagerCore - License check OK
2018/09/22 23:46:03.920 DEBUG ManualMessagePump DataManagerCore - License check OK
2018/09/22 23:47:03.930 DEBUG ManualMessagePump DataManagerCore - License check OK
2018/09/22 23:48:03.943 DEBUG ManualMessagePump DataManagerCore - License check OK
2018/09/22 23:49:03.950 DEBUG ManualMessagePump DataManagerCore - License check OK
2018/09/22 23:50:03.950 DEBUG ManualMessagePump DataManagerCore - License check OK
2018/09/22 23:51:03.969 DEBUG ManualMessagePump DataManagerCore - License check OK
2018/09/22 23:52:03.954 DEBUG ManualMessagePump DataManagerCore - License check OK
2018/09/22 23:53:03.964 DEBUG ManualMessagePump DataManagerCore - License check OK
2018/09/22 23:54:03.980 DEBUG ManualMessagePump DataManagerCore - License check OK
2018/09/22 23:55:03.990 DEBUG ManualMessagePump DataManagerCore - License check OK
2018/09/22 23:56:03.996 DEBUG ManualMessagePump DataManagerCore - License check OK
2018/09/22 23:57:04.008 DEBUG ManualMessagePump DataManagerCore - License check OK
2018/09/22 23:58:04.010 DEBUG ManualMessagePump DataManagerCore - License check OK
2018/09/22 23:59:04.011 DEBUG ManualMessagePump DataManagerCore - License check OK
