2018/09/22 00:03:31.814 INFO  266 A.cdc551499db0039f956e1d0666bfd1504.ca3aa6b2f13c2c1bc9c646f6abf33ed07 - Changing service from :0 to HOUMSEOSIFM007:8787
2018/09/22 00:09:01.822 INFO  251 A.cdc551499db0039f956e1d0666bfd1504.ca3aa6b2f13c2c1bc9c646f6abf33ed07 - Changing service from :0 to HOUMSEOSIFM007:8787
2018/09/22 00:14:31.837 INFO  222 A.cdc551499db0039f956e1d0666bfd1504.ca3aa6b2f13c2c1bc9c646f6abf33ed07 - Changing service from :0 to HOUMSEOSIFM007:8787
2018/09/22 00:19:32.424 INFO  154 A.cdc551499db0039f956e1d0666bfd1504.ca3aa6b2f13c2c1bc9c646f6abf33ed07 - Changing service from :0 to HOUMSEOSIFM007:8787
2018/09/22 00:24:32.481 INFO  185 A.cdc551499db0039f956e1d0666bfd1504.ca3aa6b2f13c2c1bc9c646f6abf33ed07 - Changing service from :0 to HOUMSEOSIFM007:8787
2018/09/22 00:30:02.457 INFO  76 A.cdc551499db0039f956e1d0666bfd1504.ca3aa6b2f13c2c1bc9c646f6abf33ed07 - Changing service from :0 to HOUMSEOSIFM007:8787
2018/09/22 00:35:02.573 INFO  290 A.cdc551499db0039f956e1d0666bfd1504.ca3aa6b2f13c2c1bc9c646f6abf33ed07 - Changing service from :0 to HOUMSEOSIFM007:8787
2018/09/22 00:40:35.621 INFO  390 A.cdc551499db0039f956e1d0666bfd1504.ca3aa6b2f13c2c1bc9c646f6abf33ed07 - Changing service from :0 to HOUMSEOSIFM007:8787
2018/09/22 00:46:02.617 INFO  309 A.cdc551499db0039f956e1d0666bfd1504.ca3aa6b2f13c2c1bc9c646f6abf33ed07 - Changing service from :0 to HOUMSEOSIFM007:8787
2018/09/22 00:51:32.621 INFO  154 A.cdc551499db0039f956e1d0666bfd1504.ca3aa6b2f13c2c1bc9c646f6abf33ed07 - Changing service from :0 to HOUMSEOSIFM007:8787
2018/09/22 00:56:32.890 INFO  317 A.cdc551499db0039f956e1d0666bfd1504.ca3aa6b2f13c2c1bc9c646f6abf33ed07 - Changing service from :0 to HOUMSEOSIFM007:8787
2018/09/22 01:01:32.936 INFO  240 A.cdc551499db0039f956e1d0666bfd1504.ca3aa6b2f13c2c1bc9c646f6abf33ed07 - Changing service from :0 to HOUMSEOSIFM007:8787
2018/09/22 01:06:33.058 INFO  146 A.cdc551499db0039f956e1d0666bfd1504.ca3aa6b2f13c2c1bc9c646f6abf33ed07 - Changing service from :0 to HOUMSEOSIFM007:8787
2018/09/22 01:11:32.975 INFO  154 A.cdc551499db0039f956e1d0666bfd1504.ca3aa6b2f13c2c1bc9c646f6abf33ed07 - Changing service from :0 to HOUMSEOSIFM007:8787
2018/09/22 01:16:33.210 INFO  334 A.cdc551499db0039f956e1d0666bfd1504.ca3aa6b2f13c2c1bc9c646f6abf33ed07 - Changing service from :0 to HOUMSEOSIFM007:8787
2018/09/22 01:21:33.259 INFO  373 A.cdc551499db0039f956e1d0666bfd1504.ca3aa6b2f13c2c1bc9c646f6abf33ed07 - Changing service from :0 to HOUMSEOSIFM007:8787
2018/09/22 01:26:33.275 INFO  192 A.cdc551499db0039f956e1d0666bfd1504.ca3aa6b2f13c2c1bc9c646f6abf33ed07 - Changing service from :0 to HOUMSEOSIFM007:8787
2018/09/22 01:31:34.053 INFO  245 A.cdc551499db0039f956e1d0666bfd1504.ca3aa6b2f13c2c1bc9c646f6abf33ed07 - Changing service from :0 to HOUMSEOSIFM007:8787
2018/09/22 01:36:34.032 INFO  341 A.cdc551499db0039f956e1d0666bfd1504.ca3aa6b2f13c2c1bc9c646f6abf33ed07 - Changing service from :0 to HOUMSEOSIFM007:8787
2018/09/22 01:41:34.069 INFO  289 A.cdc551499db0039f956e1d0666bfd1504.ca3aa6b2f13c2c1bc9c646f6abf33ed07 - Changing service from :0 to HOUMSEOSIFM007:8787
2018/09/22 01:46:34.067 INFO  208 A.cdc551499db0039f956e1d0666bfd1504.ca3aa6b2f13c2c1bc9c646f6abf33ed07 - Changing service from :0 to HOUMSEOSIFM007:8787
2018/09/22 01:52:04.067 INFO  54 A.cdc551499db0039f956e1d0666bfd1504.ca3aa6b2f13c2c1bc9c646f6abf33ed07 - Changing service from :0 to HOUMSEOSIFM007:8787
2018/09/22 01:57:08.805 ERROR 168 A.cec9e090ae538d190220f059017b75b84.Process - System.TimeoutException: The request channel timed out while waiting for a reply after 00:04:57.3629817. Increase the timeout value passed to the call to Request or increase the SendTimeout value on the Binding. The time allotted to this operation may have been a portion of a longer timeout. ---> System.TimeoutException: The socket transfer timed out after 00:04:59.9930000. You have exceeded the timeout set on your binding. The time allotted to this operation may have been a portion of a longer timeout. ---> System.IO.IOException: The read operation failed, see inner exception. ---> System.TimeoutException: The socket transfer timed out after 00:04:59.9930000. You have exceeded the timeout set on your binding. The time allotted to this operation may have been a portion of a longer timeout. ---> System.Net.Sockets.SocketException: A connection attempt failed because the connected party did not properly respond after a period of time, or established connection failed because connected host has failed to respond
   at System.Net.Sockets.Socket.Receive(Byte[] buffer, Int32 offset, Int32 size, SocketFlags socketFlags)
   at System.ServiceModel.Channels.SocketConnection.ReadCore(Byte[] buffer, Int32 offset, Int32 size, TimeSpan timeout, Boolean closing)
   --- End of inner exception stack trace ---
   at System.ServiceModel.Channels.SocketConnection.ReadCore(Byte[] buffer, Int32 offset, Int32 size, TimeSpan timeout, Boolean closing)
   at System.ServiceModel.Channels.SocketConnection.Read(Byte[] buffer, Int32 offset, Int32 size, TimeSpan timeout)
   at System.ServiceModel.Channels.DelegatingConnection.Read(Byte[] buffer, Int32 offset, Int32 size, TimeSpan timeout)
   at System.ServiceModel.Channels.ConnectionStream.Read(Byte[] buffer, Int32 offset, Int32 count)
   at System.Net.FixedSizeReader.ReadPacket(Byte[] buffer, Int32 offset, Int32 count)
   at System.Net.Security.NegotiateStream.StartFrameHeader(Byte[] buffer, Int32 offset, Int32 count, AsyncProtocolRequest asyncRequest)
   at System.Net.Security.NegotiateStream.ProcessRead(Byte[] buffer, Int32 offset, Int32 count, AsyncProtocolRequest asyncRequest)
   --- End of inner exception stack trace ---
   at System.Net.Security.NegotiateStream.ProcessRead(Byte[] buffer, Int32 offset, Int32 count, AsyncProtocolRequest asyncRequest)
   at System.Net.Security.NegotiateStream.Read(Byte[] buffer, Int32 offset, Int32 count)
   at System.ServiceModel.Channels.StreamConnection.Read(Byte[] buffer, Int32 offset, Int32 size, TimeSpan timeout)
   --- End of inner exception stack trace ---
   at System.ServiceModel.Channels.StreamConnection.Read(Byte[] buffer, Int32 offset, Int32 size, TimeSpan timeout)
   at System.ServiceModel.Channels.SingletonConnectionReader.Receive(TimeSpan timeout)
   at System.ServiceModel.Channels.StreamedFramingRequestChannel.StreamedFramingRequest.WaitForReply(TimeSpan timeout)
   at System.ServiceModel.Channels.RequestChannel.Request(Message message, TimeSpan timeout)
   --- End of inner exception stack trace ---

Server stack trace: 
   at System.ServiceModel.Channels.RequestChannel.Request(Message message, TimeSpan timeout)
   at System.ServiceModel.Channels.TransactionRequestChannelGeneric`1.Request(Message message, TimeSpan timeout)
   at System.ServiceModel.Dispatcher.RequestChannelBinder.Request(Message message, TimeSpan timeout)
   at System.ServiceModel.Channels.ServiceChannel.Call(String action, Boolean oneway, ProxyOperationRuntime operation, Object[] ins, Object[] outs, TimeSpan timeout)
   at System.ServiceModel.Channels.ServiceChannelProxy.InvokeService(IMethodCallMessage methodCall, ProxyOperationRuntime operation)
   at System.ServiceModel.Channels.ServiceChannelProxy.Invoke(IMessage message)

Exception rethrown at [0]: 
   at System.Runtime.Remoting.Proxies.RealProxy.HandleReturnMessage(IMessage reqMsg, IMessage retMsg)
   at System.Runtime.Remoting.Proxies.RealProxy.PrivateInvoke(MessageData& msgData, Int32 type)
   at Petex.Service.RequestProcessor.IWcfStreamResponseProcessor.Process(MessageRequest request)
   at A.cec9e090ae538d190220f059017b75b84.Process(MessageRequest request)
Details:
System.TimeoutException: The request channel timed out while waiting for a reply after 00:04:57.3629817. Increase the timeout value passed to the call to Request or increase the SendTimeout value on the Binding. The time allotted to this operation may have been a portion of a longer timeout. ---> System.TimeoutException: The socket transfer timed out after 00:04:59.9930000. You have exceeded the timeout set on your binding. The time allotted to this operation may have been a portion of a longer timeout. ---> System.IO.IOException: The read operation failed, see inner exception. ---> System.TimeoutException: The socket transfer timed out after 00:04:59.9930000. You have exceeded the timeout set on your binding. The time allotted to this operation may have been a portion of a longer timeout. ---> System.Net.Sockets.SocketException: A connection attempt failed because the connected party did not properly respond after a period of time, or established connection failed because connected host has failed to respond
   at System.Net.Sockets.Socket.Receive(Byte[] buffer, Int32 offset, Int32 size, SocketFlags socketFlags)
   at System.ServiceModel.Channels.SocketConnection.ReadCore(Byte[] buffer, Int32 offset, Int32 size, TimeSpan timeout, Boolean closing)
   --- End of inner exception stack trace ---
   at System.ServiceModel.Channels.SocketConnection.ReadCore(Byte[] buffer, Int32 offset, Int32 size, TimeSpan timeout, Boolean closing)
   at System.ServiceModel.Channels.SocketConnection.Read(Byte[] buffer, Int32 offset, Int32 size, TimeSpan timeout)
   at System.ServiceModel.Channels.DelegatingConnection.Read(Byte[] buffer, Int32 offset, Int32 size, TimeSpan timeout)
   at System.ServiceModel.Channels.ConnectionStream.Read(Byte[] buffer, Int32 offset, Int32 count)
   at System.Net.FixedSizeReader.ReadPacket(Byte[] buffer, Int32 offset, Int32 count)
   at System.Net.Security.NegotiateStream.StartFrameHeader(Byte[] buffer, Int32 offset, Int32 count, AsyncProtocolRequest asyncRequest)
   at System.Net.Security.NegotiateStream.ProcessRead(Byte[] buffer, Int32 offset, Int32 count, AsyncProtocolRequest asyncRequest)
   --- End of inner exception stack trace ---
   at System.Net.Security.NegotiateStream.ProcessRead(Byte[] buffer, Int32 offset, Int32 count, AsyncProtocolRequest asyncRequest)
   at System.Net.Security.NegotiateStream.Read(Byte[] buffer, Int32 offset, Int32 count)
   at System.ServiceModel.Channels.StreamConnection.Read(Byte[] buffer, Int32 offset, Int32 size, TimeSpan timeout)
   --- End of inner exception stack trace ---
   at System.ServiceModel.Channels.StreamConnection.Read(Byte[] buffer, Int32 offset, Int32 size, TimeSpan timeout)
   at System.ServiceModel.Channels.SingletonConnectionReader.Receive(TimeSpan timeout)
   at System.ServiceModel.Channels.StreamedFramingRequestChannel.StreamedFramingRequest.WaitForReply(TimeSpan timeout)
   at System.ServiceModel.Channels.RequestChannel.Request(Message message, TimeSpan timeout)
   --- End of inner exception stack trace ---

Server stack trace: 
   at System.ServiceModel.Channels.RequestChannel.Request(Message message, TimeSpan timeout)
   at System.ServiceModel.Channels.TransactionRequestChannelGeneric`1.Request(Message message, TimeSpan timeout)
   at System.ServiceModel.Dispatcher.RequestChannelBinder.Request(Message message, TimeSpan timeout)
   at System.ServiceModel.Channels.ServiceChannel.Call(String action, Boolean oneway, ProxyOperationRuntime operation, Object[] ins, Object[] outs, TimeSpan timeout)
   at System.ServiceModel.Channels.ServiceChannelProxy.InvokeService(IMethodCallMessage methodCall, ProxyOperationRuntime operation)
   at System.ServiceModel.Channels.ServiceChannelProxy.Invoke(IMessage message)

Exception rethrown at [0]: 
   at System.Runtime.Remoting.Proxies.RealProxy.HandleReturnMessage(IMessage reqMsg, IMessage retMsg)
   at System.Runtime.Remoting.Proxies.RealProxy.PrivateInvoke(MessageData& msgData, Int32 type)
   at Petex.Service.RequestProcessor.IWcfStreamResponseProcessor.Process(MessageRequest request)
   at A.cec9e090ae538d190220f059017b75b84.Process(MessageRequest request)
2018/09/22 01:57:08.808 ERROR 168 A.cec9e090ae538d190220f059017b75b84 (Thread 168) ProcID (27868) - System.TimeoutException: The request channel timed out while waiting for a reply after 00:04:57.3629817. Increase the timeout value passed to the call to Request or increase the SendTimeout value on the Binding. The time allotted to this operation may have been a portion of a longer timeout. ---> System.TimeoutException: The socket transfer timed out after 00:04:59.9930000. You have exceeded the timeout set on your binding. The time allotted to this operation may have been a portion of a longer timeout. ---> System.IO.IOException: The read operation failed, see inner exception. ---> System.TimeoutException: The socket transfer timed out after 00:04:59.9930000. You have exceeded the timeout set on your binding. The time allotted to this operation may have been a portion of a longer timeout. ---> System.Net.Sockets.SocketException: A connection attempt failed because the connected party did not properly respond after a period of time, or established connection failed because connected host has failed to respond
   at System.Net.Sockets.Socket.Receive(Byte[] buffer, Int32 offset, Int32 size, SocketFlags socketFlags)
   at System.ServiceModel.Channels.SocketConnection.ReadCore(Byte[] buffer, Int32 offset, Int32 size, TimeSpan timeout, Boolean closing)
   --- End of inner exception stack trace ---
   at System.ServiceModel.Channels.SocketConnection.ReadCore(Byte[] buffer, Int32 offset, Int32 size, TimeSpan timeout, Boolean closing)
   at System.ServiceModel.Channels.SocketConnection.Read(Byte[] buffer, Int32 offset, Int32 size, TimeSpan timeout)
   at System.ServiceModel.Channels.DelegatingConnection.Read(Byte[] buffer, Int32 offset, Int32 size, TimeSpan timeout)
   at System.ServiceModel.Channels.ConnectionStream.Read(Byte[] buffer, Int32 offset, Int32 count)
   at System.Net.FixedSizeReader.ReadPacket(Byte[] buffer, Int32 offset, Int32 count)
   at System.Net.Security.NegotiateStream.StartFrameHeader(Byte[] buffer, Int32 offset, Int32 count, AsyncProtocolRequest asyncRequest)
   at System.Net.Security.NegotiateStream.ProcessRead(Byte[] buffer, Int32 offset, Int32 count, AsyncProtocolRequest asyncRequest)
   --- End of inner exception stack trace ---
   at System.Net.Security.NegotiateStream.ProcessRead(Byte[] buffer, Int32 offset, Int32 count, AsyncProtocolRequest asyncRequest)
   at System.Net.Security.NegotiateStream.Read(Byte[] buffer, Int32 offset, Int32 count)
   at System.ServiceModel.Channels.StreamConnection.Read(Byte[] buffer, Int32 offset, Int32 size, TimeSpan timeout)
   --- End of inner exception stack trace ---
   at System.ServiceModel.Channels.StreamConnection.Read(Byte[] buffer, Int32 offset, Int32 size, TimeSpan timeout)
   at System.ServiceModel.Channels.SingletonConnectionReader.Receive(TimeSpan timeout)
   at System.ServiceModel.Channels.StreamedFramingRequestChannel.StreamedFramingRequest.WaitForReply(TimeSpan timeout)
   at System.ServiceModel.Channels.RequestChannel.Request(Message message, TimeSpan timeout)
   --- End of inner exception stack trace ---

Server stack trace: 
   at System.ServiceModel.Channels.RequestChannel.Request(Message message, TimeSpan timeout)
   at System.ServiceModel.Channels.TransactionRequestChannelGeneric`1.Request(Message message, TimeSpan timeout)
   at System.ServiceModel.Dispatcher.RequestChannelBinder.Request(Message message, TimeSpan timeout)
   at System.ServiceModel.Channels.ServiceChannel.Call(String action, Boolean oneway, ProxyOperationRuntime operation, Object[] ins, Object[] outs, TimeSpan timeout)
   at System.ServiceModel.Channels.ServiceChannelProxy.InvokeService(IMethodCallMessage methodCall, ProxyOperationRuntime operation)
   at System.ServiceModel.Channels.ServiceChannelProxy.Invoke(IMessage message)

Exception rethrown at [0]: 
   at System.Runtime.Remoting.Proxies.RealProxy.HandleReturnMessage(IMessage reqMsg, IMessage retMsg)
   at System.Runtime.Remoting.Proxies.RealProxy.PrivateInvoke(MessageData& msgData, Int32 type)
   at Petex.Service.RequestProcessor.IWcfStreamResponseProcessor.Process(MessageRequest request)
   at A.cec9e090ae538d190220f059017b75b84.Process(MessageRequest request)

method : Process([Petex.Service.RequestProcessor.MessageRequest] request = Petex.Service.RequestProcessor.MessageRequest)

2018/09/22 01:57:08.815 ERROR 136 Petex.IFM.IVM.VisualWorkflowService.c1c13b709b3df317d725c923928032d5a - An error occurred while getting bulk results.
Details:
System.TimeoutException: The request channel timed out while waiting for a reply after 00:04:57.3629817. Increase the timeout value passed to the call to Request or increase the SendTimeout value on the Binding. The time allotted to this operation may have been a portion of a longer timeout. ---> System.TimeoutException: The socket transfer timed out after 00:04:59.9930000. You have exceeded the timeout set on your binding. The time allotted to this operation may have been a portion of a longer timeout. ---> System.IO.IOException: The read operation failed, see inner exception. ---> System.TimeoutException: The socket transfer timed out after 00:04:59.9930000. You have exceeded the timeout set on your binding. The time allotted to this operation may have been a portion of a longer timeout. ---> System.Net.Sockets.SocketException: A connection attempt failed because the connected party did not properly respond after a period of time, or established connection failed because connected host has failed to respond
   at System.Net.Sockets.Socket.Receive(Byte[] buffer, Int32 offset, Int32 size, SocketFlags socketFlags)
   at System.ServiceModel.Channels.SocketConnection.ReadCore(Byte[] buffer, Int32 offset, Int32 size, TimeSpan timeout, Boolean closing)
   --- End of inner exception stack trace ---
   at System.ServiceModel.Channels.SocketConnection.ReadCore(Byte[] buffer, Int32 offset, Int32 size, TimeSpan timeout, Boolean closing)
   at System.ServiceModel.Channels.SocketConnection.Read(Byte[] buffer, Int32 offset, Int32 size, TimeSpan timeout)
   at System.ServiceModel.Channels.DelegatingConnection.Read(Byte[] buffer, Int32 offset, Int32 size, TimeSpan timeout)
   at System.ServiceModel.Channels.ConnectionStream.Read(Byte[] buffer, Int32 offset, Int32 count)
   at System.Net.FixedSizeReader.ReadPacket(Byte[] buffer, Int32 offset, Int32 count)
   at System.Net.Security.NegotiateStream.StartFrameHeader(Byte[] buffer, Int32 offset, Int32 count, AsyncProtocolRequest asyncRequest)
   at System.Net.Security.NegotiateStream.ProcessRead(Byte[] buffer, Int32 offset, Int32 count, AsyncProtocolRequest asyncRequest)
   --- End of inner exception stack trace ---
   at System.Net.Security.NegotiateStream.ProcessRead(Byte[] buffer, Int32 offset, Int32 count, AsyncProtocolRequest asyncRequest)
   at System.Net.Security.NegotiateStream.Read(Byte[] buffer, Int32 offset, Int32 count)
   at System.ServiceModel.Channels.StreamConnection.Read(Byte[] buffer, Int32 offset, Int32 size, TimeSpan timeout)
   --- End of inner exception stack trace ---
   at System.ServiceModel.Channels.StreamConnection.Read(Byte[] buffer, Int32 offset, Int32 size, TimeSpan timeout)
   at System.ServiceModel.Channels.SingletonConnectionReader.Receive(TimeSpan timeout)
   at System.ServiceModel.Channels.StreamedFramingRequestChannel.StreamedFramingRequest.WaitForReply(TimeSpan timeout)
   at System.ServiceModel.Channels.RequestChannel.Request(Message message, TimeSpan timeout)
   --- End of inner exception stack trace ---

Server stack trace: 
   at System.ServiceModel.Channels.RequestChannel.Request(Message message, TimeSpan timeout)
   at System.ServiceModel.Channels.TransactionRequestChannelGeneric`1.Request(Message message, TimeSpan timeout)
   at System.ServiceModel.Dispatcher.RequestChannelBinder.Request(Message message, TimeSpan timeout)
   at System.ServiceModel.Channels.ServiceChannel.Call(String action, Boolean oneway, ProxyOperationRuntime operation, Object[] ins, Object[] outs, TimeSpan timeout)
   at System.ServiceModel.Channels.ServiceChannelProxy.InvokeService(IMethodCallMessage methodCall, ProxyOperationRuntime operation)
   at System.ServiceModel.Channels.ServiceChannelProxy.Invoke(IMessage message)

Exception rethrown at [0]: 
   at A.c22aefe7f39df3d678dba160428b769f4.c0c4ec95a682cbefc208f4f3eb80ff6ad[c5e2460f6ebc534efe90b3230b7797cb4](Func`1 c3c081f340dcdf79e192d50757bce0bee)
   at A.c42ccb3c762729e5c1ed9dd9fb21f7a51.c2a035223c95353a451d486528bb968ce(DateTime ca50651d185b346c217028862887f6062, List`1 c94623007ea3b221db43a7a5c991a9cac, Int32 c27485bd6dedf79f29eccbe33aefab814, DateTime cc0b7aac23bdedea569c99b9f01ab5798, DateTime ca917bd7d663d59239d097b255d937590)
   at Petex.IFM.IVM.VisualWorkflowService.c1c13b709b3df317d725c923928032d5a(c0a78f935034ea252425562b3db1ea988 cc462e40687a776088a0f60dcc4dee4c5, VisualWorkflowResultOptions c97464e7151b310fab45ca8e18c9bbc4d)
2018/09/22 01:57:34.105 INFO  302 A.cdc551499db0039f956e1d0666bfd1504.ca3aa6b2f13c2c1bc9c646f6abf33ed07 - Changing service from :0 to HOUMSEOSIFM007:8787
2018/09/22 02:02:34.192 INFO  278 A.cdc551499db0039f956e1d0666bfd1504.ca3aa6b2f13c2c1bc9c646f6abf33ed07 - Changing service from :0 to HOUMSEOSIFM007:8787
2018/09/22 02:08:04.146 INFO  297 A.cdc551499db0039f956e1d0666bfd1504.ca3aa6b2f13c2c1bc9c646f6abf33ed07 - Changing service from :0 to HOUMSEOSIFM007:8787
2018/09/22 02:13:34.162 INFO  300 A.cdc551499db0039f956e1d0666bfd1504.ca3aa6b2f13c2c1bc9c646f6abf33ed07 - Changing service from :0 to HOUMSEOSIFM007:8787
2018/09/22 02:18:46.431 ERROR 165 A.cec9e090ae538d190220f059017b75b84.Process - System.TimeoutException: The request channel timed out while waiting for a reply after 00:04:51.1103681. Increase the timeout value passed to the call to Request or increase the SendTimeout value on the Binding. The time allotted to this operation may have been a portion of a longer timeout. ---> System.TimeoutException: The socket transfer timed out after 00:04:59.9890000. You have exceeded the timeout set on your binding. The time allotted to this operation may have been a portion of a longer timeout. ---> System.IO.IOException: The read operation failed, see inner exception. ---> System.TimeoutException: The socket transfer timed out after 00:04:59.9890000. You have exceeded the timeout set on your binding. The time allotted to this operation may have been a portion of a longer timeout. ---> System.Net.Sockets.SocketException: A connection attempt failed because the connected party did not properly respond after a period of time, or established connection failed because connected host has failed to respond
   at System.Net.Sockets.Socket.Receive(Byte[] buffer, Int32 offset, Int32 size, SocketFlags socketFlags)
   at System.ServiceModel.Channels.SocketConnection.ReadCore(Byte[] buffer, Int32 offset, Int32 size, TimeSpan timeout, Boolean closing)
   --- End of inner exception stack trace ---
   at System.ServiceModel.Channels.SocketConnection.ReadCore(Byte[] buffer, Int32 offset, Int32 size, TimeSpan timeout, Boolean closing)
   at System.ServiceModel.Channels.SocketConnection.Read(Byte[] buffer, Int32 offset, Int32 size, TimeSpan timeout)
   at System.ServiceModel.Channels.DelegatingConnection.Read(Byte[] buffer, Int32 offset, Int32 size, TimeSpan timeout)
   at System.ServiceModel.Channels.ConnectionStream.Read(Byte[] buffer, Int32 offset, Int32 count)
   at System.Net.FixedSizeReader.ReadPacket(Byte[] buffer, Int32 offset, Int32 count)
   at System.Net.Security.NegotiateStream.StartFrameHeader(Byte[] buffer, Int32 offset, Int32 count, AsyncProtocolRequest asyncRequest)
   at System.Net.Security.NegotiateStream.ProcessRead(Byte[] buffer, Int32 offset, Int32 count, AsyncProtocolRequest asyncRequest)
   --- End of inner exception stack trace ---
   at System.Net.Security.NegotiateStream.ProcessRead(Byte[] buffer, Int32 offset, Int32 count, AsyncProtocolRequest asyncRequest)
   at System.Net.Security.NegotiateStream.Read(Byte[] buffer, Int32 offset, Int32 count)
   at System.ServiceModel.Channels.StreamConnection.Read(Byte[] buffer, Int32 offset, Int32 size, TimeSpan timeout)
   --- End of inner exception stack trace ---
   at System.ServiceModel.Channels.StreamConnection.Read(Byte[] buffer, Int32 offset, Int32 size, TimeSpan timeout)
   at System.ServiceModel.Channels.SingletonConnectionReader.Receive(TimeSpan timeout)
   at System.ServiceModel.Channels.StreamedFramingRequestChannel.StreamedFramingRequest.WaitForReply(TimeSpan timeout)
   at System.ServiceModel.Channels.RequestChannel.Request(Message message, TimeSpan timeout)
   --- End of inner exception stack trace ---

Server stack trace: 
   at System.ServiceModel.Channels.RequestChannel.Request(Message message, TimeSpan timeout)
   at System.ServiceModel.Channels.TransactionRequestChannelGeneric`1.Request(Message message, TimeSpan timeout)
   at System.ServiceModel.Dispatcher.RequestChannelBinder.Request(Message message, TimeSpan timeout)
   at System.ServiceModel.Channels.ServiceChannel.Call(String action, Boolean oneway, ProxyOperationRuntime operation, Object[] ins, Object[] outs, TimeSpan timeout)
   at System.ServiceModel.Channels.ServiceChannelProxy.InvokeService(IMethodCallMessage methodCall, ProxyOperationRuntime operation)
   at System.ServiceModel.Channels.ServiceChannelProxy.Invoke(IMessage message)

Exception rethrown at [0]: 
   at System.Runtime.Remoting.Proxies.RealProxy.HandleReturnMessage(IMessage reqMsg, IMessage retMsg)
   at System.Runtime.Remoting.Proxies.RealProxy.PrivateInvoke(MessageData& msgData, Int32 type)
   at Petex.Service.RequestProcessor.IWcfStreamResponseProcessor.Process(MessageRequest request)
   at A.cec9e090ae538d190220f059017b75b84.Process(MessageRequest request)
Details:
System.TimeoutException: The request channel timed out while waiting for a reply after 00:04:51.1103681. Increase the timeout value passed to the call to Request or increase the SendTimeout value on the Binding. The time allotted to this operation may have been a portion of a longer timeout. ---> System.TimeoutException: The socket transfer timed out after 00:04:59.9890000. You have exceeded the timeout set on your binding. The time allotted to this operation may have been a portion of a longer timeout. ---> System.IO.IOException: The read operation failed, see inner exception. ---> System.TimeoutException: The socket transfer timed out after 00:04:59.9890000. You have exceeded the timeout set on your binding. The time allotted to this operation may have been a portion of a longer timeout. ---> System.Net.Sockets.SocketException: A connection attempt failed because the connected party did not properly respond after a period of time, or established connection failed because connected host has failed to respond
   at System.Net.Sockets.Socket.Receive(Byte[] buffer, Int32 offset, Int32 size, SocketFlags socketFlags)
   at System.ServiceModel.Channels.SocketConnection.ReadCore(Byte[] buffer, Int32 offset, Int32 size, TimeSpan timeout, Boolean closing)
   --- End of inner exception stack trace ---
   at System.ServiceModel.Channels.SocketConnection.ReadCore(Byte[] buffer, Int32 offset, Int32 size, TimeSpan timeout, Boolean closing)
   at System.ServiceModel.Channels.SocketConnection.Read(Byte[] buffer, Int32 offset, Int32 size, TimeSpan timeout)
   at System.ServiceModel.Channels.DelegatingConnection.Read(Byte[] buffer, Int32 offset, Int32 size, TimeSpan timeout)
   at System.ServiceModel.Channels.ConnectionStream.Read(Byte[] buffer, Int32 offset, Int32 count)
   at System.Net.FixedSizeReader.ReadPacket(Byte[] buffer, Int32 offset, Int32 count)
   at System.Net.Security.NegotiateStream.StartFrameHeader(Byte[] buffer, Int32 offset, Int32 count, AsyncProtocolRequest asyncRequest)
   at System.Net.Security.NegotiateStream.ProcessRead(Byte[] buffer, Int32 offset, Int32 count, AsyncProtocolRequest asyncRequest)
   --- End of inner exception stack trace ---
   at System.Net.Security.NegotiateStream.ProcessRead(Byte[] buffer, Int32 offset, Int32 count, AsyncProtocolRequest asyncRequest)
   at System.Net.Security.NegotiateStream.Read(Byte[] buffer, Int32 offset, Int32 count)
   at System.ServiceModel.Channels.StreamConnection.Read(Byte[] buffer, Int32 offset, Int32 size, TimeSpan timeout)
   --- End of inner exception stack trace ---
   at System.ServiceModel.Channels.StreamConnection.Read(Byte[] buffer, Int32 offset, Int32 size, TimeSpan timeout)
   at System.ServiceModel.Channels.SingletonConnectionReader.Receive(TimeSpan timeout)
   at System.ServiceModel.Channels.StreamedFramingRequestChannel.StreamedFramingRequest.WaitForReply(TimeSpan timeout)
   at System.ServiceModel.Channels.RequestChannel.Request(Message message, TimeSpan timeout)
   --- End of inner exception stack trace ---

Server stack trace: 
   at System.ServiceModel.Channels.RequestChannel.Request(Message message, TimeSpan timeout)
   at System.ServiceModel.Channels.TransactionRequestChannelGeneric`1.Request(Message message, TimeSpan timeout)
   at System.ServiceModel.Dispatcher.RequestChannelBinder.Request(Message message, TimeSpan timeout)
   at System.ServiceModel.Channels.ServiceChannel.Call(String action, Boolean oneway, ProxyOperationRuntime operation, Object[] ins, Object[] outs, TimeSpan timeout)
   at System.ServiceModel.Channels.ServiceChannelProxy.InvokeService(IMethodCallMessage methodCall, ProxyOperationRuntime operation)
   at System.ServiceModel.Channels.ServiceChannelProxy.Invoke(IMessage message)

Exception rethrown at [0]: 
   at System.Runtime.Remoting.Proxies.RealProxy.HandleReturnMessage(IMessage reqMsg, IMessage retMsg)
   at System.Runtime.Remoting.Proxies.RealProxy.PrivateInvoke(MessageData& msgData, Int32 type)
   at Petex.Service.RequestProcessor.IWcfStreamResponseProcessor.Process(MessageRequest request)
   at A.cec9e090ae538d190220f059017b75b84.Process(MessageRequest request)
2018/09/22 02:18:46.434 ERROR 165 A.cec9e090ae538d190220f059017b75b84 (Thread 165) ProcID (27868) - System.TimeoutException: The request channel timed out while waiting for a reply after 00:04:51.1103681. Increase the timeout value passed to the call to Request or increase the SendTimeout value on the Binding. The time allotted to this operation may have been a portion of a longer timeout. ---> System.TimeoutException: The socket transfer timed out after 00:04:59.9890000. You have exceeded the timeout set on your binding. The time allotted to this operation may have been a portion of a longer timeout. ---> System.IO.IOException: The read operation failed, see inner exception. ---> System.TimeoutException: The socket transfer timed out after 00:04:59.9890000. You have exceeded the timeout set on your binding. The time allotted to this operation may have been a portion of a longer timeout. ---> System.Net.Sockets.SocketException: A connection attempt failed because the connected party did not properly respond after a period of time, or established connection failed because connected host has failed to respond
   at System.Net.Sockets.Socket.Receive(Byte[] buffer, Int32 offset, Int32 size, SocketFlags socketFlags)
   at System.ServiceModel.Channels.SocketConnection.ReadCore(Byte[] buffer, Int32 offset, Int32 size, TimeSpan timeout, Boolean closing)
   --- End of inner exception stack trace ---
   at System.ServiceModel.Channels.SocketConnection.ReadCore(Byte[] buffer, Int32 offset, Int32 size, TimeSpan timeout, Boolean closing)
   at System.ServiceModel.Channels.SocketConnection.Read(Byte[] buffer, Int32 offset, Int32 size, TimeSpan timeout)
   at System.ServiceModel.Channels.DelegatingConnection.Read(Byte[] buffer, Int32 offset, Int32 size, TimeSpan timeout)
   at System.ServiceModel.Channels.ConnectionStream.Read(Byte[] buffer, Int32 offset, Int32 count)
   at System.Net.FixedSizeReader.ReadPacket(Byte[] buffer, Int32 offset, Int32 count)
   at System.Net.Security.NegotiateStream.StartFrameHeader(Byte[] buffer, Int32 offset, Int32 count, AsyncProtocolRequest asyncRequest)
   at System.Net.Security.NegotiateStream.ProcessRead(Byte[] buffer, Int32 offset, Int32 count, AsyncProtocolRequest asyncRequest)
   --- End of inner exception stack trace ---
   at System.Net.Security.NegotiateStream.ProcessRead(Byte[] buffer, Int32 offset, Int32 count, AsyncProtocolRequest asyncRequest)
   at System.Net.Security.NegotiateStream.Read(Byte[] buffer, Int32 offset, Int32 count)
   at System.ServiceModel.Channels.StreamConnection.Read(Byte[] buffer, Int32 offset, Int32 size, TimeSpan timeout)
   --- End of inner exception stack trace ---
   at System.ServiceModel.Channels.StreamConnection.Read(Byte[] buffer, Int32 offset, Int32 size, TimeSpan timeout)
   at System.ServiceModel.Channels.SingletonConnectionReader.Receive(TimeSpan timeout)
   at System.ServiceModel.Channels.StreamedFramingRequestChannel.StreamedFramingRequest.WaitForReply(TimeSpan timeout)
   at System.ServiceModel.Channels.RequestChannel.Request(Message message, TimeSpan timeout)
   --- End of inner exception stack trace ---

Server stack trace: 
   at System.ServiceModel.Channels.RequestChannel.Request(Message message, TimeSpan timeout)
   at System.ServiceModel.Channels.TransactionRequestChannelGeneric`1.Request(Message message, TimeSpan timeout)
   at System.ServiceModel.Dispatcher.RequestChannelBinder.Request(Message message, TimeSpan timeout)
   at System.ServiceModel.Channels.ServiceChannel.Call(String action, Boolean oneway, ProxyOperationRuntime operation, Object[] ins, Object[] outs, TimeSpan timeout)
   at System.ServiceModel.Channels.ServiceChannelProxy.InvokeService(IMethodCallMessage methodCall, ProxyOperationRuntime operation)
   at System.ServiceModel.Channels.ServiceChannelProxy.Invoke(IMessage message)

Exception rethrown at [0]: 
   at System.Runtime.Remoting.Proxies.RealProxy.HandleReturnMessage(IMessage reqMsg, IMessage retMsg)
   at System.Runtime.Remoting.Proxies.RealProxy.PrivateInvoke(MessageData& msgData, Int32 type)
   at Petex.Service.RequestProcessor.IWcfStreamResponseProcessor.Process(MessageRequest request)
   at A.cec9e090ae538d190220f059017b75b84.Process(MessageRequest request)

method : Process([Petex.Service.RequestProcessor.MessageRequest] request = Petex.Service.RequestProcessor.MessageRequest)

2018/09/22 02:18:46.435 ERROR 232 Petex.IFM.IVM.VisualWorkflowService.c1c13b709b3df317d725c923928032d5a - An error occurred while getting bulk results.
Details:
System.TimeoutException: The request channel timed out while waiting for a reply after 00:04:51.1103681. Increase the timeout value passed to the call to Request or increase the SendTimeout value on the Binding. The time allotted to this operation may have been a portion of a longer timeout. ---> System.TimeoutException: The socket transfer timed out after 00:04:59.9890000. You have exceeded the timeout set on your binding. The time allotted to this operation may have been a portion of a longer timeout. ---> System.IO.IOException: The read operation failed, see inner exception. ---> System.TimeoutException: The socket transfer timed out after 00:04:59.9890000. You have exceeded the timeout set on your binding. The time allotted to this operation may have been a portion of a longer timeout. ---> System.Net.Sockets.SocketException: A connection attempt failed because the connected party did not properly respond after a period of time, or established connection failed because connected host has failed to respond
   at System.Net.Sockets.Socket.Receive(Byte[] buffer, Int32 offset, Int32 size, SocketFlags socketFlags)
   at System.ServiceModel.Channels.SocketConnection.ReadCore(Byte[] buffer, Int32 offset, Int32 size, TimeSpan timeout, Boolean closing)
   --- End of inner exception stack trace ---
   at System.ServiceModel.Channels.SocketConnection.ReadCore(Byte[] buffer, Int32 offset, Int32 size, TimeSpan timeout, Boolean closing)
   at System.ServiceModel.Channels.SocketConnection.Read(Byte[] buffer, Int32 offset, Int32 size, TimeSpan timeout)
   at System.ServiceModel.Channels.DelegatingConnection.Read(Byte[] buffer, Int32 offset, Int32 size, TimeSpan timeout)
   at System.ServiceModel.Channels.ConnectionStream.Read(Byte[] buffer, Int32 offset, Int32 count)
   at System.Net.FixedSizeReader.ReadPacket(Byte[] buffer, Int32 offset, Int32 count)
   at System.Net.Security.NegotiateStream.StartFrameHeader(Byte[] buffer, Int32 offset, Int32 count, AsyncProtocolRequest asyncRequest)
   at System.Net.Security.NegotiateStream.ProcessRead(Byte[] buffer, Int32 offset, Int32 count, AsyncProtocolRequest asyncRequest)
   --- End of inner exception stack trace ---
   at System.Net.Security.NegotiateStream.ProcessRead(Byte[] buffer, Int32 offset, Int32 count, AsyncProtocolRequest asyncRequest)
   at System.Net.Security.NegotiateStream.Read(Byte[] buffer, Int32 offset, Int32 count)
   at System.ServiceModel.Channels.StreamConnection.Read(Byte[] buffer, Int32 offset, Int32 size, TimeSpan timeout)
   --- End of inner exception stack trace ---
   at System.ServiceModel.Channels.StreamConnection.Read(Byte[] buffer, Int32 offset, Int32 size, TimeSpan timeout)
   at System.ServiceModel.Channels.SingletonConnectionReader.Receive(TimeSpan timeout)
   at System.ServiceModel.Channels.StreamedFramingRequestChannel.StreamedFramingRequest.WaitForReply(TimeSpan timeout)
   at System.ServiceModel.Channels.RequestChannel.Request(Message message, TimeSpan timeout)
   --- End of inner exception stack trace ---

Server stack trace: 
   at System.ServiceModel.Channels.RequestChannel.Request(Message message, TimeSpan timeout)
   at System.ServiceModel.Channels.TransactionRequestChannelGeneric`1.Request(Message message, TimeSpan timeout)
   at System.ServiceModel.Dispatcher.RequestChannelBinder.Request(Message message, TimeSpan timeout)
   at System.ServiceModel.Channels.ServiceChannel.Call(String action, Boolean oneway, ProxyOperationRuntime operation, Object[] ins, Object[] outs, TimeSpan timeout)
   at System.ServiceModel.Channels.ServiceChannelProxy.InvokeService(IMethodCallMessage methodCall, ProxyOperationRuntime operation)
   at System.ServiceModel.Channels.ServiceChannelProxy.Invoke(IMessage message)

Exception rethrown at [0]: 
   at A.c22aefe7f39df3d678dba160428b769f4.c0c4ec95a682cbefc208f4f3eb80ff6ad[c5e2460f6ebc534efe90b3230b7797cb4](Func`1 c3c081f340dcdf79e192d50757bce0bee)
   at A.c42ccb3c762729e5c1ed9dd9fb21f7a51.c2a035223c95353a451d486528bb968ce(DateTime ca50651d185b346c217028862887f6062, List`1 c94623007ea3b221db43a7a5c991a9cac, Int32 c27485bd6dedf79f29eccbe33aefab814, DateTime cc0b7aac23bdedea569c99b9f01ab5798, DateTime ca917bd7d663d59239d097b255d937590)
   at Petex.IFM.IVM.VisualWorkflowService.c1c13b709b3df317d725c923928032d5a(c0a78f935034ea252425562b3db1ea988 cc462e40687a776088a0f60dcc4dee4c5, VisualWorkflowResultOptions c97464e7151b310fab45ca8e18c9bbc4d)
2018/09/22 02:19:04.544 INFO  131 A.cdc551499db0039f956e1d0666bfd1504.ca3aa6b2f13c2c1bc9c646f6abf33ed07 - Changing service from :0 to HOUMSEOSIFM007:8787
2018/09/22 02:24:34.223 INFO  184 A.cdc551499db0039f956e1d0666bfd1504.ca3aa6b2f13c2c1bc9c646f6abf33ed07 - Changing service from :0 to HOUMSEOSIFM007:8787
2018/09/22 02:30:04.185 INFO  241 A.cdc551499db0039f956e1d0666bfd1504.ca3aa6b2f13c2c1bc9c646f6abf33ed07 - Changing service from :0 to HOUMSEOSIFM007:8787
2018/09/22 02:35:37.725 INFO  61 A.cdc551499db0039f956e1d0666bfd1504.ca3aa6b2f13c2c1bc9c646f6abf33ed07 - Changing service from :0 to HOUMSEOSIFM007:8787
2018/09/22 02:40:34.258 INFO  247 A.cdc551499db0039f956e1d0666bfd1504.ca3aa6b2f13c2c1bc9c646f6abf33ed07 - Changing service from :0 to HOUMSEOSIFM007:8787
2018/09/22 02:45:34.281 INFO  88 A.cdc551499db0039f956e1d0666bfd1504.ca3aa6b2f13c2c1bc9c646f6abf33ed07 - Changing service from :0 to HOUMSEOSIFM007:8787
2018/09/22 02:50:34.570 INFO  121 A.cdc551499db0039f956e1d0666bfd1504.ca3aa6b2f13c2c1bc9c646f6abf33ed07 - Changing service from :0 to HOUMSEOSIFM007:8787
2018/09/22 02:56:04.509 INFO  76 A.cdc551499db0039f956e1d0666bfd1504.ca3aa6b2f13c2c1bc9c646f6abf33ed07 - Changing service from :0 to HOUMSEOSIFM007:8787
2018/09/22 03:01:34.548 INFO  337 A.cdc551499db0039f956e1d0666bfd1504.ca3aa6b2f13c2c1bc9c646f6abf33ed07 - Changing service from :0 to HOUMSEOSIFM007:8787
2018/09/22 03:07:04.573 INFO  240 A.cdc551499db0039f956e1d0666bfd1504.ca3aa6b2f13c2c1bc9c646f6abf33ed07 - Changing service from :0 to HOUMSEOSIFM007:8787
2018/09/22 03:12:04.588 INFO  61 A.cdc551499db0039f956e1d0666bfd1504.ca3aa6b2f13c2c1bc9c646f6abf33ed07 - Changing service from :0 to HOUMSEOSIFM007:8787
2018/09/22 03:17:04.582 INFO  329 A.cdc551499db0039f956e1d0666bfd1504.ca3aa6b2f13c2c1bc9c646f6abf33ed07 - Changing service from :0 to HOUMSEOSIFM007:8787
2018/09/22 03:22:04.604 INFO  345 A.cdc551499db0039f956e1d0666bfd1504.ca3aa6b2f13c2c1bc9c646f6abf33ed07 - Changing service from :0 to HOUMSEOSIFM007:8787
2018/09/22 03:27:04.608 INFO  88 A.cdc551499db0039f956e1d0666bfd1504.ca3aa6b2f13c2c1bc9c646f6abf33ed07 - Changing service from :0 to HOUMSEOSIFM007:8787
2018/09/22 03:27:11.308 ERROR 405 A.cec9e090ae538d190220f059017b75b84.Process - System.TimeoutException: The request channel timed out while waiting for a reply after 00:04:56.0799982. Increase the timeout value passed to the call to Request or increase the SendTimeout value on the Binding. The time allotted to this operation may have been a portion of a longer timeout. ---> System.TimeoutException: The socket transfer timed out after 00:04:59.9920000. You have exceeded the timeout set on your binding. The time allotted to this operation may have been a portion of a longer timeout. ---> System.IO.IOException: The read operation failed, see inner exception. ---> System.TimeoutException: The socket transfer timed out after 00:04:59.9920000. You have exceeded the timeout set on your binding. The time allotted to this operation may have been a portion of a longer timeout. ---> System.Net.Sockets.SocketException: A connection attempt failed because the connected party did not properly respond after a period of time, or established connection failed because connected host has failed to respond
   at System.Net.Sockets.Socket.Receive(Byte[] buffer, Int32 offset, Int32 size, SocketFlags socketFlags)
   at System.ServiceModel.Channels.SocketConnection.ReadCore(Byte[] buffer, Int32 offset, Int32 size, TimeSpan timeout, Boolean closing)
   --- End of inner exception stack trace ---
   at System.ServiceModel.Channels.SocketConnection.ReadCore(Byte[] buffer, Int32 offset, Int32 size, TimeSpan timeout, Boolean closing)
   at System.ServiceModel.Channels.SocketConnection.Read(Byte[] buffer, Int32 offset, Int32 size, TimeSpan timeout)
   at System.ServiceModel.Channels.DelegatingConnection.Read(Byte[] buffer, Int32 offset, Int32 size, TimeSpan timeout)
   at System.ServiceModel.Channels.ConnectionStream.Read(Byte[] buffer, Int32 offset, Int32 count)
   at System.Net.FixedSizeReader.ReadPacket(Byte[] buffer, Int32 offset, Int32 count)
   at System.Net.Security.NegotiateStream.StartFrameHeader(Byte[] buffer, Int32 offset, Int32 count, AsyncProtocolRequest asyncRequest)
   at System.Net.Security.NegotiateStream.ProcessRead(Byte[] buffer, Int32 offset, Int32 count, AsyncProtocolRequest asyncRequest)
   --- End of inner exception stack trace ---
   at System.Net.Security.NegotiateStream.ProcessRead(Byte[] buffer, Int32 offset, Int32 count, AsyncProtocolRequest asyncRequest)
   at System.Net.Security.NegotiateStream.Read(Byte[] buffer, Int32 offset, Int32 count)
   at System.ServiceModel.Channels.StreamConnection.Read(Byte[] buffer, Int32 offset, Int32 size, TimeSpan timeout)
   --- End of inner exception stack trace ---
   at System.ServiceModel.Channels.StreamConnection.Read(Byte[] buffer, Int32 offset, Int32 size, TimeSpan timeout)
   at System.ServiceModel.Channels.SingletonConnectionReader.Receive(TimeSpan timeout)
   at System.ServiceModel.Channels.StreamedFramingRequestChannel.StreamedFramingRequest.WaitForReply(TimeSpan timeout)
   at System.ServiceModel.Channels.RequestChannel.Request(Message message, TimeSpan timeout)
   --- End of inner exception stack trace ---

Server stack trace: 
   at System.ServiceModel.Channels.RequestChannel.Request(Message message, TimeSpan timeout)
   at System.ServiceModel.Channels.TransactionRequestChannelGeneric`1.Request(Message message, TimeSpan timeout)
   at System.ServiceModel.Dispatcher.RequestChannelBinder.Request(Message message, TimeSpan timeout)
   at System.ServiceModel.Channels.ServiceChannel.Call(String action, Boolean oneway, ProxyOperationRuntime operation, Object[] ins, Object[] outs, TimeSpan timeout)
   at System.ServiceModel.Channels.ServiceChannelProxy.InvokeService(IMethodCallMessage methodCall, ProxyOperationRuntime operation)
   at System.ServiceModel.Channels.ServiceChannelProxy.Invoke(IMessage message)

Exception rethrown at [0]: 
   at System.Runtime.Remoting.Proxies.RealProxy.HandleReturnMessage(IMessage reqMsg, IMessage retMsg)
   at System.Runtime.Remoting.Proxies.RealProxy.PrivateInvoke(MessageData& msgData, Int32 type)
   at Petex.Service.RequestProcessor.IWcfStreamResponseProcessor.Process(MessageRequest request)
   at A.cec9e090ae538d190220f059017b75b84.Process(MessageRequest request)
Details:
System.TimeoutException: The request channel timed out while waiting for a reply after 00:04:56.0799982. Increase the timeout value passed to the call to Request or increase the SendTimeout value on the Binding. The time allotted to this operation may have been a portion of a longer timeout. ---> System.TimeoutException: The socket transfer timed out after 00:04:59.9920000. You have exceeded the timeout set on your binding. The time allotted to this operation may have been a portion of a longer timeout. ---> System.IO.IOException: The read operation failed, see inner exception. ---> System.TimeoutException: The socket transfer timed out after 00:04:59.9920000. You have exceeded the timeout set on your binding. The time allotted to this operation may have been a portion of a longer timeout. ---> System.Net.Sockets.SocketException: A connection attempt failed because the connected party did not properly respond after a period of time, or established connection failed because connected host has failed to respond
   at System.Net.Sockets.Socket.Receive(Byte[] buffer, Int32 offset, Int32 size, SocketFlags socketFlags)
   at System.ServiceModel.Channels.SocketConnection.ReadCore(Byte[] buffer, Int32 offset, Int32 size, TimeSpan timeout, Boolean closing)
   --- End of inner exception stack trace ---
   at System.ServiceModel.Channels.SocketConnection.ReadCore(Byte[] buffer, Int32 offset, Int32 size, TimeSpan timeout, Boolean closing)
   at System.ServiceModel.Channels.SocketConnection.Read(Byte[] buffer, Int32 offset, Int32 size, TimeSpan timeout)
   at System.ServiceModel.Channels.DelegatingConnection.Read(Byte[] buffer, Int32 offset, Int32 size, TimeSpan timeout)
   at System.ServiceModel.Channels.ConnectionStream.Read(Byte[] buffer, Int32 offset, Int32 count)
   at System.Net.FixedSizeReader.ReadPacket(Byte[] buffer, Int32 offset, Int32 count)
   at System.Net.Security.NegotiateStream.StartFrameHeader(Byte[] buffer, Int32 offset, Int32 count, AsyncProtocolRequest asyncRequest)
   at System.Net.Security.NegotiateStream.ProcessRead(Byte[] buffer, Int32 offset, Int32 count, AsyncProtocolRequest asyncRequest)
   --- End of inner exception stack trace ---
   at System.Net.Security.NegotiateStream.ProcessRead(Byte[] buffer, Int32 offset, Int32 count, AsyncProtocolRequest asyncRequest)
   at System.Net.Security.NegotiateStream.Read(Byte[] buffer, Int32 offset, Int32 count)
   at System.ServiceModel.Channels.StreamConnection.Read(Byte[] buffer, Int32 offset, Int32 size, TimeSpan timeout)
   --- End of inner exception stack trace ---
   at System.ServiceModel.Channels.StreamConnection.Read(Byte[] buffer, Int32 offset, Int32 size, TimeSpan timeout)
   at System.ServiceModel.Channels.SingletonConnectionReader.Receive(TimeSpan timeout)
   at System.ServiceModel.Channels.StreamedFramingRequestChannel.StreamedFramingRequest.WaitForReply(TimeSpan timeout)
   at System.ServiceModel.Channels.RequestChannel.Request(Message message, TimeSpan timeout)
   --- End of inner exception stack trace ---

Server stack trace: 
   at System.ServiceModel.Channels.RequestChannel.Request(Message message, TimeSpan timeout)
   at System.ServiceModel.Channels.TransactionRequestChannelGeneric`1.Request(Message message, TimeSpan timeout)
   at System.ServiceModel.Dispatcher.RequestChannelBinder.Request(Message message, TimeSpan timeout)
   at System.ServiceModel.Channels.ServiceChannel.Call(String action, Boolean oneway, ProxyOperationRuntime operation, Object[] ins, Object[] outs, TimeSpan timeout)
   at System.ServiceModel.Channels.ServiceChannelProxy.InvokeService(IMethodCallMessage methodCall, ProxyOperationRuntime operation)
   at System.ServiceModel.Channels.ServiceChannelProxy.Invoke(IMessage message)

Exception rethrown at [0]: 
   at System.Runtime.Remoting.Proxies.RealProxy.HandleReturnMessage(IMessage reqMsg, IMessage retMsg)
   at System.Runtime.Remoting.Proxies.RealProxy.PrivateInvoke(MessageData& msgData, Int32 type)
   at Petex.Service.RequestProcessor.IWcfStreamResponseProcessor.Process(MessageRequest request)
   at A.cec9e090ae538d190220f059017b75b84.Process(MessageRequest request)
2018/09/22 03:27:11.310 ERROR 405 A.cec9e090ae538d190220f059017b75b84 (Thread 405) ProcID (27868) - System.TimeoutException: The request channel timed out while waiting for a reply after 00:04:56.0799982. Increase the timeout value passed to the call to Request or increase the SendTimeout value on the Binding. The time allotted to this operation may have been a portion of a longer timeout. ---> System.TimeoutException: The socket transfer timed out after 00:04:59.9920000. You have exceeded the timeout set on your binding. The time allotted to this operation may have been a portion of a longer timeout. ---> System.IO.IOException: The read operation failed, see inner exception. ---> System.TimeoutException: The socket transfer timed out after 00:04:59.9920000. You have exceeded the timeout set on your binding. The time allotted to this operation may have been a portion of a longer timeout. ---> System.Net.Sockets.SocketException: A connection attempt failed because the connected party did not properly respond after a period of time, or established connection failed because connected host has failed to respond
   at System.Net.Sockets.Socket.Receive(Byte[] buffer, Int32 offset, Int32 size, SocketFlags socketFlags)
   at System.ServiceModel.Channels.SocketConnection.ReadCore(Byte[] buffer, Int32 offset, Int32 size, TimeSpan timeout, Boolean closing)
   --- End of inner exception stack trace ---
   at System.ServiceModel.Channels.SocketConnection.ReadCore(Byte[] buffer, Int32 offset, Int32 size, TimeSpan timeout, Boolean closing)
   at System.ServiceModel.Channels.SocketConnection.Read(Byte[] buffer, Int32 offset, Int32 size, TimeSpan timeout)
   at System.ServiceModel.Channels.DelegatingConnection.Read(Byte[] buffer, Int32 offset, Int32 size, TimeSpan timeout)
   at System.ServiceModel.Channels.ConnectionStream.Read(Byte[] buffer, Int32 offset, Int32 count)
   at System.Net.FixedSizeReader.ReadPacket(Byte[] buffer, Int32 offset, Int32 count)
   at System.Net.Security.NegotiateStream.StartFrameHeader(Byte[] buffer, Int32 offset, Int32 count, AsyncProtocolRequest asyncRequest)
   at System.Net.Security.NegotiateStream.ProcessRead(Byte[] buffer, Int32 offset, Int32 count, AsyncProtocolRequest asyncRequest)
   --- End of inner exception stack trace ---
   at System.Net.Security.NegotiateStream.ProcessRead(Byte[] buffer, Int32 offset, Int32 count, AsyncProtocolRequest asyncRequest)
   at System.Net.Security.NegotiateStream.Read(Byte[] buffer, Int32 offset, Int32 count)
   at System.ServiceModel.Channels.StreamConnection.Read(Byte[] buffer, Int32 offset, Int32 size, TimeSpan timeout)
   --- End of inner exception stack trace ---
   at System.ServiceModel.Channels.StreamConnection.Read(Byte[] buffer, Int32 offset, Int32 size, TimeSpan timeout)
   at System.ServiceModel.Channels.SingletonConnectionReader.Receive(TimeSpan timeout)
   at System.ServiceModel.Channels.StreamedFramingRequestChannel.StreamedFramingRequest.WaitForReply(TimeSpan timeout)
   at System.ServiceModel.Channels.RequestChannel.Request(Message message, TimeSpan timeout)
   --- End of inner exception stack trace ---

Server stack trace: 
   at System.ServiceModel.Channels.RequestChannel.Request(Message message, TimeSpan timeout)
   at System.ServiceModel.Channels.TransactionRequestChannelGeneric`1.Request(Message message, TimeSpan timeout)
   at System.ServiceModel.Dispatcher.RequestChannelBinder.Request(Message message, TimeSpan timeout)
   at System.ServiceModel.Channels.ServiceChannel.Call(String action, Boolean oneway, ProxyOperationRuntime operation, Object[] ins, Object[] outs, TimeSpan timeout)
   at System.ServiceModel.Channels.ServiceChannelProxy.InvokeService(IMethodCallMessage methodCall, ProxyOperationRuntime operation)
   at System.ServiceModel.Channels.ServiceChannelProxy.Invoke(IMessage message)

Exception rethrown at [0]: 
   at System.Runtime.Remoting.Proxies.RealProxy.HandleReturnMessage(IMessage reqMsg, IMessage retMsg)
   at System.Runtime.Remoting.Proxies.RealProxy.PrivateInvoke(MessageData& msgData, Int32 type)
   at Petex.Service.RequestProcessor.IWcfStreamResponseProcessor.Process(MessageRequest request)
   at A.cec9e090ae538d190220f059017b75b84.Process(MessageRequest request)

method : Process([Petex.Service.RequestProcessor.MessageRequest] request = Petex.Service.RequestProcessor.MessageRequest)

2018/09/22 03:27:11.311 ERROR 209 Petex.IFM.IVM.VisualWorkflowService.c1c13b709b3df317d725c923928032d5a - An error occurred while getting bulk results.
Details:
System.TimeoutException: The request channel timed out while waiting for a reply after 00:04:56.0799982. Increase the timeout value passed to the call to Request or increase the SendTimeout value on the Binding. The time allotted to this operation may have been a portion of a longer timeout. ---> System.TimeoutException: The socket transfer timed out after 00:04:59.9920000. You have exceeded the timeout set on your binding. The time allotted to this operation may have been a portion of a longer timeout. ---> System.IO.IOException: The read operation failed, see inner exception. ---> System.TimeoutException: The socket transfer timed out after 00:04:59.9920000. You have exceeded the timeout set on your binding. The time allotted to this operation may have been a portion of a longer timeout. ---> System.Net.Sockets.SocketException: A connection attempt failed because the connected party did not properly respond after a period of time, or established connection failed because connected host has failed to respond
   at System.Net.Sockets.Socket.Receive(Byte[] buffer, Int32 offset, Int32 size, SocketFlags socketFlags)
   at System.ServiceModel.Channels.SocketConnection.ReadCore(Byte[] buffer, Int32 offset, Int32 size, TimeSpan timeout, Boolean closing)
   --- End of inner exception stack trace ---
   at System.ServiceModel.Channels.SocketConnection.ReadCore(Byte[] buffer, Int32 offset, Int32 size, TimeSpan timeout, Boolean closing)
   at System.ServiceModel.Channels.SocketConnection.Read(Byte[] buffer, Int32 offset, Int32 size, TimeSpan timeout)
   at System.ServiceModel.Channels.DelegatingConnection.Read(Byte[] buffer, Int32 offset, Int32 size, TimeSpan timeout)
   at System.ServiceModel.Channels.ConnectionStream.Read(Byte[] buffer, Int32 offset, Int32 count)
   at System.Net.FixedSizeReader.ReadPacket(Byte[] buffer, Int32 offset, Int32 count)
   at System.Net.Security.NegotiateStream.StartFrameHeader(Byte[] buffer, Int32 offset, Int32 count, AsyncProtocolRequest asyncRequest)
   at System.Net.Security.NegotiateStream.ProcessRead(Byte[] buffer, Int32 offset, Int32 count, AsyncProtocolRequest asyncRequest)
   --- End of inner exception stack trace ---
   at System.Net.Security.NegotiateStream.ProcessRead(Byte[] buffer, Int32 offset, Int32 count, AsyncProtocolRequest asyncRequest)
   at System.Net.Security.NegotiateStream.Read(Byte[] buffer, Int32 offset, Int32 count)
   at System.ServiceModel.Channels.StreamConnection.Read(Byte[] buffer, Int32 offset, Int32 size, TimeSpan timeout)
   --- End of inner exception stack trace ---
   at System.ServiceModel.Channels.StreamConnection.Read(Byte[] buffer, Int32 offset, Int32 size, TimeSpan timeout)
   at System.ServiceModel.Channels.SingletonConnectionReader.Receive(TimeSpan timeout)
   at System.ServiceModel.Channels.StreamedFramingRequestChannel.StreamedFramingRequest.WaitForReply(TimeSpan timeout)
   at System.ServiceModel.Channels.RequestChannel.Request(Message message, TimeSpan timeout)
   --- End of inner exception stack trace ---

Server stack trace: 
   at System.ServiceModel.Channels.RequestChannel.Request(Message message, TimeSpan timeout)
   at System.ServiceModel.Channels.TransactionRequestChannelGeneric`1.Request(Message message, TimeSpan timeout)
   at System.ServiceModel.Dispatcher.RequestChannelBinder.Request(Message message, TimeSpan timeout)
   at System.ServiceModel.Channels.ServiceChannel.Call(String action, Boolean oneway, ProxyOperationRuntime operation, Object[] ins, Object[] outs, TimeSpan timeout)
   at System.ServiceModel.Channels.ServiceChannelProxy.InvokeService(IMethodCallMessage methodCall, ProxyOperationRuntime operation)
   at System.ServiceModel.Channels.ServiceChannelProxy.Invoke(IMessage message)

Exception rethrown at [0]: 
   at A.c22aefe7f39df3d678dba160428b769f4.c0c4ec95a682cbefc208f4f3eb80ff6ad[c5e2460f6ebc534efe90b3230b7797cb4](Func`1 c3c081f340dcdf79e192d50757bce0bee)
   at A.c42ccb3c762729e5c1ed9dd9fb21f7a51.c2a035223c95353a451d486528bb968ce(DateTime ca50651d185b346c217028862887f6062, List`1 c94623007ea3b221db43a7a5c991a9cac, Int32 c27485bd6dedf79f29eccbe33aefab814, DateTime cc0b7aac23bdedea569c99b9f01ab5798, DateTime ca917bd7d663d59239d097b255d937590)
   at Petex.IFM.IVM.VisualWorkflowService.c1c13b709b3df317d725c923928032d5a(c0a78f935034ea252425562b3db1ea988 cc462e40687a776088a0f60dcc4dee4c5, VisualWorkflowResultOptions c97464e7151b310fab45ca8e18c9bbc4d)
2018/09/22 03:32:34.633 INFO  291 A.cdc551499db0039f956e1d0666bfd1504.ca3aa6b2f13c2c1bc9c646f6abf33ed07 - Changing service from :0 to HOUMSEOSIFM007:8787
2018/09/22 03:38:04.848 INFO  415 A.cdc551499db0039f956e1d0666bfd1504.ca3aa6b2f13c2c1bc9c646f6abf33ed07 - Changing service from :0 to HOUMSEOSIFM007:8787
2018/09/22 03:43:34.653 INFO  281 A.cdc551499db0039f956e1d0666bfd1504.ca3aa6b2f13c2c1bc9c646f6abf33ed07 - Changing service from :0 to HOUMSEOSIFM007:8787
2018/09/22 03:49:04.657 INFO  318 A.cdc551499db0039f956e1d0666bfd1504.ca3aa6b2f13c2c1bc9c646f6abf33ed07 - Changing service from :0 to HOUMSEOSIFM007:8787
2018/09/22 03:54:34.684 INFO  373 A.cdc551499db0039f956e1d0666bfd1504.ca3aa6b2f13c2c1bc9c646f6abf33ed07 - Changing service from :0 to HOUMSEOSIFM007:8787
2018/09/22 03:59:41.563 ERROR 266 A.cec9e090ae538d190220f059017b75b84.Process - System.TimeoutException: The request channel timed out while waiting for a reply after 00:04:56.3349950. Increase the timeout value passed to the call to Request or increase the SendTimeout value on the Binding. The time allotted to this operation may have been a portion of a longer timeout. ---> System.TimeoutException: The socket transfer timed out after 00:04:59.9930000. You have exceeded the timeout set on your binding. The time allotted to this operation may have been a portion of a longer timeout. ---> System.IO.IOException: The read operation failed, see inner exception. ---> System.TimeoutException: The socket transfer timed out after 00:04:59.9930000. You have exceeded the timeout set on your binding. The time allotted to this operation may have been a portion of a longer timeout. ---> System.Net.Sockets.SocketException: A connection attempt failed because the connected party did not properly respond after a period of time, or established connection failed because connected host has failed to respond
   at System.Net.Sockets.Socket.Receive(Byte[] buffer, Int32 offset, Int32 size, SocketFlags socketFlags)
   at System.ServiceModel.Channels.SocketConnection.ReadCore(Byte[] buffer, Int32 offset, Int32 size, TimeSpan timeout, Boolean closing)
   --- End of inner exception stack trace ---
   at System.ServiceModel.Channels.SocketConnection.ReadCore(Byte[] buffer, Int32 offset, Int32 size, TimeSpan timeout, Boolean closing)
   at System.ServiceModel.Channels.SocketConnection.Read(Byte[] buffer, Int32 offset, Int32 size, TimeSpan timeout)
   at System.ServiceModel.Channels.DelegatingConnection.Read(Byte[] buffer, Int32 offset, Int32 size, TimeSpan timeout)
   at System.ServiceModel.Channels.ConnectionStream.Read(Byte[] buffer, Int32 offset, Int32 count)
   at System.Net.FixedSizeReader.ReadPacket(Byte[] buffer, Int32 offset, Int32 count)
   at System.Net.Security.NegotiateStream.StartFrameHeader(Byte[] buffer, Int32 offset, Int32 count, AsyncProtocolRequest asyncRequest)
   at System.Net.Security.NegotiateStream.ProcessRead(Byte[] buffer, Int32 offset, Int32 count, AsyncProtocolRequest asyncRequest)
   --- End of inner exception stack trace ---
   at System.Net.Security.NegotiateStream.ProcessRead(Byte[] buffer, Int32 offset, Int32 count, AsyncProtocolRequest asyncRequest)
   at System.Net.Security.NegotiateStream.Read(Byte[] buffer, Int32 offset, Int32 count)
   at System.ServiceModel.Channels.StreamConnection.Read(Byte[] buffer, Int32 offset, Int32 size, TimeSpan timeout)
   --- End of inner exception stack trace ---
   at System.ServiceModel.Channels.StreamConnection.Read(Byte[] buffer, Int32 offset, Int32 size, TimeSpan timeout)
   at System.ServiceModel.Channels.SingletonConnectionReader.Receive(TimeSpan timeout)
   at System.ServiceModel.Channels.StreamedFramingRequestChannel.StreamedFramingRequest.WaitForReply(TimeSpan timeout)
   at System.ServiceModel.Channels.RequestChannel.Request(Message message, TimeSpan timeout)
   --- End of inner exception stack trace ---

Server stack trace: 
   at System.ServiceModel.Channels.RequestChannel.Request(Message message, TimeSpan timeout)
   at System.ServiceModel.Channels.TransactionRequestChannelGeneric`1.Request(Message message, TimeSpan timeout)
   at System.ServiceModel.Dispatcher.RequestChannelBinder.Request(Message message, TimeSpan timeout)
   at System.ServiceModel.Channels.ServiceChannel.Call(String action, Boolean oneway, ProxyOperationRuntime operation, Object[] ins, Object[] outs, TimeSpan timeout)
   at System.ServiceModel.Channels.ServiceChannelProxy.InvokeService(IMethodCallMessage methodCall, ProxyOperationRuntime operation)
   at System.ServiceModel.Channels.ServiceChannelProxy.Invoke(IMessage message)

Exception rethrown at [0]: 
   at System.Runtime.Remoting.Proxies.RealProxy.HandleReturnMessage(IMessage reqMsg, IMessage retMsg)
   at System.Runtime.Remoting.Proxies.RealProxy.PrivateInvoke(MessageData& msgData, Int32 type)
   at Petex.Service.RequestProcessor.IWcfStreamResponseProcessor.Process(MessageRequest request)
   at A.cec9e090ae538d190220f059017b75b84.Process(MessageRequest request)
Details:
System.TimeoutException: The request channel timed out while waiting for a reply after 00:04:56.3349950. Increase the timeout value passed to the call to Request or increase the SendTimeout value on the Binding. The time allotted to this operation may have been a portion of a longer timeout. ---> System.TimeoutException: The socket transfer timed out after 00:04:59.9930000. You have exceeded the timeout set on your binding. The time allotted to this operation may have been a portion of a longer timeout. ---> System.IO.IOException: The read operation failed, see inner exception. ---> System.TimeoutException: The socket transfer timed out after 00:04:59.9930000. You have exceeded the timeout set on your binding. The time allotted to this operation may have been a portion of a longer timeout. ---> System.Net.Sockets.SocketException: A connection attempt failed because the connected party did not properly respond after a period of time, or established connection failed because connected host has failed to respond
   at System.Net.Sockets.Socket.Receive(Byte[] buffer, Int32 offset, Int32 size, SocketFlags socketFlags)
   at System.ServiceModel.Channels.SocketConnection.ReadCore(Byte[] buffer, Int32 offset, Int32 size, TimeSpan timeout, Boolean closing)
   --- End of inner exception stack trace ---
   at System.ServiceModel.Channels.SocketConnection.ReadCore(Byte[] buffer, Int32 offset, Int32 size, TimeSpan timeout, Boolean closing)
   at System.ServiceModel.Channels.SocketConnection.Read(Byte[] buffer, Int32 offset, Int32 size, TimeSpan timeout)
   at System.ServiceModel.Channels.DelegatingConnection.Read(Byte[] buffer, Int32 offset, Int32 size, TimeSpan timeout)
   at System.ServiceModel.Channels.ConnectionStream.Read(Byte[] buffer, Int32 offset, Int32 count)
   at System.Net.FixedSizeReader.ReadPacket(Byte[] buffer, Int32 offset, Int32 count)
   at System.Net.Security.NegotiateStream.StartFrameHeader(Byte[] buffer, Int32 offset, Int32 count, AsyncProtocolRequest asyncRequest)
   at System.Net.Security.NegotiateStream.ProcessRead(Byte[] buffer, Int32 offset, Int32 count, AsyncProtocolRequest asyncRequest)
   --- End of inner exception stack trace ---
   at System.Net.Security.NegotiateStream.ProcessRead(Byte[] buffer, Int32 offset, Int32 count, AsyncProtocolRequest asyncRequest)
   at System.Net.Security.NegotiateStream.Read(Byte[] buffer, Int32 offset, Int32 count)
   at System.ServiceModel.Channels.StreamConnection.Read(Byte[] buffer, Int32 offset, Int32 size, TimeSpan timeout)
   --- End of inner exception stack trace ---
   at System.ServiceModel.Channels.StreamConnection.Read(Byte[] buffer, Int32 offset, Int32 size, TimeSpan timeout)
   at System.ServiceModel.Channels.SingletonConnectionReader.Receive(TimeSpan timeout)
   at System.ServiceModel.Channels.StreamedFramingRequestChannel.StreamedFramingRequest.WaitForReply(TimeSpan timeout)
   at System.ServiceModel.Channels.RequestChannel.Request(Message message, TimeSpan timeout)
   --- End of inner exception stack trace ---

Server stack trace: 
   at System.ServiceModel.Channels.RequestChannel.Request(Message message, TimeSpan timeout)
   at System.ServiceModel.Channels.TransactionRequestChannelGeneric`1.Request(Message message, TimeSpan timeout)
   at System.ServiceModel.Dispatcher.RequestChannelBinder.Request(Message message, TimeSpan timeout)
   at System.ServiceModel.Channels.ServiceChannel.Call(String action, Boolean oneway, ProxyOperationRuntime operation, Object[] ins, Object[] outs, TimeSpan timeout)
   at System.ServiceModel.Channels.ServiceChannelProxy.InvokeService(IMethodCallMessage methodCall, ProxyOperationRuntime operation)
   at System.ServiceModel.Channels.ServiceChannelProxy.Invoke(IMessage message)

Exception rethrown at [0]: 
   at System.Runtime.Remoting.Proxies.RealProxy.HandleReturnMessage(IMessage reqMsg, IMessage retMsg)
   at System.Runtime.Remoting.Proxies.RealProxy.PrivateInvoke(MessageData& msgData, Int32 type)
   at Petex.Service.RequestProcessor.IWcfStreamResponseProcessor.Process(MessageRequest request)
   at A.cec9e090ae538d190220f059017b75b84.Process(MessageRequest request)
2018/09/22 03:59:41.567 ERROR 266 A.cec9e090ae538d190220f059017b75b84 (Thread 266) ProcID (27868) - System.TimeoutException: The request channel timed out while waiting for a reply after 00:04:56.3349950. Increase the timeout value passed to the call to Request or increase the SendTimeout value on the Binding. The time allotted to this operation may have been a portion of a longer timeout. ---> System.TimeoutException: The socket transfer timed out after 00:04:59.9930000. You have exceeded the timeout set on your binding. The time allotted to this operation may have been a portion of a longer timeout. ---> System.IO.IOException: The read operation failed, see inner exception. ---> System.TimeoutException: The socket transfer timed out after 00:04:59.9930000. You have exceeded the timeout set on your binding. The time allotted to this operation may have been a portion of a longer timeout. ---> System.Net.Sockets.SocketException: A connection attempt failed because the connected party did not properly respond after a period of time, or established connection failed because connected host has failed to respond
   at System.Net.Sockets.Socket.Receive(Byte[] buffer, Int32 offset, Int32 size, SocketFlags socketFlags)
   at System.ServiceModel.Channels.SocketConnection.ReadCore(Byte[] buffer, Int32 offset, Int32 size, TimeSpan timeout, Boolean closing)
   --- End of inner exception stack trace ---
   at System.ServiceModel.Channels.SocketConnection.ReadCore(Byte[] buffer, Int32 offset, Int32 size, TimeSpan timeout, Boolean closing)
   at System.ServiceModel.Channels.SocketConnection.Read(Byte[] buffer, Int32 offset, Int32 size, TimeSpan timeout)
   at System.ServiceModel.Channels.DelegatingConnection.Read(Byte[] buffer, Int32 offset, Int32 size, TimeSpan timeout)
   at System.ServiceModel.Channels.ConnectionStream.Read(Byte[] buffer, Int32 offset, Int32 count)
   at System.Net.FixedSizeReader.ReadPacket(Byte[] buffer, Int32 offset, Int32 count)
   at System.Net.Security.NegotiateStream.StartFrameHeader(Byte[] buffer, Int32 offset, Int32 count, AsyncProtocolRequest asyncRequest)
   at System.Net.Security.NegotiateStream.ProcessRead(Byte[] buffer, Int32 offset, Int32 count, AsyncProtocolRequest asyncRequest)
   --- End of inner exception stack trace ---
   at System.Net.Security.NegotiateStream.ProcessRead(Byte[] buffer, Int32 offset, Int32 count, AsyncProtocolRequest asyncRequest)
   at System.Net.Security.NegotiateStream.Read(Byte[] buffer, Int32 offset, Int32 count)
   at System.ServiceModel.Channels.StreamConnection.Read(Byte[] buffer, Int32 offset, Int32 size, TimeSpan timeout)
   --- End of inner exception stack trace ---
   at System.ServiceModel.Channels.StreamConnection.Read(Byte[] buffer, Int32 offset, Int32 size, TimeSpan timeout)
   at System.ServiceModel.Channels.SingletonConnectionReader.Receive(TimeSpan timeout)
   at System.ServiceModel.Channels.StreamedFramingRequestChannel.StreamedFramingRequest.WaitForReply(TimeSpan timeout)
   at System.ServiceModel.Channels.RequestChannel.Request(Message message, TimeSpan timeout)
   --- End of inner exception stack trace ---

Server stack trace: 
   at System.ServiceModel.Channels.RequestChannel.Request(Message message, TimeSpan timeout)
   at System.ServiceModel.Channels.TransactionRequestChannelGeneric`1.Request(Message message, TimeSpan timeout)
   at System.ServiceModel.Dispatcher.RequestChannelBinder.Request(Message message, TimeSpan timeout)
   at System.ServiceModel.Channels.ServiceChannel.Call(String action, Boolean oneway, ProxyOperationRuntime operation, Object[] ins, Object[] outs, TimeSpan timeout)
   at System.ServiceModel.Channels.ServiceChannelProxy.InvokeService(IMethodCallMessage methodCall, ProxyOperationRuntime operation)
   at System.ServiceModel.Channels.ServiceChannelProxy.Invoke(IMessage message)

Exception rethrown at [0]: 
   at System.Runtime.Remoting.Proxies.RealProxy.HandleReturnMessage(IMessage reqMsg, IMessage retMsg)
   at System.Runtime.Remoting.Proxies.RealProxy.PrivateInvoke(MessageData& msgData, Int32 type)
   at Petex.Service.RequestProcessor.IWcfStreamResponseProcessor.Process(MessageRequest request)
   at A.cec9e090ae538d190220f059017b75b84.Process(MessageRequest request)

method : Process([Petex.Service.RequestProcessor.MessageRequest] request = Petex.Service.RequestProcessor.MessageRequest)

2018/09/22 03:59:41.569 ERROR 403 Petex.IFM.IVM.VisualWorkflowService.c1c13b709b3df317d725c923928032d5a - An error occurred while getting bulk results.
Details:
System.TimeoutException: The request channel timed out while waiting for a reply after 00:04:56.3349950. Increase the timeout value passed to the call to Request or increase the SendTimeout value on the Binding. The time allotted to this operation may have been a portion of a longer timeout. ---> System.TimeoutException: The socket transfer timed out after 00:04:59.9930000. You have exceeded the timeout set on your binding. The time allotted to this operation may have been a portion of a longer timeout. ---> System.IO.IOException: The read operation failed, see inner exception. ---> System.TimeoutException: The socket transfer timed out after 00:04:59.9930000. You have exceeded the timeout set on your binding. The time allotted to this operation may have been a portion of a longer timeout. ---> System.Net.Sockets.SocketException: A connection attempt failed because the connected party did not properly respond after a period of time, or established connection failed because connected host has failed to respond
   at System.Net.Sockets.Socket.Receive(Byte[] buffer, Int32 offset, Int32 size, SocketFlags socketFlags)
   at System.ServiceModel.Channels.SocketConnection.ReadCore(Byte[] buffer, Int32 offset, Int32 size, TimeSpan timeout, Boolean closing)
   --- End of inner exception stack trace ---
   at System.ServiceModel.Channels.SocketConnection.ReadCore(Byte[] buffer, Int32 offset, Int32 size, TimeSpan timeout, Boolean closing)
   at System.ServiceModel.Channels.SocketConnection.Read(Byte[] buffer, Int32 offset, Int32 size, TimeSpan timeout)
   at System.ServiceModel.Channels.DelegatingConnection.Read(Byte[] buffer, Int32 offset, Int32 size, TimeSpan timeout)
   at System.ServiceModel.Channels.ConnectionStream.Read(Byte[] buffer, Int32 offset, Int32 count)
   at System.Net.FixedSizeReader.ReadPacket(Byte[] buffer, Int32 offset, Int32 count)
   at System.Net.Security.NegotiateStream.StartFrameHeader(Byte[] buffer, Int32 offset, Int32 count, AsyncProtocolRequest asyncRequest)
   at System.Net.Security.NegotiateStream.ProcessRead(Byte[] buffer, Int32 offset, Int32 count, AsyncProtocolRequest asyncRequest)
   --- End of inner exception stack trace ---
   at System.Net.Security.NegotiateStream.ProcessRead(Byte[] buffer, Int32 offset, Int32 count, AsyncProtocolRequest asyncRequest)
   at System.Net.Security.NegotiateStream.Read(Byte[] buffer, Int32 offset, Int32 count)
   at System.ServiceModel.Channels.StreamConnection.Read(Byte[] buffer, Int32 offset, Int32 size, TimeSpan timeout)
   --- End of inner exception stack trace ---
   at System.ServiceModel.Channels.StreamConnection.Read(Byte[] buffer, Int32 offset, Int32 size, TimeSpan timeout)
   at System.ServiceModel.Channels.SingletonConnectionReader.Receive(TimeSpan timeout)
   at System.ServiceModel.Channels.StreamedFramingRequestChannel.StreamedFramingRequest.WaitForReply(TimeSpan timeout)
   at System.ServiceModel.Channels.RequestChannel.Request(Message message, TimeSpan timeout)
   --- End of inner exception stack trace ---

Server stack trace: 
   at System.ServiceModel.Channels.RequestChannel.Request(Message message, TimeSpan timeout)
   at System.ServiceModel.Channels.TransactionRequestChannelGeneric`1.Request(Message message, TimeSpan timeout)
   at System.ServiceModel.Dispatcher.RequestChannelBinder.Request(Message message, TimeSpan timeout)
   at System.ServiceModel.Channels.ServiceChannel.Call(String action, Boolean oneway, ProxyOperationRuntime operation, Object[] ins, Object[] outs, TimeSpan timeout)
   at System.ServiceModel.Channels.ServiceChannelProxy.InvokeService(IMethodCallMessage methodCall, ProxyOperationRuntime operation)
   at System.ServiceModel.Channels.ServiceChannelProxy.Invoke(IMessage message)

Exception rethrown at [0]: 
   at A.c22aefe7f39df3d678dba160428b769f4.c0c4ec95a682cbefc208f4f3eb80ff6ad[c5e2460f6ebc534efe90b3230b7797cb4](Func`1 c3c081f340dcdf79e192d50757bce0bee)
   at A.c42ccb3c762729e5c1ed9dd9fb21f7a51.c2a035223c95353a451d486528bb968ce(DateTime ca50651d185b346c217028862887f6062, List`1 c94623007ea3b221db43a7a5c991a9cac, Int32 c27485bd6dedf79f29eccbe33aefab814, DateTime cc0b7aac23bdedea569c99b9f01ab5798, DateTime ca917bd7d663d59239d097b255d937590)
   at Petex.IFM.IVM.VisualWorkflowService.c1c13b709b3df317d725c923928032d5a(c0a78f935034ea252425562b3db1ea988 cc462e40687a776088a0f60dcc4dee4c5, VisualWorkflowResultOptions c97464e7151b310fab45ca8e18c9bbc4d)
2018/09/22 04:00:04.686 INFO  308 A.cdc551499db0039f956e1d0666bfd1504.ca3aa6b2f13c2c1bc9c646f6abf33ed07 - Changing service from :0 to HOUMSEOSIFM007:8787
2018/09/22 04:05:04.769 INFO  359 A.cdc551499db0039f956e1d0666bfd1504.ca3aa6b2f13c2c1bc9c646f6abf33ed07 - Changing service from :0 to HOUMSEOSIFM007:8787
2018/09/22 04:05:19.021 ERROR 247 A.cec9e090ae538d190220f059017b75b84.Process - System.TimeoutException: The request channel timed out while waiting for a reply after 00:04:48.3370042. Increase the timeout value passed to the call to Request or increase the SendTimeout value on the Binding. The time allotted to this operation may have been a portion of a longer timeout. ---> System.TimeoutException: The socket transfer timed out after 00:04:59.9950000. You have exceeded the timeout set on your binding. The time allotted to this operation may have been a portion of a longer timeout. ---> System.IO.IOException: The read operation failed, see inner exception. ---> System.TimeoutException: The socket transfer timed out after 00:04:59.9950000. You have exceeded the timeout set on your binding. The time allotted to this operation may have been a portion of a longer timeout. ---> System.Net.Sockets.SocketException: A connection attempt failed because the connected party did not properly respond after a period of time, or established connection failed because connected host has failed to respond
   at System.Net.Sockets.Socket.Receive(Byte[] buffer, Int32 offset, Int32 size, SocketFlags socketFlags)
   at System.ServiceModel.Channels.SocketConnection.ReadCore(Byte[] buffer, Int32 offset, Int32 size, TimeSpan timeout, Boolean closing)
   --- End of inner exception stack trace ---
   at System.ServiceModel.Channels.SocketConnection.ReadCore(Byte[] buffer, Int32 offset, Int32 size, TimeSpan timeout, Boolean closing)
   at System.ServiceModel.Channels.SocketConnection.Read(Byte[] buffer, Int32 offset, Int32 size, TimeSpan timeout)
   at System.ServiceModel.Channels.DelegatingConnection.Read(Byte[] buffer, Int32 offset, Int32 size, TimeSpan timeout)
   at System.ServiceModel.Channels.ConnectionStream.Read(Byte[] buffer, Int32 offset, Int32 count)
   at System.Net.FixedSizeReader.ReadPacket(Byte[] buffer, Int32 offset, Int32 count)
   at System.Net.Security.NegotiateStream.StartFrameHeader(Byte[] buffer, Int32 offset, Int32 count, AsyncProtocolRequest asyncRequest)
   at System.Net.Security.NegotiateStream.ProcessRead(Byte[] buffer, Int32 offset, Int32 count, AsyncProtocolRequest asyncRequest)
   --- End of inner exception stack trace ---
   at System.Net.Security.NegotiateStream.ProcessRead(Byte[] buffer, Int32 offset, Int32 count, AsyncProtocolRequest asyncRequest)
   at System.Net.Security.NegotiateStream.Read(Byte[] buffer, Int32 offset, Int32 count)
   at System.ServiceModel.Channels.StreamConnection.Read(Byte[] buffer, Int32 offset, Int32 size, TimeSpan timeout)
   --- End of inner exception stack trace ---
   at System.ServiceModel.Channels.StreamConnection.Read(Byte[] buffer, Int32 offset, Int32 size, TimeSpan timeout)
   at System.ServiceModel.Channels.SingletonConnectionReader.Receive(TimeSpan timeout)
   at System.ServiceModel.Channels.StreamedFramingRequestChannel.StreamedFramingRequest.WaitForReply(TimeSpan timeout)
   at System.ServiceModel.Channels.RequestChannel.Request(Message message, TimeSpan timeout)
   --- End of inner exception stack trace ---

Server stack trace: 
   at System.ServiceModel.Channels.RequestChannel.Request(Message message, TimeSpan timeout)
   at System.ServiceModel.Channels.TransactionRequestChannelGeneric`1.Request(Message message, TimeSpan timeout)
   at System.ServiceModel.Dispatcher.RequestChannelBinder.Request(Message message, TimeSpan timeout)
   at System.ServiceModel.Channels.ServiceChannel.Call(String action, Boolean oneway, ProxyOperationRuntime operation, Object[] ins, Object[] outs, TimeSpan timeout)
   at System.ServiceModel.Channels.ServiceChannelProxy.InvokeService(IMethodCallMessage methodCall, ProxyOperationRuntime operation)
   at System.ServiceModel.Channels.ServiceChannelProxy.Invoke(IMessage message)

Exception rethrown at [0]: 
   at System.Runtime.Remoting.Proxies.RealProxy.HandleReturnMessage(IMessage reqMsg, IMessage retMsg)
   at System.Runtime.Remoting.Proxies.RealProxy.PrivateInvoke(MessageData& msgData, Int32 type)
   at Petex.Service.RequestProcessor.IWcfStreamResponseProcessor.Process(MessageRequest request)
   at A.cec9e090ae538d190220f059017b75b84.Process(MessageRequest request)
Details:
System.TimeoutException: The request channel timed out while waiting for a reply after 00:04:48.3370042. Increase the timeout value passed to the call to Request or increase the SendTimeout value on the Binding. The time allotted to this operation may have been a portion of a longer timeout. ---> System.TimeoutException: The socket transfer timed out after 00:04:59.9950000. You have exceeded the timeout set on your binding. The time allotted to this operation may have been a portion of a longer timeout. ---> System.IO.IOException: The read operation failed, see inner exception. ---> System.TimeoutException: The socket transfer timed out after 00:04:59.9950000. You have exceeded the timeout set on your binding. The time allotted to this operation may have been a portion of a longer timeout. ---> System.Net.Sockets.SocketException: A connection attempt failed because the connected party did not properly respond after a period of time, or established connection failed because connected host has failed to respond
   at System.Net.Sockets.Socket.Receive(Byte[] buffer, Int32 offset, Int32 size, SocketFlags socketFlags)
   at System.ServiceModel.Channels.SocketConnection.ReadCore(Byte[] buffer, Int32 offset, Int32 size, TimeSpan timeout, Boolean closing)
   --- End of inner exception stack trace ---
   at System.ServiceModel.Channels.SocketConnection.ReadCore(Byte[] buffer, Int32 offset, Int32 size, TimeSpan timeout, Boolean closing)
   at System.ServiceModel.Channels.SocketConnection.Read(Byte[] buffer, Int32 offset, Int32 size, TimeSpan timeout)
   at System.ServiceModel.Channels.DelegatingConnection.Read(Byte[] buffer, Int32 offset, Int32 size, TimeSpan timeout)
   at System.ServiceModel.Channels.ConnectionStream.Read(Byte[] buffer, Int32 offset, Int32 count)
   at System.Net.FixedSizeReader.ReadPacket(Byte[] buffer, Int32 offset, Int32 count)
   at System.Net.Security.NegotiateStream.StartFrameHeader(Byte[] buffer, Int32 offset, Int32 count, AsyncProtocolRequest asyncRequest)
   at System.Net.Security.NegotiateStream.ProcessRead(Byte[] buffer, Int32 offset, Int32 count, AsyncProtocolRequest asyncRequest)
   --- End of inner exception stack trace ---
   at System.Net.Security.NegotiateStream.ProcessRead(Byte[] buffer, Int32 offset, Int32 count, AsyncProtocolRequest asyncRequest)
   at System.Net.Security.NegotiateStream.Read(Byte[] buffer, Int32 offset, Int32 count)
   at System.ServiceModel.Channels.StreamConnection.Read(Byte[] buffer, Int32 offset, Int32 size, TimeSpan timeout)
   --- End of inner exception stack trace ---
   at System.ServiceModel.Channels.StreamConnection.Read(Byte[] buffer, Int32 offset, Int32 size, TimeSpan timeout)
   at System.ServiceModel.Channels.SingletonConnectionReader.Receive(TimeSpan timeout)
   at System.ServiceModel.Channels.StreamedFramingRequestChannel.StreamedFramingRequest.WaitForReply(TimeSpan timeout)
   at System.ServiceModel.Channels.RequestChannel.Request(Message message, TimeSpan timeout)
   --- End of inner exception stack trace ---

Server stack trace: 
   at System.ServiceModel.Channels.RequestChannel.Request(Message message, TimeSpan timeout)
   at System.ServiceModel.Channels.TransactionRequestChannelGeneric`1.Request(Message message, TimeSpan timeout)
   at System.ServiceModel.Dispatcher.RequestChannelBinder.Request(Message message, TimeSpan timeout)
   at System.ServiceModel.Channels.ServiceChannel.Call(String action, Boolean oneway, ProxyOperationRuntime operation, Object[] ins, Object[] outs, TimeSpan timeout)
   at System.ServiceModel.Channels.ServiceChannelProxy.InvokeService(IMethodCallMessage methodCall, ProxyOperationRuntime operation)
   at System.ServiceModel.Channels.ServiceChannelProxy.Invoke(IMessage message)

Exception rethrown at [0]: 
   at System.Runtime.Remoting.Proxies.RealProxy.HandleReturnMessage(IMessage reqMsg, IMessage retMsg)
   at System.Runtime.Remoting.Proxies.RealProxy.PrivateInvoke(MessageData& msgData, Int32 type)
   at Petex.Service.RequestProcessor.IWcfStreamResponseProcessor.Process(MessageRequest request)
   at A.cec9e090ae538d190220f059017b75b84.Process(MessageRequest request)
2018/09/22 04:05:19.024 ERROR 247 A.cec9e090ae538d190220f059017b75b84 (Thread 247) ProcID (27868) - System.TimeoutException: The request channel timed out while waiting for a reply after 00:04:48.3370042. Increase the timeout value passed to the call to Request or increase the SendTimeout value on the Binding. The time allotted to this operation may have been a portion of a longer timeout. ---> System.TimeoutException: The socket transfer timed out after 00:04:59.9950000. You have exceeded the timeout set on your binding. The time allotted to this operation may have been a portion of a longer timeout. ---> System.IO.IOException: The read operation failed, see inner exception. ---> System.TimeoutException: The socket transfer timed out after 00:04:59.9950000. You have exceeded the timeout set on your binding. The time allotted to this operation may have been a portion of a longer timeout. ---> System.Net.Sockets.SocketException: A connection attempt failed because the connected party did not properly respond after a period of time, or established connection failed because connected host has failed to respond
   at System.Net.Sockets.Socket.Receive(Byte[] buffer, Int32 offset, Int32 size, SocketFlags socketFlags)
   at System.ServiceModel.Channels.SocketConnection.ReadCore(Byte[] buffer, Int32 offset, Int32 size, TimeSpan timeout, Boolean closing)
   --- End of inner exception stack trace ---
   at System.ServiceModel.Channels.SocketConnection.ReadCore(Byte[] buffer, Int32 offset, Int32 size, TimeSpan timeout, Boolean closing)
   at System.ServiceModel.Channels.SocketConnection.Read(Byte[] buffer, Int32 offset, Int32 size, TimeSpan timeout)
   at System.ServiceModel.Channels.DelegatingConnection.Read(Byte[] buffer, Int32 offset, Int32 size, TimeSpan timeout)
   at System.ServiceModel.Channels.ConnectionStream.Read(Byte[] buffer, Int32 offset, Int32 count)
   at System.Net.FixedSizeReader.ReadPacket(Byte[] buffer, Int32 offset, Int32 count)
   at System.Net.Security.NegotiateStream.StartFrameHeader(Byte[] buffer, Int32 offset, Int32 count, AsyncProtocolRequest asyncRequest)
   at System.Net.Security.NegotiateStream.ProcessRead(Byte[] buffer, Int32 offset, Int32 count, AsyncProtocolRequest asyncRequest)
   --- End of inner exception stack trace ---
   at System.Net.Security.NegotiateStream.ProcessRead(Byte[] buffer, Int32 offset, Int32 count, AsyncProtocolRequest asyncRequest)
   at System.Net.Security.NegotiateStream.Read(Byte[] buffer, Int32 offset, Int32 count)
   at System.ServiceModel.Channels.StreamConnection.Read(Byte[] buffer, Int32 offset, Int32 size, TimeSpan timeout)
   --- End of inner exception stack trace ---
   at System.ServiceModel.Channels.StreamConnection.Read(Byte[] buffer, Int32 offset, Int32 size, TimeSpan timeout)
   at System.ServiceModel.Channels.SingletonConnectionReader.Receive(TimeSpan timeout)
   at System.ServiceModel.Channels.StreamedFramingRequestChannel.StreamedFramingRequest.WaitForReply(TimeSpan timeout)
   at System.ServiceModel.Channels.RequestChannel.Request(Message message, TimeSpan timeout)
   --- End of inner exception stack trace ---

Server stack trace: 
   at System.ServiceModel.Channels.RequestChannel.Request(Message message, TimeSpan timeout)
   at System.ServiceModel.Channels.TransactionRequestChannelGeneric`1.Request(Message message, TimeSpan timeout)
   at System.ServiceModel.Dispatcher.RequestChannelBinder.Request(Message message, TimeSpan timeout)
   at System.ServiceModel.Channels.ServiceChannel.Call(String action, Boolean oneway, ProxyOperationRuntime operation, Object[] ins, Object[] outs, TimeSpan timeout)
   at System.ServiceModel.Channels.ServiceChannelProxy.InvokeService(IMethodCallMessage methodCall, ProxyOperationRuntime operation)
   at System.ServiceModel.Channels.ServiceChannelProxy.Invoke(IMessage message)

Exception rethrown at [0]: 
   at System.Runtime.Remoting.Proxies.RealProxy.HandleReturnMessage(IMessage reqMsg, IMessage retMsg)
   at System.Runtime.Remoting.Proxies.RealProxy.PrivateInvoke(MessageData& msgData, Int32 type)
   at Petex.Service.RequestProcessor.IWcfStreamResponseProcessor.Process(MessageRequest request)
   at A.cec9e090ae538d190220f059017b75b84.Process(MessageRequest request)

method : Process([Petex.Service.RequestProcessor.MessageRequest] request = Petex.Service.RequestProcessor.MessageRequest)

2018/09/22 04:05:19.025 ERROR 96 Petex.IFM.IVM.VisualWorkflowService.c1c13b709b3df317d725c923928032d5a - An error occurred while getting bulk results.
Details:
System.TimeoutException: The request channel timed out while waiting for a reply after 00:04:48.3370042. Increase the timeout value passed to the call to Request or increase the SendTimeout value on the Binding. The time allotted to this operation may have been a portion of a longer timeout. ---> System.TimeoutException: The socket transfer timed out after 00:04:59.9950000. You have exceeded the timeout set on your binding. The time allotted to this operation may have been a portion of a longer timeout. ---> System.IO.IOException: The read operation failed, see inner exception. ---> System.TimeoutException: The socket transfer timed out after 00:04:59.9950000. You have exceeded the timeout set on your binding. The time allotted to this operation may have been a portion of a longer timeout. ---> System.Net.Sockets.SocketException: A connection attempt failed because the connected party did not properly respond after a period of time, or established connection failed because connected host has failed to respond
   at System.Net.Sockets.Socket.Receive(Byte[] buffer, Int32 offset, Int32 size, SocketFlags socketFlags)
   at System.ServiceModel.Channels.SocketConnection.ReadCore(Byte[] buffer, Int32 offset, Int32 size, TimeSpan timeout, Boolean closing)
   --- End of inner exception stack trace ---
   at System.ServiceModel.Channels.SocketConnection.ReadCore(Byte[] buffer, Int32 offset, Int32 size, TimeSpan timeout, Boolean closing)
   at System.ServiceModel.Channels.SocketConnection.Read(Byte[] buffer, Int32 offset, Int32 size, TimeSpan timeout)
   at System.ServiceModel.Channels.DelegatingConnection.Read(Byte[] buffer, Int32 offset, Int32 size, TimeSpan timeout)
   at System.ServiceModel.Channels.ConnectionStream.Read(Byte[] buffer, Int32 offset, Int32 count)
   at System.Net.FixedSizeReader.ReadPacket(Byte[] buffer, Int32 offset, Int32 count)
   at System.Net.Security.NegotiateStream.StartFrameHeader(Byte[] buffer, Int32 offset, Int32 count, AsyncProtocolRequest asyncRequest)
   at System.Net.Security.NegotiateStream.ProcessRead(Byte[] buffer, Int32 offset, Int32 count, AsyncProtocolRequest asyncRequest)
   --- End of inner exception stack trace ---
   at System.Net.Security.NegotiateStream.ProcessRead(Byte[] buffer, Int32 offset, Int32 count, AsyncProtocolRequest asyncRequest)
   at System.Net.Security.NegotiateStream.Read(Byte[] buffer, Int32 offset, Int32 count)
   at System.ServiceModel.Channels.StreamConnection.Read(Byte[] buffer, Int32 offset, Int32 size, TimeSpan timeout)
   --- End of inner exception stack trace ---
   at System.ServiceModel.Channels.StreamConnection.Read(Byte[] buffer, Int32 offset, Int32 size, TimeSpan timeout)
   at System.ServiceModel.Channels.SingletonConnectionReader.Receive(TimeSpan timeout)
   at System.ServiceModel.Channels.StreamedFramingRequestChannel.StreamedFramingRequest.WaitForReply(TimeSpan timeout)
   at System.ServiceModel.Channels.RequestChannel.Request(Message message, TimeSpan timeout)
   --- End of inner exception stack trace ---

Server stack trace: 
   at System.ServiceModel.Channels.RequestChannel.Request(Message message, TimeSpan timeout)
   at System.ServiceModel.Channels.TransactionRequestChannelGeneric`1.Request(Message message, TimeSpan timeout)
   at System.ServiceModel.Dispatcher.RequestChannelBinder.Request(Message message, TimeSpan timeout)
   at System.ServiceModel.Channels.ServiceChannel.Call(String action, Boolean oneway, ProxyOperationRuntime operation, Object[] ins, Object[] outs, TimeSpan timeout)
   at System.ServiceModel.Channels.ServiceChannelProxy.InvokeService(IMethodCallMessage methodCall, ProxyOperationRuntime operation)
   at System.ServiceModel.Channels.ServiceChannelProxy.Invoke(IMessage message)

Exception rethrown at [0]: 
   at A.c22aefe7f39df3d678dba160428b769f4.c0c4ec95a682cbefc208f4f3eb80ff6ad[c5e2460f6ebc534efe90b3230b7797cb4](Func`1 c3c081f340dcdf79e192d50757bce0bee)
   at A.c42ccb3c762729e5c1ed9dd9fb21f7a51.c2a035223c95353a451d486528bb968ce(DateTime ca50651d185b346c217028862887f6062, List`1 c94623007ea3b221db43a7a5c991a9cac, Int32 c27485bd6dedf79f29eccbe33aefab814, DateTime cc0b7aac23bdedea569c99b9f01ab5798, DateTime ca917bd7d663d59239d097b255d937590)
   at Petex.IFM.IVM.VisualWorkflowService.c1c13b709b3df317d725c923928032d5a(c0a78f935034ea252425562b3db1ea988 cc462e40687a776088a0f60dcc4dee4c5, VisualWorkflowResultOptions c97464e7151b310fab45ca8e18c9bbc4d)
2018/09/22 04:10:04.826 INFO  140 A.cdc551499db0039f956e1d0666bfd1504.ca3aa6b2f13c2c1bc9c646f6abf33ed07 - Changing service from :0 to HOUMSEOSIFM007:8787
2018/09/22 04:10:11.300 ERROR 142 A.cec9e090ae538d190220f059017b75b84.Process - System.TimeoutException: The request channel timed out while waiting for a reply after 00:04:55.6189949. Increase the timeout value passed to the call to Request or increase the SendTimeout value on the Binding. The time allotted to this operation may have been a portion of a longer timeout. ---> System.TimeoutException: The socket transfer timed out after 00:04:59.9950000. You have exceeded the timeout set on your binding. The time allotted to this operation may have been a portion of a longer timeout. ---> System.IO.IOException: The read operation failed, see inner exception. ---> System.TimeoutException: The socket transfer timed out after 00:04:59.9950000. You have exceeded the timeout set on your binding. The time allotted to this operation may have been a portion of a longer timeout. ---> System.Net.Sockets.SocketException: A connection attempt failed because the connected party did not properly respond after a period of time, or established connection failed because connected host has failed to respond
   at System.Net.Sockets.Socket.Receive(Byte[] buffer, Int32 offset, Int32 size, SocketFlags socketFlags)
   at System.ServiceModel.Channels.SocketConnection.ReadCore(Byte[] buffer, Int32 offset, Int32 size, TimeSpan timeout, Boolean closing)
   --- End of inner exception stack trace ---
   at System.ServiceModel.Channels.SocketConnection.ReadCore(Byte[] buffer, Int32 offset, Int32 size, TimeSpan timeout, Boolean closing)
   at System.ServiceModel.Channels.SocketConnection.Read(Byte[] buffer, Int32 offset, Int32 size, TimeSpan timeout)
   at System.ServiceModel.Channels.DelegatingConnection.Read(Byte[] buffer, Int32 offset, Int32 size, TimeSpan timeout)
   at System.ServiceModel.Channels.ConnectionStream.Read(Byte[] buffer, Int32 offset, Int32 count)
   at System.Net.FixedSizeReader.ReadPacket(Byte[] buffer, Int32 offset, Int32 count)
   at System.Net.Security.NegotiateStream.StartFrameHeader(Byte[] buffer, Int32 offset, Int32 count, AsyncProtocolRequest asyncRequest)
   at System.Net.Security.NegotiateStream.ProcessRead(Byte[] buffer, Int32 offset, Int32 count, AsyncProtocolRequest asyncRequest)
   --- End of inner exception stack trace ---
   at System.Net.Security.NegotiateStream.ProcessRead(Byte[] buffer, Int32 offset, Int32 count, AsyncProtocolRequest asyncRequest)
   at System.Net.Security.NegotiateStream.Read(Byte[] buffer, Int32 offset, Int32 count)
   at System.ServiceModel.Channels.StreamConnection.Read(Byte[] buffer, Int32 offset, Int32 size, TimeSpan timeout)
   --- End of inner exception stack trace ---
   at System.ServiceModel.Channels.StreamConnection.Read(Byte[] buffer, Int32 offset, Int32 size, TimeSpan timeout)
   at System.ServiceModel.Channels.SingletonConnectionReader.Receive(TimeSpan timeout)
   at System.ServiceModel.Channels.StreamedFramingRequestChannel.StreamedFramingRequest.WaitForReply(TimeSpan timeout)
   at System.ServiceModel.Channels.RequestChannel.Request(Message message, TimeSpan timeout)
   --- End of inner exception stack trace ---

Server stack trace: 
   at System.ServiceModel.Channels.RequestChannel.Request(Message message, TimeSpan timeout)
   at System.ServiceModel.Channels.TransactionRequestChannelGeneric`1.Request(Message message, TimeSpan timeout)
   at System.ServiceModel.Dispatcher.RequestChannelBinder.Request(Message message, TimeSpan timeout)
   at System.ServiceModel.Channels.ServiceChannel.Call(String action, Boolean oneway, ProxyOperationRuntime operation, Object[] ins, Object[] outs, TimeSpan timeout)
   at System.ServiceModel.Channels.ServiceChannelProxy.InvokeService(IMethodCallMessage methodCall, ProxyOperationRuntime operation)
   at System.ServiceModel.Channels.ServiceChannelProxy.Invoke(IMessage message)

Exception rethrown at [0]: 
   at System.Runtime.Remoting.Proxies.RealProxy.HandleReturnMessage(IMessage reqMsg, IMessage retMsg)
   at System.Runtime.Remoting.Proxies.RealProxy.PrivateInvoke(MessageData& msgData, Int32 type)
   at Petex.Service.RequestProcessor.IWcfStreamResponseProcessor.Process(MessageRequest request)
   at A.cec9e090ae538d190220f059017b75b84.Process(MessageRequest request)
Details:
System.TimeoutException: The request channel timed out while waiting for a reply after 00:04:55.6189949. Increase the timeout value passed to the call to Request or increase the SendTimeout value on the Binding. The time allotted to this operation may have been a portion of a longer timeout. ---> System.TimeoutException: The socket transfer timed out after 00:04:59.9950000. You have exceeded the timeout set on your binding. The time allotted to this operation may have been a portion of a longer timeout. ---> System.IO.IOException: The read operation failed, see inner exception. ---> System.TimeoutException: The socket transfer timed out after 00:04:59.9950000. You have exceeded the timeout set on your binding. The time allotted to this operation may have been a portion of a longer timeout. ---> System.Net.Sockets.SocketException: A connection attempt failed because the connected party did not properly respond after a period of time, or established connection failed because connected host has failed to respond
   at System.Net.Sockets.Socket.Receive(Byte[] buffer, Int32 offset, Int32 size, SocketFlags socketFlags)
   at System.ServiceModel.Channels.SocketConnection.ReadCore(Byte[] buffer, Int32 offset, Int32 size, TimeSpan timeout, Boolean closing)
   --- End of inner exception stack trace ---
   at System.ServiceModel.Channels.SocketConnection.ReadCore(Byte[] buffer, Int32 offset, Int32 size, TimeSpan timeout, Boolean closing)
   at System.ServiceModel.Channels.SocketConnection.Read(Byte[] buffer, Int32 offset, Int32 size, TimeSpan timeout)
   at System.ServiceModel.Channels.DelegatingConnection.Read(Byte[] buffer, Int32 offset, Int32 size, TimeSpan timeout)
   at System.ServiceModel.Channels.ConnectionStream.Read(Byte[] buffer, Int32 offset, Int32 count)
   at System.Net.FixedSizeReader.ReadPacket(Byte[] buffer, Int32 offset, Int32 count)
   at System.Net.Security.NegotiateStream.StartFrameHeader(Byte[] buffer, Int32 offset, Int32 count, AsyncProtocolRequest asyncRequest)
   at System.Net.Security.NegotiateStream.ProcessRead(Byte[] buffer, Int32 offset, Int32 count, AsyncProtocolRequest asyncRequest)
   --- End of inner exception stack trace ---
   at System.Net.Security.NegotiateStream.ProcessRead(Byte[] buffer, Int32 offset, Int32 count, AsyncProtocolRequest asyncRequest)
   at System.Net.Security.NegotiateStream.Read(Byte[] buffer, Int32 offset, Int32 count)
   at System.ServiceModel.Channels.StreamConnection.Read(Byte[] buffer, Int32 offset, Int32 size, TimeSpan timeout)
   --- End of inner exception stack trace ---
   at System.ServiceModel.Channels.StreamConnection.Read(Byte[] buffer, Int32 offset, Int32 size, TimeSpan timeout)
   at System.ServiceModel.Channels.SingletonConnectionReader.Receive(TimeSpan timeout)
   at System.ServiceModel.Channels.StreamedFramingRequestChannel.StreamedFramingRequest.WaitForReply(TimeSpan timeout)
   at System.ServiceModel.Channels.RequestChannel.Request(Message message, TimeSpan timeout)
   --- End of inner exception stack trace ---

Server stack trace: 
   at System.ServiceModel.Channels.RequestChannel.Request(Message message, TimeSpan timeout)
   at System.ServiceModel.Channels.TransactionRequestChannelGeneric`1.Request(Message message, TimeSpan timeout)
   at System.ServiceModel.Dispatcher.RequestChannelBinder.Request(Message message, TimeSpan timeout)
   at System.ServiceModel.Channels.ServiceChannel.Call(String action, Boolean oneway, ProxyOperationRuntime operation, Object[] ins, Object[] outs, TimeSpan timeout)
   at System.ServiceModel.Channels.ServiceChannelProxy.InvokeService(IMethodCallMessage methodCall, ProxyOperationRuntime operation)
   at System.ServiceModel.Channels.ServiceChannelProxy.Invoke(IMessage message)

Exception rethrown at [0]: 
   at System.Runtime.Remoting.Proxies.RealProxy.HandleReturnMessage(IMessage reqMsg, IMessage retMsg)
   at System.Runtime.Remoting.Proxies.RealProxy.PrivateInvoke(MessageData& msgData, Int32 type)
   at Petex.Service.RequestProcessor.IWcfStreamResponseProcessor.Process(MessageRequest request)
   at A.cec9e090ae538d190220f059017b75b84.Process(MessageRequest request)
2018/09/22 04:10:11.302 ERROR 142 A.cec9e090ae538d190220f059017b75b84 (Thread 142) ProcID (27868) - System.TimeoutException: The request channel timed out while waiting for a reply after 00:04:55.6189949. Increase the timeout value passed to the call to Request or increase the SendTimeout value on the Binding. The time allotted to this operation may have been a portion of a longer timeout. ---> System.TimeoutException: The socket transfer timed out after 00:04:59.9950000. You have exceeded the timeout set on your binding. The time allotted to this operation may have been a portion of a longer timeout. ---> System.IO.IOException: The read operation failed, see inner exception. ---> System.TimeoutException: The socket transfer timed out after 00:04:59.9950000. You have exceeded the timeout set on your binding. The time allotted to this operation may have been a portion of a longer timeout. ---> System.Net.Sockets.SocketException: A connection attempt failed because the connected party did not properly respond after a period of time, or established connection failed because connected host has failed to respond
   at System.Net.Sockets.Socket.Receive(Byte[] buffer, Int32 offset, Int32 size, SocketFlags socketFlags)
   at System.ServiceModel.Channels.SocketConnection.ReadCore(Byte[] buffer, Int32 offset, Int32 size, TimeSpan timeout, Boolean closing)
   --- End of inner exception stack trace ---
   at System.ServiceModel.Channels.SocketConnection.ReadCore(Byte[] buffer, Int32 offset, Int32 size, TimeSpan timeout, Boolean closing)
   at System.ServiceModel.Channels.SocketConnection.Read(Byte[] buffer, Int32 offset, Int32 size, TimeSpan timeout)
   at System.ServiceModel.Channels.DelegatingConnection.Read(Byte[] buffer, Int32 offset, Int32 size, TimeSpan timeout)
   at System.ServiceModel.Channels.ConnectionStream.Read(Byte[] buffer, Int32 offset, Int32 count)
   at System.Net.FixedSizeReader.ReadPacket(Byte[] buffer, Int32 offset, Int32 count)
   at System.Net.Security.NegotiateStream.StartFrameHeader(Byte[] buffer, Int32 offset, Int32 count, AsyncProtocolRequest asyncRequest)
   at System.Net.Security.NegotiateStream.ProcessRead(Byte[] buffer, Int32 offset, Int32 count, AsyncProtocolRequest asyncRequest)
   --- End of inner exception stack trace ---
   at System.Net.Security.NegotiateStream.ProcessRead(Byte[] buffer, Int32 offset, Int32 count, AsyncProtocolRequest asyncRequest)
   at System.Net.Security.NegotiateStream.Read(Byte[] buffer, Int32 offset, Int32 count)
   at System.ServiceModel.Channels.StreamConnection.Read(Byte[] buffer, Int32 offset, Int32 size, TimeSpan timeout)
   --- End of inner exception stack trace ---
   at System.ServiceModel.Channels.StreamConnection.Read(Byte[] buffer, Int32 offset, Int32 size, TimeSpan timeout)
   at System.ServiceModel.Channels.SingletonConnectionReader.Receive(TimeSpan timeout)
   at System.ServiceModel.Channels.StreamedFramingRequestChannel.StreamedFramingRequest.WaitForReply(TimeSpan timeout)
   at System.ServiceModel.Channels.RequestChannel.Request(Message message, TimeSpan timeout)
   --- End of inner exception stack trace ---

Server stack trace: 
   at System.ServiceModel.Channels.RequestChannel.Request(Message message, TimeSpan timeout)
   at System.ServiceModel.Channels.TransactionRequestChannelGeneric`1.Request(Message message, TimeSpan timeout)
   at System.ServiceModel.Dispatcher.RequestChannelBinder.Request(Message message, TimeSpan timeout)
   at System.ServiceModel.Channels.ServiceChannel.Call(String action, Boolean oneway, ProxyOperationRuntime operation, Object[] ins, Object[] outs, TimeSpan timeout)
   at System.ServiceModel.Channels.ServiceChannelProxy.InvokeService(IMethodCallMessage methodCall, ProxyOperationRuntime operation)
   at System.ServiceModel.Channels.ServiceChannelProxy.Invoke(IMessage message)

Exception rethrown at [0]: 
   at System.Runtime.Remoting.Proxies.RealProxy.HandleReturnMessage(IMessage reqMsg, IMessage retMsg)
   at System.Runtime.Remoting.Proxies.RealProxy.PrivateInvoke(MessageData& msgData, Int32 type)
   at Petex.Service.RequestProcessor.IWcfStreamResponseProcessor.Process(MessageRequest request)
   at A.cec9e090ae538d190220f059017b75b84.Process(MessageRequest request)

method : Process([Petex.Service.RequestProcessor.MessageRequest] request = Petex.Service.RequestProcessor.MessageRequest)

2018/09/22 04:10:11.304 ERROR 232 Petex.IFM.IVM.VisualWorkflowService.c1c13b709b3df317d725c923928032d5a - An error occurred while getting bulk results.
Details:
System.TimeoutException: The request channel timed out while waiting for a reply after 00:04:55.6189949. Increase the timeout value passed to the call to Request or increase the SendTimeout value on the Binding. The time allotted to this operation may have been a portion of a longer timeout. ---> System.TimeoutException: The socket transfer timed out after 00:04:59.9950000. You have exceeded the timeout set on your binding. The time allotted to this operation may have been a portion of a longer timeout. ---> System.IO.IOException: The read operation failed, see inner exception. ---> System.TimeoutException: The socket transfer timed out after 00:04:59.9950000. You have exceeded the timeout set on your binding. The time allotted to this operation may have been a portion of a longer timeout. ---> System.Net.Sockets.SocketException: A connection attempt failed because the connected party did not properly respond after a period of time, or established connection failed because connected host has failed to respond
   at System.Net.Sockets.Socket.Receive(Byte[] buffer, Int32 offset, Int32 size, SocketFlags socketFlags)
   at System.ServiceModel.Channels.SocketConnection.ReadCore(Byte[] buffer, Int32 offset, Int32 size, TimeSpan timeout, Boolean closing)
   --- End of inner exception stack trace ---
   at System.ServiceModel.Channels.SocketConnection.ReadCore(Byte[] buffer, Int32 offset, Int32 size, TimeSpan timeout, Boolean closing)
   at System.ServiceModel.Channels.SocketConnection.Read(Byte[] buffer, Int32 offset, Int32 size, TimeSpan timeout)
   at System.ServiceModel.Channels.DelegatingConnection.Read(Byte[] buffer, Int32 offset, Int32 size, TimeSpan timeout)
   at System.ServiceModel.Channels.ConnectionStream.Read(Byte[] buffer, Int32 offset, Int32 count)
   at System.Net.FixedSizeReader.ReadPacket(Byte[] buffer, Int32 offset, Int32 count)
   at System.Net.Security.NegotiateStream.StartFrameHeader(Byte[] buffer, Int32 offset, Int32 count, AsyncProtocolRequest asyncRequest)
   at System.Net.Security.NegotiateStream.ProcessRead(Byte[] buffer, Int32 offset, Int32 count, AsyncProtocolRequest asyncRequest)
   --- End of inner exception stack trace ---
   at System.Net.Security.NegotiateStream.ProcessRead(Byte[] buffer, Int32 offset, Int32 count, AsyncProtocolRequest asyncRequest)
   at System.Net.Security.NegotiateStream.Read(Byte[] buffer, Int32 offset, Int32 count)
   at System.ServiceModel.Channels.StreamConnection.Read(Byte[] buffer, Int32 offset, Int32 size, TimeSpan timeout)
   --- End of inner exception stack trace ---
   at System.ServiceModel.Channels.StreamConnection.Read(Byte[] buffer, Int32 offset, Int32 size, TimeSpan timeout)
   at System.ServiceModel.Channels.SingletonConnectionReader.Receive(TimeSpan timeout)
   at System.ServiceModel.Channels.StreamedFramingRequestChannel.StreamedFramingRequest.WaitForReply(TimeSpan timeout)
   at System.ServiceModel.Channels.RequestChannel.Request(Message message, TimeSpan timeout)
   --- End of inner exception stack trace ---

Server stack trace: 
   at System.ServiceModel.Channels.RequestChannel.Request(Message message, TimeSpan timeout)
   at System.ServiceModel.Channels.TransactionRequestChannelGeneric`1.Request(Message message, TimeSpan timeout)
   at System.ServiceModel.Dispatcher.RequestChannelBinder.Request(Message message, TimeSpan timeout)
   at System.ServiceModel.Channels.ServiceChannel.Call(String action, Boolean oneway, ProxyOperationRuntime operation, Object[] ins, Object[] outs, TimeSpan timeout)
   at System.ServiceModel.Channels.ServiceChannelProxy.InvokeService(IMethodCallMessage methodCall, ProxyOperationRuntime operation)
   at System.ServiceModel.Channels.ServiceChannelProxy.Invoke(IMessage message)

Exception rethrown at [0]: 
   at A.c22aefe7f39df3d678dba160428b769f4.c0c4ec95a682cbefc208f4f3eb80ff6ad[c5e2460f6ebc534efe90b3230b7797cb4](Func`1 c3c081f340dcdf79e192d50757bce0bee)
   at A.c42ccb3c762729e5c1ed9dd9fb21f7a51.c2a035223c95353a451d486528bb968ce(DateTime ca50651d185b346c217028862887f6062, List`1 c94623007ea3b221db43a7a5c991a9cac, Int32 c27485bd6dedf79f29eccbe33aefab814, DateTime cc0b7aac23bdedea569c99b9f01ab5798, DateTime ca917bd7d663d59239d097b255d937590)
   at Petex.IFM.IVM.VisualWorkflowService.c1c13b709b3df317d725c923928032d5a(c0a78f935034ea252425562b3db1ea988 cc462e40687a776088a0f60dcc4dee4c5, VisualWorkflowResultOptions c97464e7151b310fab45ca8e18c9bbc4d)
2018/09/22 04:15:10.587 ERROR 184 A.cec9e090ae538d190220f059017b75b84.Process - System.TimeoutException: The request channel timed out while waiting for a reply after 00:04:56.5589969. Increase the timeout value passed to the call to Request or increase the SendTimeout value on the Binding. The time allotted to this operation may have been a portion of a longer timeout. ---> System.TimeoutException: The socket transfer timed out after 00:04:59.9940000. You have exceeded the timeout set on your binding. The time allotted to this operation may have been a portion of a longer timeout. ---> System.IO.IOException: The read operation failed, see inner exception. ---> System.TimeoutException: The socket transfer timed out after 00:04:59.9940000. You have exceeded the timeout set on your binding. The time allotted to this operation may have been a portion of a longer timeout. ---> System.Net.Sockets.SocketException: A connection attempt failed because the connected party did not properly respond after a period of time, or established connection failed because connected host has failed to respond
   at System.Net.Sockets.Socket.Receive(Byte[] buffer, Int32 offset, Int32 size, SocketFlags socketFlags)
   at System.ServiceModel.Channels.SocketConnection.ReadCore(Byte[] buffer, Int32 offset, Int32 size, TimeSpan timeout, Boolean closing)
   --- End of inner exception stack trace ---
   at System.ServiceModel.Channels.SocketConnection.ReadCore(Byte[] buffer, Int32 offset, Int32 size, TimeSpan timeout, Boolean closing)
   at System.ServiceModel.Channels.SocketConnection.Read(Byte[] buffer, Int32 offset, Int32 size, TimeSpan timeout)
   at System.ServiceModel.Channels.DelegatingConnection.Read(Byte[] buffer, Int32 offset, Int32 size, TimeSpan timeout)
   at System.ServiceModel.Channels.ConnectionStream.Read(Byte[] buffer, Int32 offset, Int32 count)
   at System.Net.FixedSizeReader.ReadPacket(Byte[] buffer, Int32 offset, Int32 count)
   at System.Net.Security.NegotiateStream.StartFrameHeader(Byte[] buffer, Int32 offset, Int32 count, AsyncProtocolRequest asyncRequest)
   at System.Net.Security.NegotiateStream.ProcessRead(Byte[] buffer, Int32 offset, Int32 count, AsyncProtocolRequest asyncRequest)
   --- End of inner exception stack trace ---
   at System.Net.Security.NegotiateStream.ProcessRead(Byte[] buffer, Int32 offset, Int32 count, AsyncProtocolRequest asyncRequest)
   at System.Net.Security.NegotiateStream.Read(Byte[] buffer, Int32 offset, Int32 count)
   at System.ServiceModel.Channels.StreamConnection.Read(Byte[] buffer, Int32 offset, Int32 size, TimeSpan timeout)
   --- End of inner exception stack trace ---
   at System.ServiceModel.Channels.StreamConnection.Read(Byte[] buffer, Int32 offset, Int32 size, TimeSpan timeout)
   at System.ServiceModel.Channels.SingletonConnectionReader.Receive(TimeSpan timeout)
   at System.ServiceModel.Channels.StreamedFramingRequestChannel.StreamedFramingRequest.WaitForReply(TimeSpan timeout)
   at System.ServiceModel.Channels.RequestChannel.Request(Message message, TimeSpan timeout)
   --- End of inner exception stack trace ---

Server stack trace: 
   at System.ServiceModel.Channels.RequestChannel.Request(Message message, TimeSpan timeout)
   at System.ServiceModel.Channels.TransactionRequestChannelGeneric`1.Request(Message message, TimeSpan timeout)
   at System.ServiceModel.Dispatcher.RequestChannelBinder.Request(Message message, TimeSpan timeout)
   at System.ServiceModel.Channels.ServiceChannel.Call(String action, Boolean oneway, ProxyOperationRuntime operation, Object[] ins, Object[] outs, TimeSpan timeout)
   at System.ServiceModel.Channels.ServiceChannelProxy.InvokeService(IMethodCallMessage methodCall, ProxyOperationRuntime operation)
   at System.ServiceModel.Channels.ServiceChannelProxy.Invoke(IMessage message)

Exception rethrown at [0]: 
   at System.Runtime.Remoting.Proxies.RealProxy.HandleReturnMessage(IMessage reqMsg, IMessage retMsg)
   at System.Runtime.Remoting.Proxies.RealProxy.PrivateInvoke(MessageData& msgData, Int32 type)
   at Petex.Service.RequestProcessor.IWcfStreamResponseProcessor.Process(MessageRequest request)
   at A.cec9e090ae538d190220f059017b75b84.Process(MessageRequest request)
Details:
System.TimeoutException: The request channel timed out while waiting for a reply after 00:04:56.5589969. Increase the timeout value passed to the call to Request or increase the SendTimeout value on the Binding. The time allotted to this operation may have been a portion of a longer timeout. ---> System.TimeoutException: The socket transfer timed out after 00:04:59.9940000. You have exceeded the timeout set on your binding. The time allotted to this operation may have been a portion of a longer timeout. ---> System.IO.IOException: The read operation failed, see inner exception. ---> System.TimeoutException: The socket transfer timed out after 00:04:59.9940000. You have exceeded the timeout set on your binding. The time allotted to this operation may have been a portion of a longer timeout. ---> System.Net.Sockets.SocketException: A connection attempt failed because the connected party did not properly respond after a period of time, or established connection failed because connected host has failed to respond
   at System.Net.Sockets.Socket.Receive(Byte[] buffer, Int32 offset, Int32 size, SocketFlags socketFlags)
   at System.ServiceModel.Channels.SocketConnection.ReadCore(Byte[] buffer, Int32 offset, Int32 size, TimeSpan timeout, Boolean closing)
   --- End of inner exception stack trace ---
   at System.ServiceModel.Channels.SocketConnection.ReadCore(Byte[] buffer, Int32 offset, Int32 size, TimeSpan timeout, Boolean closing)
   at System.ServiceModel.Channels.SocketConnection.Read(Byte[] buffer, Int32 offset, Int32 size, TimeSpan timeout)
   at System.ServiceModel.Channels.DelegatingConnection.Read(Byte[] buffer, Int32 offset, Int32 size, TimeSpan timeout)
   at System.ServiceModel.Channels.ConnectionStream.Read(Byte[] buffer, Int32 offset, Int32 count)
   at System.Net.FixedSizeReader.ReadPacket(Byte[] buffer, Int32 offset, Int32 count)
   at System.Net.Security.NegotiateStream.StartFrameHeader(Byte[] buffer, Int32 offset, Int32 count, AsyncProtocolRequest asyncRequest)
   at System.Net.Security.NegotiateStream.ProcessRead(Byte[] buffer, Int32 offset, Int32 count, AsyncProtocolRequest asyncRequest)
   --- End of inner exception stack trace ---
   at System.Net.Security.NegotiateStream.ProcessRead(Byte[] buffer, Int32 offset, Int32 count, AsyncProtocolRequest asyncRequest)
   at System.Net.Security.NegotiateStream.Read(Byte[] buffer, Int32 offset, Int32 count)
   at System.ServiceModel.Channels.StreamConnection.Read(Byte[] buffer, Int32 offset, Int32 size, TimeSpan timeout)
   --- End of inner exception stack trace ---
   at System.ServiceModel.Channels.StreamConnection.Read(Byte[] buffer, Int32 offset, Int32 size, TimeSpan timeout)
   at System.ServiceModel.Channels.SingletonConnectionReader.Receive(TimeSpan timeout)
   at System.ServiceModel.Channels.StreamedFramingRequestChannel.StreamedFramingRequest.WaitForReply(TimeSpan timeout)
   at System.ServiceModel.Channels.RequestChannel.Request(Message message, TimeSpan timeout)
   --- End of inner exception stack trace ---

Server stack trace: 
   at System.ServiceModel.Channels.RequestChannel.Request(Message message, TimeSpan timeout)
   at System.ServiceModel.Channels.TransactionRequestChannelGeneric`1.Request(Message message, TimeSpan timeout)
   at System.ServiceModel.Dispatcher.RequestChannelBinder.Request(Message message, TimeSpan timeout)
   at System.ServiceModel.Channels.ServiceChannel.Call(String action, Boolean oneway, ProxyOperationRuntime operation, Object[] ins, Object[] outs, TimeSpan timeout)
   at System.ServiceModel.Channels.ServiceChannelProxy.InvokeService(IMethodCallMessage methodCall, ProxyOperationRuntime operation)
   at System.ServiceModel.Channels.ServiceChannelProxy.Invoke(IMessage message)

Exception rethrown at [0]: 
   at System.Runtime.Remoting.Proxies.RealProxy.HandleReturnMessage(IMessage reqMsg, IMessage retMsg)
   at System.Runtime.Remoting.Proxies.RealProxy.PrivateInvoke(MessageData& msgData, Int32 type)
   at Petex.Service.RequestProcessor.IWcfStreamResponseProcessor.Process(MessageRequest request)
   at A.cec9e090ae538d190220f059017b75b84.Process(MessageRequest request)
2018/09/22 04:15:10.591 ERROR 184 A.cec9e090ae538d190220f059017b75b84 (Thread 184) ProcID (27868) - System.TimeoutException: The request channel timed out while waiting for a reply after 00:04:56.5589969. Increase the timeout value passed to the call to Request or increase the SendTimeout value on the Binding. The time allotted to this operation may have been a portion of a longer timeout. ---> System.TimeoutException: The socket transfer timed out after 00:04:59.9940000. You have exceeded the timeout set on your binding. The time allotted to this operation may have been a portion of a longer timeout. ---> System.IO.IOException: The read operation failed, see inner exception. ---> System.TimeoutException: The socket transfer timed out after 00:04:59.9940000. You have exceeded the timeout set on your binding. The time allotted to this operation may have been a portion of a longer timeout. ---> System.Net.Sockets.SocketException: A connection attempt failed because the connected party did not properly respond after a period of time, or established connection failed because connected host has failed to respond
   at System.Net.Sockets.Socket.Receive(Byte[] buffer, Int32 offset, Int32 size, SocketFlags socketFlags)
   at System.ServiceModel.Channels.SocketConnection.ReadCore(Byte[] buffer, Int32 offset, Int32 size, TimeSpan timeout, Boolean closing)
   --- End of inner exception stack trace ---
   at System.ServiceModel.Channels.SocketConnection.ReadCore(Byte[] buffer, Int32 offset, Int32 size, TimeSpan timeout, Boolean closing)
   at System.ServiceModel.Channels.SocketConnection.Read(Byte[] buffer, Int32 offset, Int32 size, TimeSpan timeout)
   at System.ServiceModel.Channels.DelegatingConnection.Read(Byte[] buffer, Int32 offset, Int32 size, TimeSpan timeout)
   at System.ServiceModel.Channels.ConnectionStream.Read(Byte[] buffer, Int32 offset, Int32 count)
   at System.Net.FixedSizeReader.ReadPacket(Byte[] buffer, Int32 offset, Int32 count)
   at System.Net.Security.NegotiateStream.StartFrameHeader(Byte[] buffer, Int32 offset, Int32 count, AsyncProtocolRequest asyncRequest)
   at System.Net.Security.NegotiateStream.ProcessRead(Byte[] buffer, Int32 offset, Int32 count, AsyncProtocolRequest asyncRequest)
   --- End of inner exception stack trace ---
   at System.Net.Security.NegotiateStream.ProcessRead(Byte[] buffer, Int32 offset, Int32 count, AsyncProtocolRequest asyncRequest)
   at System.Net.Security.NegotiateStream.Read(Byte[] buffer, Int32 offset, Int32 count)
   at System.ServiceModel.Channels.StreamConnection.Read(Byte[] buffer, Int32 offset, Int32 size, TimeSpan timeout)
   --- End of inner exception stack trace ---
   at System.ServiceModel.Channels.StreamConnection.Read(Byte[] buffer, Int32 offset, Int32 size, TimeSpan timeout)
   at System.ServiceModel.Channels.SingletonConnectionReader.Receive(TimeSpan timeout)
   at System.ServiceModel.Channels.StreamedFramingRequestChannel.StreamedFramingRequest.WaitForReply(TimeSpan timeout)
   at System.ServiceModel.Channels.RequestChannel.Request(Message message, TimeSpan timeout)
   --- End of inner exception stack trace ---

Server stack trace: 
   at System.ServiceModel.Channels.RequestChannel.Request(Message message, TimeSpan timeout)
   at System.ServiceModel.Channels.TransactionRequestChannelGeneric`1.Request(Message message, TimeSpan timeout)
   at System.ServiceModel.Dispatcher.RequestChannelBinder.Request(Message message, TimeSpan timeout)
   at System.ServiceModel.Channels.ServiceChannel.Call(String action, Boolean oneway, ProxyOperationRuntime operation, Object[] ins, Object[] outs, TimeSpan timeout)
   at System.ServiceModel.Channels.ServiceChannelProxy.InvokeService(IMethodCallMessage methodCall, ProxyOperationRuntime operation)
   at System.ServiceModel.Channels.ServiceChannelProxy.Invoke(IMessage message)

Exception rethrown at [0]: 
   at System.Runtime.Remoting.Proxies.RealProxy.HandleReturnMessage(IMessage reqMsg, IMessage retMsg)
   at System.Runtime.Remoting.Proxies.RealProxy.PrivateInvoke(MessageData& msgData, Int32 type)
   at Petex.Service.RequestProcessor.IWcfStreamResponseProcessor.Process(MessageRequest request)
   at A.cec9e090ae538d190220f059017b75b84.Process(MessageRequest request)

method : Process([Petex.Service.RequestProcessor.MessageRequest] request = Petex.Service.RequestProcessor.MessageRequest)

2018/09/22 04:15:10.593 ERROR 203 Petex.IFM.IVM.VisualWorkflowService.c1c13b709b3df317d725c923928032d5a - An error occurred while getting bulk results.
Details:
System.TimeoutException: The request channel timed out while waiting for a reply after 00:04:56.5589969. Increase the timeout value passed to the call to Request or increase the SendTimeout value on the Binding. The time allotted to this operation may have been a portion of a longer timeout. ---> System.TimeoutException: The socket transfer timed out after 00:04:59.9940000. You have exceeded the timeout set on your binding. The time allotted to this operation may have been a portion of a longer timeout. ---> System.IO.IOException: The read operation failed, see inner exception. ---> System.TimeoutException: The socket transfer timed out after 00:04:59.9940000. You have exceeded the timeout set on your binding. The time allotted to this operation may have been a portion of a longer timeout. ---> System.Net.Sockets.SocketException: A connection attempt failed because the connected party did not properly respond after a period of time, or established connection failed because connected host has failed to respond
   at System.Net.Sockets.Socket.Receive(Byte[] buffer, Int32 offset, Int32 size, SocketFlags socketFlags)
   at System.ServiceModel.Channels.SocketConnection.ReadCore(Byte[] buffer, Int32 offset, Int32 size, TimeSpan timeout, Boolean closing)
   --- End of inner exception stack trace ---
   at System.ServiceModel.Channels.SocketConnection.ReadCore(Byte[] buffer, Int32 offset, Int32 size, TimeSpan timeout, Boolean closing)
   at System.ServiceModel.Channels.SocketConnection.Read(Byte[] buffer, Int32 offset, Int32 size, TimeSpan timeout)
   at System.ServiceModel.Channels.DelegatingConnection.Read(Byte[] buffer, Int32 offset, Int32 size, TimeSpan timeout)
   at System.ServiceModel.Channels.ConnectionStream.Read(Byte[] buffer, Int32 offset, Int32 count)
   at System.Net.FixedSizeReader.ReadPacket(Byte[] buffer, Int32 offset, Int32 count)
   at System.Net.Security.NegotiateStream.StartFrameHeader(Byte[] buffer, Int32 offset, Int32 count, AsyncProtocolRequest asyncRequest)
   at System.Net.Security.NegotiateStream.ProcessRead(Byte[] buffer, Int32 offset, Int32 count, AsyncProtocolRequest asyncRequest)
   --- End of inner exception stack trace ---
   at System.Net.Security.NegotiateStream.ProcessRead(Byte[] buffer, Int32 offset, Int32 count, AsyncProtocolRequest asyncRequest)
   at System.Net.Security.NegotiateStream.Read(Byte[] buffer, Int32 offset, Int32 count)
   at System.ServiceModel.Channels.StreamConnection.Read(Byte[] buffer, Int32 offset, Int32 size, TimeSpan timeout)
   --- End of inner exception stack trace ---
   at System.ServiceModel.Channels.StreamConnection.Read(Byte[] buffer, Int32 offset, Int32 size, TimeSpan timeout)
   at System.ServiceModel.Channels.SingletonConnectionReader.Receive(TimeSpan timeout)
   at System.ServiceModel.Channels.StreamedFramingRequestChannel.StreamedFramingRequest.WaitForReply(TimeSpan timeout)
   at System.ServiceModel.Channels.RequestChannel.Request(Message message, TimeSpan timeout)
   --- End of inner exception stack trace ---

Server stack trace: 
   at System.ServiceModel.Channels.RequestChannel.Request(Message message, TimeSpan timeout)
   at System.ServiceModel.Channels.TransactionRequestChannelGeneric`1.Request(Message message, TimeSpan timeout)
   at System.ServiceModel.Dispatcher.RequestChannelBinder.Request(Message message, TimeSpan timeout)
   at System.ServiceModel.Channels.ServiceChannel.Call(String action, Boolean oneway, ProxyOperationRuntime operation, Object[] ins, Object[] outs, TimeSpan timeout)
   at System.ServiceModel.Channels.ServiceChannelProxy.InvokeService(IMethodCallMessage methodCall, ProxyOperationRuntime operation)
   at System.ServiceModel.Channels.ServiceChannelProxy.Invoke(IMessage message)

Exception rethrown at [0]: 
   at A.c22aefe7f39df3d678dba160428b769f4.c0c4ec95a682cbefc208f4f3eb80ff6ad[c5e2460f6ebc534efe90b3230b7797cb4](Func`1 c3c081f340dcdf79e192d50757bce0bee)
   at A.c42ccb3c762729e5c1ed9dd9fb21f7a51.c2a035223c95353a451d486528bb968ce(DateTime ca50651d185b346c217028862887f6062, List`1 c94623007ea3b221db43a7a5c991a9cac, Int32 c27485bd6dedf79f29eccbe33aefab814, DateTime cc0b7aac23bdedea569c99b9f01ab5798, DateTime ca917bd7d663d59239d097b255d937590)
   at Petex.IFM.IVM.VisualWorkflowService.c1c13b709b3df317d725c923928032d5a(c0a78f935034ea252425562b3db1ea988 cc462e40687a776088a0f60dcc4dee4c5, VisualWorkflowResultOptions c97464e7151b310fab45ca8e18c9bbc4d)
2018/09/22 04:15:34.875 INFO  317 A.cdc551499db0039f956e1d0666bfd1504.ca3aa6b2f13c2c1bc9c646f6abf33ed07 - Changing service from :0 to HOUMSEOSIFM007:8787
2018/09/22 04:20:34.919 INFO  131 A.cdc551499db0039f956e1d0666bfd1504.ca3aa6b2f13c2c1bc9c646f6abf33ed07 - Changing service from :0 to HOUMSEOSIFM007:8787
2018/09/22 04:20:42.317 ERROR 370 A.cec9e090ae538d190220f059017b75b84.Process - System.TimeoutException: The request channel timed out while waiting for a reply after 00:04:56.0750038. Increase the timeout value passed to the call to Request or increase the SendTimeout value on the Binding. The time allotted to this operation may have been a portion of a longer timeout. ---> System.TimeoutException: The socket transfer timed out after 00:04:59.9930000. You have exceeded the timeout set on your binding. The time allotted to this operation may have been a portion of a longer timeout. ---> System.IO.IOException: The read operation failed, see inner exception. ---> System.TimeoutException: The socket transfer timed out after 00:04:59.9930000. You have exceeded the timeout set on your binding. The time allotted to this operation may have been a portion of a longer timeout. ---> System.Net.Sockets.SocketException: A connection attempt failed because the connected party did not properly respond after a period of time, or established connection failed because connected host has failed to respond
   at System.Net.Sockets.Socket.Receive(Byte[] buffer, Int32 offset, Int32 size, SocketFlags socketFlags)
   at System.ServiceModel.Channels.SocketConnection.ReadCore(Byte[] buffer, Int32 offset, Int32 size, TimeSpan timeout, Boolean closing)
   --- End of inner exception stack trace ---
   at System.ServiceModel.Channels.SocketConnection.ReadCore(Byte[] buffer, Int32 offset, Int32 size, TimeSpan timeout, Boolean closing)
   at System.ServiceModel.Channels.SocketConnection.Read(Byte[] buffer, Int32 offset, Int32 size, TimeSpan timeout)
   at System.ServiceModel.Channels.DelegatingConnection.Read(Byte[] buffer, Int32 offset, Int32 size, TimeSpan timeout)
   at System.ServiceModel.Channels.ConnectionStream.Read(Byte[] buffer, Int32 offset, Int32 count)
   at System.Net.FixedSizeReader.ReadPacket(Byte[] buffer, Int32 offset, Int32 count)
   at System.Net.Security.NegotiateStream.StartFrameHeader(Byte[] buffer, Int32 offset, Int32 count, AsyncProtocolRequest asyncRequest)
   at System.Net.Security.NegotiateStream.ProcessRead(Byte[] buffer, Int32 offset, Int32 count, AsyncProtocolRequest asyncRequest)
   --- End of inner exception stack trace ---
   at System.Net.Security.NegotiateStream.ProcessRead(Byte[] buffer, Int32 offset, Int32 count, AsyncProtocolRequest asyncRequest)
   at System.Net.Security.NegotiateStream.Read(Byte[] buffer, Int32 offset, Int32 count)
   at System.ServiceModel.Channels.StreamConnection.Read(Byte[] buffer, Int32 offset, Int32 size, TimeSpan timeout)
   --- End of inner exception stack trace ---
   at System.ServiceModel.Channels.StreamConnection.Read(Byte[] buffer, Int32 offset, Int32 size, TimeSpan timeout)
   at System.ServiceModel.Channels.SingletonConnectionReader.Receive(TimeSpan timeout)
   at System.ServiceModel.Channels.StreamedFramingRequestChannel.StreamedFramingRequest.WaitForReply(TimeSpan timeout)
   at System.ServiceModel.Channels.RequestChannel.Request(Message message, TimeSpan timeout)
   --- End of inner exception stack trace ---

Server stack trace: 
   at System.ServiceModel.Channels.RequestChannel.Request(Message message, TimeSpan timeout)
   at System.ServiceModel.Channels.TransactionRequestChannelGeneric`1.Request(Message message, TimeSpan timeout)
   at System.ServiceModel.Dispatcher.RequestChannelBinder.Request(Message message, TimeSpan timeout)
   at System.ServiceModel.Channels.ServiceChannel.Call(String action, Boolean oneway, ProxyOperationRuntime operation, Object[] ins, Object[] outs, TimeSpan timeout)
   at System.ServiceModel.Channels.ServiceChannelProxy.InvokeService(IMethodCallMessage methodCall, ProxyOperationRuntime operation)
   at System.ServiceModel.Channels.ServiceChannelProxy.Invoke(IMessage message)

Exception rethrown at [0]: 
   at System.Runtime.Remoting.Proxies.RealProxy.HandleReturnMessage(IMessage reqMsg, IMessage retMsg)
   at System.Runtime.Remoting.Proxies.RealProxy.PrivateInvoke(MessageData& msgData, Int32 type)
   at Petex.Service.RequestProcessor.IWcfStreamResponseProcessor.Process(MessageRequest request)
   at A.cec9e090ae538d190220f059017b75b84.Process(MessageRequest request)
Details:
System.TimeoutException: The request channel timed out while waiting for a reply after 00:04:56.0750038. Increase the timeout value passed to the call to Request or increase the SendTimeout value on the Binding. The time allotted to this operation may have been a portion of a longer timeout. ---> System.TimeoutException: The socket transfer timed out after 00:04:59.9930000. You have exceeded the timeout set on your binding. The time allotted to this operation may have been a portion of a longer timeout. ---> System.IO.IOException: The read operation failed, see inner exception. ---> System.TimeoutException: The socket transfer timed out after 00:04:59.9930000. You have exceeded the timeout set on your binding. The time allotted to this operation may have been a portion of a longer timeout. ---> System.Net.Sockets.SocketException: A connection attempt failed because the connected party did not properly respond after a period of time, or established connection failed because connected host has failed to respond
   at System.Net.Sockets.Socket.Receive(Byte[] buffer, Int32 offset, Int32 size, SocketFlags socketFlags)
   at System.ServiceModel.Channels.SocketConnection.ReadCore(Byte[] buffer, Int32 offset, Int32 size, TimeSpan timeout, Boolean closing)
   --- End of inner exception stack trace ---
   at System.ServiceModel.Channels.SocketConnection.ReadCore(Byte[] buffer, Int32 offset, Int32 size, TimeSpan timeout, Boolean closing)
   at System.ServiceModel.Channels.SocketConnection.Read(Byte[] buffer, Int32 offset, Int32 size, TimeSpan timeout)
   at System.ServiceModel.Channels.DelegatingConnection.Read(Byte[] buffer, Int32 offset, Int32 size, TimeSpan timeout)
   at System.ServiceModel.Channels.ConnectionStream.Read(Byte[] buffer, Int32 offset, Int32 count)
   at System.Net.FixedSizeReader.ReadPacket(Byte[] buffer, Int32 offset, Int32 count)
   at System.Net.Security.NegotiateStream.StartFrameHeader(Byte[] buffer, Int32 offset, Int32 count, AsyncProtocolRequest asyncRequest)
   at System.Net.Security.NegotiateStream.ProcessRead(Byte[] buffer, Int32 offset, Int32 count, AsyncProtocolRequest asyncRequest)
   --- End of inner exception stack trace ---
   at System.Net.Security.NegotiateStream.ProcessRead(Byte[] buffer, Int32 offset, Int32 count, AsyncProtocolRequest asyncRequest)
   at System.Net.Security.NegotiateStream.Read(Byte[] buffer, Int32 offset, Int32 count)
   at System.ServiceModel.Channels.StreamConnection.Read(Byte[] buffer, Int32 offset, Int32 size, TimeSpan timeout)
   --- End of inner exception stack trace ---
   at System.ServiceModel.Channels.StreamConnection.Read(Byte[] buffer, Int32 offset, Int32 size, TimeSpan timeout)
   at System.ServiceModel.Channels.SingletonConnectionReader.Receive(TimeSpan timeout)
   at System.ServiceModel.Channels.StreamedFramingRequestChannel.StreamedFramingRequest.WaitForReply(TimeSpan timeout)
   at System.ServiceModel.Channels.RequestChannel.Request(Message message, TimeSpan timeout)
   --- End of inner exception stack trace ---

Server stack trace: 
   at System.ServiceModel.Channels.RequestChannel.Request(Message message, TimeSpan timeout)
   at System.ServiceModel.Channels.TransactionRequestChannelGeneric`1.Request(Message message, TimeSpan timeout)
   at System.ServiceModel.Dispatcher.RequestChannelBinder.Request(Message message, TimeSpan timeout)
   at System.ServiceModel.Channels.ServiceChannel.Call(String action, Boolean oneway, ProxyOperationRuntime operation, Object[] ins, Object[] outs, TimeSpan timeout)
   at System.ServiceModel.Channels.ServiceChannelProxy.InvokeService(IMethodCallMessage methodCall, ProxyOperationRuntime operation)
   at System.ServiceModel.Channels.ServiceChannelProxy.Invoke(IMessage message)

Exception rethrown at [0]: 
   at System.Runtime.Remoting.Proxies.RealProxy.HandleReturnMessage(IMessage reqMsg, IMessage retMsg)
   at System.Runtime.Remoting.Proxies.RealProxy.PrivateInvoke(MessageData& msgData, Int32 type)
   at Petex.Service.RequestProcessor.IWcfStreamResponseProcessor.Process(MessageRequest request)
   at A.cec9e090ae538d190220f059017b75b84.Process(MessageRequest request)
2018/09/22 04:20:42.321 ERROR 370 A.cec9e090ae538d190220f059017b75b84 (Thread 370) ProcID (27868) - System.TimeoutException: The request channel timed out while waiting for a reply after 00:04:56.0750038. Increase the timeout value passed to the call to Request or increase the SendTimeout value on the Binding. The time allotted to this operation may have been a portion of a longer timeout. ---> System.TimeoutException: The socket transfer timed out after 00:04:59.9930000. You have exceeded the timeout set on your binding. The time allotted to this operation may have been a portion of a longer timeout. ---> System.IO.IOException: The read operation failed, see inner exception. ---> System.TimeoutException: The socket transfer timed out after 00:04:59.9930000. You have exceeded the timeout set on your binding. The time allotted to this operation may have been a portion of a longer timeout. ---> System.Net.Sockets.SocketException: A connection attempt failed because the connected party did not properly respond after a period of time, or established connection failed because connected host has failed to respond
   at System.Net.Sockets.Socket.Receive(Byte[] buffer, Int32 offset, Int32 size, SocketFlags socketFlags)
   at System.ServiceModel.Channels.SocketConnection.ReadCore(Byte[] buffer, Int32 offset, Int32 size, TimeSpan timeout, Boolean closing)
   --- End of inner exception stack trace ---
   at System.ServiceModel.Channels.SocketConnection.ReadCore(Byte[] buffer, Int32 offset, Int32 size, TimeSpan timeout, Boolean closing)
   at System.ServiceModel.Channels.SocketConnection.Read(Byte[] buffer, Int32 offset, Int32 size, TimeSpan timeout)
   at System.ServiceModel.Channels.DelegatingConnection.Read(Byte[] buffer, Int32 offset, Int32 size, TimeSpan timeout)
   at System.ServiceModel.Channels.ConnectionStream.Read(Byte[] buffer, Int32 offset, Int32 count)
   at System.Net.FixedSizeReader.ReadPacket(Byte[] buffer, Int32 offset, Int32 count)
   at System.Net.Security.NegotiateStream.StartFrameHeader(Byte[] buffer, Int32 offset, Int32 count, AsyncProtocolRequest asyncRequest)
   at System.Net.Security.NegotiateStream.ProcessRead(Byte[] buffer, Int32 offset, Int32 count, AsyncProtocolRequest asyncRequest)
   --- End of inner exception stack trace ---
   at System.Net.Security.NegotiateStream.ProcessRead(Byte[] buffer, Int32 offset, Int32 count, AsyncProtocolRequest asyncRequest)
   at System.Net.Security.NegotiateStream.Read(Byte[] buffer, Int32 offset, Int32 count)
   at System.ServiceModel.Channels.StreamConnection.Read(Byte[] buffer, Int32 offset, Int32 size, TimeSpan timeout)
   --- End of inner exception stack trace ---
   at System.ServiceModel.Channels.StreamConnection.Read(Byte[] buffer, Int32 offset, Int32 size, TimeSpan timeout)
   at System.ServiceModel.Channels.SingletonConnectionReader.Receive(TimeSpan timeout)
   at System.ServiceModel.Channels.StreamedFramingRequestChannel.StreamedFramingRequest.WaitForReply(TimeSpan timeout)
   at System.ServiceModel.Channels.RequestChannel.Request(Message message, TimeSpan timeout)
   --- End of inner exception stack trace ---

Server stack trace: 
   at System.ServiceModel.Channels.RequestChannel.Request(Message message, TimeSpan timeout)
   at System.ServiceModel.Channels.TransactionRequestChannelGeneric`1.Request(Message message, TimeSpan timeout)
   at System.ServiceModel.Dispatcher.RequestChannelBinder.Request(Message message, TimeSpan timeout)
   at System.ServiceModel.Channels.ServiceChannel.Call(String action, Boolean oneway, ProxyOperationRuntime operation, Object[] ins, Object[] outs, TimeSpan timeout)
   at System.ServiceModel.Channels.ServiceChannelProxy.InvokeService(IMethodCallMessage methodCall, ProxyOperationRuntime operation)
   at System.ServiceModel.Channels.ServiceChannelProxy.Invoke(IMessage message)

Exception rethrown at [0]: 
   at System.Runtime.Remoting.Proxies.RealProxy.HandleReturnMessage(IMessage reqMsg, IMessage retMsg)
   at System.Runtime.Remoting.Proxies.RealProxy.PrivateInvoke(MessageData& msgData, Int32 type)
   at Petex.Service.RequestProcessor.IWcfStreamResponseProcessor.Process(MessageRequest request)
   at A.cec9e090ae538d190220f059017b75b84.Process(MessageRequest request)

method : Process([Petex.Service.RequestProcessor.MessageRequest] request = Petex.Service.RequestProcessor.MessageRequest)

2018/09/22 04:20:42.323 ERROR 293 Petex.IFM.IVM.VisualWorkflowService.c1c13b709b3df317d725c923928032d5a - An error occurred while getting bulk results.
Details:
System.TimeoutException: The request channel timed out while waiting for a reply after 00:04:56.0750038. Increase the timeout value passed to the call to Request or increase the SendTimeout value on the Binding. The time allotted to this operation may have been a portion of a longer timeout. ---> System.TimeoutException: The socket transfer timed out after 00:04:59.9930000. You have exceeded the timeout set on your binding. The time allotted to this operation may have been a portion of a longer timeout. ---> System.IO.IOException: The read operation failed, see inner exception. ---> System.TimeoutException: The socket transfer timed out after 00:04:59.9930000. You have exceeded the timeout set on your binding. The time allotted to this operation may have been a portion of a longer timeout. ---> System.Net.Sockets.SocketException: A connection attempt failed because the connected party did not properly respond after a period of time, or established connection failed because connected host has failed to respond
   at System.Net.Sockets.Socket.Receive(Byte[] buffer, Int32 offset, Int32 size, SocketFlags socketFlags)
   at System.ServiceModel.Channels.SocketConnection.ReadCore(Byte[] buffer, Int32 offset, Int32 size, TimeSpan timeout, Boolean closing)
   --- End of inner exception stack trace ---
   at System.ServiceModel.Channels.SocketConnection.ReadCore(Byte[] buffer, Int32 offset, Int32 size, TimeSpan timeout, Boolean closing)
   at System.ServiceModel.Channels.SocketConnection.Read(Byte[] buffer, Int32 offset, Int32 size, TimeSpan timeout)
   at System.ServiceModel.Channels.DelegatingConnection.Read(Byte[] buffer, Int32 offset, Int32 size, TimeSpan timeout)
   at System.ServiceModel.Channels.ConnectionStream.Read(Byte[] buffer, Int32 offset, Int32 count)
   at System.Net.FixedSizeReader.ReadPacket(Byte[] buffer, Int32 offset, Int32 count)
   at System.Net.Security.NegotiateStream.StartFrameHeader(Byte[] buffer, Int32 offset, Int32 count, AsyncProtocolRequest asyncRequest)
   at System.Net.Security.NegotiateStream.ProcessRead(Byte[] buffer, Int32 offset, Int32 count, AsyncProtocolRequest asyncRequest)
   --- End of inner exception stack trace ---
   at System.Net.Security.NegotiateStream.ProcessRead(Byte[] buffer, Int32 offset, Int32 count, AsyncProtocolRequest asyncRequest)
   at System.Net.Security.NegotiateStream.Read(Byte[] buffer, Int32 offset, Int32 count)
   at System.ServiceModel.Channels.StreamConnection.Read(Byte[] buffer, Int32 offset, Int32 size, TimeSpan timeout)
   --- End of inner exception stack trace ---
   at System.ServiceModel.Channels.StreamConnection.Read(Byte[] buffer, Int32 offset, Int32 size, TimeSpan timeout)
   at System.ServiceModel.Channels.SingletonConnectionReader.Receive(TimeSpan timeout)
   at System.ServiceModel.Channels.StreamedFramingRequestChannel.StreamedFramingRequest.WaitForReply(TimeSpan timeout)
   at System.ServiceModel.Channels.RequestChannel.Request(Message message, TimeSpan timeout)
   --- End of inner exception stack trace ---

Server stack trace: 
   at System.ServiceModel.Channels.RequestChannel.Request(Message message, TimeSpan timeout)
   at System.ServiceModel.Channels.TransactionRequestChannelGeneric`1.Request(Message message, TimeSpan timeout)
   at System.ServiceModel.Dispatcher.RequestChannelBinder.Request(Message message, TimeSpan timeout)
   at System.ServiceModel.Channels.ServiceChannel.Call(String action, Boolean oneway, ProxyOperationRuntime operation, Object[] ins, Object[] outs, TimeSpan timeout)
   at System.ServiceModel.Channels.ServiceChannelProxy.InvokeService(IMethodCallMessage methodCall, ProxyOperationRuntime operation)
   at System.ServiceModel.Channels.ServiceChannelProxy.Invoke(IMessage message)

Exception rethrown at [0]: 
   at A.c22aefe7f39df3d678dba160428b769f4.c0c4ec95a682cbefc208f4f3eb80ff6ad[c5e2460f6ebc534efe90b3230b7797cb4](Func`1 c3c081f340dcdf79e192d50757bce0bee)
   at A.c42ccb3c762729e5c1ed9dd9fb21f7a51.c2a035223c95353a451d486528bb968ce(DateTime ca50651d185b346c217028862887f6062, List`1 c94623007ea3b221db43a7a5c991a9cac, Int32 c27485bd6dedf79f29eccbe33aefab814, DateTime cc0b7aac23bdedea569c99b9f01ab5798, DateTime ca917bd7d663d59239d097b255d937590)
   at Petex.IFM.IVM.VisualWorkflowService.c1c13b709b3df317d725c923928032d5a(c0a78f935034ea252425562b3db1ea988 cc462e40687a776088a0f60dcc4dee4c5, VisualWorkflowResultOptions c97464e7151b310fab45ca8e18c9bbc4d)
2018/09/22 04:25:34.905 INFO  98 A.cdc551499db0039f956e1d0666bfd1504.ca3aa6b2f13c2c1bc9c646f6abf33ed07 - Changing service from :0 to HOUMSEOSIFM007:8787
2018/09/22 04:25:46.623 ERROR 266 A.cec9e090ae538d190220f059017b75b84.Process - System.TimeoutException: The request channel timed out while waiting for a reply after 00:04:55.5240010. Increase the timeout value passed to the call to Request or increase the SendTimeout value on the Binding. The time allotted to this operation may have been a portion of a longer timeout. ---> System.TimeoutException: The socket transfer timed out after 00:04:59.9920000. You have exceeded the timeout set on your binding. The time allotted to this operation may have been a portion of a longer timeout. ---> System.IO.IOException: The read operation failed, see inner exception. ---> System.TimeoutException: The socket transfer timed out after 00:04:59.9920000. You have exceeded the timeout set on your binding. The time allotted to this operation may have been a portion of a longer timeout. ---> System.Net.Sockets.SocketException: A connection attempt failed because the connected party did not properly respond after a period of time, or established connection failed because connected host has failed to respond
   at System.Net.Sockets.Socket.Receive(Byte[] buffer, Int32 offset, Int32 size, SocketFlags socketFlags)
   at System.ServiceModel.Channels.SocketConnection.ReadCore(Byte[] buffer, Int32 offset, Int32 size, TimeSpan timeout, Boolean closing)
   --- End of inner exception stack trace ---
   at System.ServiceModel.Channels.SocketConnection.ReadCore(Byte[] buffer, Int32 offset, Int32 size, TimeSpan timeout, Boolean closing)
   at System.ServiceModel.Channels.SocketConnection.Read(Byte[] buffer, Int32 offset, Int32 size, TimeSpan timeout)
   at System.ServiceModel.Channels.DelegatingConnection.Read(Byte[] buffer, Int32 offset, Int32 size, TimeSpan timeout)
   at System.ServiceModel.Channels.ConnectionStream.Read(Byte[] buffer, Int32 offset, Int32 count)
   at System.Net.FixedSizeReader.ReadPacket(Byte[] buffer, Int32 offset, Int32 count)
   at System.Net.Security.NegotiateStream.StartFrameHeader(Byte[] buffer, Int32 offset, Int32 count, AsyncProtocolRequest asyncRequest)
   at System.Net.Security.NegotiateStream.ProcessRead(Byte[] buffer, Int32 offset, Int32 count, AsyncProtocolRequest asyncRequest)
   --- End of inner exception stack trace ---
   at System.Net.Security.NegotiateStream.ProcessRead(Byte[] buffer, Int32 offset, Int32 count, AsyncProtocolRequest asyncRequest)
   at System.Net.Security.NegotiateStream.Read(Byte[] buffer, Int32 offset, Int32 count)
   at System.ServiceModel.Channels.StreamConnection.Read(Byte[] buffer, Int32 offset, Int32 size, TimeSpan timeout)
   --- End of inner exception stack trace ---
   at System.ServiceModel.Channels.StreamConnection.Read(Byte[] buffer, Int32 offset, Int32 size, TimeSpan timeout)
   at System.ServiceModel.Channels.SingletonConnectionReader.Receive(TimeSpan timeout)
   at System.ServiceModel.Channels.StreamedFramingRequestChannel.StreamedFramingRequest.WaitForReply(TimeSpan timeout)
   at System.ServiceModel.Channels.RequestChannel.Request(Message message, TimeSpan timeout)
   --- End of inner exception stack trace ---

Server stack trace: 
   at System.ServiceModel.Channels.RequestChannel.Request(Message message, TimeSpan timeout)
   at System.ServiceModel.Channels.TransactionRequestChannelGeneric`1.Request(Message message, TimeSpan timeout)
   at System.ServiceModel.Dispatcher.RequestChannelBinder.Request(Message message, TimeSpan timeout)
   at System.ServiceModel.Channels.ServiceChannel.Call(String action, Boolean oneway, ProxyOperationRuntime operation, Object[] ins, Object[] outs, TimeSpan timeout)
   at System.ServiceModel.Channels.ServiceChannelProxy.InvokeService(IMethodCallMessage methodCall, ProxyOperationRuntime operation)
   at System.ServiceModel.Channels.ServiceChannelProxy.Invoke(IMessage message)

Exception rethrown at [0]: 
   at System.Runtime.Remoting.Proxies.RealProxy.HandleReturnMessage(IMessage reqMsg, IMessage retMsg)
   at System.Runtime.Remoting.Proxies.RealProxy.PrivateInvoke(MessageData& msgData, Int32 type)
   at Petex.Service.RequestProcessor.IWcfStreamResponseProcessor.Process(MessageRequest request)
   at A.cec9e090ae538d190220f059017b75b84.Process(MessageRequest request)
Details:
System.TimeoutException: The request channel timed out while waiting for a reply after 00:04:55.5240010. Increase the timeout value passed to the call to Request or increase the SendTimeout value on the Binding. The time allotted to this operation may have been a portion of a longer timeout. ---> System.TimeoutException: The socket transfer timed out after 00:04:59.9920000. You have exceeded the timeout set on your binding. The time allotted to this operation may have been a portion of a longer timeout. ---> System.IO.IOException: The read operation failed, see inner exception. ---> System.TimeoutException: The socket transfer timed out after 00:04:59.9920000. You have exceeded the timeout set on your binding. The time allotted to this operation may have been a portion of a longer timeout. ---> System.Net.Sockets.SocketException: A connection attempt failed because the connected party did not properly respond after a period of time, or established connection failed because connected host has failed to respond
   at System.Net.Sockets.Socket.Receive(Byte[] buffer, Int32 offset, Int32 size, SocketFlags socketFlags)
   at System.ServiceModel.Channels.SocketConnection.ReadCore(Byte[] buffer, Int32 offset, Int32 size, TimeSpan timeout, Boolean closing)
   --- End of inner exception stack trace ---
   at System.ServiceModel.Channels.SocketConnection.ReadCore(Byte[] buffer, Int32 offset, Int32 size, TimeSpan timeout, Boolean closing)
   at System.ServiceModel.Channels.SocketConnection.Read(Byte[] buffer, Int32 offset, Int32 size, TimeSpan timeout)
   at System.ServiceModel.Channels.DelegatingConnection.Read(Byte[] buffer, Int32 offset, Int32 size, TimeSpan timeout)
   at System.ServiceModel.Channels.ConnectionStream.Read(Byte[] buffer, Int32 offset, Int32 count)
   at System.Net.FixedSizeReader.ReadPacket(Byte[] buffer, Int32 offset, Int32 count)
   at System.Net.Security.NegotiateStream.StartFrameHeader(Byte[] buffer, Int32 offset, Int32 count, AsyncProtocolRequest asyncRequest)
   at System.Net.Security.NegotiateStream.ProcessRead(Byte[] buffer, Int32 offset, Int32 count, AsyncProtocolRequest asyncRequest)
   --- End of inner exception stack trace ---
   at System.Net.Security.NegotiateStream.ProcessRead(Byte[] buffer, Int32 offset, Int32 count, AsyncProtocolRequest asyncRequest)
   at System.Net.Security.NegotiateStream.Read(Byte[] buffer, Int32 offset, Int32 count)
   at System.ServiceModel.Channels.StreamConnection.Read(Byte[] buffer, Int32 offset, Int32 size, TimeSpan timeout)
   --- End of inner exception stack trace ---
   at System.ServiceModel.Channels.StreamConnection.Read(Byte[] buffer, Int32 offset, Int32 size, TimeSpan timeout)
   at System.ServiceModel.Channels.SingletonConnectionReader.Receive(TimeSpan timeout)
   at System.ServiceModel.Channels.StreamedFramingRequestChannel.StreamedFramingRequest.WaitForReply(TimeSpan timeout)
   at System.ServiceModel.Channels.RequestChannel.Request(Message message, TimeSpan timeout)
   --- End of inner exception stack trace ---

Server stack trace: 
   at System.ServiceModel.Channels.RequestChannel.Request(Message message, TimeSpan timeout)
   at System.ServiceModel.Channels.TransactionRequestChannelGeneric`1.Request(Message message, TimeSpan timeout)
   at System.ServiceModel.Dispatcher.RequestChannelBinder.Request(Message message, TimeSpan timeout)
   at System.ServiceModel.Channels.ServiceChannel.Call(String action, Boolean oneway, ProxyOperationRuntime operation, Object[] ins, Object[] outs, TimeSpan timeout)
   at System.ServiceModel.Channels.ServiceChannelProxy.InvokeService(IMethodCallMessage methodCall, ProxyOperationRuntime operation)
   at System.ServiceModel.Channels.ServiceChannelProxy.Invoke(IMessage message)

Exception rethrown at [0]: 
   at System.Runtime.Remoting.Proxies.RealProxy.HandleReturnMessage(IMessage reqMsg, IMessage retMsg)
   at System.Runtime.Remoting.Proxies.RealProxy.PrivateInvoke(MessageData& msgData, Int32 type)
   at Petex.Service.RequestProcessor.IWcfStreamResponseProcessor.Process(MessageRequest request)
   at A.cec9e090ae538d190220f059017b75b84.Process(MessageRequest request)
2018/09/22 04:25:46.629 ERROR 266 A.cec9e090ae538d190220f059017b75b84 (Thread 266) ProcID (27868) - System.TimeoutException: The request channel timed out while waiting for a reply after 00:04:55.5240010. Increase the timeout value passed to the call to Request or increase the SendTimeout value on the Binding. The time allotted to this operation may have been a portion of a longer timeout. ---> System.TimeoutException: The socket transfer timed out after 00:04:59.9920000. You have exceeded the timeout set on your binding. The time allotted to this operation may have been a portion of a longer timeout. ---> System.IO.IOException: The read operation failed, see inner exception. ---> System.TimeoutException: The socket transfer timed out after 00:04:59.9920000. You have exceeded the timeout set on your binding. The time allotted to this operation may have been a portion of a longer timeout. ---> System.Net.Sockets.SocketException: A connection attempt failed because the connected party did not properly respond after a period of time, or established connection failed because connected host has failed to respond
   at System.Net.Sockets.Socket.Receive(Byte[] buffer, Int32 offset, Int32 size, SocketFlags socketFlags)
   at System.ServiceModel.Channels.SocketConnection.ReadCore(Byte[] buffer, Int32 offset, Int32 size, TimeSpan timeout, Boolean closing)
   --- End of inner exception stack trace ---
   at System.ServiceModel.Channels.SocketConnection.ReadCore(Byte[] buffer, Int32 offset, Int32 size, TimeSpan timeout, Boolean closing)
   at System.ServiceModel.Channels.SocketConnection.Read(Byte[] buffer, Int32 offset, Int32 size, TimeSpan timeout)
   at System.ServiceModel.Channels.DelegatingConnection.Read(Byte[] buffer, Int32 offset, Int32 size, TimeSpan timeout)
   at System.ServiceModel.Channels.ConnectionStream.Read(Byte[] buffer, Int32 offset, Int32 count)
   at System.Net.FixedSizeReader.ReadPacket(Byte[] buffer, Int32 offset, Int32 count)
   at System.Net.Security.NegotiateStream.StartFrameHeader(Byte[] buffer, Int32 offset, Int32 count, AsyncProtocolRequest asyncRequest)
   at System.Net.Security.NegotiateStream.ProcessRead(Byte[] buffer, Int32 offset, Int32 count, AsyncProtocolRequest asyncRequest)
   --- End of inner exception stack trace ---
   at System.Net.Security.NegotiateStream.ProcessRead(Byte[] buffer, Int32 offset, Int32 count, AsyncProtocolRequest asyncRequest)
   at System.Net.Security.NegotiateStream.Read(Byte[] buffer, Int32 offset, Int32 count)
   at System.ServiceModel.Channels.StreamConnection.Read(Byte[] buffer, Int32 offset, Int32 size, TimeSpan timeout)
   --- End of inner exception stack trace ---
   at System.ServiceModel.Channels.StreamConnection.Read(Byte[] buffer, Int32 offset, Int32 size, TimeSpan timeout)
   at System.ServiceModel.Channels.SingletonConnectionReader.Receive(TimeSpan timeout)
   at System.ServiceModel.Channels.StreamedFramingRequestChannel.StreamedFramingRequest.WaitForReply(TimeSpan timeout)
   at System.ServiceModel.Channels.RequestChannel.Request(Message message, TimeSpan timeout)
   --- End of inner exception stack trace ---

Server stack trace: 
   at System.ServiceModel.Channels.RequestChannel.Request(Message message, TimeSpan timeout)
   at System.ServiceModel.Channels.TransactionRequestChannelGeneric`1.Request(Message message, TimeSpan timeout)
   at System.ServiceModel.Dispatcher.RequestChannelBinder.Request(Message message, TimeSpan timeout)
   at System.ServiceModel.Channels.ServiceChannel.Call(String action, Boolean oneway, ProxyOperationRuntime operation, Object[] ins, Object[] outs, TimeSpan timeout)
   at System.ServiceModel.Channels.ServiceChannelProxy.InvokeService(IMethodCallMessage methodCall, ProxyOperationRuntime operation)
   at System.ServiceModel.Channels.ServiceChannelProxy.Invoke(IMessage message)

Exception rethrown at [0]: 
   at System.Runtime.Remoting.Proxies.RealProxy.HandleReturnMessage(IMessage reqMsg, IMessage retMsg)
   at System.Runtime.Remoting.Proxies.RealProxy.PrivateInvoke(MessageData& msgData, Int32 type)
   at Petex.Service.RequestProcessor.IWcfStreamResponseProcessor.Process(MessageRequest request)
   at A.cec9e090ae538d190220f059017b75b84.Process(MessageRequest request)

method : Process([Petex.Service.RequestProcessor.MessageRequest] request = Petex.Service.RequestProcessor.MessageRequest)

2018/09/22 04:25:46.632 ERROR 417 Petex.IFM.IVM.VisualWorkflowService.c1c13b709b3df317d725c923928032d5a - An error occurred while getting bulk results.
Details:
System.TimeoutException: The request channel timed out while waiting for a reply after 00:04:55.5240010. Increase the timeout value passed to the call to Request or increase the SendTimeout value on the Binding. The time allotted to this operation may have been a portion of a longer timeout. ---> System.TimeoutException: The socket transfer timed out after 00:04:59.9920000. You have exceeded the timeout set on your binding. The time allotted to this operation may have been a portion of a longer timeout. ---> System.IO.IOException: The read operation failed, see inner exception. ---> System.TimeoutException: The socket transfer timed out after 00:04:59.9920000. You have exceeded the timeout set on your binding. The time allotted to this operation may have been a portion of a longer timeout. ---> System.Net.Sockets.SocketException: A connection attempt failed because the connected party did not properly respond after a period of time, or established connection failed because connected host has failed to respond
   at System.Net.Sockets.Socket.Receive(Byte[] buffer, Int32 offset, Int32 size, SocketFlags socketFlags)
   at System.ServiceModel.Channels.SocketConnection.ReadCore(Byte[] buffer, Int32 offset, Int32 size, TimeSpan timeout, Boolean closing)
   --- End of inner exception stack trace ---
   at System.ServiceModel.Channels.SocketConnection.ReadCore(Byte[] buffer, Int32 offset, Int32 size, TimeSpan timeout, Boolean closing)
   at System.ServiceModel.Channels.SocketConnection.Read(Byte[] buffer, Int32 offset, Int32 size, TimeSpan timeout)
   at System.ServiceModel.Channels.DelegatingConnection.Read(Byte[] buffer, Int32 offset, Int32 size, TimeSpan timeout)
   at System.ServiceModel.Channels.ConnectionStream.Read(Byte[] buffer, Int32 offset, Int32 count)
   at System.Net.FixedSizeReader.ReadPacket(Byte[] buffer, Int32 offset, Int32 count)
   at System.Net.Security.NegotiateStream.StartFrameHeader(Byte[] buffer, Int32 offset, Int32 count, AsyncProtocolRequest asyncRequest)
   at System.Net.Security.NegotiateStream.ProcessRead(Byte[] buffer, Int32 offset, Int32 count, AsyncProtocolRequest asyncRequest)
   --- End of inner exception stack trace ---
   at System.Net.Security.NegotiateStream.ProcessRead(Byte[] buffer, Int32 offset, Int32 count, AsyncProtocolRequest asyncRequest)
   at System.Net.Security.NegotiateStream.Read(Byte[] buffer, Int32 offset, Int32 count)
   at System.ServiceModel.Channels.StreamConnection.Read(Byte[] buffer, Int32 offset, Int32 size, TimeSpan timeout)
   --- End of inner exception stack trace ---
   at System.ServiceModel.Channels.StreamConnection.Read(Byte[] buffer, Int32 offset, Int32 size, TimeSpan timeout)
   at System.ServiceModel.Channels.SingletonConnectionReader.Receive(TimeSpan timeout)
   at System.ServiceModel.Channels.StreamedFramingRequestChannel.StreamedFramingRequest.WaitForReply(TimeSpan timeout)
   at System.ServiceModel.Channels.RequestChannel.Request(Message message, TimeSpan timeout)
   --- End of inner exception stack trace ---

Server stack trace: 
   at System.ServiceModel.Channels.RequestChannel.Request(Message message, TimeSpan timeout)
   at System.ServiceModel.Channels.TransactionRequestChannelGeneric`1.Request(Message message, TimeSpan timeout)
   at System.ServiceModel.Dispatcher.RequestChannelBinder.Request(Message message, TimeSpan timeout)
   at System.ServiceModel.Channels.ServiceChannel.Call(String action, Boolean oneway, ProxyOperationRuntime operation, Object[] ins, Object[] outs, TimeSpan timeout)
   at System.ServiceModel.Channels.ServiceChannelProxy.InvokeService(IMethodCallMessage methodCall, ProxyOperationRuntime operation)
   at System.ServiceModel.Channels.ServiceChannelProxy.Invoke(IMessage message)

Exception rethrown at [0]: 
   at A.c22aefe7f39df3d678dba160428b769f4.c0c4ec95a682cbefc208f4f3eb80ff6ad[c5e2460f6ebc534efe90b3230b7797cb4](Func`1 c3c081f340dcdf79e192d50757bce0bee)
   at A.c42ccb3c762729e5c1ed9dd9fb21f7a51.c2a035223c95353a451d486528bb968ce(DateTime ca50651d185b346c217028862887f6062, List`1 c94623007ea3b221db43a7a5c991a9cac, Int32 c27485bd6dedf79f29eccbe33aefab814, DateTime cc0b7aac23bdedea569c99b9f01ab5798, DateTime ca917bd7d663d59239d097b255d937590)
   at Petex.IFM.IVM.VisualWorkflowService.c1c13b709b3df317d725c923928032d5a(c0a78f935034ea252425562b3db1ea988 cc462e40687a776088a0f60dcc4dee4c5, VisualWorkflowResultOptions c97464e7151b310fab45ca8e18c9bbc4d)
2018/09/22 04:27:01.895 ERROR 232 A.cec9e090ae538d190220f059017b75b84.Process - System.ServiceModel.CommunicationException: The socket connection was aborted. This could be caused by an error processing your message or a receive timeout being exceeded by the remote host, or an underlying network resource issue. Local socket timeout was '00:10:00'. ---> System.IO.IOException: The read operation failed, see inner exception. ---> System.ServiceModel.CommunicationException: The socket connection was aborted. This could be caused by an error processing your message or a receive timeout being exceeded by the remote host, or an underlying network resource issue. Local socket timeout was '00:10:00'. ---> System.Net.Sockets.SocketException: An existing connection was forcibly closed by the remote host
   at System.Net.Sockets.Socket.Receive(Byte[] buffer, Int32 offset, Int32 size, SocketFlags socketFlags)
   at System.ServiceModel.Channels.SocketConnection.ReadCore(Byte[] buffer, Int32 offset, Int32 size, TimeSpan timeout, Boolean closing)
   --- End of inner exception stack trace ---
   at System.ServiceModel.Channels.SocketConnection.ReadCore(Byte[] buffer, Int32 offset, Int32 size, TimeSpan timeout, Boolean closing)
   at System.ServiceModel.Channels.SocketConnection.Read(Byte[] buffer, Int32 offset, Int32 size, TimeSpan timeout)
   at System.ServiceModel.Channels.DelegatingConnection.Read(Byte[] buffer, Int32 offset, Int32 size, TimeSpan timeout)
   at System.ServiceModel.Channels.ConnectionStream.Read(Byte[] buffer, Int32 offset, Int32 count)
   at System.Net.FixedSizeReader.ReadPacket(Byte[] buffer, Int32 offset, Int32 count)
   at System.Net.Security.NegotiateStream.StartFrameHeader(Byte[] buffer, Int32 offset, Int32 count, AsyncProtocolRequest asyncRequest)
   at System.Net.Security.NegotiateStream.ProcessRead(Byte[] buffer, Int32 offset, Int32 count, AsyncProtocolRequest asyncRequest)
   --- End of inner exception stack trace ---
   at System.Net.Security.NegotiateStream.ProcessRead(Byte[] buffer, Int32 offset, Int32 count, AsyncProtocolRequest asyncRequest)
   at System.Net.Security.NegotiateStream.Read(Byte[] buffer, Int32 offset, Int32 count)
   at System.ServiceModel.Channels.StreamConnection.Read(Byte[] buffer, Int32 offset, Int32 size, TimeSpan timeout)
   --- End of inner exception stack trace ---

Server stack trace: 
   at System.ServiceModel.Channels.StreamConnection.Read(Byte[] buffer, Int32 offset, Int32 size, TimeSpan timeout)
   at System.ServiceModel.Channels.SingletonConnectionReader.SingletonInputConnectionStream.ReadCore(Byte[] buffer, Int32 offset, Int32 count)
   at System.ServiceModel.Channels.SingletonConnectionReader.SingletonInputConnectionStream.Read(Byte[] buffer, Int32 offset, Int32 count)
   at System.ServiceModel.Channels.MaxMessageSizeStream.Read(Byte[] buffer, Int32 offset, Int32 count)
   at System.IO.Compression.DeflateStream.Read(Byte[] array, Int32 offset, Int32 count)
   at System.IO.Stream.ReadByte()
   at System.ServiceModel.Channels.MaxMessageSizeStream.ReadByte()
   at System.Xml.XmlBufferReader.TryEnsureByte()
   at System.Xml.XmlBinaryReader.ReadNode()
   at System.Xml.XmlBaseReader.MoveToContent()
   at System.ServiceModel.Channels.StreamedMessage..ctor(XmlDictionaryReader reader, Int32 maxSizeOfHeaders, MessageVersion desiredVersion)
   at System.ServiceModel.Channels.Message.CreateMessage(XmlDictionaryReader envelopeReader, Int32 maxSizeOfHeaders, MessageVersion version)
   at System.ServiceModel.Channels.BinaryMessageEncoderFactory.BinaryMessageEncoder.ReadMessage(Stream stream, Int32 maxSizeOfHeaders, String contentType)
   at System.ServiceModel.Channels.SingletonConnectionReader.Receive(TimeSpan timeout)
   at System.ServiceModel.Channels.StreamedFramingRequestChannel.StreamedFramingRequest.WaitForReply(TimeSpan timeout)
   at System.ServiceModel.Channels.RequestChannel.Request(Message message, TimeSpan timeout)
   at System.ServiceModel.Channels.TransactionRequestChannelGeneric`1.Request(Message message, TimeSpan timeout)
   at System.ServiceModel.Dispatcher.RequestChannelBinder.Request(Message message, TimeSpan timeout)
   at System.ServiceModel.Channels.ServiceChannel.Call(String action, Boolean oneway, ProxyOperationRuntime operation, Object[] ins, Object[] outs, TimeSpan timeout)
   at System.ServiceModel.Channels.ServiceChannelProxy.InvokeService(IMethodCallMessage methodCall, ProxyOperationRuntime operation)
   at System.ServiceModel.Channels.ServiceChannelProxy.Invoke(IMessage message)

Exception rethrown at [0]: 
   at System.Runtime.Remoting.Proxies.RealProxy.HandleReturnMessage(IMessage reqMsg, IMessage retMsg)
   at System.Runtime.Remoting.Proxies.RealProxy.PrivateInvoke(MessageData& msgData, Int32 type)
   at Petex.Service.RequestProcessor.IWcfStreamResponseProcessor.Process(MessageRequest request)
   at A.cec9e090ae538d190220f059017b75b84.Process(MessageRequest request)
Details:
System.ServiceModel.CommunicationException: The socket connection was aborted. This could be caused by an error processing your message or a receive timeout being exceeded by the remote host, or an underlying network resource issue. Local socket timeout was '00:10:00'. ---> System.IO.IOException: The read operation failed, see inner exception. ---> System.ServiceModel.CommunicationException: The socket connection was aborted. This could be caused by an error processing your message or a receive timeout being exceeded by the remote host, or an underlying network resource issue. Local socket timeout was '00:10:00'. ---> System.Net.Sockets.SocketException: An existing connection was forcibly closed by the remote host
   at System.Net.Sockets.Socket.Receive(Byte[] buffer, Int32 offset, Int32 size, SocketFlags socketFlags)
   at System.ServiceModel.Channels.SocketConnection.ReadCore(Byte[] buffer, Int32 offset, Int32 size, TimeSpan timeout, Boolean closing)
   --- End of inner exception stack trace ---
   at System.ServiceModel.Channels.SocketConnection.ReadCore(Byte[] buffer, Int32 offset, Int32 size, TimeSpan timeout, Boolean closing)
   at System.ServiceModel.Channels.SocketConnection.Read(Byte[] buffer, Int32 offset, Int32 size, TimeSpan timeout)
   at System.ServiceModel.Channels.DelegatingConnection.Read(Byte[] buffer, Int32 offset, Int32 size, TimeSpan timeout)
   at System.ServiceModel.Channels.ConnectionStream.Read(Byte[] buffer, Int32 offset, Int32 count)
   at System.Net.FixedSizeReader.ReadPacket(Byte[] buffer, Int32 offset, Int32 count)
   at System.Net.Security.NegotiateStream.StartFrameHeader(Byte[] buffer, Int32 offset, Int32 count, AsyncProtocolRequest asyncRequest)
   at System.Net.Security.NegotiateStream.ProcessRead(Byte[] buffer, Int32 offset, Int32 count, AsyncProtocolRequest asyncRequest)
   --- End of inner exception stack trace ---
   at System.Net.Security.NegotiateStream.ProcessRead(Byte[] buffer, Int32 offset, Int32 count, AsyncProtocolRequest asyncRequest)
   at System.Net.Security.NegotiateStream.Read(Byte[] buffer, Int32 offset, Int32 count)
   at System.ServiceModel.Channels.StreamConnection.Read(Byte[] buffer, Int32 offset, Int32 size, TimeSpan timeout)
   --- End of inner exception stack trace ---

Server stack trace: 
   at System.ServiceModel.Channels.StreamConnection.Read(Byte[] buffer, Int32 offset, Int32 size, TimeSpan timeout)
   at System.ServiceModel.Channels.SingletonConnectionReader.SingletonInputConnectionStream.ReadCore(Byte[] buffer, Int32 offset, Int32 count)
   at System.ServiceModel.Channels.SingletonConnectionReader.SingletonInputConnectionStream.Read(Byte[] buffer, Int32 offset, Int32 count)
   at System.ServiceModel.Channels.MaxMessageSizeStream.Read(Byte[] buffer, Int32 offset, Int32 count)
   at System.IO.Compression.DeflateStream.Read(Byte[] array, Int32 offset, Int32 count)
   at System.IO.Stream.ReadByte()
   at System.ServiceModel.Channels.MaxMessageSizeStream.ReadByte()
   at System.Xml.XmlBufferReader.TryEnsureByte()
   at System.Xml.XmlBinaryReader.ReadNode()
   at System.Xml.XmlBaseReader.MoveToContent()
   at System.ServiceModel.Channels.StreamedMessage..ctor(XmlDictionaryReader reader, Int32 maxSizeOfHeaders, MessageVersion desiredVersion)
   at System.ServiceModel.Channels.Message.CreateMessage(XmlDictionaryReader envelopeReader, Int32 maxSizeOfHeaders, MessageVersion version)
   at System.ServiceModel.Channels.BinaryMessageEncoderFactory.BinaryMessageEncoder.ReadMessage(Stream stream, Int32 maxSizeOfHeaders, String contentType)
   at System.ServiceModel.Channels.SingletonConnectionReader.Receive(TimeSpan timeout)
   at System.ServiceModel.Channels.StreamedFramingRequestChannel.StreamedFramingRequest.WaitForReply(TimeSpan timeout)
   at System.ServiceModel.Channels.RequestChannel.Request(Message message, TimeSpan timeout)
   at System.ServiceModel.Channels.TransactionRequestChannelGeneric`1.Request(Message message, TimeSpan timeout)
   at System.ServiceModel.Dispatcher.RequestChannelBinder.Request(Message message, TimeSpan timeout)
   at System.ServiceModel.Channels.ServiceChannel.Call(String action, Boolean oneway, ProxyOperationRuntime operation, Object[] ins, Object[] outs, TimeSpan timeout)
   at System.ServiceModel.Channels.ServiceChannelProxy.InvokeService(IMethodCallMessage methodCall, ProxyOperationRuntime operation)
   at System.ServiceModel.Channels.ServiceChannelProxy.Invoke(IMessage message)

Exception rethrown at [0]: 
   at System.Runtime.Remoting.Proxies.RealProxy.HandleReturnMessage(IMessage reqMsg, IMessage retMsg)
   at System.Runtime.Remoting.Proxies.RealProxy.PrivateInvoke(MessageData& msgData, Int32 type)
   at Petex.Service.RequestProcessor.IWcfStreamResponseProcessor.Process(MessageRequest request)
   at A.cec9e090ae538d190220f059017b75b84.Process(MessageRequest request)
2018/09/22 04:27:01.900 ERROR 232 A.cec9e090ae538d190220f059017b75b84 (Thread 232) ProcID (27868) - System.ServiceModel.CommunicationException: The socket connection was aborted. This could be caused by an error processing your message or a receive timeout being exceeded by the remote host, or an underlying network resource issue. Local socket timeout was '00:10:00'. ---> System.IO.IOException: The read operation failed, see inner exception. ---> System.ServiceModel.CommunicationException: The socket connection was aborted. This could be caused by an error processing your message or a receive timeout being exceeded by the remote host, or an underlying network resource issue. Local socket timeout was '00:10:00'. ---> System.Net.Sockets.SocketException: An existing connection was forcibly closed by the remote host
   at System.Net.Sockets.Socket.Receive(Byte[] buffer, Int32 offset, Int32 size, SocketFlags socketFlags)
   at System.ServiceModel.Channels.SocketConnection.ReadCore(Byte[] buffer, Int32 offset, Int32 size, TimeSpan timeout, Boolean closing)
   --- End of inner exception stack trace ---
   at System.ServiceModel.Channels.SocketConnection.ReadCore(Byte[] buffer, Int32 offset, Int32 size, TimeSpan timeout, Boolean closing)
   at System.ServiceModel.Channels.SocketConnection.Read(Byte[] buffer, Int32 offset, Int32 size, TimeSpan timeout)
   at System.ServiceModel.Channels.DelegatingConnection.Read(Byte[] buffer, Int32 offset, Int32 size, TimeSpan timeout)
   at System.ServiceModel.Channels.ConnectionStream.Read(Byte[] buffer, Int32 offset, Int32 count)
   at System.Net.FixedSizeReader.ReadPacket(Byte[] buffer, Int32 offset, Int32 count)
   at System.Net.Security.NegotiateStream.StartFrameHeader(Byte[] buffer, Int32 offset, Int32 count, AsyncProtocolRequest asyncRequest)
   at System.Net.Security.NegotiateStream.ProcessRead(Byte[] buffer, Int32 offset, Int32 count, AsyncProtocolRequest asyncRequest)
   --- End of inner exception stack trace ---
   at System.Net.Security.NegotiateStream.ProcessRead(Byte[] buffer, Int32 offset, Int32 count, AsyncProtocolRequest asyncRequest)
   at System.Net.Security.NegotiateStream.Read(Byte[] buffer, Int32 offset, Int32 count)
   at System.ServiceModel.Channels.StreamConnection.Read(Byte[] buffer, Int32 offset, Int32 size, TimeSpan timeout)
   --- End of inner exception stack trace ---

Server stack trace: 
   at System.ServiceModel.Channels.StreamConnection.Read(Byte[] buffer, Int32 offset, Int32 size, TimeSpan timeout)
   at System.ServiceModel.Channels.SingletonConnectionReader.SingletonInputConnectionStream.ReadCore(Byte[] buffer, Int32 offset, Int32 count)
   at System.ServiceModel.Channels.SingletonConnectionReader.SingletonInputConnectionStream.Read(Byte[] buffer, Int32 offset, Int32 count)
   at System.ServiceModel.Channels.MaxMessageSizeStream.Read(Byte[] buffer, Int32 offset, Int32 count)
   at System.IO.Compression.DeflateStream.Read(Byte[] array, Int32 offset, Int32 count)
   at System.IO.Stream.ReadByte()
   at System.ServiceModel.Channels.MaxMessageSizeStream.ReadByte()
   at System.Xml.XmlBufferReader.TryEnsureByte()
   at System.Xml.XmlBinaryReader.ReadNode()
   at System.Xml.XmlBaseReader.MoveToContent()
   at System.ServiceModel.Channels.StreamedMessage..ctor(XmlDictionaryReader reader, Int32 maxSizeOfHeaders, MessageVersion desiredVersion)
   at System.ServiceModel.Channels.Message.CreateMessage(XmlDictionaryReader envelopeReader, Int32 maxSizeOfHeaders, MessageVersion version)
   at System.ServiceModel.Channels.BinaryMessageEncoderFactory.BinaryMessageEncoder.ReadMessage(Stream stream, Int32 maxSizeOfHeaders, String contentType)
   at System.ServiceModel.Channels.SingletonConnectionReader.Receive(TimeSpan timeout)
   at System.ServiceModel.Channels.StreamedFramingRequestChannel.StreamedFramingRequest.WaitForReply(TimeSpan timeout)
   at System.ServiceModel.Channels.RequestChannel.Request(Message message, TimeSpan timeout)
   at System.ServiceModel.Channels.TransactionRequestChannelGeneric`1.Request(Message message, TimeSpan timeout)
   at System.ServiceModel.Dispatcher.RequestChannelBinder.Request(Message message, TimeSpan timeout)
   at System.ServiceModel.Channels.ServiceChannel.Call(String action, Boolean oneway, ProxyOperationRuntime operation, Object[] ins, Object[] outs, TimeSpan timeout)
   at System.ServiceModel.Channels.ServiceChannelProxy.InvokeService(IMethodCallMessage methodCall, ProxyOperationRuntime operation)
   at System.ServiceModel.Channels.ServiceChannelProxy.Invoke(IMessage message)

Exception rethrown at [0]: 
   at System.Runtime.Remoting.Proxies.RealProxy.HandleReturnMessage(IMessage reqMsg, IMessage retMsg)
   at System.Runtime.Remoting.Proxies.RealProxy.PrivateInvoke(MessageData& msgData, Int32 type)
   at Petex.Service.RequestProcessor.IWcfStreamResponseProcessor.Process(MessageRequest request)
   at A.cec9e090ae538d190220f059017b75b84.Process(MessageRequest request)

method : Process([Petex.Service.RequestProcessor.MessageRequest] request = Petex.Service.RequestProcessor.MessageRequest)

2018/09/22 04:27:01.902 ERROR 186 Petex.IFM.IVM.VisualWorkflowService.c1c13b709b3df317d725c923928032d5a - An error occurred while getting bulk results.
Details:
System.ServiceModel.CommunicationException: The socket connection was aborted. This could be caused by an error processing your message or a receive timeout being exceeded by the remote host, or an underlying network resource issue. Local socket timeout was '00:10:00'. ---> System.IO.IOException: The read operation failed, see inner exception. ---> System.ServiceModel.CommunicationException: The socket connection was aborted. This could be caused by an error processing your message or a receive timeout being exceeded by the remote host, or an underlying network resource issue. Local socket timeout was '00:10:00'. ---> System.Net.Sockets.SocketException: An existing connection was forcibly closed by the remote host
   at System.Net.Sockets.Socket.Receive(Byte[] buffer, Int32 offset, Int32 size, SocketFlags socketFlags)
   at System.ServiceModel.Channels.SocketConnection.ReadCore(Byte[] buffer, Int32 offset, Int32 size, TimeSpan timeout, Boolean closing)
   --- End of inner exception stack trace ---
   at System.ServiceModel.Channels.SocketConnection.ReadCore(Byte[] buffer, Int32 offset, Int32 size, TimeSpan timeout, Boolean closing)
   at System.ServiceModel.Channels.SocketConnection.Read(Byte[] buffer, Int32 offset, Int32 size, TimeSpan timeout)
   at System.ServiceModel.Channels.DelegatingConnection.Read(Byte[] buffer, Int32 offset, Int32 size, TimeSpan timeout)
   at System.ServiceModel.Channels.ConnectionStream.Read(Byte[] buffer, Int32 offset, Int32 count)
   at System.Net.FixedSizeReader.ReadPacket(Byte[] buffer, Int32 offset, Int32 count)
   at System.Net.Security.NegotiateStream.StartFrameHeader(Byte[] buffer, Int32 offset, Int32 count, AsyncProtocolRequest asyncRequest)
   at System.Net.Security.NegotiateStream.ProcessRead(Byte[] buffer, Int32 offset, Int32 count, AsyncProtocolRequest asyncRequest)
   --- End of inner exception stack trace ---
   at System.Net.Security.NegotiateStream.ProcessRead(Byte[] buffer, Int32 offset, Int32 count, AsyncProtocolRequest asyncRequest)
   at System.Net.Security.NegotiateStream.Read(Byte[] buffer, Int32 offset, Int32 count)
   at System.ServiceModel.Channels.StreamConnection.Read(Byte[] buffer, Int32 offset, Int32 size, TimeSpan timeout)
   --- End of inner exception stack trace ---

Server stack trace: 
   at System.ServiceModel.Channels.StreamConnection.Read(Byte[] buffer, Int32 offset, Int32 size, TimeSpan timeout)
   at System.ServiceModel.Channels.SingletonConnectionReader.SingletonInputConnectionStream.ReadCore(Byte[] buffer, Int32 offset, Int32 count)
   at System.ServiceModel.Channels.SingletonConnectionReader.SingletonInputConnectionStream.Read(Byte[] buffer, Int32 offset, Int32 count)
   at System.ServiceModel.Channels.MaxMessageSizeStream.Read(Byte[] buffer, Int32 offset, Int32 count)
   at System.IO.Compression.DeflateStream.Read(Byte[] array, Int32 offset, Int32 count)
   at System.IO.Stream.ReadByte()
   at System.ServiceModel.Channels.MaxMessageSizeStream.ReadByte()
   at System.Xml.XmlBufferReader.TryEnsureByte()
   at System.Xml.XmlBinaryReader.ReadNode()
   at System.Xml.XmlBaseReader.MoveToContent()
   at System.ServiceModel.Channels.StreamedMessage..ctor(XmlDictionaryReader reader, Int32 maxSizeOfHeaders, MessageVersion desiredVersion)
   at System.ServiceModel.Channels.Message.CreateMessage(XmlDictionaryReader envelopeReader, Int32 maxSizeOfHeaders, MessageVersion version)
   at System.ServiceModel.Channels.BinaryMessageEncoderFactory.BinaryMessageEncoder.ReadMessage(Stream stream, Int32 maxSizeOfHeaders, String contentType)
   at System.ServiceModel.Channels.SingletonConnectionReader.Receive(TimeSpan timeout)
   at System.ServiceModel.Channels.StreamedFramingRequestChannel.StreamedFramingRequest.WaitForReply(TimeSpan timeout)
   at System.ServiceModel.Channels.RequestChannel.Request(Message message, TimeSpan timeout)
   at System.ServiceModel.Channels.TransactionRequestChannelGeneric`1.Request(Message message, TimeSpan timeout)
   at System.ServiceModel.Dispatcher.RequestChannelBinder.Request(Message message, TimeSpan timeout)
   at System.ServiceModel.Channels.ServiceChannel.Call(String action, Boolean oneway, ProxyOperationRuntime operation, Object[] ins, Object[] outs, TimeSpan timeout)
   at System.ServiceModel.Channels.ServiceChannelProxy.InvokeService(IMethodCallMessage methodCall, ProxyOperationRuntime operation)
   at System.ServiceModel.Channels.ServiceChannelProxy.Invoke(IMessage message)

Exception rethrown at [0]: 
   at A.c22aefe7f39df3d678dba160428b769f4.c0c4ec95a682cbefc208f4f3eb80ff6ad[c5e2460f6ebc534efe90b3230b7797cb4](Func`1 c3c081f340dcdf79e192d50757bce0bee)
   at A.c42ccb3c762729e5c1ed9dd9fb21f7a51.c2a035223c95353a451d486528bb968ce(DateTime ca50651d185b346c217028862887f6062, List`1 c94623007ea3b221db43a7a5c991a9cac, Int32 c27485bd6dedf79f29eccbe33aefab814, DateTime cc0b7aac23bdedea569c99b9f01ab5798, DateTime ca917bd7d663d59239d097b255d937590)
   at Petex.IFM.IVM.VisualWorkflowService.c1c13b709b3df317d725c923928032d5a(c0a78f935034ea252425562b3db1ea988 cc462e40687a776088a0f60dcc4dee4c5, VisualWorkflowResultOptions c97464e7151b310fab45ca8e18c9bbc4d)
2018/09/22 04:32:15.886 INFO  51 Petex.OpenServerNET.IpmIntegration.IpmComponent.SetIpmFolder - 



/--------------- IPM Settings ---------------\
|                                            |
| Available IPM versions:                    |
|   10.0.211 (x64)                           |
|   10.0.211 (x86)                           |
|                                            |
| Requested IPM versions:                    |
|   10.0.158 (x64)                           |
|   11.0.94 (x64)                            |
|                                            |
| Selected IPM version:                      |
|  10.0.211 (x64)                            |
|                                            |
| IPM folder:                                |
|  C:\Program Files\Petroleum Experts\IPM 10 |
|                                            |
\--------------------------------------------/



2018/09/22 04:32:15.904 INFO  51 Petex.OpenServerNET.IpmIntegration.IpmComponent.SetUnitIpmFolder - Setting units folder to Units\IPM10.
2018/09/22 04:32:45.116 INFO  51 A.ca9303324ae27c9d224e829df918b1ee8.c6ae4a85f8bc1eee64ee593e8582f1fd3 - Get a Copy for model file : APC.IVMExtensions.VisualWorkflows.Math.dll folder id : 6 model file id : 1521 recursive at '9/22/2018 9:32:42 AM' ==> Started.
2018/09/22 04:32:53.125 INFO  51 A.ca9303324ae27c9d224e829df918b1ee8.c6ae4a85f8bc1eee64ee593e8582f1fd3 - Get a Copy for model file : APC.IVMExtensions.VisualWorkflows.Math.dll folder id : 6 model file id : 1521 recursive at '9/22/2018 9:32:42 AM' ==> Completed. Took 00:00:08.009
2018/09/22 04:32:53.282 INFO  51 A.ca9303324ae27c9d224e829df918b1ee8.c6ae4a85f8bc1eee64ee593e8582f1fd3 - Get a Copy for model file : IVMCustomGraphics.dll folder id : 6 model file id : 1524 recursive at '9/22/2018 9:32:42 AM' ==> Started.
2018/09/22 04:32:54.041 INFO  51 A.ca9303324ae27c9d224e829df918b1ee8.c6ae4a85f8bc1eee64ee593e8582f1fd3 - Get a Copy for model file : IVMCustomGraphics.dll folder id : 6 model file id : 1524 recursive at '9/22/2018 9:32:42 AM' ==> Completed. Took 00:00:00.759
2018/09/22 04:32:54.240 INFO  51 A.ca9303324ae27c9d224e829df918b1ee8.c6ae4a85f8bc1eee64ee593e8582f1fd3 - Get a Copy for model file : CarExampleCode.dll folder id : 6 model file id : 1604 recursive at '9/22/2018 9:32:42 AM' ==> Started.
2018/09/22 04:32:54.904 INFO  51 A.ca9303324ae27c9d224e829df918b1ee8.c6ae4a85f8bc1eee64ee593e8582f1fd3 - Get a Copy for model file : CarExampleCode.dll folder id : 6 model file id : 1604 recursive at '9/22/2018 9:32:42 AM' ==> Completed. Took 00:00:00.664
2018/09/22 04:32:55.145 INFO  51 A.ca9303324ae27c9d224e829df918b1ee8.c6ae4a85f8bc1eee64ee593e8582f1fd3 - Get a Copy for model file : Distance Between Coordinates.dll folder id : 6 model file id : 3179 recursive at '9/22/2018 9:32:42 AM' ==> Started.
2018/09/22 04:32:55.957 INFO  51 A.ca9303324ae27c9d224e829df918b1ee8.c6ae4a85f8bc1eee64ee593e8582f1fd3 - Get a Copy for model file : Distance Between Coordinates.dll folder id : 6 model file id : 3179 recursive at '9/22/2018 9:32:42 AM' ==> Completed. Took 00:00:00.811
2018/09/22 04:44:48.255 INFO  73 A.c1776daaf1a0c52f90159cf829747b6dc.c6c2a3e2eb81d363b150e12a32282ec91 - IFM CacheSetting:Default
2018/09/22 04:44:48.289 ERROR 73 A.c1776daaf1a0c52f90159cf829747b6dc.c6c2a3e2eb81d363b150e12a32282ec91 - System.InvalidOperationException: This value cannot be changed after the first ClientBase of type 'Petex.Service.RequestProcessor.IWcfBufferedProcessor' has been created.
   at System.ServiceModel.ClientBase`1.set_CacheSetting(CacheSetting value)
   at A.c1776daaf1a0c52f90159cf829747b6dc.c6c2a3e2eb81d363b150e12a32282ec91()
Details:
System.InvalidOperationException: This value cannot be changed after the first ClientBase of type 'Petex.Service.RequestProcessor.IWcfBufferedProcessor' has been created.
   at System.ServiceModel.ClientBase`1.set_CacheSetting(CacheSetting value)
   at A.c1776daaf1a0c52f90159cf829747b6dc.c6c2a3e2eb81d363b150e12a32282ec91()
2018/09/22 04:44:51.100 INFO  84 A.cdc551499db0039f956e1d0666bfd1504.ca3aa6b2f13c2c1bc9c646f6abf33ed07 - Changing service from :0 to HOUMSEOSIFM007:8787
2018/09/22 04:44:51.514 INFO  84 A.cdc551499db0039f956e1d0666bfd1504.ca3aa6b2f13c2c1bc9c646f6abf33ed07 - Changing service from :0 to HOUMSEOSIFM007:8787
2018/09/22 04:44:52.864 INFO  101 A.cdc551499db0039f956e1d0666bfd1504.ca3aa6b2f13c2c1bc9c646f6abf33ed07 - Changing service from :0 to HOUMSEOSIFM007:8787
2018/09/22 04:45:00.850 INFO  76 A.ca9303324ae27c9d224e829df918b1ee8.c6ae4a85f8bc1eee64ee593e8582f1fd3 - Get a Copy for model file : APC Quick Aggregate.vwk folder id : 7 model file id : 1590 recursive at '9/22/2018 9:44:59 AM' ==> Started.
2018/09/22 04:45:02.062 INFO  76 A.ca9303324ae27c9d224e829df918b1ee8.c6ae4a85f8bc1eee64ee593e8582f1fd3 - Get a Copy for model file : APC Quick Aggregate.vwk folder id : 7 model file id : 1590 recursive at '9/22/2018 9:44:59 AM' ==> Completed. Took 00:00:01.213
2018/09/22 04:45:42.762 INFO  64 A.ca9303324ae27c9d224e829df918b1ee8.c6ae4a85f8bc1eee64ee593e8582f1fd3 - Get a Copy for model file : APC Acknowledged By.vwk folder id : 7 model file id : 1970 recursive at '9/22/2018 9:45:42 AM' ==> Started.
2018/09/22 04:45:43.493 INFO  64 A.ca9303324ae27c9d224e829df918b1ee8.c6ae4a85f8bc1eee64ee593e8582f1fd3 - Get a Copy for model file : APC Acknowledged By.vwk folder id : 7 model file id : 1970 recursive at '9/22/2018 9:45:42 AM' ==> Completed. Took 00:00:00.730
2018/09/22 04:45:45.314 INFO  59 A.ca9303324ae27c9d224e829df918b1ee8.c6ae4a85f8bc1eee64ee593e8582f1fd3 - Get a Copy for model file : APC Battery Ignore All.vwk folder id : 7 model file id : 2039 recursive at '9/22/2018 9:45:44 AM' ==> Started.
2018/09/22 04:45:45.988 INFO  59 A.ca9303324ae27c9d224e829df918b1ee8.c6ae4a85f8bc1eee64ee593e8582f1fd3 - Get a Copy for model file : APC Battery Ignore All.vwk folder id : 7 model file id : 2039 recursive at '9/22/2018 9:45:44 AM' ==> Completed. Took 00:00:00.673
2018/09/22 04:45:48.060 INFO  52 A.ca9303324ae27c9d224e829df918b1ee8.c6ae4a85f8bc1eee64ee593e8582f1fd3 - Get a Copy for model file : APC Choke Calc High Frequency.vwk folder id : 7 model file id : 3217 recursive at '9/22/2018 9:45:47 AM' ==> Started.
2018/09/22 04:45:48.714 INFO  52 A.ca9303324ae27c9d224e829df918b1ee8.c6ae4a85f8bc1eee64ee593e8582f1fd3 - Get a Copy for model file : APC Choke Calc High Frequency.vwk folder id : 7 model file id : 3217 recursive at '9/22/2018 9:45:47 AM' ==> Completed. Took 00:00:00.654
2018/09/22 04:45:50.220 INFO  98 A.ca9303324ae27c9d224e829df918b1ee8.c6ae4a85f8bc1eee64ee593e8582f1fd3 - Get a Copy for model file : APC_Exception_Stats.vwk folder id : 7 model file id : 1530 recursive at '9/22/2018 9:45:49 AM' ==> Started.
2018/09/22 04:45:50.815 INFO  98 A.ca9303324ae27c9d224e829df918b1ee8.c6ae4a85f8bc1eee64ee593e8582f1fd3 - Get a Copy for model file : APC_Exception_Stats.vwk folder id : 7 model file id : 1530 recursive at '9/22/2018 9:45:49 AM' ==> Completed. Took 00:00:00.595
2018/09/22 04:46:02.006 INFO  59 A.ca9303324ae27c9d224e829df918b1ee8.c6ae4a85f8bc1eee64ee593e8582f1fd3 - Get a Copy for model file : Plunger Velocity Thresholds_Ogueri_v2.vwk folder id : 7 model file id : 2025 recursive at '9/22/2018 9:46:01 AM' ==> Started.
2018/09/22 04:46:02.639 INFO  59 A.ca9303324ae27c9d224e829df918b1ee8.c6ae4a85f8bc1eee64ee593e8582f1fd3 - Get a Copy for model file : Plunger Velocity Thresholds_Ogueri_v2.vwk folder id : 7 model file id : 2025 recursive at '9/22/2018 9:46:01 AM' ==> Completed. Took 00:00:00.633
2018/09/22 04:46:42.622 INFO  84 A.ca9303324ae27c9d224e829df918b1ee8.c6ae4a85f8bc1eee64ee593e8582f1fd3 - Get a Copy for model file : APC Loading Variables.vwk folder id : 7 model file id : 2020 recursive at '9/22/2018 9:46:42 AM' ==> Started.
2018/09/22 04:46:43.289 INFO  84 A.ca9303324ae27c9d224e829df918b1ee8.c6ae4a85f8bc1eee64ee593e8582f1fd3 - Get a Copy for model file : APC Loading Variables.vwk folder id : 7 model file id : 2020 recursive at '9/22/2018 9:46:42 AM' ==> Completed. Took 00:00:00.666
2018/09/22 04:47:13.872 INFO  14 A.ca9303324ae27c9d224e829df918b1ee8.c6ae4a85f8bc1eee64ee593e8582f1fd3 - Get a Copy for model file : Deviation Survey Error.vwk folder id : 7 model file id : 1771 recursive at '9/22/2018 9:47:13 AM' ==> Started.
2018/09/22 04:47:14.528 INFO  14 A.ca9303324ae27c9d224e829df918b1ee8.c6ae4a85f8bc1eee64ee593e8582f1fd3 - Get a Copy for model file : Deviation Survey Error.vwk folder id : 7 model file id : 1771 recursive at '9/22/2018 9:47:13 AM' ==> Completed. Took 00:00:00.656
2018/09/22 04:47:21.310 INFO  85 A.ca9303324ae27c9d224e829df918b1ee8.c6ae4a85f8bc1eee64ee593e8582f1fd3 - Get a Copy for model file : APC_Delete Flow Period2.vwk folder id : 7 model file id : 1532 recursive at '9/22/2018 9:47:20 AM' ==> Started.
2018/09/22 04:47:21.942 INFO  85 A.ca9303324ae27c9d224e829df918b1ee8.c6ae4a85f8bc1eee64ee593e8582f1fd3 - Get a Copy for model file : APC_Delete Flow Period2.vwk folder id : 7 model file id : 1532 recursive at '9/22/2018 9:47:20 AM' ==> Completed. Took 00:00:00.632
2018/09/22 04:47:49.143 INFO  98 A.ca9303324ae27c9d224e829df918b1ee8.c6ae4a85f8bc1eee64ee593e8582f1fd3 - Get a Copy for model file : APC Line Pressure Surveillance.vwk folder id : 7 model file id : 3221 recursive at '9/22/2018 9:47:48 AM' ==> Started.
2018/09/22 04:47:49.742 INFO  98 A.ca9303324ae27c9d224e829df918b1ee8.c6ae4a85f8bc1eee64ee593e8582f1fd3 - Get a Copy for model file : APC Line Pressure Surveillance.vwk folder id : 7 model file id : 3221 recursive at '9/22/2018 9:47:48 AM' ==> Completed. Took 00:00:00.598
2018/09/22 04:49:51.534 INFO  80 A.cdc551499db0039f956e1d0666bfd1504.ca3aa6b2f13c2c1bc9c646f6abf33ed07 - Changing service from :0 to HOUMSEOSIFM007:8787
2018/09/22 04:50:04.092 INFO  53 A.ca9303324ae27c9d224e829df918b1ee8.c6ae4a85f8bc1eee64ee593e8582f1fd3 - Get a Copy for model file : APC Latch Valve Detection.vwk folder id : 7 model file id : 2000 recursive at '9/22/2018 9:50:03 AM' ==> Started.
2018/09/22 04:50:04.722 INFO  53 A.ca9303324ae27c9d224e829df918b1ee8.c6ae4a85f8bc1eee64ee593e8582f1fd3 - Get a Copy for model file : APC Latch Valve Detection.vwk folder id : 7 model file id : 2000 recursive at '9/22/2018 9:50:03 AM' ==> Completed. Took 00:00:00.630
2018/09/22 04:50:49.476 INFO  103 A.ca9303324ae27c9d224e829df918b1ee8.c6ae4a85f8bc1eee64ee593e8582f1fd3 - Get a Copy for model file : APC_Flow_Period_Calc2.vwk folder id : 7 model file id : 1598 recursive at '9/22/2018 9:50:49 AM' ==> Started.
2018/09/22 04:50:50.972 INFO  103 A.ca9303324ae27c9d224e829df918b1ee8.c6ae4a85f8bc1eee64ee593e8582f1fd3 - Get a Copy for model file : APC_Flow_Period_Calc2.vwk folder id : 7 model file id : 1598 recursive at '9/22/2018 9:50:49 AM' ==> Completed. Took 00:00:01.495
2018/09/22 04:54:54.436 INFO  86 A.cdc551499db0039f956e1d0666bfd1504.ca3aa6b2f13c2c1bc9c646f6abf33ed07 - Changing service from :0 to HOUMSEOSIFM007:8787
2018/09/22 04:54:59.720 INFO  108 A.ca9303324ae27c9d224e829df918b1ee8.c6ae4a85f8bc1eee64ee593e8582f1fd3 - Get a Copy for model file : APC Line Pressure Surveillance Gas Sales Pressure.vwk folder id : 7 model file id : 3375 recursive at '9/22/2018 9:54:59 AM' ==> Started.
2018/09/22 04:55:00.297 INFO  108 A.ca9303324ae27c9d224e829df918b1ee8.c6ae4a85f8bc1eee64ee593e8582f1fd3 - Get a Copy for model file : APC Line Pressure Surveillance Gas Sales Pressure.vwk folder id : 7 model file id : 3375 recursive at '9/22/2018 9:54:59 AM' ==> Completed. Took 00:00:00.576
2018/09/22 04:59:53.225 INFO  123 A.cdc551499db0039f956e1d0666bfd1504.ca3aa6b2f13c2c1bc9c646f6abf33ed07 - Changing service from :0 to HOUMSEOSIFM007:8787
2018/09/22 05:00:22.624 INFO  53 A.ca9303324ae27c9d224e829df918b1ee8.c6ae4a85f8bc1eee64ee593e8582f1fd3 - Get a Copy for model file : Foreman Dashboard - East_West Aggregations.vwk folder id : 7 model file id : 2267 recursive at '9/22/2018 10:00:22 AM' ==> Started.
2018/09/22 05:00:23.296 INFO  53 A.ca9303324ae27c9d224e829df918b1ee8.c6ae4a85f8bc1eee64ee593e8582f1fd3 - Get a Copy for model file : Foreman Dashboard - East_West Aggregations.vwk folder id : 7 model file id : 2267 recursive at '9/22/2018 10:00:22 AM' ==> Completed. Took 00:00:00.672
2018/09/22 05:01:01.069 INFO  127 A.ca9303324ae27c9d224e829df918b1ee8.c6ae4a85f8bc1eee64ee593e8582f1fd3 - Get a Copy for model file : APC Route Review Data.vwk folder id : 7 model file id : 1617 recursive at '9/22/2018 10:01:00 AM' ==> Started.
2018/09/22 05:01:01.681 INFO  127 A.ca9303324ae27c9d224e829df918b1ee8.c6ae4a85f8bc1eee64ee593e8582f1fd3 - Get a Copy for model file : APC Route Review Data.vwk folder id : 7 model file id : 1617 recursive at '9/22/2018 10:01:00 AM' ==> Completed. Took 00:00:00.612
2018/09/22 05:01:02.731 INFO  84 A.ca9303324ae27c9d224e829df918b1ee8.c6ae4a85f8bc1eee64ee593e8582f1fd3 - Get a Copy for model file : APC Route Review EXT Historize.vwk folder id : 7 model file id : 1972 recursive at '9/22/2018 10:01:02 AM' ==> Started.
2018/09/22 05:01:03.337 INFO  84 A.ca9303324ae27c9d224e829df918b1ee8.c6ae4a85f8bc1eee64ee593e8582f1fd3 - Get a Copy for model file : APC Route Review EXT Historize.vwk folder id : 7 model file id : 1972 recursive at '9/22/2018 10:01:02 AM' ==> Completed. Took 00:00:00.606
2018/09/22 05:01:08.228 INFO  88 A.ca9303324ae27c9d224e829df918b1ee8.c6ae4a85f8bc1eee64ee593e8582f1fd3 - Get a Copy for model file : APC Roll Up Comments to Battery.vwk folder id : 7 model file id : 1974 recursive at '9/22/2018 10:01:07 AM' ==> Started.
2018/09/22 05:01:08.878 INFO  88 A.ca9303324ae27c9d224e829df918b1ee8.c6ae4a85f8bc1eee64ee593e8582f1fd3 - Get a Copy for model file : APC Roll Up Comments to Battery.vwk folder id : 7 model file id : 1974 recursive at '9/22/2018 10:01:07 AM' ==> Completed. Took 00:00:00.649
2018/09/22 05:01:09.928 INFO  125 A.ca9303324ae27c9d224e829df918b1ee8.c6ae4a85f8bc1eee64ee593e8582f1fd3 - Get a Copy for model file : APC Downtime Now.vwk folder id : 7 model file id : 1988 recursive at '9/22/2018 10:01:09 AM' ==> Started.
2018/09/22 05:01:10.594 INFO  125 A.ca9303324ae27c9d224e829df918b1ee8.c6ae4a85f8bc1eee64ee593e8582f1fd3 - Get a Copy for model file : APC Downtime Now.vwk folder id : 7 model file id : 1988 recursive at '9/22/2018 10:01:09 AM' ==> Completed. Took 00:00:00.666
2018/09/22 05:01:12.624 INFO  93 A.ca9303324ae27c9d224e829df918b1ee8.c6ae4a85f8bc1eee64ee593e8582f1fd3 - Get a Copy for model file : APC Route Review EXT Historize LongTerm.vwk folder id : 7 model file id : 1975 recursive at '9/22/2018 10:01:11 AM' ==> Started.
2018/09/22 05:01:13.264 INFO  93 A.ca9303324ae27c9d224e829df918b1ee8.c6ae4a85f8bc1eee64ee593e8582f1fd3 - Get a Copy for model file : APC Route Review EXT Historize LongTerm.vwk folder id : 7 model file id : 1975 recursive at '9/22/2018 10:01:11 AM' ==> Completed. Took 00:00:00.640
2018/09/22 05:01:19.616 INFO  73 A.ca9303324ae27c9d224e829df918b1ee8.c6ae4a85f8bc1eee64ee593e8582f1fd3 - Get a Copy for model file : APC_Count_IVM_Historical_Rows.vwk folder id : 7 model file id : 2261 recursive at '9/22/2018 10:01:19 AM' ==> Started.
2018/09/22 05:01:20.243 INFO  73 A.ca9303324ae27c9d224e829df918b1ee8.c6ae4a85f8bc1eee64ee593e8582f1fd3 - Get a Copy for model file : APC_Count_IVM_Historical_Rows.vwk folder id : 7 model file id : 2261 recursive at '9/22/2018 10:01:19 AM' ==> Completed. Took 00:00:00.627
2018/09/22 05:02:52.054 INFO  86 A.ca9303324ae27c9d224e829df918b1ee8.c6ae4a85f8bc1eee64ee593e8582f1fd3 - Get a Copy for model file : APC Historize Exceptions3.vwk folder id : 7 model file id : 1968 recursive at '9/22/2018 10:02:51 AM' ==> Started.
2018/09/22 05:02:52.740 INFO  86 A.ca9303324ae27c9d224e829df918b1ee8.c6ae4a85f8bc1eee64ee593e8582f1fd3 - Get a Copy for model file : APC Historize Exceptions3.vwk folder id : 7 model file id : 1968 recursive at '9/22/2018 10:02:51 AM' ==> Completed. Took 00:00:00.685
2018/09/22 05:03:53.075 INFO  98 A.ca9303324ae27c9d224e829df918b1ee8.c6ae4a85f8bc1eee64ee593e8582f1fd3 - Get a Copy for model file : APC QA Match Results.vwk folder id : 7 model file id : 3244 recursive at '9/22/2018 10:03:52 AM' ==> Started.
2018/09/22 05:03:53.784 INFO  98 A.ca9303324ae27c9d224e829df918b1ee8.c6ae4a85f8bc1eee64ee593e8582f1fd3 - Get a Copy for model file : APC QA Match Results.vwk folder id : 7 model file id : 3244 recursive at '9/22/2018 10:03:52 AM' ==> Completed. Took 00:00:00.709
2018/09/22 05:04:54.041 INFO  88 A.cdc551499db0039f956e1d0666bfd1504.ca3aa6b2f13c2c1bc9c646f6abf33ed07 - Changing service from :0 to HOUMSEOSIFM007:8787
2018/09/22 05:09:54.077 INFO  102 A.cdc551499db0039f956e1d0666bfd1504.ca3aa6b2f13c2c1bc9c646f6abf33ed07 - Changing service from :0 to HOUMSEOSIFM007:8787
2018/09/22 05:10:00.857 ERROR 131 A.cec9e090ae538d190220f059017b75b84.Process - System.TimeoutException: The request channel timed out while waiting for a reply after 00:04:56.4959987. Increase the timeout value passed to the call to Request or increase the SendTimeout value on the Binding. The time allotted to this operation may have been a portion of a longer timeout. ---> System.TimeoutException: The socket transfer timed out after 00:04:59.9950000. You have exceeded the timeout set on your binding. The time allotted to this operation may have been a portion of a longer timeout. ---> System.IO.IOException: The read operation failed, see inner exception. ---> System.TimeoutException: The socket transfer timed out after 00:04:59.9950000. You have exceeded the timeout set on your binding. The time allotted to this operation may have been a portion of a longer timeout. ---> System.Net.Sockets.SocketException: A connection attempt failed because the connected party did not properly respond after a period of time, or established connection failed because connected host has failed to respond
   at System.Net.Sockets.Socket.Receive(Byte[] buffer, Int32 offset, Int32 size, SocketFlags socketFlags)
   at System.ServiceModel.Channels.SocketConnection.ReadCore(Byte[] buffer, Int32 offset, Int32 size, TimeSpan timeout, Boolean closing)
   --- End of inner exception stack trace ---
   at System.ServiceModel.Channels.SocketConnection.ReadCore(Byte[] buffer, Int32 offset, Int32 size, TimeSpan timeout, Boolean closing)
   at System.ServiceModel.Channels.SocketConnection.Read(Byte[] buffer, Int32 offset, Int32 size, TimeSpan timeout)
   at System.ServiceModel.Channels.DelegatingConnection.Read(Byte[] buffer, Int32 offset, Int32 size, TimeSpan timeout)
   at System.ServiceModel.Channels.ConnectionStream.Read(Byte[] buffer, Int32 offset, Int32 count)
   at System.Net.FixedSizeReader.ReadPacket(Byte[] buffer, Int32 offset, Int32 count)
   at System.Net.Security.NegotiateStream.StartFrameHeader(Byte[] buffer, Int32 offset, Int32 count, AsyncProtocolRequest asyncRequest)
   at System.Net.Security.NegotiateStream.ProcessRead(Byte[] buffer, Int32 offset, Int32 count, AsyncProtocolRequest asyncRequest)
   --- End of inner exception stack trace ---
   at System.Net.Security.NegotiateStream.ProcessRead(Byte[] buffer, Int32 offset, Int32 count, AsyncProtocolRequest asyncRequest)
   at System.Net.Security.NegotiateStream.Read(Byte[] buffer, Int32 offset, Int32 count)
   at System.ServiceModel.Channels.StreamConnection.Read(Byte[] buffer, Int32 offset, Int32 size, TimeSpan timeout)
   --- End of inner exception stack trace ---
   at System.ServiceModel.Channels.StreamConnection.Read(Byte[] buffer, Int32 offset, Int32 size, TimeSpan timeout)
   at System.ServiceModel.Channels.SingletonConnectionReader.Receive(TimeSpan timeout)
   at System.ServiceModel.Channels.StreamedFramingRequestChannel.StreamedFramingRequest.WaitForReply(TimeSpan timeout)
   at System.ServiceModel.Channels.RequestChannel.Request(Message message, TimeSpan timeout)
   --- End of inner exception stack trace ---

Server stack trace: 
   at System.ServiceModel.Channels.RequestChannel.Request(Message message, TimeSpan timeout)
   at System.ServiceModel.Channels.TransactionRequestChannelGeneric`1.Request(Message message, TimeSpan timeout)
   at System.ServiceModel.Dispatcher.RequestChannelBinder.Request(Message message, TimeSpan timeout)
   at System.ServiceModel.Channels.ServiceChannel.Call(String action, Boolean oneway, ProxyOperationRuntime operation, Object[] ins, Object[] outs, TimeSpan timeout)
   at System.ServiceModel.Channels.ServiceChannelProxy.InvokeService(IMethodCallMessage methodCall, ProxyOperationRuntime operation)
   at System.ServiceModel.Channels.ServiceChannelProxy.Invoke(IMessage message)

Exception rethrown at [0]: 
   at System.Runtime.Remoting.Proxies.RealProxy.HandleReturnMessage(IMessage reqMsg, IMessage retMsg)
   at System.Runtime.Remoting.Proxies.RealProxy.PrivateInvoke(MessageData& msgData, Int32 type)
   at Petex.Service.RequestProcessor.IWcfStreamResponseProcessor.Process(MessageRequest request)
   at A.cec9e090ae538d190220f059017b75b84.Process(MessageRequest request)
Details:
System.TimeoutException: The request channel timed out while waiting for a reply after 00:04:56.4959987. Increase the timeout value passed to the call to Request or increase the SendTimeout value on the Binding. The time allotted to this operation may have been a portion of a longer timeout. ---> System.TimeoutException: The socket transfer timed out after 00:04:59.9950000. You have exceeded the timeout set on your binding. The time allotted to this operation may have been a portion of a longer timeout. ---> System.IO.IOException: The read operation failed, see inner exception. ---> System.TimeoutException: The socket transfer timed out after 00:04:59.9950000. You have exceeded the timeout set on your binding. The time allotted to this operation may have been a portion of a longer timeout. ---> System.Net.Sockets.SocketException: A connection attempt failed because the connected party did not properly respond after a period of time, or established connection failed because connected host has failed to respond
   at System.Net.Sockets.Socket.Receive(Byte[] buffer, Int32 offset, Int32 size, SocketFlags socketFlags)
   at System.ServiceModel.Channels.SocketConnection.ReadCore(Byte[] buffer, Int32 offset, Int32 size, TimeSpan timeout, Boolean closing)
   --- End of inner exception stack trace ---
   at System.ServiceModel.Channels.SocketConnection.ReadCore(Byte[] buffer, Int32 offset, Int32 size, TimeSpan timeout, Boolean closing)
   at System.ServiceModel.Channels.SocketConnection.Read(Byte[] buffer, Int32 offset, Int32 size, TimeSpan timeout)
   at System.ServiceModel.Channels.DelegatingConnection.Read(Byte[] buffer, Int32 offset, Int32 size, TimeSpan timeout)
   at System.ServiceModel.Channels.ConnectionStream.Read(Byte[] buffer, Int32 offset, Int32 count)
   at System.Net.FixedSizeReader.ReadPacket(Byte[] buffer, Int32 offset, Int32 count)
   at System.Net.Security.NegotiateStream.StartFrameHeader(Byte[] buffer, Int32 offset, Int32 count, AsyncProtocolRequest asyncRequest)
   at System.Net.Security.NegotiateStream.ProcessRead(Byte[] buffer, Int32 offset, Int32 count, AsyncProtocolRequest asyncRequest)
   --- End of inner exception stack trace ---
   at System.Net.Security.NegotiateStream.ProcessRead(Byte[] buffer, Int32 offset, Int32 count, AsyncProtocolRequest asyncRequest)
   at System.Net.Security.NegotiateStream.Read(Byte[] buffer, Int32 offset, Int32 count)
   at System.ServiceModel.Channels.StreamConnection.Read(Byte[] buffer, Int32 offset, Int32 size, TimeSpan timeout)
   --- End of inner exception stack trace ---
   at System.ServiceModel.Channels.StreamConnection.Read(Byte[] buffer, Int32 offset, Int32 size, TimeSpan timeout)
   at System.ServiceModel.Channels.SingletonConnectionReader.Receive(TimeSpan timeout)
   at System.ServiceModel.Channels.StreamedFramingRequestChannel.StreamedFramingRequest.WaitForReply(TimeSpan timeout)
   at System.ServiceModel.Channels.RequestChannel.Request(Message message, TimeSpan timeout)
   --- End of inner exception stack trace ---

Server stack trace: 
   at System.ServiceModel.Channels.RequestChannel.Request(Message message, TimeSpan timeout)
   at System.ServiceModel.Channels.TransactionRequestChannelGeneric`1.Request(Message message, TimeSpan timeout)
   at System.ServiceModel.Dispatcher.RequestChannelBinder.Request(Message message, TimeSpan timeout)
   at System.ServiceModel.Channels.ServiceChannel.Call(String action, Boolean oneway, ProxyOperationRuntime operation, Object[] ins, Object[] outs, TimeSpan timeout)
   at System.ServiceModel.Channels.ServiceChannelProxy.InvokeService(IMethodCallMessage methodCall, ProxyOperationRuntime operation)
   at System.ServiceModel.Channels.ServiceChannelProxy.Invoke(IMessage message)

Exception rethrown at [0]: 
   at System.Runtime.Remoting.Proxies.RealProxy.HandleReturnMessage(IMessage reqMsg, IMessage retMsg)
   at System.Runtime.Remoting.Proxies.RealProxy.PrivateInvoke(MessageData& msgData, Int32 type)
   at Petex.Service.RequestProcessor.IWcfStreamResponseProcessor.Process(MessageRequest request)
   at A.cec9e090ae538d190220f059017b75b84.Process(MessageRequest request)
2018/09/22 05:10:00.973 ERROR 131 A.cec9e090ae538d190220f059017b75b84 (Thread 131) ProcID (8992) - System.TimeoutException: The request channel timed out while waiting for a reply after 00:04:56.4959987. Increase the timeout value passed to the call to Request or increase the SendTimeout value on the Binding. The time allotted to this operation may have been a portion of a longer timeout. ---> System.TimeoutException: The socket transfer timed out after 00:04:59.9950000. You have exceeded the timeout set on your binding. The time allotted to this operation may have been a portion of a longer timeout. ---> System.IO.IOException: The read operation failed, see inner exception. ---> System.TimeoutException: The socket transfer timed out after 00:04:59.9950000. You have exceeded the timeout set on your binding. The time allotted to this operation may have been a portion of a longer timeout. ---> System.Net.Sockets.SocketException: A connection attempt failed because the connected party did not properly respond after a period of time, or established connection failed because connected host has failed to respond
   at System.Net.Sockets.Socket.Receive(Byte[] buffer, Int32 offset, Int32 size, SocketFlags socketFlags)
   at System.ServiceModel.Channels.SocketConnection.ReadCore(Byte[] buffer, Int32 offset, Int32 size, TimeSpan timeout, Boolean closing)
   --- End of inner exception stack trace ---
   at System.ServiceModel.Channels.SocketConnection.ReadCore(Byte[] buffer, Int32 offset, Int32 size, TimeSpan timeout, Boolean closing)
   at System.ServiceModel.Channels.SocketConnection.Read(Byte[] buffer, Int32 offset, Int32 size, TimeSpan timeout)
   at System.ServiceModel.Channels.DelegatingConnection.Read(Byte[] buffer, Int32 offset, Int32 size, TimeSpan timeout)
   at System.ServiceModel.Channels.ConnectionStream.Read(Byte[] buffer, Int32 offset, Int32 count)
   at System.Net.FixedSizeReader.ReadPacket(Byte[] buffer, Int32 offset, Int32 count)
   at System.Net.Security.NegotiateStream.StartFrameHeader(Byte[] buffer, Int32 offset, Int32 count, AsyncProtocolRequest asyncRequest)
   at System.Net.Security.NegotiateStream.ProcessRead(Byte[] buffer, Int32 offset, Int32 count, AsyncProtocolRequest asyncRequest)
   --- End of inner exception stack trace ---
   at System.Net.Security.NegotiateStream.ProcessRead(Byte[] buffer, Int32 offset, Int32 count, AsyncProtocolRequest asyncRequest)
   at System.Net.Security.NegotiateStream.Read(Byte[] buffer, Int32 offset, Int32 count)
   at System.ServiceModel.Channels.StreamConnection.Read(Byte[] buffer, Int32 offset, Int32 size, TimeSpan timeout)
   --- End of inner exception stack trace ---
   at System.ServiceModel.Channels.StreamConnection.Read(Byte[] buffer, Int32 offset, Int32 size, TimeSpan timeout)
   at System.ServiceModel.Channels.SingletonConnectionReader.Receive(TimeSpan timeout)
   at System.ServiceModel.Channels.StreamedFramingRequestChannel.StreamedFramingRequest.WaitForReply(TimeSpan timeout)
   at System.ServiceModel.Channels.RequestChannel.Request(Message message, TimeSpan timeout)
   --- End of inner exception stack trace ---

Server stack trace: 
   at System.ServiceModel.Channels.RequestChannel.Request(Message message, TimeSpan timeout)
   at System.ServiceModel.Channels.TransactionRequestChannelGeneric`1.Request(Message message, TimeSpan timeout)
   at System.ServiceModel.Dispatcher.RequestChannelBinder.Request(Message message, TimeSpan timeout)
   at System.ServiceModel.Channels.ServiceChannel.Call(String action, Boolean oneway, ProxyOperationRuntime operation, Object[] ins, Object[] outs, TimeSpan timeout)
   at System.ServiceModel.Channels.ServiceChannelProxy.InvokeService(IMethodCallMessage methodCall, ProxyOperationRuntime operation)
   at System.ServiceModel.Channels.ServiceChannelProxy.Invoke(IMessage message)

Exception rethrown at [0]: 
   at System.Runtime.Remoting.Proxies.RealProxy.HandleReturnMessage(IMessage reqMsg, IMessage retMsg)
   at System.Runtime.Remoting.Proxies.RealProxy.PrivateInvoke(MessageData& msgData, Int32 type)
   at Petex.Service.RequestProcessor.IWcfStreamResponseProcessor.Process(MessageRequest request)
   at A.cec9e090ae538d190220f059017b75b84.Process(MessageRequest request)

method : Process([Petex.Service.RequestProcessor.MessageRequest] request = Petex.Service.RequestProcessor.MessageRequest)

2018/09/22 05:10:01.014 ERROR 115 Petex.IFM.IVM.VisualWorkflowService.c1c13b709b3df317d725c923928032d5a - An error occurred while getting bulk results.
Details:
System.TimeoutException: The request channel timed out while waiting for a reply after 00:04:56.4959987. Increase the timeout value passed to the call to Request or increase the SendTimeout value on the Binding. The time allotted to this operation may have been a portion of a longer timeout. ---> System.TimeoutException: The socket transfer timed out after 00:04:59.9950000. You have exceeded the timeout set on your binding. The time allotted to this operation may have been a portion of a longer timeout. ---> System.IO.IOException: The read operation failed, see inner exception. ---> System.TimeoutException: The socket transfer timed out after 00:04:59.9950000. You have exceeded the timeout set on your binding. The time allotted to this operation may have been a portion of a longer timeout. ---> System.Net.Sockets.SocketException: A connection attempt failed because the connected party did not properly respond after a period of time, or established connection failed because connected host has failed to respond
   at System.Net.Sockets.Socket.Receive(Byte[] buffer, Int32 offset, Int32 size, SocketFlags socketFlags)
   at System.ServiceModel.Channels.SocketConnection.ReadCore(Byte[] buffer, Int32 offset, Int32 size, TimeSpan timeout, Boolean closing)
   --- End of inner exception stack trace ---
   at System.ServiceModel.Channels.SocketConnection.ReadCore(Byte[] buffer, Int32 offset, Int32 size, TimeSpan timeout, Boolean closing)
   at System.ServiceModel.Channels.SocketConnection.Read(Byte[] buffer, Int32 offset, Int32 size, TimeSpan timeout)
   at System.ServiceModel.Channels.DelegatingConnection.Read(Byte[] buffer, Int32 offset, Int32 size, TimeSpan timeout)
   at System.ServiceModel.Channels.ConnectionStream.Read(Byte[] buffer, Int32 offset, Int32 count)
   at System.Net.FixedSizeReader.ReadPacket(Byte[] buffer, Int32 offset, Int32 count)
   at System.Net.Security.NegotiateStream.StartFrameHeader(Byte[] buffer, Int32 offset, Int32 count, AsyncProtocolRequest asyncRequest)
   at System.Net.Security.NegotiateStream.ProcessRead(Byte[] buffer, Int32 offset, Int32 count, AsyncProtocolRequest asyncRequest)
   --- End of inner exception stack trace ---
   at System.Net.Security.NegotiateStream.ProcessRead(Byte[] buffer, Int32 offset, Int32 count, AsyncProtocolRequest asyncRequest)
   at System.Net.Security.NegotiateStream.Read(Byte[] buffer, Int32 offset, Int32 count)
   at System.ServiceModel.Channels.StreamConnection.Read(Byte[] buffer, Int32 offset, Int32 size, TimeSpan timeout)
   --- End of inner exception stack trace ---
   at System.ServiceModel.Channels.StreamConnection.Read(Byte[] buffer, Int32 offset, Int32 size, TimeSpan timeout)
   at System.ServiceModel.Channels.SingletonConnectionReader.Receive(TimeSpan timeout)
   at System.ServiceModel.Channels.StreamedFramingRequestChannel.StreamedFramingRequest.WaitForReply(TimeSpan timeout)
   at System.ServiceModel.Channels.RequestChannel.Request(Message message, TimeSpan timeout)
   --- End of inner exception stack trace ---

Server stack trace: 
   at System.ServiceModel.Channels.RequestChannel.Request(Message message, TimeSpan timeout)
   at System.ServiceModel.Channels.TransactionRequestChannelGeneric`1.Request(Message message, TimeSpan timeout)
   at System.ServiceModel.Dispatcher.RequestChannelBinder.Request(Message message, TimeSpan timeout)
   at System.ServiceModel.Channels.ServiceChannel.Call(String action, Boolean oneway, ProxyOperationRuntime operation, Object[] ins, Object[] outs, TimeSpan timeout)
   at System.ServiceModel.Channels.ServiceChannelProxy.InvokeService(IMethodCallMessage methodCall, ProxyOperationRuntime operation)
   at System.ServiceModel.Channels.ServiceChannelProxy.Invoke(IMessage message)

Exception rethrown at [0]: 
   at A.c22aefe7f39df3d678dba160428b769f4.c0c4ec95a682cbefc208f4f3eb80ff6ad[c5e2460f6ebc534efe90b3230b7797cb4](Func`1 c3c081f340dcdf79e192d50757bce0bee)
   at A.c42ccb3c762729e5c1ed9dd9fb21f7a51.c2a035223c95353a451d486528bb968ce(DateTime ca50651d185b346c217028862887f6062, List`1 c94623007ea3b221db43a7a5c991a9cac, Int32 c27485bd6dedf79f29eccbe33aefab814, DateTime cc0b7aac23bdedea569c99b9f01ab5798, DateTime ca917bd7d663d59239d097b255d937590)
   at Petex.IFM.IVM.VisualWorkflowService.c1c13b709b3df317d725c923928032d5a(c0a78f935034ea252425562b3db1ea988 cc462e40687a776088a0f60dcc4dee4c5, VisualWorkflowResultOptions c97464e7151b310fab45ca8e18c9bbc4d)
2018/09/22 05:11:15.567 INFO  99 A.ca9303324ae27c9d224e829df918b1ee8.c6ae4a85f8bc1eee64ee593e8582f1fd3 - Get a Copy for model file : APC Downtime Rollup.vwk folder id : 7 model file id : 1990 recursive at '9/22/2018 10:11:05 AM' ==> Started.
2018/09/22 05:11:16.206 INFO  99 A.ca9303324ae27c9d224e829df918b1ee8.c6ae4a85f8bc1eee64ee593e8582f1fd3 - Get a Copy for model file : APC Downtime Rollup.vwk folder id : 7 model file id : 1990 recursive at '9/22/2018 10:11:05 AM' ==> Completed. Took 00:00:00.639
2018/09/22 05:14:54.049 INFO  71 A.cdc551499db0039f956e1d0666bfd1504.ca3aa6b2f13c2c1bc9c646f6abf33ed07 - Changing service from :0 to HOUMSEOSIFM007:8787
2018/09/22 05:15:54.079 INFO  55 A.ca9303324ae27c9d224e829df918b1ee8.c6ae4a85f8bc1eee64ee593e8582f1fd3 - Get a Copy for model file : ___Clear_Variables.vwk folder id : 7 model file id : 1589 recursive at '9/22/2018 10:15:53 AM' ==> Started.
2018/09/22 05:15:54.942 INFO  55 A.ca9303324ae27c9d224e829df918b1ee8.c6ae4a85f8bc1eee64ee593e8582f1fd3 - Get a Copy for model file : ___Clear_Variables.vwk folder id : 7 model file id : 1589 recursive at '9/22/2018 10:15:53 AM' ==> Completed. Took 00:00:00.863
2018/09/22 05:17:37.272 INFO  134 A.ca9303324ae27c9d224e829df918b1ee8.c6ae4a85f8bc1eee64ee593e8582f1fd3 - Get a Copy for model file : APC Plunger Surveillance HF.vwk folder id : 7 model file id : 1522 recursive at '9/22/2018 10:17:36 AM' ==> Started.
2018/09/22 05:17:37.937 INFO  134 A.ca9303324ae27c9d224e829df918b1ee8.c6ae4a85f8bc1eee64ee593e8582f1fd3 - Get a Copy for model file : APC Plunger Surveillance HF.vwk folder id : 7 model file id : 1522 recursive at '9/22/2018 10:17:36 AM' ==> Completed. Took 00:00:00.665
2018/09/22 05:20:24.068 INFO  82 A.cdc551499db0039f956e1d0666bfd1504.ca3aa6b2f13c2c1bc9c646f6abf33ed07 - Changing service from :0 to HOUMSEOSIFM007:8787
2018/09/22 05:24:50.736 INFO  121 A.ca9303324ae27c9d224e829df918b1ee8.c6ae4a85f8bc1eee64ee593e8582f1fd3 - Get a Copy for model file : APC Choke Schedule Backfill.vwk folder id : 7 model file id : 2288 recursive at '9/22/2018 10:24:49 AM' ==> Started.
2018/09/22 05:24:51.365 INFO  121 A.ca9303324ae27c9d224e829df918b1ee8.c6ae4a85f8bc1eee64ee593e8582f1fd3 - Get a Copy for model file : APC Choke Schedule Backfill.vwk folder id : 7 model file id : 2288 recursive at '9/22/2018 10:24:49 AM' ==> Completed. Took 00:00:00.631
2018/09/22 05:25:24.145 INFO  79 A.cdc551499db0039f956e1d0666bfd1504.ca3aa6b2f13c2c1bc9c646f6abf33ed07 - Changing service from :0 to HOUMSEOSIFM007:8787
2018/09/22 05:27:01.618 INFO  96 A.ca9303324ae27c9d224e829df918b1ee8.c6ae4a85f8bc1eee64ee593e8582f1fd3 - Get a Copy for model file : APC Production Today Tracker Clear Variables.vwk folder id : 7 model file id : 1602 recursive at '9/22/2018 10:27:01 AM' ==> Started.
2018/09/22 05:27:02.236 INFO  96 A.ca9303324ae27c9d224e829df918b1ee8.c6ae4a85f8bc1eee64ee593e8582f1fd3 - Get a Copy for model file : APC Production Today Tracker Clear Variables.vwk folder id : 7 model file id : 1602 recursive at '9/22/2018 10:27:01 AM' ==> Completed. Took 00:00:00.618
2018/09/22 05:28:04.761 INFO  73 A.ca9303324ae27c9d224e829df918b1ee8.c6ae4a85f8bc1eee64ee593e8582f1fd3 - Get a Copy for model file : APC Choke Surveillance.vwk folder id : 7 model file id : 3164 recursive at '9/22/2018 10:28:04 AM' ==> Started.
2018/09/22 05:28:05.386 INFO  73 A.ca9303324ae27c9d224e829df918b1ee8.c6ae4a85f8bc1eee64ee593e8582f1fd3 - Get a Copy for model file : APC Choke Surveillance.vwk folder id : 7 model file id : 3164 recursive at '9/22/2018 10:28:04 AM' ==> Completed. Took 00:00:00.625
2018/09/22 05:28:50.043 INFO  64 A.ca9303324ae27c9d224e829df918b1ee8.c6ae4a85f8bc1eee64ee593e8582f1fd3 - Get a Copy for model file : APC Production Today Tracker.vwk folder id : 7 model file id : 1591 recursive at '9/22/2018 10:28:49 AM' ==> Started.
2018/09/22 05:28:50.646 INFO  64 A.ca9303324ae27c9d224e829df918b1ee8.c6ae4a85f8bc1eee64ee593e8582f1fd3 - Get a Copy for model file : APC Production Today Tracker.vwk folder id : 7 model file id : 1591 recursive at '9/22/2018 10:28:49 AM' ==> Completed. Took 00:00:00.602
2018/09/22 05:30:25.448 INFO  136 A.cdc551499db0039f956e1d0666bfd1504.ca3aa6b2f13c2c1bc9c646f6abf33ed07 - Changing service from :0 to HOUMSEOSIFM007:8787
2018/09/22 05:33:10.905 INFO  78 A.ca9303324ae27c9d224e829df918b1ee8.c6ae4a85f8bc1eee64ee593e8582f1fd3 - Get a Copy for model file : APC Latch Valve Failure Tracker.vwk folder id : 7 model file id : 1525 recursive at '9/22/2018 10:33:10 AM' ==> Started.
2018/09/22 05:33:11.517 INFO  78 A.ca9303324ae27c9d224e829df918b1ee8.c6ae4a85f8bc1eee64ee593e8582f1fd3 - Get a Copy for model file : APC Latch Valve Failure Tracker.vwk folder id : 7 model file id : 1525 recursive at '9/22/2018 10:33:10 AM' ==> Completed. Took 00:00:00.611
2018/09/22 05:35:25.460 INFO  73 A.cdc551499db0039f956e1d0666bfd1504.ca3aa6b2f13c2c1bc9c646f6abf33ed07 - Changing service from :0 to HOUMSEOSIFM007:8787
2018/09/22 05:37:17.248 INFO  127 A.ca9303324ae27c9d224e829df918b1ee8.c6ae4a85f8bc1eee64ee593e8582f1fd3 - Get a Copy for model file : APC Valve Open No Flow.vwk folder id : 7 model file id : 1527 recursive at '9/22/2018 10:37:16 AM' ==> Started.
2018/09/22 05:37:17.840 INFO  127 A.ca9303324ae27c9d224e829df918b1ee8.c6ae4a85f8bc1eee64ee593e8582f1fd3 - Get a Copy for model file : APC Valve Open No Flow.vwk folder id : 7 model file id : 1527 recursive at '9/22/2018 10:37:16 AM' ==> Completed. Took 00:00:00.591
2018/09/22 05:38:09.799 INFO  84 A.ca9303324ae27c9d224e829df918b1ee8.c6ae4a85f8bc1eee64ee593e8582f1fd3 - Get a Copy for model file : Petroleum Experts IVM Well Builder Data Validator.vwk folder id : 7 model file id : 1773 recursive at '9/22/2018 10:38:09 AM' ==> Started.
2018/09/22 05:38:10.448 INFO  84 A.ca9303324ae27c9d224e829df918b1ee8.c6ae4a85f8bc1eee64ee593e8582f1fd3 - Get a Copy for model file : Petroleum Experts IVM Well Builder Data Validator.vwk folder id : 7 model file id : 1773 recursive at '9/22/2018 10:38:09 AM' ==> Completed. Took 00:00:00.648
2018/09/22 05:40:55.430 INFO  130 A.cdc551499db0039f956e1d0666bfd1504.ca3aa6b2f13c2c1bc9c646f6abf33ed07 - Changing service from :0 to HOUMSEOSIFM007:8787
2018/09/22 05:41:23.835 INFO  73 A.ca9303324ae27c9d224e829df918b1ee8.c6ae4a85f8bc1eee64ee593e8582f1fd3 - Get a Copy for model file : APC_Coriolis_Surveillance_Analysis.vwk folder id : 7 model file id : 1531 recursive at '9/22/2018 10:41:23 AM' ==> Started.
2018/09/22 05:41:24.464 INFO  73 A.ca9303324ae27c9d224e829df918b1ee8.c6ae4a85f8bc1eee64ee593e8582f1fd3 - Get a Copy for model file : APC_Coriolis_Surveillance_Analysis.vwk folder id : 7 model file id : 1531 recursive at '9/22/2018 10:41:23 AM' ==> Completed. Took 00:00:00.629
2018/09/22 05:41:58.656 INFO  82 A.ca9303324ae27c9d224e829df918b1ee8.c6ae4a85f8bc1eee64ee593e8582f1fd3 - Get a Copy for model file : APC HF Production Roll Up.vwk folder id : 7 model file id : 1606 recursive at '9/22/2018 10:41:58 AM' ==> Started.
2018/09/22 05:41:59.279 INFO  82 A.ca9303324ae27c9d224e829df918b1ee8.c6ae4a85f8bc1eee64ee593e8582f1fd3 - Get a Copy for model file : APC HF Production Roll Up.vwk folder id : 7 model file id : 1606 recursive at '9/22/2018 10:41:58 AM' ==> Completed. Took 00:00:00.623
2018/09/22 05:43:05.312 INFO  131 A.ca9303324ae27c9d224e829df918b1ee8.c6ae4a85f8bc1eee64ee593e8582f1fd3 - Get a Copy for model file : APC MV Times.vwk folder id : 7 model file id : 1533 recursive at '9/22/2018 10:43:04 AM' ==> Started.
2018/09/22 05:43:05.917 INFO  131 A.ca9303324ae27c9d224e829df918b1ee8.c6ae4a85f8bc1eee64ee593e8582f1fd3 - Get a Copy for model file : APC MV Times.vwk folder id : 7 model file id : 1533 recursive at '9/22/2018 10:43:04 AM' ==> Completed. Took 00:00:00.605
2018/09/22 05:46:25.464 INFO  55 A.cdc551499db0039f956e1d0666bfd1504.ca3aa6b2f13c2c1bc9c646f6abf33ed07 - Changing service from :0 to HOUMSEOSIFM007:8787
2018/09/22 05:49:33.455 INFO  127 A.ca9303324ae27c9d224e829df918b1ee8.c6ae4a85f8bc1eee64ee593e8582f1fd3 - Get a Copy for model file : APC Output Production Today Projections.vwk folder id : 7 model file id : 1637 recursive at '9/22/2018 10:49:32 AM' ==> Started.
2018/09/22 05:49:34.061 INFO  127 A.ca9303324ae27c9d224e829df918b1ee8.c6ae4a85f8bc1eee64ee593e8582f1fd3 - Get a Copy for model file : APC Output Production Today Projections.vwk folder id : 7 model file id : 1637 recursive at '9/22/2018 10:49:32 AM' ==> Completed. Took 00:00:00.606
2018/09/22 05:51:24.512 INFO  79 A.ca9303324ae27c9d224e829df918b1ee8.c6ae4a85f8bc1eee64ee593e8582f1fd3 - Get a Copy for model file : APC Production Tracker Roll Up - Micro.vwk folder id : 7 model file id : 1981 recursive at '9/22/2018 10:51:24 AM' ==> Started.
2018/09/22 05:51:25.120 INFO  79 A.ca9303324ae27c9d224e829df918b1ee8.c6ae4a85f8bc1eee64ee593e8582f1fd3 - Get a Copy for model file : APC Production Tracker Roll Up - Micro.vwk folder id : 7 model file id : 1981 recursive at '9/22/2018 10:51:24 AM' ==> Completed. Took 00:00:00.608
2018/09/22 05:51:25.474 INFO  3 A.cdc551499db0039f956e1d0666bfd1504.ca3aa6b2f13c2c1bc9c646f6abf33ed07 - Changing service from :0 to HOUMSEOSIFM007:8787
2018/09/22 05:53:08.958 INFO  129 A.ca9303324ae27c9d224e829df918b1ee8.c6ae4a85f8bc1eee64ee593e8582f1fd3 - Get a Copy for model file : APC Stacked Data Points Creator.vwk folder id : 7 model file id : 1985 recursive at '9/22/2018 10:53:08 AM' ==> Started.
2018/09/22 05:53:09.581 INFO  129 A.ca9303324ae27c9d224e829df918b1ee8.c6ae4a85f8bc1eee64ee593e8582f1fd3 - Get a Copy for model file : APC Stacked Data Points Creator.vwk folder id : 7 model file id : 1985 recursive at '9/22/2018 10:53:08 AM' ==> Completed. Took 00:00:00.623
2018/09/22 05:56:25.518 INFO  75 A.cdc551499db0039f956e1d0666bfd1504.ca3aa6b2f13c2c1bc9c646f6abf33ed07 - Changing service from :0 to HOUMSEOSIFM007:8787
2018/09/22 06:00:59.421 INFO  115 A.ca9303324ae27c9d224e829df918b1ee8.c6ae4a85f8bc1eee64ee593e8582f1fd3 - Get a Copy for model file : APC Delete Route Review Variables.vwk folder id : 7 model file id : 1618 recursive at '9/22/2018 11:00:58 AM' ==> Started.
2018/09/22 06:01:00.032 INFO  115 A.ca9303324ae27c9d224e829df918b1ee8.c6ae4a85f8bc1eee64ee593e8582f1fd3 - Get a Copy for model file : APC Delete Route Review Variables.vwk folder id : 7 model file id : 1618 recursive at '9/22/2018 11:00:58 AM' ==> Completed. Took 00:00:00.610
2018/09/22 06:01:26.404 INFO  79 A.cdc551499db0039f956e1d0666bfd1504.ca3aa6b2f13c2c1bc9c646f6abf33ed07 - Changing service from :0 to HOUMSEOSIFM007:8787
2018/09/22 06:06:26.694 INFO  90 A.cdc551499db0039f956e1d0666bfd1504.ca3aa6b2f13c2c1bc9c646f6abf33ed07 - Changing service from :0 to HOUMSEOSIFM007:8787
2018/09/22 06:11:31.413 INFO  120 A.cdc551499db0039f956e1d0666bfd1504.ca3aa6b2f13c2c1bc9c646f6abf33ed07 - Changing service from :0 to HOUMSEOSIFM007:8787
2018/09/22 06:16:31.397 INFO  131 A.cdc551499db0039f956e1d0666bfd1504.ca3aa6b2f13c2c1bc9c646f6abf33ed07 - Changing service from :0 to HOUMSEOSIFM007:8787
2018/09/22 06:16:31.513 INFO  53 A.ca9303324ae27c9d224e829df918b1ee8.c6ae4a85f8bc1eee64ee593e8582f1fd3 - Get a Copy for model file : APC Negative Oil Rate Flag.vwk folder id : 7 model file id : 1772 recursive at '9/22/2018 11:16:30 AM' ==> Started.
2018/09/22 06:16:32.184 INFO  53 A.ca9303324ae27c9d224e829df918b1ee8.c6ae4a85f8bc1eee64ee593e8582f1fd3 - Get a Copy for model file : APC Negative Oil Rate Flag.vwk folder id : 7 model file id : 1772 recursive at '9/22/2018 11:16:30 AM' ==> Completed. Took 00:00:00.671
2018/09/22 06:21:31.980 INFO  57 A.cdc551499db0039f956e1d0666bfd1504.ca3aa6b2f13c2c1bc9c646f6abf33ed07 - Changing service from :0 to HOUMSEOSIFM007:8787
2018/09/22 06:26:32.930 INFO  123 A.cdc551499db0039f956e1d0666bfd1504.ca3aa6b2f13c2c1bc9c646f6abf33ed07 - Changing service from :0 to HOUMSEOSIFM007:8787
2018/09/22 06:31:00.673 INFO  55 A.ca9303324ae27c9d224e829df918b1ee8.c6ae4a85f8bc1eee64ee593e8582f1fd3 - Get a Copy for model file : APC_Recalc_Coriolis_Stats.vwk folder id : 7 model file id : 1536 recursive at '9/22/2018 11:31:00 AM' ==> Started.
2018/09/22 06:31:01.258 INFO  55 A.ca9303324ae27c9d224e829df918b1ee8.c6ae4a85f8bc1eee64ee593e8582f1fd3 - Get a Copy for model file : APC_Recalc_Coriolis_Stats.vwk folder id : 7 model file id : 1536 recursive at '9/22/2018 11:31:00 AM' ==> Completed. Took 00:00:00.584
2018/09/22 06:31:04.627 INFO  67 A.ca9303324ae27c9d224e829df918b1ee8.c6ae4a85f8bc1eee64ee593e8582f1fd3 - Get a Copy for model file : PDB Exceptions.vwk folder id : 7 model file id : 1594 recursive at '9/22/2018 11:31:04 AM' ==> Started.
2018/09/22 06:31:05.203 INFO  67 A.ca9303324ae27c9d224e829df918b1ee8.c6ae4a85f8bc1eee64ee593e8582f1fd3 - Get a Copy for model file : PDB Exceptions.vwk folder id : 7 model file id : 1594 recursive at '9/22/2018 11:31:04 AM' ==> Completed. Took 00:00:00.576
2018/09/22 06:31:33.941 INFO  59 A.cdc551499db0039f956e1d0666bfd1504.ca3aa6b2f13c2c1bc9c646f6abf33ed07 - Changing service from :0 to HOUMSEOSIFM007:8787
2018/09/22 06:36:32.983 INFO  79 A.cdc551499db0039f956e1d0666bfd1504.ca3aa6b2f13c2c1bc9c646f6abf33ed07 - Changing service from :0 to HOUMSEOSIFM007:8787
2018/09/22 06:42:02.944 INFO  117 A.cdc551499db0039f956e1d0666bfd1504.ca3aa6b2f13c2c1bc9c646f6abf33ed07 - Changing service from :0 to HOUMSEOSIFM007:8787
2018/09/22 06:45:55.148 INFO  124 A.ca9303324ae27c9d224e829df918b1ee8.c6ae4a85f8bc1eee64ee593e8582f1fd3 - Get a Copy for model file : APC Poll Group Processing Initial Wells.vwk folder id : 7 model file id : 1770 recursive at '9/22/2018 11:45:54 AM' ==> Started.
2018/09/22 06:45:55.733 INFO  124 A.ca9303324ae27c9d224e829df918b1ee8.c6ae4a85f8bc1eee64ee593e8582f1fd3 - Get a Copy for model file : APC Poll Group Processing Initial Wells.vwk folder id : 7 model file id : 1770 recursive at '9/22/2018 11:45:54 AM' ==> Completed. Took 00:00:00.584
2018/09/22 06:46:01.769 INFO  129 A.ca9303324ae27c9d224e829df918b1ee8.c6ae4a85f8bc1eee64ee593e8582f1fd3 - Get a Copy for model file : APC Check Current Proficy Tags.vwk folder id : 7 model file id : 2011 recursive at '9/22/2018 11:46:01 AM' ==> Started.
2018/09/22 06:46:02.340 INFO  129 A.ca9303324ae27c9d224e829df918b1ee8.c6ae4a85f8bc1eee64ee593e8582f1fd3 - Get a Copy for model file : APC Check Current Proficy Tags.vwk folder id : 7 model file id : 2011 recursive at '9/22/2018 11:46:01 AM' ==> Completed. Took 00:00:00.570
2018/09/22 06:46:03.128 INFO  95 A.ca9303324ae27c9d224e829df918b1ee8.c6ae4a85f8bc1eee64ee593e8582f1fd3 - Get a Copy for model file : APC Pigging Schedule.vwk folder id : 7 model file id : 2302 recursive at '9/22/2018 11:46:02 AM' ==> Started.
2018/09/22 06:46:03.715 INFO  95 A.ca9303324ae27c9d224e829df918b1ee8.c6ae4a85f8bc1eee64ee593e8582f1fd3 - Get a Copy for model file : APC Pigging Schedule.vwk folder id : 7 model file id : 2302 recursive at '9/22/2018 11:46:02 AM' ==> Completed. Took 00:00:00.587
2018/09/22 06:46:05.654 INFO  104 A.ca9303324ae27c9d224e829df918b1ee8.c6ae4a85f8bc1eee64ee593e8582f1fd3 - Get a Copy for model file : APC Commingle Real Time Creation.vwk folder id : 7 model file id : 2022 recursive at '9/22/2018 11:46:05 AM' ==> Started.
2018/09/22 06:46:06.255 INFO  104 A.ca9303324ae27c9d224e829df918b1ee8.c6ae4a85f8bc1eee64ee593e8582f1fd3 - Get a Copy for model file : APC Commingle Real Time Creation.vwk folder id : 7 model file id : 2022 recursive at '9/22/2018 11:46:05 AM' ==> Completed. Took 00:00:00.600
2018/09/22 06:47:09.361 INFO  122 A.ca9303324ae27c9d224e829df918b1ee8.c6ae4a85f8bc1eee64ee593e8582f1fd3 - Get a Copy for model file : APC Find Fully Commingled Batteries.vwk folder id : 7 model file id : 1639 recursive at '9/22/2018 11:47:08 AM' ==> Started.
2018/09/22 06:47:10.015 INFO  122 A.ca9303324ae27c9d224e829df918b1ee8.c6ae4a85f8bc1eee64ee593e8582f1fd3 - Get a Copy for model file : APC Find Fully Commingled Batteries.vwk folder id : 7 model file id : 1639 recursive at '9/22/2018 11:47:08 AM' ==> Completed. Took 00:00:00.653
2018/09/22 06:47:32.989 INFO  78 A.cdc551499db0039f956e1d0666bfd1504.ca3aa6b2f13c2c1bc9c646f6abf33ed07 - Changing service from :0 to HOUMSEOSIFM007:8787
2018/09/22 06:50:19.036 INFO  123 A.ca9303324ae27c9d224e829df918b1ee8.c6ae4a85f8bc1eee64ee593e8582f1fd3 - Get a Copy for model file : APC Update Proficy Tags.vwk folder id : 7 model file id : 2012 recursive at '9/22/2018 11:50:18 AM' ==> Started.
2018/09/22 06:50:19.721 INFO  123 A.ca9303324ae27c9d224e829df918b1ee8.c6ae4a85f8bc1eee64ee593e8582f1fd3 - Get a Copy for model file : APC Update Proficy Tags.vwk folder id : 7 model file id : 2012 recursive at '9/22/2018 11:50:18 AM' ==> Completed. Took 00:00:00.684
2018/09/22 06:52:34.604 INFO  131 A.cdc551499db0039f956e1d0666bfd1504.ca3aa6b2f13c2c1bc9c646f6abf33ed07 - Changing service from :0 to HOUMSEOSIFM007:8787
2018/09/22 06:57:41.164 INFO  79 A.cdc551499db0039f956e1d0666bfd1504.ca3aa6b2f13c2c1bc9c646f6abf33ed07 - Changing service from :0 to HOUMSEOSIFM007:8787
2018/09/22 07:02:41.312 INFO  64 A.cdc551499db0039f956e1d0666bfd1504.ca3aa6b2f13c2c1bc9c646f6abf33ed07 - Changing service from :0 to HOUMSEOSIFM007:8787
2018/09/22 07:07:41.751 INFO  127 A.cdc551499db0039f956e1d0666bfd1504.ca3aa6b2f13c2c1bc9c646f6abf33ed07 - Changing service from :0 to HOUMSEOSIFM007:8787
2018/09/22 07:12:41.887 INFO  67 A.cdc551499db0039f956e1d0666bfd1504.ca3aa6b2f13c2c1bc9c646f6abf33ed07 - Changing service from :0 to HOUMSEOSIFM007:8787
2018/09/22 07:17:42.689 INFO  58 A.cdc551499db0039f956e1d0666bfd1504.ca3aa6b2f13c2c1bc9c646f6abf33ed07 - Changing service from :0 to HOUMSEOSIFM007:8787
2018/09/22 07:22:43.118 INFO  64 A.cdc551499db0039f956e1d0666bfd1504.ca3aa6b2f13c2c1bc9c646f6abf33ed07 - Changing service from :0 to HOUMSEOSIFM007:8787
2018/09/22 07:27:44.913 INFO  117 A.cdc551499db0039f956e1d0666bfd1504.ca3aa6b2f13c2c1bc9c646f6abf33ed07 - Changing service from :0 to HOUMSEOSIFM007:8787
2018/09/22 07:33:14.274 INFO  85 A.cdc551499db0039f956e1d0666bfd1504.ca3aa6b2f13c2c1bc9c646f6abf33ed07 - Changing service from :0 to HOUMSEOSIFM007:8787
2018/09/22 07:38:22.057 INFO  82 A.cdc551499db0039f956e1d0666bfd1504.ca3aa6b2f13c2c1bc9c646f6abf33ed07 - Changing service from :0 to HOUMSEOSIFM007:8787
2018/09/22 07:43:15.178 INFO  96 A.cdc551499db0039f956e1d0666bfd1504.ca3aa6b2f13c2c1bc9c646f6abf33ed07 - Changing service from :0 to HOUMSEOSIFM007:8787
2018/09/22 07:46:21.200 INFO  53 Petex.OpenServerNET.IpmIntegration.IpmComponent.SetIpmFolder - 



/--------------- IPM Settings ---------------\
|                                            |
| Available IPM versions:                    |
|   10.0.211 (x64)                           |
|   10.0.211 (x86)                           |
|                                            |
| Requested IPM versions:                    |
|   10.0.158 (x64)                           |
|   11.0.94 (x64)                            |
|                                            |
| Selected IPM version:                      |
|  10.0.211 (x64)                            |
|                                            |
| IPM folder:                                |
|  C:\Program Files\Petroleum Experts\IPM 10 |
|                                            |
\--------------------------------------------/



2018/09/22 07:46:21.222 INFO  53 Petex.OpenServerNET.IpmIntegration.IpmComponent.SetUnitIpmFolder - Setting units folder to Units\IPM10.
2018/09/22 07:46:42.008 INFO  53 A.ca9303324ae27c9d224e829df918b1ee8.c6ae4a85f8bc1eee64ee593e8582f1fd3 - Get a Copy for model file : APC.IVMExtensions.VisualWorkflows.Math.dll folder id : 6 model file id : 1521 recursive at '9/22/2018 12:46:40 PM' ==> Started.
2018/09/22 07:46:42.981 INFO  53 A.ca9303324ae27c9d224e829df918b1ee8.c6ae4a85f8bc1eee64ee593e8582f1fd3 - Get a Copy for model file : APC.IVMExtensions.VisualWorkflows.Math.dll folder id : 6 model file id : 1521 recursive at '9/22/2018 12:46:40 PM' ==> Completed. Took 00:00:00.973
2018/09/22 07:46:43.048 INFO  53 A.ca9303324ae27c9d224e829df918b1ee8.c6ae4a85f8bc1eee64ee593e8582f1fd3 - Get a Copy for model file : IVMCustomGraphics.dll folder id : 6 model file id : 1524 recursive at '9/22/2018 12:46:40 PM' ==> Started.
2018/09/22 07:46:43.613 INFO  53 A.ca9303324ae27c9d224e829df918b1ee8.c6ae4a85f8bc1eee64ee593e8582f1fd3 - Get a Copy for model file : IVMCustomGraphics.dll folder id : 6 model file id : 1524 recursive at '9/22/2018 12:46:40 PM' ==> Completed. Took 00:00:00.565
2018/09/22 07:46:43.655 INFO  53 A.ca9303324ae27c9d224e829df918b1ee8.c6ae4a85f8bc1eee64ee593e8582f1fd3 - Get a Copy for model file : CarExampleCode.dll folder id : 6 model file id : 1604 recursive at '9/22/2018 12:46:40 PM' ==> Started.
2018/09/22 07:46:44.209 INFO  53 A.ca9303324ae27c9d224e829df918b1ee8.c6ae4a85f8bc1eee64ee593e8582f1fd3 - Get a Copy for model file : CarExampleCode.dll folder id : 6 model file id : 1604 recursive at '9/22/2018 12:46:40 PM' ==> Completed. Took 00:00:00.554
2018/09/22 07:46:44.247 INFO  53 A.ca9303324ae27c9d224e829df918b1ee8.c6ae4a85f8bc1eee64ee593e8582f1fd3 - Get a Copy for model file : Distance Between Coordinates.dll folder id : 6 model file id : 3179 recursive at '9/22/2018 12:46:40 PM' ==> Started.
2018/09/22 07:46:44.802 INFO  53 A.ca9303324ae27c9d224e829df918b1ee8.c6ae4a85f8bc1eee64ee593e8582f1fd3 - Get a Copy for model file : Distance Between Coordinates.dll folder id : 6 model file id : 3179 recursive at '9/22/2018 12:46:40 PM' ==> Completed. Took 00:00:00.555
2018/09/22 07:55:49.537 INFO  94 A.c1776daaf1a0c52f90159cf829747b6dc.c6c2a3e2eb81d363b150e12a32282ec91 - IFM CacheSetting:Default
2018/09/22 07:55:49.556 ERROR 94 A.c1776daaf1a0c52f90159cf829747b6dc.c6c2a3e2eb81d363b150e12a32282ec91 - System.InvalidOperationException: This value cannot be changed after the first ClientBase of type 'Petex.Service.RequestProcessor.IWcfBufferedProcessor' has been created.
   at System.ServiceModel.ClientBase`1.set_CacheSetting(CacheSetting value)
   at A.c1776daaf1a0c52f90159cf829747b6dc.c6c2a3e2eb81d363b150e12a32282ec91()
Details:
System.InvalidOperationException: This value cannot be changed after the first ClientBase of type 'Petex.Service.RequestProcessor.IWcfBufferedProcessor' has been created.
   at System.ServiceModel.ClientBase`1.set_CacheSetting(CacheSetting value)
   at A.c1776daaf1a0c52f90159cf829747b6dc.c6c2a3e2eb81d363b150e12a32282ec91()
2018/09/22 07:55:49.858 INFO  82 A.cdc551499db0039f956e1d0666bfd1504.ca3aa6b2f13c2c1bc9c646f6abf33ed07 - Changing service from :0 to HOUMSEOSIFM007:8787
2018/09/22 07:55:50.205 INFO  54 A.cdc551499db0039f956e1d0666bfd1504.ca3aa6b2f13c2c1bc9c646f6abf33ed07 - Changing service from :0 to HOUMSEOSIFM007:8787
2018/09/22 07:55:51.760 INFO  57 A.cdc551499db0039f956e1d0666bfd1504.ca3aa6b2f13c2c1bc9c646f6abf33ed07 - Changing service from :0 to HOUMSEOSIFM007:8787
2018/09/22 07:55:56.139 INFO  54 A.ca9303324ae27c9d224e829df918b1ee8.c6ae4a85f8bc1eee64ee593e8582f1fd3 - Get a Copy for model file : APC Quick Aggregate.vwk folder id : 7 model file id : 1590 recursive at '9/22/2018 12:55:55 PM' ==> Started.
2018/09/22 07:55:56.749 INFO  54 A.ca9303324ae27c9d224e829df918b1ee8.c6ae4a85f8bc1eee64ee593e8582f1fd3 - Get a Copy for model file : APC Quick Aggregate.vwk folder id : 7 model file id : 1590 recursive at '9/22/2018 12:55:55 PM' ==> Completed. Took 00:00:00.610
2018/09/22 07:56:20.746 INFO  71 A.ca9303324ae27c9d224e829df918b1ee8.c6ae4a85f8bc1eee64ee593e8582f1fd3 - Get a Copy for model file : APC Acknowledged By.vwk folder id : 7 model file id : 1970 recursive at '9/22/2018 12:56:17 PM' ==> Started.
2018/09/22 07:56:21.324 INFO  71 A.ca9303324ae27c9d224e829df918b1ee8.c6ae4a85f8bc1eee64ee593e8582f1fd3 - Get a Copy for model file : APC Acknowledged By.vwk folder id : 7 model file id : 1970 recursive at '9/22/2018 12:56:17 PM' ==> Completed. Took 00:00:00.577
2018/09/22 07:56:24.798 INFO  64 A.ca9303324ae27c9d224e829df918b1ee8.c6ae4a85f8bc1eee64ee593e8582f1fd3 - Get a Copy for model file : APC Battery Ignore All.vwk folder id : 7 model file id : 2039 recursive at '9/22/2018 12:56:24 PM' ==> Started.
2018/09/22 07:56:25.523 INFO  64 A.ca9303324ae27c9d224e829df918b1ee8.c6ae4a85f8bc1eee64ee593e8582f1fd3 - Get a Copy for model file : APC Battery Ignore All.vwk folder id : 7 model file id : 2039 recursive at '9/22/2018 12:56:24 PM' ==> Completed. Took 00:00:00.724
2018/09/22 07:56:38.507 INFO  5 A.ca9303324ae27c9d224e829df918b1ee8.c6ae4a85f8bc1eee64ee593e8582f1fd3 - Get a Copy for model file : APC Latch Valve Detection.vwk folder id : 7 model file id : 2000 recursive at '9/22/2018 12:56:37 PM' ==> Started.
2018/09/22 07:56:39.092 INFO  5 A.ca9303324ae27c9d224e829df918b1ee8.c6ae4a85f8bc1eee64ee593e8582f1fd3 - Get a Copy for model file : APC Latch Valve Detection.vwk folder id : 7 model file id : 2000 recursive at '9/22/2018 12:56:37 PM' ==> Completed. Took 00:00:00.584
2018/09/22 07:57:10.156 INFO  76 A.ca9303324ae27c9d224e829df918b1ee8.c6ae4a85f8bc1eee64ee593e8582f1fd3 - Get a Copy for model file : APC Choke Calc High Frequency.vwk folder id : 7 model file id : 3217 recursive at '9/22/2018 12:57:09 PM' ==> Started.
2018/09/22 07:57:10.706 INFO  76 A.ca9303324ae27c9d224e829df918b1ee8.c6ae4a85f8bc1eee64ee593e8582f1fd3 - Get a Copy for model file : APC Choke Calc High Frequency.vwk folder id : 7 model file id : 3217 recursive at '9/22/2018 12:57:09 PM' ==> Completed. Took 00:00:00.550
2018/09/22 07:57:11.562 INFO  83 A.ca9303324ae27c9d224e829df918b1ee8.c6ae4a85f8bc1eee64ee593e8582f1fd3 - Get a Copy for model file : APC Surveillance Data Backfill.vwk folder id : 7 model file id : 2210 recursive at '9/22/2018 12:57:11 PM' ==> Started.
2018/09/22 07:57:12.125 INFO  83 A.ca9303324ae27c9d224e829df918b1ee8.c6ae4a85f8bc1eee64ee593e8582f1fd3 - Get a Copy for model file : APC Surveillance Data Backfill.vwk folder id : 7 model file id : 2210 recursive at '9/22/2018 12:57:11 PM' ==> Completed. Took 00:00:00.563
2018/09/22 08:00:49.575 INFO  58 A.cdc551499db0039f956e1d0666bfd1504.ca3aa6b2f13c2c1bc9c646f6abf33ed07 - Changing service from :0 to HOUMSEOSIFM007:8787
2018/09/22 08:00:52.470 INFO  77 A.ca9303324ae27c9d224e829df918b1ee8.c6ae4a85f8bc1eee64ee593e8582f1fd3 - Get a Copy for model file : Foreman Dashboard - East_West Aggregations.vwk folder id : 7 model file id : 2267 recursive at '9/22/2018 1:00:51 PM' ==> Started.
2018/09/22 08:00:53.028 INFO  77 A.ca9303324ae27c9d224e829df918b1ee8.c6ae4a85f8bc1eee64ee593e8582f1fd3 - Get a Copy for model file : Foreman Dashboard - East_West Aggregations.vwk folder id : 7 model file id : 2267 recursive at '9/22/2018 1:00:51 PM' ==> Completed. Took 00:00:00.557
2018/09/22 08:00:56.636 INFO  77 A.ca9303324ae27c9d224e829df918b1ee8.c6ae4a85f8bc1eee64ee593e8582f1fd3 - Get a Copy for model file : APC Delete Route Review Variables.vwk folder id : 7 model file id : 1618 recursive at '9/22/2018 1:00:56 PM' ==> Started.
2018/09/22 08:00:57.192 INFO  77 A.ca9303324ae27c9d224e829df918b1ee8.c6ae4a85f8bc1eee64ee593e8582f1fd3 - Get a Copy for model file : APC Delete Route Review Variables.vwk folder id : 7 model file id : 1618 recursive at '9/22/2018 1:00:56 PM' ==> Completed. Took 00:00:00.555
2018/09/22 08:01:09.472 INFO  110 A.ca9303324ae27c9d224e829df918b1ee8.c6ae4a85f8bc1eee64ee593e8582f1fd3 - Get a Copy for model file : APC_Count_IVM_Historical_Rows.vwk folder id : 7 model file id : 2261 recursive at '9/22/2018 1:01:08 PM' ==> Started.
2018/09/22 08:01:10.055 INFO  110 A.ca9303324ae27c9d224e829df918b1ee8.c6ae4a85f8bc1eee64ee593e8582f1fd3 - Get a Copy for model file : APC_Count_IVM_Historical_Rows.vwk folder id : 7 model file id : 2261 recursive at '9/22/2018 1:01:08 PM' ==> Completed. Took 00:00:00.583
2018/09/22 08:02:46.008 INFO  120 A.ca9303324ae27c9d224e829df918b1ee8.c6ae4a85f8bc1eee64ee593e8582f1fd3 - Get a Copy for model file : APC Downtime Now.vwk folder id : 7 model file id : 1988 recursive at '9/22/2018 1:02:45 PM' ==> Started.
2018/09/22 08:02:46.587 INFO  120 A.ca9303324ae27c9d224e829df918b1ee8.c6ae4a85f8bc1eee64ee593e8582f1fd3 - Get a Copy for model file : APC Downtime Now.vwk folder id : 7 model file id : 1988 recursive at '9/22/2018 1:02:45 PM' ==> Completed. Took 00:00:00.578
2018/09/22 08:02:57.501 INFO  3 A.ca9303324ae27c9d224e829df918b1ee8.c6ae4a85f8bc1eee64ee593e8582f1fd3 - Get a Copy for model file : APC Historize Exceptions3.vwk folder id : 7 model file id : 1968 recursive at '9/22/2018 1:02:56 PM' ==> Started.
2018/09/22 08:02:58.091 INFO  3 A.ca9303324ae27c9d224e829df918b1ee8.c6ae4a85f8bc1eee64ee593e8582f1fd3 - Get a Copy for model file : APC Historize Exceptions3.vwk folder id : 7 model file id : 1968 recursive at '9/22/2018 1:02:56 PM' ==> Completed. Took 00:00:00.590
2018/09/22 08:03:12.171 INFO  95 A.ca9303324ae27c9d224e829df918b1ee8.c6ae4a85f8bc1eee64ee593e8582f1fd3 - Get a Copy for model file : APC Route Review EXT Historize LongTerm.vwk folder id : 7 model file id : 1975 recursive at '9/22/2018 1:03:11 PM' ==> Started.
2018/09/22 08:03:12.758 INFO  95 A.ca9303324ae27c9d224e829df918b1ee8.c6ae4a85f8bc1eee64ee593e8582f1fd3 - Get a Copy for model file : APC Route Review EXT Historize LongTerm.vwk folder id : 7 model file id : 1975 recursive at '9/22/2018 1:03:11 PM' ==> Completed. Took 00:00:00.586
2018/09/22 08:03:13.811 INFO  58 A.ca9303324ae27c9d224e829df918b1ee8.c6ae4a85f8bc1eee64ee593e8582f1fd3 - Get a Copy for model file : APC Roll Up Comments to Battery.vwk folder id : 7 model file id : 1974 recursive at '9/22/2018 1:03:13 PM' ==> Started.
2018/09/22 08:03:14.390 INFO  58 A.ca9303324ae27c9d224e829df918b1ee8.c6ae4a85f8bc1eee64ee593e8582f1fd3 - Get a Copy for model file : APC Roll Up Comments to Battery.vwk folder id : 7 model file id : 1974 recursive at '9/22/2018 1:03:13 PM' ==> Completed. Took 00:00:00.578
2018/09/22 08:03:22.989 INFO  95 A.ca9303324ae27c9d224e829df918b1ee8.c6ae4a85f8bc1eee64ee593e8582f1fd3 - Get a Copy for model file : APC Route Review Data.vwk folder id : 7 model file id : 1617 recursive at '9/22/2018 1:03:22 PM' ==> Started.
2018/09/22 08:03:23.624 INFO  95 A.ca9303324ae27c9d224e829df918b1ee8.c6ae4a85f8bc1eee64ee593e8582f1fd3 - Get a Copy for model file : APC Route Review Data.vwk folder id : 7 model file id : 1617 recursive at '9/22/2018 1:03:22 PM' ==> Completed. Took 00:00:00.634
2018/09/22 08:03:24.972 INFO  63 A.ca9303324ae27c9d224e829df918b1ee8.c6ae4a85f8bc1eee64ee593e8582f1fd3 - Get a Copy for model file : APC Route Review EXT Historize.vwk folder id : 7 model file id : 1972 recursive at '9/22/2018 1:03:24 PM' ==> Started.
2018/09/22 08:03:25.562 INFO  63 A.ca9303324ae27c9d224e829df918b1ee8.c6ae4a85f8bc1eee64ee593e8582f1fd3 - Get a Copy for model file : APC Route Review EXT Historize.vwk folder id : 7 model file id : 1972 recursive at '9/22/2018 1:03:24 PM' ==> Completed. Took 00:00:00.590
2018/09/22 08:03:56.277 INFO  57 A.ca9303324ae27c9d224e829df918b1ee8.c6ae4a85f8bc1eee64ee593e8582f1fd3 - Get a Copy for model file : APC QA Match Results.vwk folder id : 7 model file id : 3244 recursive at '9/22/2018 1:03:55 PM' ==> Started.
2018/09/22 08:03:56.832 INFO  57 A.ca9303324ae27c9d224e829df918b1ee8.c6ae4a85f8bc1eee64ee593e8582f1fd3 - Get a Copy for model file : APC QA Match Results.vwk folder id : 7 model file id : 3244 recursive at '9/22/2018 1:03:55 PM' ==> Completed. Took 00:00:00.555
2018/09/22 08:05:40.190 INFO  64 A.ca9303324ae27c9d224e829df918b1ee8.c6ae4a85f8bc1eee64ee593e8582f1fd3 - Get a Copy for model file : Deviation Survey Error.vwk folder id : 7 model file id : 1771 recursive at '9/22/2018 1:05:39 PM' ==> Started.
2018/09/22 08:05:40.765 INFO  64 A.ca9303324ae27c9d224e829df918b1ee8.c6ae4a85f8bc1eee64ee593e8582f1fd3 - Get a Copy for model file : Deviation Survey Error.vwk folder id : 7 model file id : 1771 recursive at '9/22/2018 1:05:39 PM' ==> Completed. Took 00:00:00.574
2018/09/22 08:05:49.665 INFO  97 A.cdc551499db0039f956e1d0666bfd1504.ca3aa6b2f13c2c1bc9c646f6abf33ed07 - Changing service from :0 to HOUMSEOSIFM007:8787
2018/09/22 08:08:12.393 INFO  84 A.ca9303324ae27c9d224e829df918b1ee8.c6ae4a85f8bc1eee64ee593e8582f1fd3 - Get a Copy for model file : Petroleum Experts IVM Well Builder Data Validator.vwk folder id : 7 model file id : 1773 recursive at '9/22/2018 1:08:11 PM' ==> Started.
2018/09/22 08:08:12.979 INFO  84 A.ca9303324ae27c9d224e829df918b1ee8.c6ae4a85f8bc1eee64ee593e8582f1fd3 - Get a Copy for model file : Petroleum Experts IVM Well Builder Data Validator.vwk folder id : 7 model file id : 1773 recursive at '9/22/2018 1:08:11 PM' ==> Completed. Took 00:00:00.586
2018/09/22 08:10:56.300 ERROR 59 A.cec9e090ae538d190220f059017b75b84.Process - System.TimeoutException: The request channel timed out while waiting for a reply after 00:04:56.8249995. Increase the timeout value passed to the call to Request or increase the SendTimeout value on the Binding. The time allotted to this operation may have been a portion of a longer timeout. ---> System.TimeoutException: The socket transfer timed out after 00:04:59.9960000. You have exceeded the timeout set on your binding. The time allotted to this operation may have been a portion of a longer timeout. ---> System.IO.IOException: The read operation failed, see inner exception. ---> System.TimeoutException: The socket transfer timed out after 00:04:59.9960000. You have exceeded the timeout set on your binding. The time allotted to this operation may have been a portion of a longer timeout. ---> System.Net.Sockets.SocketException: A connection attempt failed because the connected party did not properly respond after a period of time, or established connection failed because connected host has failed to respond
   at System.Net.Sockets.Socket.Receive(Byte[] buffer, Int32 offset, Int32 size, SocketFlags socketFlags)
   at System.ServiceModel.Channels.SocketConnection.ReadCore(Byte[] buffer, Int32 offset, Int32 size, TimeSpan timeout, Boolean closing)
   --- End of inner exception stack trace ---
   at System.ServiceModel.Channels.SocketConnection.ReadCore(Byte[] buffer, Int32 offset, Int32 size, TimeSpan timeout, Boolean closing)
   at System.ServiceModel.Channels.SocketConnection.Read(Byte[] buffer, Int32 offset, Int32 size, TimeSpan timeout)
   at System.ServiceModel.Channels.DelegatingConnection.Read(Byte[] buffer, Int32 offset, Int32 size, TimeSpan timeout)
   at System.ServiceModel.Channels.ConnectionStream.Read(Byte[] buffer, Int32 offset, Int32 count)
   at System.Net.FixedSizeReader.ReadPacket(Byte[] buffer, Int32 offset, Int32 count)
   at System.Net.Security.NegotiateStream.StartFrameHeader(Byte[] buffer, Int32 offset, Int32 count, AsyncProtocolRequest asyncRequest)
   at System.Net.Security.NegotiateStream.ProcessRead(Byte[] buffer, Int32 offset, Int32 count, AsyncProtocolRequest asyncRequest)
   --- End of inner exception stack trace ---
   at System.Net.Security.NegotiateStream.ProcessRead(Byte[] buffer, Int32 offset, Int32 count, AsyncProtocolRequest asyncRequest)
   at System.Net.Security.NegotiateStream.Read(Byte[] buffer, Int32 offset, Int32 count)
   at System.ServiceModel.Channels.StreamConnection.Read(Byte[] buffer, Int32 offset, Int32 size, TimeSpan timeout)
   --- End of inner exception stack trace ---
   at System.ServiceModel.Channels.StreamConnection.Read(Byte[] buffer, Int32 offset, Int32 size, TimeSpan timeout)
   at System.ServiceModel.Channels.SingletonConnectionReader.Receive(TimeSpan timeout)
   at System.ServiceModel.Channels.StreamedFramingRequestChannel.StreamedFramingRequest.WaitForReply(TimeSpan timeout)
   at System.ServiceModel.Channels.RequestChannel.Request(Message message, TimeSpan timeout)
   --- End of inner exception stack trace ---

Server stack trace: 
   at System.ServiceModel.Channels.RequestChannel.Request(Message message, TimeSpan timeout)
   at System.ServiceModel.Channels.TransactionRequestChannelGeneric`1.Request(Message message, TimeSpan timeout)
   at System.ServiceModel.Dispatcher.RequestChannelBinder.Request(Message message, TimeSpan timeout)
   at System.ServiceModel.Channels.ServiceChannel.Call(String action, Boolean oneway, ProxyOperationRuntime operation, Object[] ins, Object[] outs, TimeSpan timeout)
   at System.ServiceModel.Channels.ServiceChannelProxy.InvokeService(IMethodCallMessage methodCall, ProxyOperationRuntime operation)
   at System.ServiceModel.Channels.ServiceChannelProxy.Invoke(IMessage message)

Exception rethrown at [0]: 
   at System.Runtime.Remoting.Proxies.RealProxy.HandleReturnMessage(IMessage reqMsg, IMessage retMsg)
   at System.Runtime.Remoting.Proxies.RealProxy.PrivateInvoke(MessageData& msgData, Int32 type)
   at Petex.Service.RequestProcessor.IWcfStreamResponseProcessor.Process(MessageRequest request)
   at A.cec9e090ae538d190220f059017b75b84.Process(MessageRequest request)
Details:
System.TimeoutException: The request channel timed out while waiting for a reply after 00:04:56.8249995. Increase the timeout value passed to the call to Request or increase the SendTimeout value on the Binding. The time allotted to this operation may have been a portion of a longer timeout. ---> System.TimeoutException: The socket transfer timed out after 00:04:59.9960000. You have exceeded the timeout set on your binding. The time allotted to this operation may have been a portion of a longer timeout. ---> System.IO.IOException: The read operation failed, see inner exception. ---> System.TimeoutException: The socket transfer timed out after 00:04:59.9960000. You have exceeded the timeout set on your binding. The time allotted to this operation may have been a portion of a longer timeout. ---> System.Net.Sockets.SocketException: A connection attempt failed because the connected party did not properly respond after a period of time, or established connection failed because connected host has failed to respond
   at System.Net.Sockets.Socket.Receive(Byte[] buffer, Int32 offset, Int32 size, SocketFlags socketFlags)
   at System.ServiceModel.Channels.SocketConnection.ReadCore(Byte[] buffer, Int32 offset, Int32 size, TimeSpan timeout, Boolean closing)
   --- End of inner exception stack trace ---
   at System.ServiceModel.Channels.SocketConnection.ReadCore(Byte[] buffer, Int32 offset, Int32 size, TimeSpan timeout, Boolean closing)
   at System.ServiceModel.Channels.SocketConnection.Read(Byte[] buffer, Int32 offset, Int32 size, TimeSpan timeout)
   at System.ServiceModel.Channels.DelegatingConnection.Read(Byte[] buffer, Int32 offset, Int32 size, TimeSpan timeout)
   at System.ServiceModel.Channels.ConnectionStream.Read(Byte[] buffer, Int32 offset, Int32 count)
   at System.Net.FixedSizeReader.ReadPacket(Byte[] buffer, Int32 offset, Int32 count)
   at System.Net.Security.NegotiateStream.StartFrameHeader(Byte[] buffer, Int32 offset, Int32 count, AsyncProtocolRequest asyncRequest)
   at System.Net.Security.NegotiateStream.ProcessRead(Byte[] buffer, Int32 offset, Int32 count, AsyncProtocolRequest asyncRequest)
   --- End of inner exception stack trace ---
   at System.Net.Security.NegotiateStream.ProcessRead(Byte[] buffer, Int32 offset, Int32 count, AsyncProtocolRequest asyncRequest)
   at System.Net.Security.NegotiateStream.Read(Byte[] buffer, Int32 offset, Int32 count)
   at System.ServiceModel.Channels.StreamConnection.Read(Byte[] buffer, Int32 offset, Int32 size, TimeSpan timeout)
   --- End of inner exception stack trace ---
   at System.ServiceModel.Channels.StreamConnection.Read(Byte[] buffer, Int32 offset, Int32 size, TimeSpan timeout)
   at System.ServiceModel.Channels.SingletonConnectionReader.Receive(TimeSpan timeout)
   at System.ServiceModel.Channels.StreamedFramingRequestChannel.StreamedFramingRequest.WaitForReply(TimeSpan timeout)
   at System.ServiceModel.Channels.RequestChannel.Request(Message message, TimeSpan timeout)
   --- End of inner exception stack trace ---

Server stack trace: 
   at System.ServiceModel.Channels.RequestChannel.Request(Message message, TimeSpan timeout)
   at System.ServiceModel.Channels.TransactionRequestChannelGeneric`1.Request(Message message, TimeSpan timeout)
   at System.ServiceModel.Dispatcher.RequestChannelBinder.Request(Message message, TimeSpan timeout)
   at System.ServiceModel.Channels.ServiceChannel.Call(String action, Boolean oneway, ProxyOperationRuntime operation, Object[] ins, Object[] outs, TimeSpan timeout)
   at System.ServiceModel.Channels.ServiceChannelProxy.InvokeService(IMethodCallMessage methodCall, ProxyOperationRuntime operation)
   at System.ServiceModel.Channels.ServiceChannelProxy.Invoke(IMessage message)

Exception rethrown at [0]: 
   at System.Runtime.Remoting.Proxies.RealProxy.HandleReturnMessage(IMessage reqMsg, IMessage retMsg)
   at System.Runtime.Remoting.Proxies.RealProxy.PrivateInvoke(MessageData& msgData, Int32 type)
   at Petex.Service.RequestProcessor.IWcfStreamResponseProcessor.Process(MessageRequest request)
   at A.cec9e090ae538d190220f059017b75b84.Process(MessageRequest request)
2018/09/22 08:10:56.420 ERROR 59 A.cec9e090ae538d190220f059017b75b84 (Thread 59) ProcID (46564) - System.TimeoutException: The request channel timed out while waiting for a reply after 00:04:56.8249995. Increase the timeout value passed to the call to Request or increase the SendTimeout value on the Binding. The time allotted to this operation may have been a portion of a longer timeout. ---> System.TimeoutException: The socket transfer timed out after 00:04:59.9960000. You have exceeded the timeout set on your binding. The time allotted to this operation may have been a portion of a longer timeout. ---> System.IO.IOException: The read operation failed, see inner exception. ---> System.TimeoutException: The socket transfer timed out after 00:04:59.9960000. You have exceeded the timeout set on your binding. The time allotted to this operation may have been a portion of a longer timeout. ---> System.Net.Sockets.SocketException: A connection attempt failed because the connected party did not properly respond after a period of time, or established connection failed because connected host has failed to respond
   at System.Net.Sockets.Socket.Receive(Byte[] buffer, Int32 offset, Int32 size, SocketFlags socketFlags)
   at System.ServiceModel.Channels.SocketConnection.ReadCore(Byte[] buffer, Int32 offset, Int32 size, TimeSpan timeout, Boolean closing)
   --- End of inner exception stack trace ---
   at System.ServiceModel.Channels.SocketConnection.ReadCore(Byte[] buffer, Int32 offset, Int32 size, TimeSpan timeout, Boolean closing)
   at System.ServiceModel.Channels.SocketConnection.Read(Byte[] buffer, Int32 offset, Int32 size, TimeSpan timeout)
   at System.ServiceModel.Channels.DelegatingConnection.Read(Byte[] buffer, Int32 offset, Int32 size, TimeSpan timeout)
   at System.ServiceModel.Channels.ConnectionStream.Read(Byte[] buffer, Int32 offset, Int32 count)
   at System.Net.FixedSizeReader.ReadPacket(Byte[] buffer, Int32 offset, Int32 count)
   at System.Net.Security.NegotiateStream.StartFrameHeader(Byte[] buffer, Int32 offset, Int32 count, AsyncProtocolRequest asyncRequest)
   at System.Net.Security.NegotiateStream.ProcessRead(Byte[] buffer, Int32 offset, Int32 count, AsyncProtocolRequest asyncRequest)
   --- End of inner exception stack trace ---
   at System.Net.Security.NegotiateStream.ProcessRead(Byte[] buffer, Int32 offset, Int32 count, AsyncProtocolRequest asyncRequest)
   at System.Net.Security.NegotiateStream.Read(Byte[] buffer, Int32 offset, Int32 count)
   at System.ServiceModel.Channels.StreamConnection.Read(Byte[] buffer, Int32 offset, Int32 size, TimeSpan timeout)
   --- End of inner exception stack trace ---
   at System.ServiceModel.Channels.StreamConnection.Read(Byte[] buffer, Int32 offset, Int32 size, TimeSpan timeout)
   at System.ServiceModel.Channels.SingletonConnectionReader.Receive(TimeSpan timeout)
   at System.ServiceModel.Channels.StreamedFramingRequestChannel.StreamedFramingRequest.WaitForReply(TimeSpan timeout)
   at System.ServiceModel.Channels.RequestChannel.Request(Message message, TimeSpan timeout)
   --- End of inner exception stack trace ---

Server stack trace: 
   at System.ServiceModel.Channels.RequestChannel.Request(Message message, TimeSpan timeout)
   at System.ServiceModel.Channels.TransactionRequestChannelGeneric`1.Request(Message message, TimeSpan timeout)
   at System.ServiceModel.Dispatcher.RequestChannelBinder.Request(Message message, TimeSpan timeout)
   at System.ServiceModel.Channels.ServiceChannel.Call(String action, Boolean oneway, ProxyOperationRuntime operation, Object[] ins, Object[] outs, TimeSpan timeout)
   at System.ServiceModel.Channels.ServiceChannelProxy.InvokeService(IMethodCallMessage methodCall, ProxyOperationRuntime operation)
   at System.ServiceModel.Channels.ServiceChannelProxy.Invoke(IMessage message)

Exception rethrown at [0]: 
   at System.Runtime.Remoting.Proxies.RealProxy.HandleReturnMessage(IMessage reqMsg, IMessage retMsg)
   at System.Runtime.Remoting.Proxies.RealProxy.PrivateInvoke(MessageData& msgData, Int32 type)
   at Petex.Service.RequestProcessor.IWcfStreamResponseProcessor.Process(MessageRequest request)
   at A.cec9e090ae538d190220f059017b75b84.Process(MessageRequest request)

method : Process([Petex.Service.RequestProcessor.MessageRequest] request = Petex.Service.RequestProcessor.MessageRequest)

2018/09/22 08:10:56.462 ERROR 63 Petex.IFM.IVM.VisualWorkflowService.c1c13b709b3df317d725c923928032d5a - An error occurred while getting bulk results.
Details:
System.TimeoutException: The request channel timed out while waiting for a reply after 00:04:56.8249995. Increase the timeout value passed to the call to Request or increase the SendTimeout value on the Binding. The time allotted to this operation may have been a portion of a longer timeout. ---> System.TimeoutException: The socket transfer timed out after 00:04:59.9960000. You have exceeded the timeout set on your binding. The time allotted to this operation may have been a portion of a longer timeout. ---> System.IO.IOException: The read operation failed, see inner exception. ---> System.TimeoutException: The socket transfer timed out after 00:04:59.9960000. You have exceeded the timeout set on your binding. The time allotted to this operation may have been a portion of a longer timeout. ---> System.Net.Sockets.SocketException: A connection attempt failed because the connected party did not properly respond after a period of time, or established connection failed because connected host has failed to respond
   at System.Net.Sockets.Socket.Receive(Byte[] buffer, Int32 offset, Int32 size, SocketFlags socketFlags)
   at System.ServiceModel.Channels.SocketConnection.ReadCore(Byte[] buffer, Int32 offset, Int32 size, TimeSpan timeout, Boolean closing)
   --- End of inner exception stack trace ---
   at System.ServiceModel.Channels.SocketConnection.ReadCore(Byte[] buffer, Int32 offset, Int32 size, TimeSpan timeout, Boolean closing)
   at System.ServiceModel.Channels.SocketConnection.Read(Byte[] buffer, Int32 offset, Int32 size, TimeSpan timeout)
   at System.ServiceModel.Channels.DelegatingConnection.Read(Byte[] buffer, Int32 offset, Int32 size, TimeSpan timeout)
   at System.ServiceModel.Channels.ConnectionStream.Read(Byte[] buffer, Int32 offset, Int32 count)
   at System.Net.FixedSizeReader.ReadPacket(Byte[] buffer, Int32 offset, Int32 count)
   at System.Net.Security.NegotiateStream.StartFrameHeader(Byte[] buffer, Int32 offset, Int32 count, AsyncProtocolRequest asyncRequest)
   at System.Net.Security.NegotiateStream.ProcessRead(Byte[] buffer, Int32 offset, Int32 count, AsyncProtocolRequest asyncRequest)
   --- End of inner exception stack trace ---
   at System.Net.Security.NegotiateStream.ProcessRead(Byte[] buffer, Int32 offset, Int32 count, AsyncProtocolRequest asyncRequest)
   at System.Net.Security.NegotiateStream.Read(Byte[] buffer, Int32 offset, Int32 count)
   at System.ServiceModel.Channels.StreamConnection.Read(Byte[] buffer, Int32 offset, Int32 size, TimeSpan timeout)
   --- End of inner exception stack trace ---
   at System.ServiceModel.Channels.StreamConnection.Read(Byte[] buffer, Int32 offset, Int32 size, TimeSpan timeout)
   at System.ServiceModel.Channels.SingletonConnectionReader.Receive(TimeSpan timeout)
   at System.ServiceModel.Channels.StreamedFramingRequestChannel.StreamedFramingRequest.WaitForReply(TimeSpan timeout)
   at System.ServiceModel.Channels.RequestChannel.Request(Message message, TimeSpan timeout)
   --- End of inner exception stack trace ---

Server stack trace: 
   at System.ServiceModel.Channels.RequestChannel.Request(Message message, TimeSpan timeout)
   at System.ServiceModel.Channels.TransactionRequestChannelGeneric`1.Request(Message message, TimeSpan timeout)
   at System.ServiceModel.Dispatcher.RequestChannelBinder.Request(Message message, TimeSpan timeout)
   at System.ServiceModel.Channels.ServiceChannel.Call(String action, Boolean oneway, ProxyOperationRuntime operation, Object[] ins, Object[] outs, TimeSpan timeout)
   at System.ServiceModel.Channels.ServiceChannelProxy.InvokeService(IMethodCallMessage methodCall, ProxyOperationRuntime operation)
   at System.ServiceModel.Channels.ServiceChannelProxy.Invoke(IMessage message)

Exception rethrown at [0]: 
   at A.c22aefe7f39df3d678dba160428b769f4.c0c4ec95a682cbefc208f4f3eb80ff6ad[c5e2460f6ebc534efe90b3230b7797cb4](Func`1 c3c081f340dcdf79e192d50757bce0bee)
   at A.c42ccb3c762729e5c1ed9dd9fb21f7a51.c2a035223c95353a451d486528bb968ce(DateTime ca50651d185b346c217028862887f6062, List`1 c94623007ea3b221db43a7a5c991a9cac, Int32 c27485bd6dedf79f29eccbe33aefab814, DateTime cc0b7aac23bdedea569c99b9f01ab5798, DateTime ca917bd7d663d59239d097b255d937590)
   at Petex.IFM.IVM.VisualWorkflowService.c1c13b709b3df317d725c923928032d5a(c0a78f935034ea252425562b3db1ea988 cc462e40687a776088a0f60dcc4dee4c5, VisualWorkflowResultOptions c97464e7151b310fab45ca8e18c9bbc4d)
2018/09/22 08:11:19.681 INFO  131 A.cdc551499db0039f956e1d0666bfd1504.ca3aa6b2f13c2c1bc9c646f6abf33ed07 - Changing service from :0 to HOUMSEOSIFM007:8787
2018/09/22 08:13:16.448 INFO  77 A.ca9303324ae27c9d224e829df918b1ee8.c6ae4a85f8bc1eee64ee593e8582f1fd3 - Get a Copy for model file : APC Downtime Rollup.vwk folder id : 7 model file id : 1990 recursive at '9/22/2018 1:13:16 PM' ==> Started.
2018/09/22 08:13:17.036 INFO  77 A.ca9303324ae27c9d224e829df918b1ee8.c6ae4a85f8bc1eee64ee593e8582f1fd3 - Get a Copy for model file : APC Downtime Rollup.vwk folder id : 7 model file id : 1990 recursive at '9/22/2018 1:13:16 PM' ==> Completed. Took 00:00:00.587
2018/09/22 08:15:51.564 INFO  105 A.ca9303324ae27c9d224e829df918b1ee8.c6ae4a85f8bc1eee64ee593e8582f1fd3 - Get a Copy for model file : ___Clear_Variables.vwk folder id : 7 model file id : 1589 recursive at '9/22/2018 1:15:51 PM' ==> Started.
2018/09/22 08:15:52.118 INFO  105 A.ca9303324ae27c9d224e829df918b1ee8.c6ae4a85f8bc1eee64ee593e8582f1fd3 - Get a Copy for model file : ___Clear_Variables.vwk folder id : 7 model file id : 1589 recursive at '9/22/2018 1:15:51 PM' ==> Completed. Took 00:00:00.553
2018/09/22 08:16:19.759 INFO  54 A.cdc551499db0039f956e1d0666bfd1504.ca3aa6b2f13c2c1bc9c646f6abf33ed07 - Changing service from :0 to HOUMSEOSIFM007:8787
2018/09/22 08:17:28.439 INFO  56 A.ca9303324ae27c9d224e829df918b1ee8.c6ae4a85f8bc1eee64ee593e8582f1fd3 - Get a Copy for model file : APC Plunger Surveillance HF.vwk folder id : 7 model file id : 1522 recursive at '9/22/2018 1:17:27 PM' ==> Started.
2018/09/22 08:17:29.005 INFO  56 A.ca9303324ae27c9d224e829df918b1ee8.c6ae4a85f8bc1eee64ee593e8582f1fd3 - Get a Copy for model file : APC Plunger Surveillance HF.vwk folder id : 7 model file id : 1522 recursive at '9/22/2018 1:17:27 PM' ==> Completed. Took 00:00:00.565
2018/09/22 08:21:20.674 INFO  5 A.cdc551499db0039f956e1d0666bfd1504.ca3aa6b2f13c2c1bc9c646f6abf33ed07 - Changing service from :0 to HOUMSEOSIFM007:8787
2018/09/22 08:21:27.009 ERROR 113 A.cec9e090ae538d190220f059017b75b84.Process - System.TimeoutException: The request channel timed out while waiting for a reply after 00:04:56.8720008. Increase the timeout value passed to the call to Request or increase the SendTimeout value on the Binding. The time allotted to this operation may have been a portion of a longer timeout. ---> System.TimeoutException: The socket transfer timed out after 00:04:59.9960000. You have exceeded the timeout set on your binding. The time allotted to this operation may have been a portion of a longer timeout. ---> System.IO.IOException: The read operation failed, see inner exception. ---> System.TimeoutException: The socket transfer timed out after 00:04:59.9960000. You have exceeded the timeout set on your binding. The time allotted to this operation may have been a portion of a longer timeout. ---> System.Net.Sockets.SocketException: A connection attempt failed because the connected party did not properly respond after a period of time, or established connection failed because connected host has failed to respond
   at System.Net.Sockets.Socket.Receive(Byte[] buffer, Int32 offset, Int32 size, SocketFlags socketFlags)
   at System.ServiceModel.Channels.SocketConnection.ReadCore(Byte[] buffer, Int32 offset, Int32 size, TimeSpan timeout, Boolean closing)
   --- End of inner exception stack trace ---
   at System.ServiceModel.Channels.SocketConnection.ReadCore(Byte[] buffer, Int32 offset, Int32 size, TimeSpan timeout, Boolean closing)
   at System.ServiceModel.Channels.SocketConnection.Read(Byte[] buffer, Int32 offset, Int32 size, TimeSpan timeout)
   at System.ServiceModel.Channels.DelegatingConnection.Read(Byte[] buffer, Int32 offset, Int32 size, TimeSpan timeout)
   at System.ServiceModel.Channels.ConnectionStream.Read(Byte[] buffer, Int32 offset, Int32 count)
   at System.Net.FixedSizeReader.ReadPacket(Byte[] buffer, Int32 offset, Int32 count)
   at System.Net.Security.NegotiateStream.StartFrameHeader(Byte[] buffer, Int32 offset, Int32 count, AsyncProtocolRequest asyncRequest)
   at System.Net.Security.NegotiateStream.ProcessRead(Byte[] buffer, Int32 offset, Int32 count, AsyncProtocolRequest asyncRequest)
   --- End of inner exception stack trace ---
   at System.Net.Security.NegotiateStream.ProcessRead(Byte[] buffer, Int32 offset, Int32 count, AsyncProtocolRequest asyncRequest)
   at System.Net.Security.NegotiateStream.Read(Byte[] buffer, Int32 offset, Int32 count)
   at System.ServiceModel.Channels.StreamConnection.Read(Byte[] buffer, Int32 offset, Int32 size, TimeSpan timeout)
   --- End of inner exception stack trace ---
   at System.ServiceModel.Channels.StreamConnection.Read(Byte[] buffer, Int32 offset, Int32 size, TimeSpan timeout)
   at System.ServiceModel.Channels.SingletonConnectionReader.Receive(TimeSpan timeout)
   at System.ServiceModel.Channels.StreamedFramingRequestChannel.StreamedFramingRequest.WaitForReply(TimeSpan timeout)
   at System.ServiceModel.Channels.RequestChannel.Request(Message message, TimeSpan timeout)
   --- End of inner exception stack trace ---

Server stack trace: 
   at System.ServiceModel.Channels.RequestChannel.Request(Message message, TimeSpan timeout)
   at System.ServiceModel.Channels.TransactionRequestChannelGeneric`1.Request(Message message, TimeSpan timeout)
   at System.ServiceModel.Dispatcher.RequestChannelBinder.Request(Message message, TimeSpan timeout)
   at System.ServiceModel.Channels.ServiceChannel.Call(String action, Boolean oneway, ProxyOperationRuntime operation, Object[] ins, Object[] outs, TimeSpan timeout)
   at System.ServiceModel.Channels.ServiceChannelProxy.InvokeService(IMethodCallMessage methodCall, ProxyOperationRuntime operation)
   at System.ServiceModel.Channels.ServiceChannelProxy.Invoke(IMessage message)

Exception rethrown at [0]: 
   at System.Runtime.Remoting.Proxies.RealProxy.HandleReturnMessage(IMessage reqMsg, IMessage retMsg)
   at System.Runtime.Remoting.Proxies.RealProxy.PrivateInvoke(MessageData& msgData, Int32 type)
   at Petex.Service.RequestProcessor.IWcfStreamResponseProcessor.Process(MessageRequest request)
   at A.cec9e090ae538d190220f059017b75b84.Process(MessageRequest request)
Details:
System.TimeoutException: The request channel timed out while waiting for a reply after 00:04:56.8720008. Increase the timeout value passed to the call to Request or increase the SendTimeout value on the Binding. The time allotted to this operation may have been a portion of a longer timeout. ---> System.TimeoutException: The socket transfer timed out after 00:04:59.9960000. You have exceeded the timeout set on your binding. The time allotted to this operation may have been a portion of a longer timeout. ---> System.IO.IOException: The read operation failed, see inner exception. ---> System.TimeoutException: The socket transfer timed out after 00:04:59.9960000. You have exceeded the timeout set on your binding. The time allotted to this operation may have been a portion of a longer timeout. ---> System.Net.Sockets.SocketException: A connection attempt failed because the connected party did not properly respond after a period of time, or established connection failed because connected host has failed to respond
   at System.Net.Sockets.Socket.Receive(Byte[] buffer, Int32 offset, Int32 size, SocketFlags socketFlags)
   at System.ServiceModel.Channels.SocketConnection.ReadCore(Byte[] buffer, Int32 offset, Int32 size, TimeSpan timeout, Boolean closing)
   --- End of inner exception stack trace ---
   at System.ServiceModel.Channels.SocketConnection.ReadCore(Byte[] buffer, Int32 offset, Int32 size, TimeSpan timeout, Boolean closing)
   at System.ServiceModel.Channels.SocketConnection.Read(Byte[] buffer, Int32 offset, Int32 size, TimeSpan timeout)
   at System.ServiceModel.Channels.DelegatingConnection.Read(Byte[] buffer, Int32 offset, Int32 size, TimeSpan timeout)
   at System.ServiceModel.Channels.ConnectionStream.Read(Byte[] buffer, Int32 offset, Int32 count)
   at System.Net.FixedSizeReader.ReadPacket(Byte[] buffer, Int32 offset, Int32 count)
   at System.Net.Security.NegotiateStream.StartFrameHeader(Byte[] buffer, Int32 offset, Int32 count, AsyncProtocolRequest asyncRequest)
   at System.Net.Security.NegotiateStream.ProcessRead(Byte[] buffer, Int32 offset, Int32 count, AsyncProtocolRequest asyncRequest)
   --- End of inner exception stack trace ---
   at System.Net.Security.NegotiateStream.ProcessRead(Byte[] buffer, Int32 offset, Int32 count, AsyncProtocolRequest asyncRequest)
   at System.Net.Security.NegotiateStream.Read(Byte[] buffer, Int32 offset, Int32 count)
   at System.ServiceModel.Channels.StreamConnection.Read(Byte[] buffer, Int32 offset, Int32 size, TimeSpan timeout)
   --- End of inner exception stack trace ---
   at System.ServiceModel.Channels.StreamConnection.Read(Byte[] buffer, Int32 offset, Int32 size, TimeSpan timeout)
   at System.ServiceModel.Channels.SingletonConnectionReader.Receive(TimeSpan timeout)
   at System.ServiceModel.Channels.StreamedFramingRequestChannel.StreamedFramingRequest.WaitForReply(TimeSpan timeout)
   at System.ServiceModel.Channels.RequestChannel.Request(Message message, TimeSpan timeout)
   --- End of inner exception stack trace ---

Server stack trace: 
   at System.ServiceModel.Channels.RequestChannel.Request(Message message, TimeSpan timeout)
   at System.ServiceModel.Channels.TransactionRequestChannelGeneric`1.Request(Message message, TimeSpan timeout)
   at System.ServiceModel.Dispatcher.RequestChannelBinder.Request(Message message, TimeSpan timeout)
   at System.ServiceModel.Channels.ServiceChannel.Call(String action, Boolean oneway, ProxyOperationRuntime operation, Object[] ins, Object[] outs, TimeSpan timeout)
   at System.ServiceModel.Channels.ServiceChannelProxy.InvokeService(IMethodCallMessage methodCall, ProxyOperationRuntime operation)
   at System.ServiceModel.Channels.ServiceChannelProxy.Invoke(IMessage message)

Exception rethrown at [0]: 
   at System.Runtime.Remoting.Proxies.RealProxy.HandleReturnMessage(IMessage reqMsg, IMessage retMsg)
   at System.Runtime.Remoting.Proxies.RealProxy.PrivateInvoke(MessageData& msgData, Int32 type)
   at Petex.Service.RequestProcessor.IWcfStreamResponseProcessor.Process(MessageRequest request)
   at A.cec9e090ae538d190220f059017b75b84.Process(MessageRequest request)
2018/09/22 08:21:27.015 ERROR 113 A.cec9e090ae538d190220f059017b75b84 (Thread 113) ProcID (46564) - System.TimeoutException: The request channel timed out while waiting for a reply after 00:04:56.8720008. Increase the timeout value passed to the call to Request or increase the SendTimeout value on the Binding. The time allotted to this operation may have been a portion of a longer timeout. ---> System.TimeoutException: The socket transfer timed out after 00:04:59.9960000. You have exceeded the timeout set on your binding. The time allotted to this operation may have been a portion of a longer timeout. ---> System.IO.IOException: The read operation failed, see inner exception. ---> System.TimeoutException: The socket transfer timed out after 00:04:59.9960000. You have exceeded the timeout set on your binding. The time allotted to this operation may have been a portion of a longer timeout. ---> System.Net.Sockets.SocketException: A connection attempt failed because the connected party did not properly respond after a period of time, or established connection failed because connected host has failed to respond
   at System.Net.Sockets.Socket.Receive(Byte[] buffer, Int32 offset, Int32 size, SocketFlags socketFlags)
   at System.ServiceModel.Channels.SocketConnection.ReadCore(Byte[] buffer, Int32 offset, Int32 size, TimeSpan timeout, Boolean closing)
   --- End of inner exception stack trace ---
   at System.ServiceModel.Channels.SocketConnection.ReadCore(Byte[] buffer, Int32 offset, Int32 size, TimeSpan timeout, Boolean closing)
   at System.ServiceModel.Channels.SocketConnection.Read(Byte[] buffer, Int32 offset, Int32 size, TimeSpan timeout)
   at System.ServiceModel.Channels.DelegatingConnection.Read(Byte[] buffer, Int32 offset, Int32 size, TimeSpan timeout)
   at System.ServiceModel.Channels.ConnectionStream.Read(Byte[] buffer, Int32 offset, Int32 count)
   at System.Net.FixedSizeReader.ReadPacket(Byte[] buffer, Int32 offset, Int32 count)
   at System.Net.Security.NegotiateStream.StartFrameHeader(Byte[] buffer, Int32 offset, Int32 count, AsyncProtocolRequest asyncRequest)
   at System.Net.Security.NegotiateStream.ProcessRead(Byte[] buffer, Int32 offset, Int32 count, AsyncProtocolRequest asyncRequest)
   --- End of inner exception stack trace ---
   at System.Net.Security.NegotiateStream.ProcessRead(Byte[] buffer, Int32 offset, Int32 count, AsyncProtocolRequest asyncRequest)
   at System.Net.Security.NegotiateStream.Read(Byte[] buffer, Int32 offset, Int32 count)
   at System.ServiceModel.Channels.StreamConnection.Read(Byte[] buffer, Int32 offset, Int32 size, TimeSpan timeout)
   --- End of inner exception stack trace ---
   at System.ServiceModel.Channels.StreamConnection.Read(Byte[] buffer, Int32 offset, Int32 size, TimeSpan timeout)
   at System.ServiceModel.Channels.SingletonConnectionReader.Receive(TimeSpan timeout)
   at System.ServiceModel.Channels.StreamedFramingRequestChannel.StreamedFramingRequest.WaitForReply(TimeSpan timeout)
   at System.ServiceModel.Channels.RequestChannel.Request(Message message, TimeSpan timeout)
   --- End of inner exception stack trace ---

Server stack trace: 
   at System.ServiceModel.Channels.RequestChannel.Request(Message message, TimeSpan timeout)
   at System.ServiceModel.Channels.TransactionRequestChannelGeneric`1.Request(Message message, TimeSpan timeout)
   at System.ServiceModel.Dispatcher.RequestChannelBinder.Request(Message message, TimeSpan timeout)
   at System.ServiceModel.Channels.ServiceChannel.Call(String action, Boolean oneway, ProxyOperationRuntime operation, Object[] ins, Object[] outs, TimeSpan timeout)
   at System.ServiceModel.Channels.ServiceChannelProxy.InvokeService(IMethodCallMessage methodCall, ProxyOperationRuntime operation)
   at System.ServiceModel.Channels.ServiceChannelProxy.Invoke(IMessage message)

Exception rethrown at [0]: 
   at System.Runtime.Remoting.Proxies.RealProxy.HandleReturnMessage(IMessage reqMsg, IMessage retMsg)
   at System.Runtime.Remoting.Proxies.RealProxy.PrivateInvoke(MessageData& msgData, Int32 type)
   at Petex.Service.RequestProcessor.IWcfStreamResponseProcessor.Process(MessageRequest request)
   at A.cec9e090ae538d190220f059017b75b84.Process(MessageRequest request)

method : Process([Petex.Service.RequestProcessor.MessageRequest] request = Petex.Service.RequestProcessor.MessageRequest)

2018/09/22 08:21:27.017 ERROR 103 Petex.IFM.IVM.VisualWorkflowService.c1c13b709b3df317d725c923928032d5a - An error occurred while getting bulk results.
Details:
System.TimeoutException: The request channel timed out while waiting for a reply after 00:04:56.8720008. Increase the timeout value passed to the call to Request or increase the SendTimeout value on the Binding. The time allotted to this operation may have been a portion of a longer timeout. ---> System.TimeoutException: The socket transfer timed out after 00:04:59.9960000. You have exceeded the timeout set on your binding. The time allotted to this operation may have been a portion of a longer timeout. ---> System.IO.IOException: The read operation failed, see inner exception. ---> System.TimeoutException: The socket transfer timed out after 00:04:59.9960000. You have exceeded the timeout set on your binding. The time allotted to this operation may have been a portion of a longer timeout. ---> System.Net.Sockets.SocketException: A connection attempt failed because the connected party did not properly respond after a period of time, or established connection failed because connected host has failed to respond
   at System.Net.Sockets.Socket.Receive(Byte[] buffer, Int32 offset, Int32 size, SocketFlags socketFlags)
   at System.ServiceModel.Channels.SocketConnection.ReadCore(Byte[] buffer, Int32 offset, Int32 size, TimeSpan timeout, Boolean closing)
   --- End of inner exception stack trace ---
   at System.ServiceModel.Channels.SocketConnection.ReadCore(Byte[] buffer, Int32 offset, Int32 size, TimeSpan timeout, Boolean closing)
   at System.ServiceModel.Channels.SocketConnection.Read(Byte[] buffer, Int32 offset, Int32 size, TimeSpan timeout)
   at System.ServiceModel.Channels.DelegatingConnection.Read(Byte[] buffer, Int32 offset, Int32 size, TimeSpan timeout)
   at System.ServiceModel.Channels.ConnectionStream.Read(Byte[] buffer, Int32 offset, Int32 count)
   at System.Net.FixedSizeReader.ReadPacket(Byte[] buffer, Int32 offset, Int32 count)
   at System.Net.Security.NegotiateStream.StartFrameHeader(Byte[] buffer, Int32 offset, Int32 count, AsyncProtocolRequest asyncRequest)
   at System.Net.Security.NegotiateStream.ProcessRead(Byte[] buffer, Int32 offset, Int32 count, AsyncProtocolRequest asyncRequest)
   --- End of inner exception stack trace ---
   at System.Net.Security.NegotiateStream.ProcessRead(Byte[] buffer, Int32 offset, Int32 count, AsyncProtocolRequest asyncRequest)
   at System.Net.Security.NegotiateStream.Read(Byte[] buffer, Int32 offset, Int32 count)
   at System.ServiceModel.Channels.StreamConnection.Read(Byte[] buffer, Int32 offset, Int32 size, TimeSpan timeout)
   --- End of inner exception stack trace ---
   at System.ServiceModel.Channels.StreamConnection.Read(Byte[] buffer, Int32 offset, Int32 size, TimeSpan timeout)
   at System.ServiceModel.Channels.SingletonConnectionReader.Receive(TimeSpan timeout)
   at System.ServiceModel.Channels.StreamedFramingRequestChannel.StreamedFramingRequest.WaitForReply(TimeSpan timeout)
   at System.ServiceModel.Channels.RequestChannel.Request(Message message, TimeSpan timeout)
   --- End of inner exception stack trace ---

Server stack trace: 
   at System.ServiceModel.Channels.RequestChannel.Request(Message message, TimeSpan timeout)
   at System.ServiceModel.Channels.TransactionRequestChannelGeneric`1.Request(Message message, TimeSpan timeout)
   at System.ServiceModel.Dispatcher.RequestChannelBinder.Request(Message message, TimeSpan timeout)
   at System.ServiceModel.Channels.ServiceChannel.Call(String action, Boolean oneway, ProxyOperationRuntime operation, Object[] ins, Object[] outs, TimeSpan timeout)
   at System.ServiceModel.Channels.ServiceChannelProxy.InvokeService(IMethodCallMessage methodCall, ProxyOperationRuntime operation)
   at System.ServiceModel.Channels.ServiceChannelProxy.Invoke(IMessage message)

Exception rethrown at [0]: 
   at A.c22aefe7f39df3d678dba160428b769f4.c0c4ec95a682cbefc208f4f3eb80ff6ad[c5e2460f6ebc534efe90b3230b7797cb4](Func`1 c3c081f340dcdf79e192d50757bce0bee)
   at A.c42ccb3c762729e5c1ed9dd9fb21f7a51.c2a035223c95353a451d486528bb968ce(DateTime ca50651d185b346c217028862887f6062, List`1 c94623007ea3b221db43a7a5c991a9cac, Int32 c27485bd6dedf79f29eccbe33aefab814, DateTime cc0b7aac23bdedea569c99b9f01ab5798, DateTime ca917bd7d663d59239d097b255d937590)
   at Petex.IFM.IVM.VisualWorkflowService.c1c13b709b3df317d725c923928032d5a(c0a78f935034ea252425562b3db1ea988 cc462e40687a776088a0f60dcc4dee4c5, VisualWorkflowResultOptions c97464e7151b310fab45ca8e18c9bbc4d)
2018/09/22 08:26:19.011 INFO  54 A.ca9303324ae27c9d224e829df918b1ee8.c6ae4a85f8bc1eee64ee593e8582f1fd3 - Get a Copy for model file : APC Production Today Tracker Clear Variables.vwk folder id : 7 model file id : 1602 recursive at '9/22/2018 1:26:18 PM' ==> Started.
2018/09/22 08:26:19.576 INFO  54 A.ca9303324ae27c9d224e829df918b1ee8.c6ae4a85f8bc1eee64ee593e8582f1fd3 - Get a Copy for model file : APC Production Today Tracker Clear Variables.vwk folder id : 7 model file id : 1602 recursive at '9/22/2018 1:26:18 PM' ==> Completed. Took 00:00:00.565
2018/09/22 08:26:22.062 INFO  63 A.cdc551499db0039f956e1d0666bfd1504.ca3aa6b2f13c2c1bc9c646f6abf33ed07 - Changing service from :0 to HOUMSEOSIFM007:8787
2018/09/22 08:27:10.641 INFO  131 A.ca9303324ae27c9d224e829df918b1ee8.c6ae4a85f8bc1eee64ee593e8582f1fd3 - Get a Copy for model file : APC Production Today Tracker.vwk folder id : 7 model file id : 1591 recursive at '9/22/2018 1:27:10 PM' ==> Started.
2018/09/22 08:27:11.245 INFO  131 A.ca9303324ae27c9d224e829df918b1ee8.c6ae4a85f8bc1eee64ee593e8582f1fd3 - Get a Copy for model file : APC Production Today Tracker.vwk folder id : 7 model file id : 1591 recursive at '9/22/2018 1:27:10 PM' ==> Completed. Took 00:00:00.603
2018/09/22 08:30:23.463 INFO  79 A.ca9303324ae27c9d224e829df918b1ee8.c6ae4a85f8bc1eee64ee593e8582f1fd3 - Get a Copy for model file : pvtt_gor_selector.vwk folder id : 7 model file id : 2304 recursive at '9/22/2018 1:30:22 PM' ==> Started.
2018/09/22 08:30:24.078 INFO  79 A.ca9303324ae27c9d224e829df918b1ee8.c6ae4a85f8bc1eee64ee593e8582f1fd3 - Get a Copy for model file : pvtt_gor_selector.vwk folder id : 7 model file id : 2304 recursive at '9/22/2018 1:30:22 PM' ==> Completed. Took 00:00:00.614
2018/09/22 08:30:25.261 INFO  119 A.ca9303324ae27c9d224e829df918b1ee8.c6ae4a85f8bc1eee64ee593e8582f1fd3 - Get a Copy for model file : APC Cum Volume Calculator V3.vwk folder id : 7 model file id : 1587 recursive at '9/22/2018 1:30:24 PM' ==> Started.
2018/09/22 08:30:25.985 INFO  119 A.ca9303324ae27c9d224e829df918b1ee8.c6ae4a85f8bc1eee64ee593e8582f1fd3 - Get a Copy for model file : APC Cum Volume Calculator V3.vwk folder id : 7 model file id : 1587 recursive at '9/22/2018 1:30:24 PM' ==> Completed. Took 00:00:00.724
2018/09/22 08:31:07.613 INFO  62 A.ca9303324ae27c9d224e829df918b1ee8.c6ae4a85f8bc1eee64ee593e8582f1fd3 - Get a Copy for model file : Plunger Velocity Thresholds_Ogueri_v2.vwk folder id : 7 model file id : 2025 recursive at '9/22/2018 1:31:07 PM' ==> Started.
2018/09/22 08:31:08.201 INFO  62 A.ca9303324ae27c9d224e829df918b1ee8.c6ae4a85f8bc1eee64ee593e8582f1fd3 - Get a Copy for model file : Plunger Velocity Thresholds_Ogueri_v2.vwk folder id : 7 model file id : 2025 recursive at '9/22/2018 1:31:07 PM' ==> Completed. Took 00:00:00.587
2018/09/22 08:31:17.938 INFO  120 A.ca9303324ae27c9d224e829df918b1ee8.c6ae4a85f8bc1eee64ee593e8582f1fd3 - Get a Copy for model file : APC_Exception_Stats.vwk folder id : 7 model file id : 1530 recursive at '9/22/2018 1:31:13 PM' ==> Started.
2018/09/22 08:31:18.552 INFO  120 A.ca9303324ae27c9d224e829df918b1ee8.c6ae4a85f8bc1eee64ee593e8582f1fd3 - Get a Copy for model file : APC_Exception_Stats.vwk folder id : 7 model file id : 1530 recursive at '9/22/2018 1:31:13 PM' ==> Completed. Took 00:00:00.614
2018/09/22 08:31:52.065 INFO  103 A.cdc551499db0039f956e1d0666bfd1504.ca3aa6b2f13c2c1bc9c646f6abf33ed07 - Changing service from :0 to HOUMSEOSIFM007:8787
2018/09/22 08:32:42.074 INFO  116 A.ca9303324ae27c9d224e829df918b1ee8.c6ae4a85f8bc1eee64ee593e8582f1fd3 - Get a Copy for model file : APC Latch Valve Failure Tracker.vwk folder id : 7 model file id : 1525 recursive at '9/22/2018 1:32:38 PM' ==> Started.
2018/09/22 08:32:42.669 INFO  116 A.ca9303324ae27c9d224e829df918b1ee8.c6ae4a85f8bc1eee64ee593e8582f1fd3 - Get a Copy for model file : APC Latch Valve Failure Tracker.vwk folder id : 7 model file id : 1525 recursive at '9/22/2018 1:32:38 PM' ==> Completed. Took 00:00:00.595
2018/09/22 08:35:58.484 INFO  77 A.ca9303324ae27c9d224e829df918b1ee8.c6ae4a85f8bc1eee64ee593e8582f1fd3 - Get a Copy for model file : APC_Delete Flow Period2.vwk folder id : 7 model file id : 1532 recursive at '9/22/2018 1:35:52 PM' ==> Started.
2018/09/22 08:35:59.294 INFO  77 A.ca9303324ae27c9d224e829df918b1ee8.c6ae4a85f8bc1eee64ee593e8582f1fd3 - Get a Copy for model file : APC_Delete Flow Period2.vwk folder id : 7 model file id : 1532 recursive at '9/22/2018 1:35:52 PM' ==> Completed. Took 00:00:00.810
2018/09/22 08:36:52.626 INFO  79 A.cdc551499db0039f956e1d0666bfd1504.ca3aa6b2f13c2c1bc9c646f6abf33ed07 - Changing service from :0 to HOUMSEOSIFM007:8787
2018/09/22 08:36:56.621 INFO  81 A.ca9303324ae27c9d224e829df918b1ee8.c6ae4a85f8bc1eee64ee593e8582f1fd3 - Get a Copy for model file : APC_Flow_Period_Calc2.vwk folder id : 7 model file id : 1598 recursive at '9/22/2018 1:36:55 PM' ==> Started.
2018/09/22 08:36:57.234 INFO  81 A.ca9303324ae27c9d224e829df918b1ee8.c6ae4a85f8bc1eee64ee593e8582f1fd3 - Get a Copy for model file : APC_Flow_Period_Calc2.vwk folder id : 7 model file id : 1598 recursive at '9/22/2018 1:36:55 PM' ==> Completed. Took 00:00:00.612
2018/09/22 08:38:01.153 INFO  106 A.ca9303324ae27c9d224e829df918b1ee8.c6ae4a85f8bc1eee64ee593e8582f1fd3 - Get a Copy for model file : APC Valve Open No Flow.vwk folder id : 7 model file id : 1527 recursive at '9/22/2018 1:38:00 PM' ==> Started.
2018/09/22 08:38:01.763 INFO  106 A.ca9303324ae27c9d224e829df918b1ee8.c6ae4a85f8bc1eee64ee593e8582f1fd3 - Get a Copy for model file : APC Valve Open No Flow.vwk folder id : 7 model file id : 1527 recursive at '9/22/2018 1:38:00 PM' ==> Completed. Took 00:00:00.609
2018/09/22 08:41:54.156 INFO  86 A.cdc551499db0039f956e1d0666bfd1504.ca3aa6b2f13c2c1bc9c646f6abf33ed07 - Changing service from :0 to HOUMSEOSIFM007:8787
2018/09/22 08:43:37.516 INFO  109 A.ca9303324ae27c9d224e829df918b1ee8.c6ae4a85f8bc1eee64ee593e8582f1fd3 - Get a Copy for model file : APC HF Production Roll Up.vwk folder id : 7 model file id : 1606 recursive at '9/22/2018 1:43:36 PM' ==> Started.
2018/09/22 08:43:38.151 INFO  109 A.ca9303324ae27c9d224e829df918b1ee8.c6ae4a85f8bc1eee64ee593e8582f1fd3 - Get a Copy for model file : APC HF Production Roll Up.vwk folder id : 7 model file id : 1606 recursive at '9/22/2018 1:43:36 PM' ==> Completed. Took 00:00:00.635
2018/09/22 08:45:10.726 INFO  72 A.ca9303324ae27c9d224e829df918b1ee8.c6ae4a85f8bc1eee64ee593e8582f1fd3 - Get a Copy for model file : APC Loading Variables.vwk folder id : 7 model file id : 2020 recursive at '9/22/2018 1:45:09 PM' ==> Started.
2018/09/22 08:45:11.360 INFO  72 A.ca9303324ae27c9d224e829df918b1ee8.c6ae4a85f8bc1eee64ee593e8582f1fd3 - Get a Copy for model file : APC Loading Variables.vwk folder id : 7 model file id : 2020 recursive at '9/22/2018 1:45:09 PM' ==> Completed. Took 00:00:00.634
2018/09/22 08:45:32.681 INFO  71 A.ca9303324ae27c9d224e829df918b1ee8.c6ae4a85f8bc1eee64ee593e8582f1fd3 - Get a Copy for model file : APC MV Times.vwk folder id : 7 model file id : 1533 recursive at '9/22/2018 1:45:32 PM' ==> Started.
2018/09/22 08:45:33.278 INFO  71 A.ca9303324ae27c9d224e829df918b1ee8.c6ae4a85f8bc1eee64ee593e8582f1fd3 - Get a Copy for model file : APC MV Times.vwk folder id : 7 model file id : 1533 recursive at '9/22/2018 1:45:32 PM' ==> Completed. Took 00:00:00.597
2018/09/22 08:46:56.137 INFO  140 A.cdc551499db0039f956e1d0666bfd1504.ca3aa6b2f13c2c1bc9c646f6abf33ed07 - Changing service from :0 to HOUMSEOSIFM007:8787
2018/09/22 08:51:58.503 INFO  107 A.cdc551499db0039f956e1d0666bfd1504.ca3aa6b2f13c2c1bc9c646f6abf33ed07 - Changing service from :0 to HOUMSEOSIFM007:8787
2018/09/22 08:52:32.288 INFO  85 A.ca9303324ae27c9d224e829df918b1ee8.c6ae4a85f8bc1eee64ee593e8582f1fd3 - Get a Copy for model file : APC Output Production Today Projections.vwk folder id : 7 model file id : 1637 recursive at '9/22/2018 1:52:30 PM' ==> Started.
2018/09/22 08:52:32.923 INFO  85 A.ca9303324ae27c9d224e829df918b1ee8.c6ae4a85f8bc1eee64ee593e8582f1fd3 - Get a Copy for model file : APC Output Production Today Projections.vwk folder id : 7 model file id : 1637 recursive at '9/22/2018 1:52:30 PM' ==> Completed. Took 00:00:00.635
2018/09/22 08:54:27.319 INFO  97 A.ca9303324ae27c9d224e829df918b1ee8.c6ae4a85f8bc1eee64ee593e8582f1fd3 - Get a Copy for model file : APC Production Tracker Roll Up - Micro.vwk folder id : 7 model file id : 1981 recursive at '9/22/2018 1:54:26 PM' ==> Started.
2018/09/22 08:54:27.894 INFO  97 A.ca9303324ae27c9d224e829df918b1ee8.c6ae4a85f8bc1eee64ee593e8582f1fd3 - Get a Copy for model file : APC Production Tracker Roll Up - Micro.vwk folder id : 7 model file id : 1981 recursive at '9/22/2018 1:54:26 PM' ==> Completed. Took 00:00:00.574
2018/09/22 08:56:24.507 INFO  142 A.ca9303324ae27c9d224e829df918b1ee8.c6ae4a85f8bc1eee64ee593e8582f1fd3 - Get a Copy for model file : APC Stacked Data Points Creator.vwk folder id : 7 model file id : 1985 recursive at '9/22/2018 1:56:23 PM' ==> Started.
2018/09/22 08:56:25.100 INFO  142 A.ca9303324ae27c9d224e829df918b1ee8.c6ae4a85f8bc1eee64ee593e8582f1fd3 - Get a Copy for model file : APC Stacked Data Points Creator.vwk folder id : 7 model file id : 1985 recursive at '9/22/2018 1:56:23 PM' ==> Completed. Took 00:00:00.592
2018/09/22 08:57:00.804 INFO  102 A.cdc551499db0039f956e1d0666bfd1504.ca3aa6b2f13c2c1bc9c646f6abf33ed07 - Changing service from :0 to HOUMSEOSIFM007:8787
2018/09/22 09:00:27.054 INFO  7 A.ca9303324ae27c9d224e829df918b1ee8.c6ae4a85f8bc1eee64ee593e8582f1fd3 - Get a Copy for model file : APC_Detect_Filter_Errors.vwk folder id : 7 model file id : 1613 recursive at '9/22/2018 2:00:26 PM' ==> Started.
2018/09/22 09:00:27.852 INFO  7 A.ca9303324ae27c9d224e829df918b1ee8.c6ae4a85f8bc1eee64ee593e8582f1fd3 - Get a Copy for model file : APC_Detect_Filter_Errors.vwk folder id : 7 model file id : 1613 recursive at '9/22/2018 2:00:26 PM' ==> Completed. Took 00:00:00.797
2018/09/22 09:01:05.990 INFO  7 A.ca9303324ae27c9d224e829df918b1ee8.c6ae4a85f8bc1eee64ee593e8582f1fd3 - Get a Copy for model file : TRMQCU_BHP_ResultsV2.vwk folder id : 7 model file id : 1607 recursive at '9/22/2018 2:01:05 PM' ==> Started.
2018/09/22 09:01:06.542 INFO  7 A.ca9303324ae27c9d224e829df918b1ee8.c6ae4a85f8bc1eee64ee593e8582f1fd3 - Get a Copy for model file : TRMQCU_BHP_ResultsV2.vwk folder id : 7 model file id : 1607 recursive at '9/22/2018 2:01:05 PM' ==> Completed. Took 00:00:00.551
2018/09/22 09:02:30.794 INFO  82 A.cdc551499db0039f956e1d0666bfd1504.ca3aa6b2f13c2c1bc9c646f6abf33ed07 - Changing service from :0 to HOUMSEOSIFM007:8787
2018/09/22 09:07:33.564 INFO  75 A.cdc551499db0039f956e1d0666bfd1504.ca3aa6b2f13c2c1bc9c646f6abf33ed07 - Changing service from :0 to HOUMSEOSIFM007:8787
2018/09/22 09:12:35.123 INFO  103 A.cdc551499db0039f956e1d0666bfd1504.ca3aa6b2f13c2c1bc9c646f6abf33ed07 - Changing service from :0 to HOUMSEOSIFM007:8787
2018/09/22 09:17:38.123 INFO  94 A.cdc551499db0039f956e1d0666bfd1504.ca3aa6b2f13c2c1bc9c646f6abf33ed07 - Changing service from :0 to HOUMSEOSIFM007:8787
2018/09/22 09:22:40.424 INFO  86 A.cdc551499db0039f956e1d0666bfd1504.ca3aa6b2f13c2c1bc9c646f6abf33ed07 - Changing service from :0 to HOUMSEOSIFM007:8787
2018/09/22 09:22:48.121 ERROR 146 A.cec9e090ae538d190220f059017b75b84.Process - System.TimeoutException: The request channel timed out while waiting for a reply after 00:04:56.2559977. Increase the timeout value passed to the call to Request or increase the SendTimeout value on the Binding. The time allotted to this operation may have been a portion of a longer timeout. ---> System.TimeoutException: The socket transfer timed out after 00:04:59.9830000. You have exceeded the timeout set on your binding. The time allotted to this operation may have been a portion of a longer timeout. ---> System.IO.IOException: The read operation failed, see inner exception. ---> System.TimeoutException: The socket transfer timed out after 00:04:59.9830000. You have exceeded the timeout set on your binding. The time allotted to this operation may have been a portion of a longer timeout. ---> System.Net.Sockets.SocketException: A connection attempt failed because the connected party did not properly respond after a period of time, or established connection failed because connected host has failed to respond
   at System.Net.Sockets.Socket.Receive(Byte[] buffer, Int32 offset, Int32 size, SocketFlags socketFlags)
   at System.ServiceModel.Channels.SocketConnection.ReadCore(Byte[] buffer, Int32 offset, Int32 size, TimeSpan timeout, Boolean closing)
   --- End of inner exception stack trace ---
   at System.ServiceModel.Channels.SocketConnection.ReadCore(Byte[] buffer, Int32 offset, Int32 size, TimeSpan timeout, Boolean closing)
   at System.ServiceModel.Channels.SocketConnection.Read(Byte[] buffer, Int32 offset, Int32 size, TimeSpan timeout)
   at System.ServiceModel.Channels.DelegatingConnection.Read(Byte[] buffer, Int32 offset, Int32 size, TimeSpan timeout)
   at System.ServiceModel.Channels.ConnectionStream.Read(Byte[] buffer, Int32 offset, Int32 count)
   at System.Net.FixedSizeReader.ReadPacket(Byte[] buffer, Int32 offset, Int32 count)
   at System.Net.Security.NegotiateStream.StartFrameHeader(Byte[] buffer, Int32 offset, Int32 count, AsyncProtocolRequest asyncRequest)
   at System.Net.Security.NegotiateStream.ProcessRead(Byte[] buffer, Int32 offset, Int32 count, AsyncProtocolRequest asyncRequest)
   --- End of inner exception stack trace ---
   at System.Net.Security.NegotiateStream.ProcessRead(Byte[] buffer, Int32 offset, Int32 count, AsyncProtocolRequest asyncRequest)
   at System.Net.Security.NegotiateStream.Read(Byte[] buffer, Int32 offset, Int32 count)
   at System.ServiceModel.Channels.StreamConnection.Read(Byte[] buffer, Int32 offset, Int32 size, TimeSpan timeout)
   --- End of inner exception stack trace ---
   at System.ServiceModel.Channels.StreamConnection.Read(Byte[] buffer, Int32 offset, Int32 size, TimeSpan timeout)
   at System.ServiceModel.Channels.SingletonConnectionReader.Receive(TimeSpan timeout)
   at System.ServiceModel.Channels.StreamedFramingRequestChannel.StreamedFramingRequest.WaitForReply(TimeSpan timeout)
   at System.ServiceModel.Channels.RequestChannel.Request(Message message, TimeSpan timeout)
   --- End of inner exception stack trace ---

Server stack trace: 
   at System.ServiceModel.Channels.RequestChannel.Request(Message message, TimeSpan timeout)
   at System.ServiceModel.Channels.TransactionRequestChannelGeneric`1.Request(Message message, TimeSpan timeout)
   at System.ServiceModel.Dispatcher.RequestChannelBinder.Request(Message message, TimeSpan timeout)
   at System.ServiceModel.Channels.ServiceChannel.Call(String action, Boolean oneway, ProxyOperationRuntime operation, Object[] ins, Object[] outs, TimeSpan timeout)
   at System.ServiceModel.Channels.ServiceChannelProxy.InvokeService(IMethodCallMessage methodCall, ProxyOperationRuntime operation)
   at System.ServiceModel.Channels.ServiceChannelProxy.Invoke(IMessage message)

Exception rethrown at [0]: 
   at System.Runtime.Remoting.Proxies.RealProxy.HandleReturnMessage(IMessage reqMsg, IMessage retMsg)
   at System.Runtime.Remoting.Proxies.RealProxy.PrivateInvoke(MessageData& msgData, Int32 type)
   at Petex.Service.RequestProcessor.IWcfStreamResponseProcessor.Process(MessageRequest request)
   at A.cec9e090ae538d190220f059017b75b84.Process(MessageRequest request)
Details:
System.TimeoutException: The request channel timed out while waiting for a reply after 00:04:56.2559977. Increase the timeout value passed to the call to Request or increase the SendTimeout value on the Binding. The time allotted to this operation may have been a portion of a longer timeout. ---> System.TimeoutException: The socket transfer timed out after 00:04:59.9830000. You have exceeded the timeout set on your binding. The time allotted to this operation may have been a portion of a longer timeout. ---> System.IO.IOException: The read operation failed, see inner exception. ---> System.TimeoutException: The socket transfer timed out after 00:04:59.9830000. You have exceeded the timeout set on your binding. The time allotted to this operation may have been a portion of a longer timeout. ---> System.Net.Sockets.SocketException: A connection attempt failed because the connected party did not properly respond after a period of time, or established connection failed because connected host has failed to respond
   at System.Net.Sockets.Socket.Receive(Byte[] buffer, Int32 offset, Int32 size, SocketFlags socketFlags)
   at System.ServiceModel.Channels.SocketConnection.ReadCore(Byte[] buffer, Int32 offset, Int32 size, TimeSpan timeout, Boolean closing)
   --- End of inner exception stack trace ---
   at System.ServiceModel.Channels.SocketConnection.ReadCore(Byte[] buffer, Int32 offset, Int32 size, TimeSpan timeout, Boolean closing)
   at System.ServiceModel.Channels.SocketConnection.Read(Byte[] buffer, Int32 offset, Int32 size, TimeSpan timeout)
   at System.ServiceModel.Channels.DelegatingConnection.Read(Byte[] buffer, Int32 offset, Int32 size, TimeSpan timeout)
   at System.ServiceModel.Channels.ConnectionStream.Read(Byte[] buffer, Int32 offset, Int32 count)
   at System.Net.FixedSizeReader.ReadPacket(Byte[] buffer, Int32 offset, Int32 count)
   at System.Net.Security.NegotiateStream.StartFrameHeader(Byte[] buffer, Int32 offset, Int32 count, AsyncProtocolRequest asyncRequest)
   at System.Net.Security.NegotiateStream.ProcessRead(Byte[] buffer, Int32 offset, Int32 count, AsyncProtocolRequest asyncRequest)
   --- End of inner exception stack trace ---
   at System.Net.Security.NegotiateStream.ProcessRead(Byte[] buffer, Int32 offset, Int32 count, AsyncProtocolRequest asyncRequest)
   at System.Net.Security.NegotiateStream.Read(Byte[] buffer, Int32 offset, Int32 count)
   at System.ServiceModel.Channels.StreamConnection.Read(Byte[] buffer, Int32 offset, Int32 size, TimeSpan timeout)
   --- End of inner exception stack trace ---
   at System.ServiceModel.Channels.StreamConnection.Read(Byte[] buffer, Int32 offset, Int32 size, TimeSpan timeout)
   at System.ServiceModel.Channels.SingletonConnectionReader.Receive(TimeSpan timeout)
   at System.ServiceModel.Channels.StreamedFramingRequestChannel.StreamedFramingRequest.WaitForReply(TimeSpan timeout)
   at System.ServiceModel.Channels.RequestChannel.Request(Message message, TimeSpan timeout)
   --- End of inner exception stack trace ---

Server stack trace: 
   at System.ServiceModel.Channels.RequestChannel.Request(Message message, TimeSpan timeout)
   at System.ServiceModel.Channels.TransactionRequestChannelGeneric`1.Request(Message message, TimeSpan timeout)
   at System.ServiceModel.Dispatcher.RequestChannelBinder.Request(Message message, TimeSpan timeout)
   at System.ServiceModel.Channels.ServiceChannel.Call(String action, Boolean oneway, ProxyOperationRuntime operation, Object[] ins, Object[] outs, TimeSpan timeout)
   at System.ServiceModel.Channels.ServiceChannelProxy.InvokeService(IMethodCallMessage methodCall, ProxyOperationRuntime operation)
   at System.ServiceModel.Channels.ServiceChannelProxy.Invoke(IMessage message)

Exception rethrown at [0]: 
   at System.Runtime.Remoting.Proxies.RealProxy.HandleReturnMessage(IMessage reqMsg, IMessage retMsg)
   at System.Runtime.Remoting.Proxies.RealProxy.PrivateInvoke(MessageData& msgData, Int32 type)
   at Petex.Service.RequestProcessor.IWcfStreamResponseProcessor.Process(MessageRequest request)
   at A.cec9e090ae538d190220f059017b75b84.Process(MessageRequest request)
2018/09/22 09:22:48.160 ERROR 146 A.cec9e090ae538d190220f059017b75b84 (Thread 146) ProcID (46564) - System.TimeoutException: The request channel timed out while waiting for a reply after 00:04:56.2559977. Increase the timeout value passed to the call to Request or increase the SendTimeout value on the Binding. The time allotted to this operation may have been a portion of a longer timeout. ---> System.TimeoutException: The socket transfer timed out after 00:04:59.9830000. You have exceeded the timeout set on your binding. The time allotted to this operation may have been a portion of a longer timeout. ---> System.IO.IOException: The read operation failed, see inner exception. ---> System.TimeoutException: The socket transfer timed out after 00:04:59.9830000. You have exceeded the timeout set on your binding. The time allotted to this operation may have been a portion of a longer timeout. ---> System.Net.Sockets.SocketException: A connection attempt failed because the connected party did not properly respond after a period of time, or established connection failed because connected host has failed to respond
   at System.Net.Sockets.Socket.Receive(Byte[] buffer, Int32 offset, Int32 size, SocketFlags socketFlags)
   at System.ServiceModel.Channels.SocketConnection.ReadCore(Byte[] buffer, Int32 offset, Int32 size, TimeSpan timeout, Boolean closing)
   --- End of inner exception stack trace ---
   at System.ServiceModel.Channels.SocketConnection.ReadCore(Byte[] buffer, Int32 offset, Int32 size, TimeSpan timeout, Boolean closing)
   at System.ServiceModel.Channels.SocketConnection.Read(Byte[] buffer, Int32 offset, Int32 size, TimeSpan timeout)
   at System.ServiceModel.Channels.DelegatingConnection.Read(Byte[] buffer, Int32 offset, Int32 size, TimeSpan timeout)
   at System.ServiceModel.Channels.ConnectionStream.Read(Byte[] buffer, Int32 offset, Int32 count)
   at System.Net.FixedSizeReader.ReadPacket(Byte[] buffer, Int32 offset, Int32 count)
   at System.Net.Security.NegotiateStream.StartFrameHeader(Byte[] buffer, Int32 offset, Int32 count, AsyncProtocolRequest asyncRequest)
   at System.Net.Security.NegotiateStream.ProcessRead(Byte[] buffer, Int32 offset, Int32 count, AsyncProtocolRequest asyncRequest)
   --- End of inner exception stack trace ---
   at System.Net.Security.NegotiateStream.ProcessRead(Byte[] buffer, Int32 offset, Int32 count, AsyncProtocolRequest asyncRequest)
   at System.Net.Security.NegotiateStream.Read(Byte[] buffer, Int32 offset, Int32 count)
   at System.ServiceModel.Channels.StreamConnection.Read(Byte[] buffer, Int32 offset, Int32 size, TimeSpan timeout)
   --- End of inner exception stack trace ---
   at System.ServiceModel.Channels.StreamConnection.Read(Byte[] buffer, Int32 offset, Int32 size, TimeSpan timeout)
   at System.ServiceModel.Channels.SingletonConnectionReader.Receive(TimeSpan timeout)
   at System.ServiceModel.Channels.StreamedFramingRequestChannel.StreamedFramingRequest.WaitForReply(TimeSpan timeout)
   at System.ServiceModel.Channels.RequestChannel.Request(Message message, TimeSpan timeout)
   --- End of inner exception stack trace ---

Server stack trace: 
   at System.ServiceModel.Channels.RequestChannel.Request(Message message, TimeSpan timeout)
   at System.ServiceModel.Channels.TransactionRequestChannelGeneric`1.Request(Message message, TimeSpan timeout)
   at System.ServiceModel.Dispatcher.RequestChannelBinder.Request(Message message, TimeSpan timeout)
   at System.ServiceModel.Channels.ServiceChannel.Call(String action, Boolean oneway, ProxyOperationRuntime operation, Object[] ins, Object[] outs, TimeSpan timeout)
   at System.ServiceModel.Channels.ServiceChannelProxy.InvokeService(IMethodCallMessage methodCall, ProxyOperationRuntime operation)
   at System.ServiceModel.Channels.ServiceChannelProxy.Invoke(IMessage message)

Exception rethrown at [0]: 
   at System.Runtime.Remoting.Proxies.RealProxy.HandleReturnMessage(IMessage reqMsg, IMessage retMsg)
   at System.Runtime.Remoting.Proxies.RealProxy.PrivateInvoke(MessageData& msgData, Int32 type)
   at Petex.Service.RequestProcessor.IWcfStreamResponseProcessor.Process(MessageRequest request)
   at A.cec9e090ae538d190220f059017b75b84.Process(MessageRequest request)

method : Process([Petex.Service.RequestProcessor.MessageRequest] request = Petex.Service.RequestProcessor.MessageRequest)

2018/09/22 09:22:48.188 ERROR 12 Petex.IFM.IVM.VisualWorkflowService.c1c13b709b3df317d725c923928032d5a - An error occurred while getting bulk results.
Details:
System.TimeoutException: The request channel timed out while waiting for a reply after 00:04:56.2559977. Increase the timeout value passed to the call to Request or increase the SendTimeout value on the Binding. The time allotted to this operation may have been a portion of a longer timeout. ---> System.TimeoutException: The socket transfer timed out after 00:04:59.9830000. You have exceeded the timeout set on your binding. The time allotted to this operation may have been a portion of a longer timeout. ---> System.IO.IOException: The read operation failed, see inner exception. ---> System.TimeoutException: The socket transfer timed out after 00:04:59.9830000. You have exceeded the timeout set on your binding. The time allotted to this operation may have been a portion of a longer timeout. ---> System.Net.Sockets.SocketException: A connection attempt failed because the connected party did not properly respond after a period of time, or established connection failed because connected host has failed to respond
   at System.Net.Sockets.Socket.Receive(Byte[] buffer, Int32 offset, Int32 size, SocketFlags socketFlags)
   at System.ServiceModel.Channels.SocketConnection.ReadCore(Byte[] buffer, Int32 offset, Int32 size, TimeSpan timeout, Boolean closing)
   --- End of inner exception stack trace ---
   at System.ServiceModel.Channels.SocketConnection.ReadCore(Byte[] buffer, Int32 offset, Int32 size, TimeSpan timeout, Boolean closing)
   at System.ServiceModel.Channels.SocketConnection.Read(Byte[] buffer, Int32 offset, Int32 size, TimeSpan timeout)
   at System.ServiceModel.Channels.DelegatingConnection.Read(Byte[] buffer, Int32 offset, Int32 size, TimeSpan timeout)
   at System.ServiceModel.Channels.ConnectionStream.Read(Byte[] buffer, Int32 offset, Int32 count)
   at System.Net.FixedSizeReader.ReadPacket(Byte[] buffer, Int32 offset, Int32 count)
   at System.Net.Security.NegotiateStream.StartFrameHeader(Byte[] buffer, Int32 offset, Int32 count, AsyncProtocolRequest asyncRequest)
   at System.Net.Security.NegotiateStream.ProcessRead(Byte[] buffer, Int32 offset, Int32 count, AsyncProtocolRequest asyncRequest)
   --- End of inner exception stack trace ---
   at System.Net.Security.NegotiateStream.ProcessRead(Byte[] buffer, Int32 offset, Int32 count, AsyncProtocolRequest asyncRequest)
   at System.Net.Security.NegotiateStream.Read(Byte[] buffer, Int32 offset, Int32 count)
   at System.ServiceModel.Channels.StreamConnection.Read(Byte[] buffer, Int32 offset, Int32 size, TimeSpan timeout)
   --- End of inner exception stack trace ---
   at System.ServiceModel.Channels.StreamConnection.Read(Byte[] buffer, Int32 offset, Int32 size, TimeSpan timeout)
   at System.ServiceModel.Channels.SingletonConnectionReader.Receive(TimeSpan timeout)
   at System.ServiceModel.Channels.StreamedFramingRequestChannel.StreamedFramingRequest.WaitForReply(TimeSpan timeout)
   at System.ServiceModel.Channels.RequestChannel.Request(Message message, TimeSpan timeout)
   --- End of inner exception stack trace ---

Server stack trace: 
   at System.ServiceModel.Channels.RequestChannel.Request(Message message, TimeSpan timeout)
   at System.ServiceModel.Channels.TransactionRequestChannelGeneric`1.Request(Message message, TimeSpan timeout)
   at System.ServiceModel.Dispatcher.RequestChannelBinder.Request(Message message, TimeSpan timeout)
   at System.ServiceModel.Channels.ServiceChannel.Call(String action, Boolean oneway, ProxyOperationRuntime operation, Object[] ins, Object[] outs, TimeSpan timeout)
   at System.ServiceModel.Channels.ServiceChannelProxy.InvokeService(IMethodCallMessage methodCall, ProxyOperationRuntime operation)
   at System.ServiceModel.Channels.ServiceChannelProxy.Invoke(IMessage message)

Exception rethrown at [0]: 
   at A.c22aefe7f39df3d678dba160428b769f4.c0c4ec95a682cbefc208f4f3eb80ff6ad[c5e2460f6ebc534efe90b3230b7797cb4](Func`1 c3c081f340dcdf79e192d50757bce0bee)
   at A.c42ccb3c762729e5c1ed9dd9fb21f7a51.c2a035223c95353a451d486528bb968ce(DateTime ca50651d185b346c217028862887f6062, List`1 c94623007ea3b221db43a7a5c991a9cac, Int32 c27485bd6dedf79f29eccbe33aefab814, DateTime cc0b7aac23bdedea569c99b9f01ab5798, DateTime ca917bd7d663d59239d097b255d937590)
   at Petex.IFM.IVM.VisualWorkflowService.c1c13b709b3df317d725c923928032d5a(c0a78f935034ea252425562b3db1ea988 cc462e40687a776088a0f60dcc4dee4c5, VisualWorkflowResultOptions c97464e7151b310fab45ca8e18c9bbc4d)
2018/09/22 09:24:51.356 INFO  5 A.ca9303324ae27c9d224e829df918b1ee8.c6ae4a85f8bc1eee64ee593e8582f1fd3 - Get a Copy for model file : APC Choke Schedule Backfill.vwk folder id : 7 model file id : 2288 recursive at '9/22/2018 2:24:50 PM' ==> Started.
2018/09/22 09:24:51.949 INFO  5 A.ca9303324ae27c9d224e829df918b1ee8.c6ae4a85f8bc1eee64ee593e8582f1fd3 - Get a Copy for model file : APC Choke Schedule Backfill.vwk folder id : 7 model file id : 2288 recursive at '9/22/2018 2:24:50 PM' ==> Completed. Took 00:00:00.593
2018/09/22 09:27:40.483 INFO  78 A.cdc551499db0039f956e1d0666bfd1504.ca3aa6b2f13c2c1bc9c646f6abf33ed07 - Changing service from :0 to HOUMSEOSIFM007:8787
2018/09/22 09:28:28.233 INFO  143 A.ca9303324ae27c9d224e829df918b1ee8.c6ae4a85f8bc1eee64ee593e8582f1fd3 - Get a Copy for model file : APC Choke Surveillance.vwk folder id : 7 model file id : 3164 recursive at '9/22/2018 2:28:23 PM' ==> Started.
2018/09/22 09:28:28.825 INFO  143 A.ca9303324ae27c9d224e829df918b1ee8.c6ae4a85f8bc1eee64ee593e8582f1fd3 - Get a Copy for model file : APC Choke Surveillance.vwk folder id : 7 model file id : 3164 recursive at '9/22/2018 2:28:23 PM' ==> Completed. Took 00:00:00.592
2018/09/22 09:31:05.088 INFO  78 A.ca9303324ae27c9d224e829df918b1ee8.c6ae4a85f8bc1eee64ee593e8582f1fd3 - Get a Copy for model file : APC Route Review EXT Historize_Russ.vwk folder id : 7 model file id : 2018 recursive at '9/22/2018 2:31:04 PM' ==> Started.
2018/09/22 09:31:05.641 INFO  78 A.ca9303324ae27c9d224e829df918b1ee8.c6ae4a85f8bc1eee64ee593e8582f1fd3 - Get a Copy for model file : APC Route Review EXT Historize_Russ.vwk folder id : 7 model file id : 2018 recursive at '9/22/2018 2:31:04 PM' ==> Completed. Took 00:00:00.553
2018/09/22 09:32:40.703 INFO  110 A.cdc551499db0039f956e1d0666bfd1504.ca3aa6b2f13c2c1bc9c646f6abf33ed07 - Changing service from :0 to HOUMSEOSIFM007:8787
2018/09/22 09:37:40.692 INFO  71 A.cdc551499db0039f956e1d0666bfd1504.ca3aa6b2f13c2c1bc9c646f6abf33ed07 - Changing service from :0 to HOUMSEOSIFM007:8787
2018/09/22 09:37:49.155 ERROR 56 A.cec9e090ae538d190220f059017b75b84.Process - System.TimeoutException: The request channel timed out while waiting for a reply after 00:04:55.0890053. Increase the timeout value passed to the call to Request or increase the SendTimeout value on the Binding. The time allotted to this operation may have been a portion of a longer timeout. ---> System.TimeoutException: The socket transfer timed out after 00:04:59.9960000. You have exceeded the timeout set on your binding. The time allotted to this operation may have been a portion of a longer timeout. ---> System.IO.IOException: The read operation failed, see inner exception. ---> System.TimeoutException: The socket transfer timed out after 00:04:59.9960000. You have exceeded the timeout set on your binding. The time allotted to this operation may have been a portion of a longer timeout. ---> System.Net.Sockets.SocketException: A connection attempt failed because the connected party did not properly respond after a period of time, or established connection failed because connected host has failed to respond
   at System.Net.Sockets.Socket.Receive(Byte[] buffer, Int32 offset, Int32 size, SocketFlags socketFlags)
   at System.ServiceModel.Channels.SocketConnection.ReadCore(Byte[] buffer, Int32 offset, Int32 size, TimeSpan timeout, Boolean closing)
   --- End of inner exception stack trace ---
   at System.ServiceModel.Channels.SocketConnection.ReadCore(Byte[] buffer, Int32 offset, Int32 size, TimeSpan timeout, Boolean closing)
   at System.ServiceModel.Channels.SocketConnection.Read(Byte[] buffer, Int32 offset, Int32 size, TimeSpan timeout)
   at System.ServiceModel.Channels.DelegatingConnection.Read(Byte[] buffer, Int32 offset, Int32 size, TimeSpan timeout)
   at System.ServiceModel.Channels.ConnectionStream.Read(Byte[] buffer, Int32 offset, Int32 count)
   at System.Net.FixedSizeReader.ReadPacket(Byte[] buffer, Int32 offset, Int32 count)
   at System.Net.Security.NegotiateStream.StartFrameHeader(Byte[] buffer, Int32 offset, Int32 count, AsyncProtocolRequest asyncRequest)
   at System.Net.Security.NegotiateStream.ProcessRead(Byte[] buffer, Int32 offset, Int32 count, AsyncProtocolRequest asyncRequest)
   --- End of inner exception stack trace ---
   at System.Net.Security.NegotiateStream.ProcessRead(Byte[] buffer, Int32 offset, Int32 count, AsyncProtocolRequest asyncRequest)
   at System.Net.Security.NegotiateStream.Read(Byte[] buffer, Int32 offset, Int32 count)
   at System.ServiceModel.Channels.StreamConnection.Read(Byte[] buffer, Int32 offset, Int32 size, TimeSpan timeout)
   --- End of inner exception stack trace ---
   at System.ServiceModel.Channels.StreamConnection.Read(Byte[] buffer, Int32 offset, Int32 size, TimeSpan timeout)
   at System.ServiceModel.Channels.SingletonConnectionReader.Receive(TimeSpan timeout)
   at System.ServiceModel.Channels.StreamedFramingRequestChannel.StreamedFramingRequest.WaitForReply(TimeSpan timeout)
   at System.ServiceModel.Channels.RequestChannel.Request(Message message, TimeSpan timeout)
   --- End of inner exception stack trace ---

Server stack trace: 
   at System.ServiceModel.Channels.RequestChannel.Request(Message message, TimeSpan timeout)
   at System.ServiceModel.Channels.TransactionRequestChannelGeneric`1.Request(Message message, TimeSpan timeout)
   at System.ServiceModel.Dispatcher.RequestChannelBinder.Request(Message message, TimeSpan timeout)
   at System.ServiceModel.Channels.ServiceChannel.Call(String action, Boolean oneway, ProxyOperationRuntime operation, Object[] ins, Object[] outs, TimeSpan timeout)
   at System.ServiceModel.Channels.ServiceChannelProxy.InvokeService(IMethodCallMessage methodCall, ProxyOperationRuntime operation)
   at System.ServiceModel.Channels.ServiceChannelProxy.Invoke(IMessage message)

Exception rethrown at [0]: 
   at System.Runtime.Remoting.Proxies.RealProxy.HandleReturnMessage(IMessage reqMsg, IMessage retMsg)
   at System.Runtime.Remoting.Proxies.RealProxy.PrivateInvoke(MessageData& msgData, Int32 type)
   at Petex.Service.RequestProcessor.IWcfStreamResponseProcessor.Process(MessageRequest request)
   at A.cec9e090ae538d190220f059017b75b84.Process(MessageRequest request)
Details:
System.TimeoutException: The request channel timed out while waiting for a reply after 00:04:55.0890053. Increase the timeout value passed to the call to Request or increase the SendTimeout value on the Binding. The time allotted to this operation may have been a portion of a longer timeout. ---> System.TimeoutException: The socket transfer timed out after 00:04:59.9960000. You have exceeded the timeout set on your binding. The time allotted to this operation may have been a portion of a longer timeout. ---> System.IO.IOException: The read operation failed, see inner exception. ---> System.TimeoutException: The socket transfer timed out after 00:04:59.9960000. You have exceeded the timeout set on your binding. The time allotted to this operation may have been a portion of a longer timeout. ---> System.Net.Sockets.SocketException: A connection attempt failed because the connected party did not properly respond after a period of time, or established connection failed because connected host has failed to respond
   at System.Net.Sockets.Socket.Receive(Byte[] buffer, Int32 offset, Int32 size, SocketFlags socketFlags)
   at System.ServiceModel.Channels.SocketConnection.ReadCore(Byte[] buffer, Int32 offset, Int32 size, TimeSpan timeout, Boolean closing)
   --- End of inner exception stack trace ---
   at System.ServiceModel.Channels.SocketConnection.ReadCore(Byte[] buffer, Int32 offset, Int32 size, TimeSpan timeout, Boolean closing)
   at System.ServiceModel.Channels.SocketConnection.Read(Byte[] buffer, Int32 offset, Int32 size, TimeSpan timeout)
   at System.ServiceModel.Channels.DelegatingConnection.Read(Byte[] buffer, Int32 offset, Int32 size, TimeSpan timeout)
   at System.ServiceModel.Channels.ConnectionStream.Read(Byte[] buffer, Int32 offset, Int32 count)
   at System.Net.FixedSizeReader.ReadPacket(Byte[] buffer, Int32 offset, Int32 count)
   at System.Net.Security.NegotiateStream.StartFrameHeader(Byte[] buffer, Int32 offset, Int32 count, AsyncProtocolRequest asyncRequest)
   at System.Net.Security.NegotiateStream.ProcessRead(Byte[] buffer, Int32 offset, Int32 count, AsyncProtocolRequest asyncRequest)
   --- End of inner exception stack trace ---
   at System.Net.Security.NegotiateStream.ProcessRead(Byte[] buffer, Int32 offset, Int32 count, AsyncProtocolRequest asyncRequest)
   at System.Net.Security.NegotiateStream.Read(Byte[] buffer, Int32 offset, Int32 count)
   at System.ServiceModel.Channels.StreamConnection.Read(Byte[] buffer, Int32 offset, Int32 size, TimeSpan timeout)
   --- End of inner exception stack trace ---
   at System.ServiceModel.Channels.StreamConnection.Read(Byte[] buffer, Int32 offset, Int32 size, TimeSpan timeout)
   at System.ServiceModel.Channels.SingletonConnectionReader.Receive(TimeSpan timeout)
   at System.ServiceModel.Channels.StreamedFramingRequestChannel.StreamedFramingRequest.WaitForReply(TimeSpan timeout)
   at System.ServiceModel.Channels.RequestChannel.Request(Message message, TimeSpan timeout)
   --- End of inner exception stack trace ---

Server stack trace: 
   at System.ServiceModel.Channels.RequestChannel.Request(Message message, TimeSpan timeout)
   at System.ServiceModel.Channels.TransactionRequestChannelGeneric`1.Request(Message message, TimeSpan timeout)
   at System.ServiceModel.Dispatcher.RequestChannelBinder.Request(Message message, TimeSpan timeout)
   at System.ServiceModel.Channels.ServiceChannel.Call(String action, Boolean oneway, ProxyOperationRuntime operation, Object[] ins, Object[] outs, TimeSpan timeout)
   at System.ServiceModel.Channels.ServiceChannelProxy.InvokeService(IMethodCallMessage methodCall, ProxyOperationRuntime operation)
   at System.ServiceModel.Channels.ServiceChannelProxy.Invoke(IMessage message)

Exception rethrown at [0]: 
   at System.Runtime.Remoting.Proxies.RealProxy.HandleReturnMessage(IMessage reqMsg, IMessage retMsg)
   at System.Runtime.Remoting.Proxies.RealProxy.PrivateInvoke(MessageData& msgData, Int32 type)
   at Petex.Service.RequestProcessor.IWcfStreamResponseProcessor.Process(MessageRequest request)
   at A.cec9e090ae538d190220f059017b75b84.Process(MessageRequest request)
2018/09/22 09:37:49.156 ERROR 56 A.cec9e090ae538d190220f059017b75b84 (Thread 56) ProcID (46564) - System.TimeoutException: The request channel timed out while waiting for a reply after 00:04:55.0890053. Increase the timeout value passed to the call to Request or increase the SendTimeout value on the Binding. The time allotted to this operation may have been a portion of a longer timeout. ---> System.TimeoutException: The socket transfer timed out after 00:04:59.9960000. You have exceeded the timeout set on your binding. The time allotted to this operation may have been a portion of a longer timeout. ---> System.IO.IOException: The read operation failed, see inner exception. ---> System.TimeoutException: The socket transfer timed out after 00:04:59.9960000. You have exceeded the timeout set on your binding. The time allotted to this operation may have been a portion of a longer timeout. ---> System.Net.Sockets.SocketException: A connection attempt failed because the connected party did not properly respond after a period of time, or established connection failed because connected host has failed to respond
   at System.Net.Sockets.Socket.Receive(Byte[] buffer, Int32 offset, Int32 size, SocketFlags socketFlags)
   at System.ServiceModel.Channels.SocketConnection.ReadCore(Byte[] buffer, Int32 offset, Int32 size, TimeSpan timeout, Boolean closing)
   --- End of inner exception stack trace ---
   at System.ServiceModel.Channels.SocketConnection.ReadCore(Byte[] buffer, Int32 offset, Int32 size, TimeSpan timeout, Boolean closing)
   at System.ServiceModel.Channels.SocketConnection.Read(Byte[] buffer, Int32 offset, Int32 size, TimeSpan timeout)
   at System.ServiceModel.Channels.DelegatingConnection.Read(Byte[] buffer, Int32 offset, Int32 size, TimeSpan timeout)
   at System.ServiceModel.Channels.ConnectionStream.Read(Byte[] buffer, Int32 offset, Int32 count)
   at System.Net.FixedSizeReader.ReadPacket(Byte[] buffer, Int32 offset, Int32 count)
   at System.Net.Security.NegotiateStream.StartFrameHeader(Byte[] buffer, Int32 offset, Int32 count, AsyncProtocolRequest asyncRequest)
   at System.Net.Security.NegotiateStream.ProcessRead(Byte[] buffer, Int32 offset, Int32 count, AsyncProtocolRequest asyncRequest)
   --- End of inner exception stack trace ---
   at System.Net.Security.NegotiateStream.ProcessRead(Byte[] buffer, Int32 offset, Int32 count, AsyncProtocolRequest asyncRequest)
   at System.Net.Security.NegotiateStream.Read(Byte[] buffer, Int32 offset, Int32 count)
   at System.ServiceModel.Channels.StreamConnection.Read(Byte[] buffer, Int32 offset, Int32 size, TimeSpan timeout)
   --- End of inner exception stack trace ---
   at System.ServiceModel.Channels.StreamConnection.Read(Byte[] buffer, Int32 offset, Int32 size, TimeSpan timeout)
   at System.ServiceModel.Channels.SingletonConnectionReader.Receive(TimeSpan timeout)
   at System.ServiceModel.Channels.StreamedFramingRequestChannel.StreamedFramingRequest.WaitForReply(TimeSpan timeout)
   at System.ServiceModel.Channels.RequestChannel.Request(Message message, TimeSpan timeout)
   --- End of inner exception stack trace ---

Server stack trace: 
   at System.ServiceModel.Channels.RequestChannel.Request(Message message, TimeSpan timeout)
   at System.ServiceModel.Channels.TransactionRequestChannelGeneric`1.Request(Message message, TimeSpan timeout)
   at System.ServiceModel.Dispatcher.RequestChannelBinder.Request(Message message, TimeSpan timeout)
   at System.ServiceModel.Channels.ServiceChannel.Call(String action, Boolean oneway, ProxyOperationRuntime operation, Object[] ins, Object[] outs, TimeSpan timeout)
   at System.ServiceModel.Channels.ServiceChannelProxy.InvokeService(IMethodCallMessage methodCall, ProxyOperationRuntime operation)
   at System.ServiceModel.Channels.ServiceChannelProxy.Invoke(IMessage message)

Exception rethrown at [0]: 
   at System.Runtime.Remoting.Proxies.RealProxy.HandleReturnMessage(IMessage reqMsg, IMessage retMsg)
   at System.Runtime.Remoting.Proxies.RealProxy.PrivateInvoke(MessageData& msgData, Int32 type)
   at Petex.Service.RequestProcessor.IWcfStreamResponseProcessor.Process(MessageRequest request)
   at A.cec9e090ae538d190220f059017b75b84.Process(MessageRequest request)

method : Process([Petex.Service.RequestProcessor.MessageRequest] request = Petex.Service.RequestProcessor.MessageRequest)

2018/09/22 09:37:49.156 ERROR 88 Petex.IFM.IVM.VisualWorkflowService.c1c13b709b3df317d725c923928032d5a - An error occurred while getting bulk results.
Details:
System.TimeoutException: The request channel timed out while waiting for a reply after 00:04:55.0890053. Increase the timeout value passed to the call to Request or increase the SendTimeout value on the Binding. The time allotted to this operation may have been a portion of a longer timeout. ---> System.TimeoutException: The socket transfer timed out after 00:04:59.9960000. You have exceeded the timeout set on your binding. The time allotted to this operation may have been a portion of a longer timeout. ---> System.IO.IOException: The read operation failed, see inner exception. ---> System.TimeoutException: The socket transfer timed out after 00:04:59.9960000. You have exceeded the timeout set on your binding. The time allotted to this operation may have been a portion of a longer timeout. ---> System.Net.Sockets.SocketException: A connection attempt failed because the connected party did not properly respond after a period of time, or established connection failed because connected host has failed to respond
   at System.Net.Sockets.Socket.Receive(Byte[] buffer, Int32 offset, Int32 size, SocketFlags socketFlags)
   at System.ServiceModel.Channels.SocketConnection.ReadCore(Byte[] buffer, Int32 offset, Int32 size, TimeSpan timeout, Boolean closing)
   --- End of inner exception stack trace ---
   at System.ServiceModel.Channels.SocketConnection.ReadCore(Byte[] buffer, Int32 offset, Int32 size, TimeSpan timeout, Boolean closing)
   at System.ServiceModel.Channels.SocketConnection.Read(Byte[] buffer, Int32 offset, Int32 size, TimeSpan timeout)
   at System.ServiceModel.Channels.DelegatingConnection.Read(Byte[] buffer, Int32 offset, Int32 size, TimeSpan timeout)
   at System.ServiceModel.Channels.ConnectionStream.Read(Byte[] buffer, Int32 offset, Int32 count)
   at System.Net.FixedSizeReader.ReadPacket(Byte[] buffer, Int32 offset, Int32 count)
   at System.Net.Security.NegotiateStream.StartFrameHeader(Byte[] buffer, Int32 offset, Int32 count, AsyncProtocolRequest asyncRequest)
   at System.Net.Security.NegotiateStream.ProcessRead(Byte[] buffer, Int32 offset, Int32 count, AsyncProtocolRequest asyncRequest)
   --- End of inner exception stack trace ---
   at System.Net.Security.NegotiateStream.ProcessRead(Byte[] buffer, Int32 offset, Int32 count, AsyncProtocolRequest asyncRequest)
   at System.Net.Security.NegotiateStream.Read(Byte[] buffer, Int32 offset, Int32 count)
   at System.ServiceModel.Channels.StreamConnection.Read(Byte[] buffer, Int32 offset, Int32 size, TimeSpan timeout)
   --- End of inner exception stack trace ---
   at System.ServiceModel.Channels.StreamConnection.Read(Byte[] buffer, Int32 offset, Int32 size, TimeSpan timeout)
   at System.ServiceModel.Channels.SingletonConnectionReader.Receive(TimeSpan timeout)
   at System.ServiceModel.Channels.StreamedFramingRequestChannel.StreamedFramingRequest.WaitForReply(TimeSpan timeout)
   at System.ServiceModel.Channels.RequestChannel.Request(Message message, TimeSpan timeout)
   --- End of inner exception stack trace ---

Server stack trace: 
   at System.ServiceModel.Channels.RequestChannel.Request(Message message, TimeSpan timeout)
   at System.ServiceModel.Channels.TransactionRequestChannelGeneric`1.Request(Message message, TimeSpan timeout)
   at System.ServiceModel.Dispatcher.RequestChannelBinder.Request(Message message, TimeSpan timeout)
   at System.ServiceModel.Channels.ServiceChannel.Call(String action, Boolean oneway, ProxyOperationRuntime operation, Object[] ins, Object[] outs, TimeSpan timeout)
   at System.ServiceModel.Channels.ServiceChannelProxy.InvokeService(IMethodCallMessage methodCall, ProxyOperationRuntime operation)
   at System.ServiceModel.Channels.ServiceChannelProxy.Invoke(IMessage message)

Exception rethrown at [0]: 
   at A.c22aefe7f39df3d678dba160428b769f4.c0c4ec95a682cbefc208f4f3eb80ff6ad[c5e2460f6ebc534efe90b3230b7797cb4](Func`1 c3c081f340dcdf79e192d50757bce0bee)
   at A.c42ccb3c762729e5c1ed9dd9fb21f7a51.c2a035223c95353a451d486528bb968ce(DateTime ca50651d185b346c217028862887f6062, List`1 c94623007ea3b221db43a7a5c991a9cac, Int32 c27485bd6dedf79f29eccbe33aefab814, DateTime cc0b7aac23bdedea569c99b9f01ab5798, DateTime ca917bd7d663d59239d097b255d937590)
   at Petex.IFM.IVM.VisualWorkflowService.c1c13b709b3df317d725c923928032d5a(c0a78f935034ea252425562b3db1ea988 cc462e40687a776088a0f60dcc4dee4c5, VisualWorkflowResultOptions c97464e7151b310fab45ca8e18c9bbc4d)
2018/09/22 09:42:48.002 ERROR 8 A.cec9e090ae538d190220f059017b75b84.Process - System.TimeoutException: The request channel timed out while waiting for a reply after 00:04:55.9559983. Increase the timeout value passed to the call to Request or increase the SendTimeout value on the Binding. The time allotted to this operation may have been a portion of a longer timeout. ---> System.TimeoutException: The socket transfer timed out after 00:04:59.9950000. You have exceeded the timeout set on your binding. The time allotted to this operation may have been a portion of a longer timeout. ---> System.IO.IOException: The read operation failed, see inner exception. ---> System.TimeoutException: The socket transfer timed out after 00:04:59.9950000. You have exceeded the timeout set on your binding. The time allotted to this operation may have been a portion of a longer timeout. ---> System.Net.Sockets.SocketException: A connection attempt failed because the connected party did not properly respond after a period of time, or established connection failed because connected host has failed to respond
   at System.Net.Sockets.Socket.Receive(Byte[] buffer, Int32 offset, Int32 size, SocketFlags socketFlags)
   at System.ServiceModel.Channels.SocketConnection.ReadCore(Byte[] buffer, Int32 offset, Int32 size, TimeSpan timeout, Boolean closing)
   --- End of inner exception stack trace ---
   at System.ServiceModel.Channels.SocketConnection.ReadCore(Byte[] buffer, Int32 offset, Int32 size, TimeSpan timeout, Boolean closing)
   at System.ServiceModel.Channels.SocketConnection.Read(Byte[] buffer, Int32 offset, Int32 size, TimeSpan timeout)
   at System.ServiceModel.Channels.DelegatingConnection.Read(Byte[] buffer, Int32 offset, Int32 size, TimeSpan timeout)
   at System.ServiceModel.Channels.ConnectionStream.Read(Byte[] buffer, Int32 offset, Int32 count)
   at System.Net.FixedSizeReader.ReadPacket(Byte[] buffer, Int32 offset, Int32 count)
   at System.Net.Security.NegotiateStream.StartFrameHeader(Byte[] buffer, Int32 offset, Int32 count, AsyncProtocolRequest asyncRequest)
   at System.Net.Security.NegotiateStream.ProcessRead(Byte[] buffer, Int32 offset, Int32 count, AsyncProtocolRequest asyncRequest)
   --- End of inner exception stack trace ---
   at System.Net.Security.NegotiateStream.ProcessRead(Byte[] buffer, Int32 offset, Int32 count, AsyncProtocolRequest asyncRequest)
   at System.Net.Security.NegotiateStream.Read(Byte[] buffer, Int32 offset, Int32 count)
   at System.ServiceModel.Channels.StreamConnection.Read(Byte[] buffer, Int32 offset, Int32 size, TimeSpan timeout)
   --- End of inner exception stack trace ---
   at System.ServiceModel.Channels.StreamConnection.Read(Byte[] buffer, Int32 offset, Int32 size, TimeSpan timeout)
   at System.ServiceModel.Channels.SingletonConnectionReader.Receive(TimeSpan timeout)
   at System.ServiceModel.Channels.StreamedFramingRequestChannel.StreamedFramingRequest.WaitForReply(TimeSpan timeout)
   at System.ServiceModel.Channels.RequestChannel.Request(Message message, TimeSpan timeout)
   --- End of inner exception stack trace ---

Server stack trace: 
   at System.ServiceModel.Channels.RequestChannel.Request(Message message, TimeSpan timeout)
   at System.ServiceModel.Channels.TransactionRequestChannelGeneric`1.Request(Message message, TimeSpan timeout)
   at System.ServiceModel.Dispatcher.RequestChannelBinder.Request(Message message, TimeSpan timeout)
   at System.ServiceModel.Channels.ServiceChannel.Call(String action, Boolean oneway, ProxyOperationRuntime operation, Object[] ins, Object[] outs, TimeSpan timeout)
   at System.ServiceModel.Channels.ServiceChannelProxy.InvokeService(IMethodCallMessage methodCall, ProxyOperationRuntime operation)
   at System.ServiceModel.Channels.ServiceChannelProxy.Invoke(IMessage message)

Exception rethrown at [0]: 
   at System.Runtime.Remoting.Proxies.RealProxy.HandleReturnMessage(IMessage reqMsg, IMessage retMsg)
   at System.Runtime.Remoting.Proxies.RealProxy.PrivateInvoke(MessageData& msgData, Int32 type)
   at Petex.Service.RequestProcessor.IWcfStreamResponseProcessor.Process(MessageRequest request)
   at A.cec9e090ae538d190220f059017b75b84.Process(MessageRequest request)
Details:
System.TimeoutException: The request channel timed out while waiting for a reply after 00:04:55.9559983. Increase the timeout value passed to the call to Request or increase the SendTimeout value on the Binding. The time allotted to this operation may have been a portion of a longer timeout. ---> System.TimeoutException: The socket transfer timed out after 00:04:59.9950000. You have exceeded the timeout set on your binding. The time allotted to this operation may have been a portion of a longer timeout. ---> System.IO.IOException: The read operation failed, see inner exception. ---> System.TimeoutException: The socket transfer timed out after 00:04:59.9950000. You have exceeded the timeout set on your binding. The time allotted to this operation may have been a portion of a longer timeout. ---> System.Net.Sockets.SocketException: A connection attempt failed because the connected party did not properly respond after a period of time, or established connection failed because connected host has failed to respond
   at System.Net.Sockets.Socket.Receive(Byte[] buffer, Int32 offset, Int32 size, SocketFlags socketFlags)
   at System.ServiceModel.Channels.SocketConnection.ReadCore(Byte[] buffer, Int32 offset, Int32 size, TimeSpan timeout, Boolean closing)
   --- End of inner exception stack trace ---
   at System.ServiceModel.Channels.SocketConnection.ReadCore(Byte[] buffer, Int32 offset, Int32 size, TimeSpan timeout, Boolean closing)
   at System.ServiceModel.Channels.SocketConnection.Read(Byte[] buffer, Int32 offset, Int32 size, TimeSpan timeout)
   at System.ServiceModel.Channels.DelegatingConnection.Read(Byte[] buffer, Int32 offset, Int32 size, TimeSpan timeout)
   at System.ServiceModel.Channels.ConnectionStream.Read(Byte[] buffer, Int32 offset, Int32 count)
   at System.Net.FixedSizeReader.ReadPacket(Byte[] buffer, Int32 offset, Int32 count)
   at System.Net.Security.NegotiateStream.StartFrameHeader(Byte[] buffer, Int32 offset, Int32 count, AsyncProtocolRequest asyncRequest)
   at System.Net.Security.NegotiateStream.ProcessRead(Byte[] buffer, Int32 offset, Int32 count, AsyncProtocolRequest asyncRequest)
   --- End of inner exception stack trace ---
   at System.Net.Security.NegotiateStream.ProcessRead(Byte[] buffer, Int32 offset, Int32 count, AsyncProtocolRequest asyncRequest)
   at System.Net.Security.NegotiateStream.Read(Byte[] buffer, Int32 offset, Int32 count)
   at System.ServiceModel.Channels.StreamConnection.Read(Byte[] buffer, Int32 offset, Int32 size, TimeSpan timeout)
   --- End of inner exception stack trace ---
   at System.ServiceModel.Channels.StreamConnection.Read(Byte[] buffer, Int32 offset, Int32 size, TimeSpan timeout)
   at System.ServiceModel.Channels.SingletonConnectionReader.Receive(TimeSpan timeout)
   at System.ServiceModel.Channels.StreamedFramingRequestChannel.StreamedFramingRequest.WaitForReply(TimeSpan timeout)
   at System.ServiceModel.Channels.RequestChannel.Request(Message message, TimeSpan timeout)
   --- End of inner exception stack trace ---

Server stack trace: 
   at System.ServiceModel.Channels.RequestChannel.Request(Message message, TimeSpan timeout)
   at System.ServiceModel.Channels.TransactionRequestChannelGeneric`1.Request(Message message, TimeSpan timeout)
   at System.ServiceModel.Dispatcher.RequestChannelBinder.Request(Message message, TimeSpan timeout)
   at System.ServiceModel.Channels.ServiceChannel.Call(String action, Boolean oneway, ProxyOperationRuntime operation, Object[] ins, Object[] outs, TimeSpan timeout)
   at System.ServiceModel.Channels.ServiceChannelProxy.InvokeService(IMethodCallMessage methodCall, ProxyOperationRuntime operation)
   at System.ServiceModel.Channels.ServiceChannelProxy.Invoke(IMessage message)

Exception rethrown at [0]: 
   at System.Runtime.Remoting.Proxies.RealProxy.HandleReturnMessage(IMessage reqMsg, IMessage retMsg)
   at System.Runtime.Remoting.Proxies.RealProxy.PrivateInvoke(MessageData& msgData, Int32 type)
   at Petex.Service.RequestProcessor.IWcfStreamResponseProcessor.Process(MessageRequest request)
   at A.cec9e090ae538d190220f059017b75b84.Process(MessageRequest request)
2018/09/22 09:42:48.006 ERROR 8 A.cec9e090ae538d190220f059017b75b84 (Thread 8) ProcID (46564) - System.TimeoutException: The request channel timed out while waiting for a reply after 00:04:55.9559983. Increase the timeout value passed to the call to Request or increase the SendTimeout value on the Binding. The time allotted to this operation may have been a portion of a longer timeout. ---> System.TimeoutException: The socket transfer timed out after 00:04:59.9950000. You have exceeded the timeout set on your binding. The time allotted to this operation may have been a portion of a longer timeout. ---> System.IO.IOException: The read operation failed, see inner exception. ---> System.TimeoutException: The socket transfer timed out after 00:04:59.9950000. You have exceeded the timeout set on your binding. The time allotted to this operation may have been a portion of a longer timeout. ---> System.Net.Sockets.SocketException: A connection attempt failed because the connected party did not properly respond after a period of time, or established connection failed because connected host has failed to respond
   at System.Net.Sockets.Socket.Receive(Byte[] buffer, Int32 offset, Int32 size, SocketFlags socketFlags)
   at System.ServiceModel.Channels.SocketConnection.ReadCore(Byte[] buffer, Int32 offset, Int32 size, TimeSpan timeout, Boolean closing)
   --- End of inner exception stack trace ---
   at System.ServiceModel.Channels.SocketConnection.ReadCore(Byte[] buffer, Int32 offset, Int32 size, TimeSpan timeout, Boolean closing)
   at System.ServiceModel.Channels.SocketConnection.Read(Byte[] buffer, Int32 offset, Int32 size, TimeSpan timeout)
   at System.ServiceModel.Channels.DelegatingConnection.Read(Byte[] buffer, Int32 offset, Int32 size, TimeSpan timeout)
   at System.ServiceModel.Channels.ConnectionStream.Read(Byte[] buffer, Int32 offset, Int32 count)
   at System.Net.FixedSizeReader.ReadPacket(Byte[] buffer, Int32 offset, Int32 count)
   at System.Net.Security.NegotiateStream.StartFrameHeader(Byte[] buffer, Int32 offset, Int32 count, AsyncProtocolRequest asyncRequest)
   at System.Net.Security.NegotiateStream.ProcessRead(Byte[] buffer, Int32 offset, Int32 count, AsyncProtocolRequest asyncRequest)
   --- End of inner exception stack trace ---
   at System.Net.Security.NegotiateStream.ProcessRead(Byte[] buffer, Int32 offset, Int32 count, AsyncProtocolRequest asyncRequest)
   at System.Net.Security.NegotiateStream.Read(Byte[] buffer, Int32 offset, Int32 count)
   at System.ServiceModel.Channels.StreamConnection.Read(Byte[] buffer, Int32 offset, Int32 size, TimeSpan timeout)
   --- End of inner exception stack trace ---
   at System.ServiceModel.Channels.StreamConnection.Read(Byte[] buffer, Int32 offset, Int32 size, TimeSpan timeout)
   at System.ServiceModel.Channels.SingletonConnectionReader.Receive(TimeSpan timeout)
   at System.ServiceModel.Channels.StreamedFramingRequestChannel.StreamedFramingRequest.WaitForReply(TimeSpan timeout)
   at System.ServiceModel.Channels.RequestChannel.Request(Message message, TimeSpan timeout)
   --- End of inner exception stack trace ---

Server stack trace: 
   at System.ServiceModel.Channels.RequestChannel.Request(Message message, TimeSpan timeout)
   at System.ServiceModel.Channels.TransactionRequestChannelGeneric`1.Request(Message message, TimeSpan timeout)
   at System.ServiceModel.Dispatcher.RequestChannelBinder.Request(Message message, TimeSpan timeout)
   at System.ServiceModel.Channels.ServiceChannel.Call(String action, Boolean oneway, ProxyOperationRuntime operation, Object[] ins, Object[] outs, TimeSpan timeout)
   at System.ServiceModel.Channels.ServiceChannelProxy.InvokeService(IMethodCallMessage methodCall, ProxyOperationRuntime operation)
   at System.ServiceModel.Channels.ServiceChannelProxy.Invoke(IMessage message)

Exception rethrown at [0]: 
   at System.Runtime.Remoting.Proxies.RealProxy.HandleReturnMessage(IMessage reqMsg, IMessage retMsg)
   at System.Runtime.Remoting.Proxies.RealProxy.PrivateInvoke(MessageData& msgData, Int32 type)
   at Petex.Service.RequestProcessor.IWcfStreamResponseProcessor.Process(MessageRequest request)
   at A.cec9e090ae538d190220f059017b75b84.Process(MessageRequest request)

method : Process([Petex.Service.RequestProcessor.MessageRequest] request = Petex.Service.RequestProcessor.MessageRequest)

2018/09/22 09:42:48.008 ERROR 147 Petex.IFM.IVM.VisualWorkflowService.c1c13b709b3df317d725c923928032d5a - An error occurred while getting bulk results.
Details:
System.TimeoutException: The request channel timed out while waiting for a reply after 00:04:55.9559983. Increase the timeout value passed to the call to Request or increase the SendTimeout value on the Binding. The time allotted to this operation may have been a portion of a longer timeout. ---> System.TimeoutException: The socket transfer timed out after 00:04:59.9950000. You have exceeded the timeout set on your binding. The time allotted to this operation may have been a portion of a longer timeout. ---> System.IO.IOException: The read operation failed, see inner exception. ---> System.TimeoutException: The socket transfer timed out after 00:04:59.9950000. You have exceeded the timeout set on your binding. The time allotted to this operation may have been a portion of a longer timeout. ---> System.Net.Sockets.SocketException: A connection attempt failed because the connected party did not properly respond after a period of time, or established connection failed because connected host has failed to respond
   at System.Net.Sockets.Socket.Receive(Byte[] buffer, Int32 offset, Int32 size, SocketFlags socketFlags)
   at System.ServiceModel.Channels.SocketConnection.ReadCore(Byte[] buffer, Int32 offset, Int32 size, TimeSpan timeout, Boolean closing)
   --- End of inner exception stack trace ---
   at System.ServiceModel.Channels.SocketConnection.ReadCore(Byte[] buffer, Int32 offset, Int32 size, TimeSpan timeout, Boolean closing)
   at System.ServiceModel.Channels.SocketConnection.Read(Byte[] buffer, Int32 offset, Int32 size, TimeSpan timeout)
   at System.ServiceModel.Channels.DelegatingConnection.Read(Byte[] buffer, Int32 offset, Int32 size, TimeSpan timeout)
   at System.ServiceModel.Channels.ConnectionStream.Read(Byte[] buffer, Int32 offset, Int32 count)
   at System.Net.FixedSizeReader.ReadPacket(Byte[] buffer, Int32 offset, Int32 count)
   at System.Net.Security.NegotiateStream.StartFrameHeader(Byte[] buffer, Int32 offset, Int32 count, AsyncProtocolRequest asyncRequest)
   at System.Net.Security.NegotiateStream.ProcessRead(Byte[] buffer, Int32 offset, Int32 count, AsyncProtocolRequest asyncRequest)
   --- End of inner exception stack trace ---
   at System.Net.Security.NegotiateStream.ProcessRead(Byte[] buffer, Int32 offset, Int32 count, AsyncProtocolRequest asyncRequest)
   at System.Net.Security.NegotiateStream.Read(Byte[] buffer, Int32 offset, Int32 count)
   at System.ServiceModel.Channels.StreamConnection.Read(Byte[] buffer, Int32 offset, Int32 size, TimeSpan timeout)
   --- End of inner exception stack trace ---
   at System.ServiceModel.Channels.StreamConnection.Read(Byte[] buffer, Int32 offset, Int32 size, TimeSpan timeout)
   at System.ServiceModel.Channels.SingletonConnectionReader.Receive(TimeSpan timeout)
   at System.ServiceModel.Channels.StreamedFramingRequestChannel.StreamedFramingRequest.WaitForReply(TimeSpan timeout)
   at System.ServiceModel.Channels.RequestChannel.Request(Message message, TimeSpan timeout)
   --- End of inner exception stack trace ---

Server stack trace: 
   at System.ServiceModel.Channels.RequestChannel.Request(Message message, TimeSpan timeout)
   at System.ServiceModel.Channels.TransactionRequestChannelGeneric`1.Request(Message message, TimeSpan timeout)
   at System.ServiceModel.Dispatcher.RequestChannelBinder.Request(Message message, TimeSpan timeout)
   at System.ServiceModel.Channels.ServiceChannel.Call(String action, Boolean oneway, ProxyOperationRuntime operation, Object[] ins, Object[] outs, TimeSpan timeout)
   at System.ServiceModel.Channels.ServiceChannelProxy.InvokeService(IMethodCallMessage methodCall, ProxyOperationRuntime operation)
   at System.ServiceModel.Channels.ServiceChannelProxy.Invoke(IMessage message)

Exception rethrown at [0]: 
   at A.c22aefe7f39df3d678dba160428b769f4.c0c4ec95a682cbefc208f4f3eb80ff6ad[c5e2460f6ebc534efe90b3230b7797cb4](Func`1 c3c081f340dcdf79e192d50757bce0bee)
   at A.c42ccb3c762729e5c1ed9dd9fb21f7a51.c2a035223c95353a451d486528bb968ce(DateTime ca50651d185b346c217028862887f6062, List`1 c94623007ea3b221db43a7a5c991a9cac, Int32 c27485bd6dedf79f29eccbe33aefab814, DateTime cc0b7aac23bdedea569c99b9f01ab5798, DateTime ca917bd7d663d59239d097b255d937590)
   at Petex.IFM.IVM.VisualWorkflowService.c1c13b709b3df317d725c923928032d5a(c0a78f935034ea252425562b3db1ea988 cc462e40687a776088a0f60dcc4dee4c5, VisualWorkflowResultOptions c97464e7151b310fab45ca8e18c9bbc4d)
2018/09/22 09:43:10.700 INFO  12 A.cdc551499db0039f956e1d0666bfd1504.ca3aa6b2f13c2c1bc9c646f6abf33ed07 - Changing service from :0 to HOUMSEOSIFM007:8787
2018/09/22 09:45:22.029 INFO  105 A.ca9303324ae27c9d224e829df918b1ee8.c6ae4a85f8bc1eee64ee593e8582f1fd3 - Get a Copy for model file : APC Well Flowing Times.vwk folder id : 7 model file id : 1600 recursive at '9/22/2018 2:45:21 PM' ==> Started.
2018/09/22 09:45:22.649 INFO  105 A.ca9303324ae27c9d224e829df918b1ee8.c6ae4a85f8bc1eee64ee593e8582f1fd3 - Get a Copy for model file : APC Well Flowing Times.vwk folder id : 7 model file id : 1600 recursive at '9/22/2018 2:45:21 PM' ==> Completed. Took 00:00:00.620
2018/09/22 09:48:11.116 INFO  71 A.cdc551499db0039f956e1d0666bfd1504.ca3aa6b2f13c2c1bc9c646f6abf33ed07 - Changing service from :0 to HOUMSEOSIFM007:8787
2018/09/22 09:48:16.802 ERROR 106 A.cec9e090ae538d190220f059017b75b84.Process - System.TimeoutException: The request channel timed out while waiting for a reply after 00:04:56.6180420. Increase the timeout value passed to the call to Request or increase the SendTimeout value on the Binding. The time allotted to this operation may have been a portion of a longer timeout. ---> System.TimeoutException: The socket transfer timed out after 00:04:59.9850000. You have exceeded the timeout set on your binding. The time allotted to this operation may have been a portion of a longer timeout. ---> System.IO.IOException: The read operation failed, see inner exception. ---> System.TimeoutException: The socket transfer timed out after 00:04:59.9850000. You have exceeded the timeout set on your binding. The time allotted to this operation may have been a portion of a longer timeout. ---> System.Net.Sockets.SocketException: A connection attempt failed because the connected party did not properly respond after a period of time, or established connection failed because connected host has failed to respond
   at System.Net.Sockets.Socket.Receive(Byte[] buffer, Int32 offset, Int32 size, SocketFlags socketFlags)
   at System.ServiceModel.Channels.SocketConnection.ReadCore(Byte[] buffer, Int32 offset, Int32 size, TimeSpan timeout, Boolean closing)
   --- End of inner exception stack trace ---
   at System.ServiceModel.Channels.SocketConnection.ReadCore(Byte[] buffer, Int32 offset, Int32 size, TimeSpan timeout, Boolean closing)
   at System.ServiceModel.Channels.SocketConnection.Read(Byte[] buffer, Int32 offset, Int32 size, TimeSpan timeout)
   at System.ServiceModel.Channels.DelegatingConnection.Read(Byte[] buffer, Int32 offset, Int32 size, TimeSpan timeout)
   at System.ServiceModel.Channels.ConnectionStream.Read(Byte[] buffer, Int32 offset, Int32 count)
   at System.Net.FixedSizeReader.ReadPacket(Byte[] buffer, Int32 offset, Int32 count)
   at System.Net.Security.NegotiateStream.StartFrameHeader(Byte[] buffer, Int32 offset, Int32 count, AsyncProtocolRequest asyncRequest)
   at System.Net.Security.NegotiateStream.ProcessRead(Byte[] buffer, Int32 offset, Int32 count, AsyncProtocolRequest asyncRequest)
   --- End of inner exception stack trace ---
   at System.Net.Security.NegotiateStream.ProcessRead(Byte[] buffer, Int32 offset, Int32 count, AsyncProtocolRequest asyncRequest)
   at System.Net.Security.NegotiateStream.Read(Byte[] buffer, Int32 offset, Int32 count)
   at System.ServiceModel.Channels.StreamConnection.Read(Byte[] buffer, Int32 offset, Int32 size, TimeSpan timeout)
   --- End of inner exception stack trace ---
   at System.ServiceModel.Channels.StreamConnection.Read(Byte[] buffer, Int32 offset, Int32 size, TimeSpan timeout)
   at System.ServiceModel.Channels.SingletonConnectionReader.Receive(TimeSpan timeout)
   at System.ServiceModel.Channels.StreamedFramingRequestChannel.StreamedFramingRequest.WaitForReply(TimeSpan timeout)
   at System.ServiceModel.Channels.RequestChannel.Request(Message message, TimeSpan timeout)
   --- End of inner exception stack trace ---

Server stack trace: 
   at System.ServiceModel.Channels.RequestChannel.Request(Message message, TimeSpan timeout)
   at System.ServiceModel.Channels.TransactionRequestChannelGeneric`1.Request(Message message, TimeSpan timeout)
   at System.ServiceModel.Dispatcher.RequestChannelBinder.Request(Message message, TimeSpan timeout)
   at System.ServiceModel.Channels.ServiceChannel.Call(String action, Boolean oneway, ProxyOperationRuntime operation, Object[] ins, Object[] outs, TimeSpan timeout)
   at System.ServiceModel.Channels.ServiceChannelProxy.InvokeService(IMethodCallMessage methodCall, ProxyOperationRuntime operation)
   at System.ServiceModel.Channels.ServiceChannelProxy.Invoke(IMessage message)

Exception rethrown at [0]: 
   at System.Runtime.Remoting.Proxies.RealProxy.HandleReturnMessage(IMessage reqMsg, IMessage retMsg)
   at System.Runtime.Remoting.Proxies.RealProxy.PrivateInvoke(MessageData& msgData, Int32 type)
   at Petex.Service.RequestProcessor.IWcfStreamResponseProcessor.Process(MessageRequest request)
   at A.cec9e090ae538d190220f059017b75b84.Process(MessageRequest request)
Details:
System.TimeoutException: The request channel timed out while waiting for a reply after 00:04:56.6180420. Increase the timeout value passed to the call to Request or increase the SendTimeout value on the Binding. The time allotted to this operation may have been a portion of a longer timeout. ---> System.TimeoutException: The socket transfer timed out after 00:04:59.9850000. You have exceeded the timeout set on your binding. The time allotted to this operation may have been a portion of a longer timeout. ---> System.IO.IOException: The read operation failed, see inner exception. ---> System.TimeoutException: The socket transfer timed out after 00:04:59.9850000. You have exceeded the timeout set on your binding. The time allotted to this operation may have been a portion of a longer timeout. ---> System.Net.Sockets.SocketException: A connection attempt failed because the connected party did not properly respond after a period of time, or established connection failed because connected host has failed to respond
   at System.Net.Sockets.Socket.Receive(Byte[] buffer, Int32 offset, Int32 size, SocketFlags socketFlags)
   at System.ServiceModel.Channels.SocketConnection.ReadCore(Byte[] buffer, Int32 offset, Int32 size, TimeSpan timeout, Boolean closing)
   --- End of inner exception stack trace ---
   at System.ServiceModel.Channels.SocketConnection.ReadCore(Byte[] buffer, Int32 offset, Int32 size, TimeSpan timeout, Boolean closing)
   at System.ServiceModel.Channels.SocketConnection.Read(Byte[] buffer, Int32 offset, Int32 size, TimeSpan timeout)
   at System.ServiceModel.Channels.DelegatingConnection.Read(Byte[] buffer, Int32 offset, Int32 size, TimeSpan timeout)
   at System.ServiceModel.Channels.ConnectionStream.Read(Byte[] buffer, Int32 offset, Int32 count)
   at System.Net.FixedSizeReader.ReadPacket(Byte[] buffer, Int32 offset, Int32 count)
   at System.Net.Security.NegotiateStream.StartFrameHeader(Byte[] buffer, Int32 offset, Int32 count, AsyncProtocolRequest asyncRequest)
   at System.Net.Security.NegotiateStream.ProcessRead(Byte[] buffer, Int32 offset, Int32 count, AsyncProtocolRequest asyncRequest)
   --- End of inner exception stack trace ---
   at System.Net.Security.NegotiateStream.ProcessRead(Byte[] buffer, Int32 offset, Int32 count, AsyncProtocolRequest asyncRequest)
   at System.Net.Security.NegotiateStream.Read(Byte[] buffer, Int32 offset, Int32 count)
   at System.ServiceModel.Channels.StreamConnection.Read(Byte[] buffer, Int32 offset, Int32 size, TimeSpan timeout)
   --- End of inner exception stack trace ---
   at System.ServiceModel.Channels.StreamConnection.Read(Byte[] buffer, Int32 offset, Int32 size, TimeSpan timeout)
   at System.ServiceModel.Channels.SingletonConnectionReader.Receive(TimeSpan timeout)
   at System.ServiceModel.Channels.StreamedFramingRequestChannel.StreamedFramingRequest.WaitForReply(TimeSpan timeout)
   at System.ServiceModel.Channels.RequestChannel.Request(Message message, TimeSpan timeout)
   --- End of inner exception stack trace ---

Server stack trace: 
   at System.ServiceModel.Channels.RequestChannel.Request(Message message, TimeSpan timeout)
   at System.ServiceModel.Channels.TransactionRequestChannelGeneric`1.Request(Message message, TimeSpan timeout)
   at System.ServiceModel.Dispatcher.RequestChannelBinder.Request(Message message, TimeSpan timeout)
   at System.ServiceModel.Channels.ServiceChannel.Call(String action, Boolean oneway, ProxyOperationRuntime operation, Object[] ins, Object[] outs, TimeSpan timeout)
   at System.ServiceModel.Channels.ServiceChannelProxy.InvokeService(IMethodCallMessage methodCall, ProxyOperationRuntime operation)
   at System.ServiceModel.Channels.ServiceChannelProxy.Invoke(IMessage message)

Exception rethrown at [0]: 
   at System.Runtime.Remoting.Proxies.RealProxy.HandleReturnMessage(IMessage reqMsg, IMessage retMsg)
   at System.Runtime.Remoting.Proxies.RealProxy.PrivateInvoke(MessageData& msgData, Int32 type)
   at Petex.Service.RequestProcessor.IWcfStreamResponseProcessor.Process(MessageRequest request)
   at A.cec9e090ae538d190220f059017b75b84.Process(MessageRequest request)
2018/09/22 09:48:16.806 ERROR 106 A.cec9e090ae538d190220f059017b75b84 (Thread 106) ProcID (46564) - System.TimeoutException: The request channel timed out while waiting for a reply after 00:04:56.6180420. Increase the timeout value passed to the call to Request or increase the SendTimeout value on the Binding. The time allotted to this operation may have been a portion of a longer timeout. ---> System.TimeoutException: The socket transfer timed out after 00:04:59.9850000. You have exceeded the timeout set on your binding. The time allotted to this operation may have been a portion of a longer timeout. ---> System.IO.IOException: The read operation failed, see inner exception. ---> System.TimeoutException: The socket transfer timed out after 00:04:59.9850000. You have exceeded the timeout set on your binding. The time allotted to this operation may have been a portion of a longer timeout. ---> System.Net.Sockets.SocketException: A connection attempt failed because the connected party did not properly respond after a period of time, or established connection failed because connected host has failed to respond
   at System.Net.Sockets.Socket.Receive(Byte[] buffer, Int32 offset, Int32 size, SocketFlags socketFlags)
   at System.ServiceModel.Channels.SocketConnection.ReadCore(Byte[] buffer, Int32 offset, Int32 size, TimeSpan timeout, Boolean closing)
   --- End of inner exception stack trace ---
   at System.ServiceModel.Channels.SocketConnection.ReadCore(Byte[] buffer, Int32 offset, Int32 size, TimeSpan timeout, Boolean closing)
   at System.ServiceModel.Channels.SocketConnection.Read(Byte[] buffer, Int32 offset, Int32 size, TimeSpan timeout)
   at System.ServiceModel.Channels.DelegatingConnection.Read(Byte[] buffer, Int32 offset, Int32 size, TimeSpan timeout)
   at System.ServiceModel.Channels.ConnectionStream.Read(Byte[] buffer, Int32 offset, Int32 count)
   at System.Net.FixedSizeReader.ReadPacket(Byte[] buffer, Int32 offset, Int32 count)
   at System.Net.Security.NegotiateStream.StartFrameHeader(Byte[] buffer, Int32 offset, Int32 count, AsyncProtocolRequest asyncRequest)
   at System.Net.Security.NegotiateStream.ProcessRead(Byte[] buffer, Int32 offset, Int32 count, AsyncProtocolRequest asyncRequest)
   --- End of inner exception stack trace ---
   at System.Net.Security.NegotiateStream.ProcessRead(Byte[] buffer, Int32 offset, Int32 count, AsyncProtocolRequest asyncRequest)
   at System.Net.Security.NegotiateStream.Read(Byte[] buffer, Int32 offset, Int32 count)
   at System.ServiceModel.Channels.StreamConnection.Read(Byte[] buffer, Int32 offset, Int32 size, TimeSpan timeout)
   --- End of inner exception stack trace ---
   at System.ServiceModel.Channels.StreamConnection.Read(Byte[] buffer, Int32 offset, Int32 size, TimeSpan timeout)
   at System.ServiceModel.Channels.SingletonConnectionReader.Receive(TimeSpan timeout)
   at System.ServiceModel.Channels.StreamedFramingRequestChannel.StreamedFramingRequest.WaitForReply(TimeSpan timeout)
   at System.ServiceModel.Channels.RequestChannel.Request(Message message, TimeSpan timeout)
   --- End of inner exception stack trace ---

Server stack trace: 
   at System.ServiceModel.Channels.RequestChannel.Request(Message message, TimeSpan timeout)
   at System.ServiceModel.Channels.TransactionRequestChannelGeneric`1.Request(Message message, TimeSpan timeout)
   at System.ServiceModel.Dispatcher.RequestChannelBinder.Request(Message message, TimeSpan timeout)
   at System.ServiceModel.Channels.ServiceChannel.Call(String action, Boolean oneway, ProxyOperationRuntime operation, Object[] ins, Object[] outs, TimeSpan timeout)
   at System.ServiceModel.Channels.ServiceChannelProxy.InvokeService(IMethodCallMessage methodCall, ProxyOperationRuntime operation)
   at System.ServiceModel.Channels.ServiceChannelProxy.Invoke(IMessage message)

Exception rethrown at [0]: 
   at System.Runtime.Remoting.Proxies.RealProxy.HandleReturnMessage(IMessage reqMsg, IMessage retMsg)
   at System.Runtime.Remoting.Proxies.RealProxy.PrivateInvoke(MessageData& msgData, Int32 type)
   at Petex.Service.RequestProcessor.IWcfStreamResponseProcessor.Process(MessageRequest request)
   at A.cec9e090ae538d190220f059017b75b84.Process(MessageRequest request)

method : Process([Petex.Service.RequestProcessor.MessageRequest] request = Petex.Service.RequestProcessor.MessageRequest)

2018/09/22 09:48:16.808 ERROR 120 Petex.IFM.IVM.VisualWorkflowService.c1c13b709b3df317d725c923928032d5a - An error occurred while getting bulk results.
Details:
System.TimeoutException: The request channel timed out while waiting for a reply after 00:04:56.6180420. Increase the timeout value passed to the call to Request or increase the SendTimeout value on the Binding. The time allotted to this operation may have been a portion of a longer timeout. ---> System.TimeoutException: The socket transfer timed out after 00:04:59.9850000. You have exceeded the timeout set on your binding. The time allotted to this operation may have been a portion of a longer timeout. ---> System.IO.IOException: The read operation failed, see inner exception. ---> System.TimeoutException: The socket transfer timed out after 00:04:59.9850000. You have exceeded the timeout set on your binding. The time allotted to this operation may have been a portion of a longer timeout. ---> System.Net.Sockets.SocketException: A connection attempt failed because the connected party did not properly respond after a period of time, or established connection failed because connected host has failed to respond
   at System.Net.Sockets.Socket.Receive(Byte[] buffer, Int32 offset, Int32 size, SocketFlags socketFlags)
   at System.ServiceModel.Channels.SocketConnection.ReadCore(Byte[] buffer, Int32 offset, Int32 size, TimeSpan timeout, Boolean closing)
   --- End of inner exception stack trace ---
   at System.ServiceModel.Channels.SocketConnection.ReadCore(Byte[] buffer, Int32 offset, Int32 size, TimeSpan timeout, Boolean closing)
   at System.ServiceModel.Channels.SocketConnection.Read(Byte[] buffer, Int32 offset, Int32 size, TimeSpan timeout)
   at System.ServiceModel.Channels.DelegatingConnection.Read(Byte[] buffer, Int32 offset, Int32 size, TimeSpan timeout)
   at System.ServiceModel.Channels.ConnectionStream.Read(Byte[] buffer, Int32 offset, Int32 count)
   at System.Net.FixedSizeReader.ReadPacket(Byte[] buffer, Int32 offset, Int32 count)
   at System.Net.Security.NegotiateStream.StartFrameHeader(Byte[] buffer, Int32 offset, Int32 count, AsyncProtocolRequest asyncRequest)
   at System.Net.Security.NegotiateStream.ProcessRead(Byte[] buffer, Int32 offset, Int32 count, AsyncProtocolRequest asyncRequest)
   --- End of inner exception stack trace ---
   at System.Net.Security.NegotiateStream.ProcessRead(Byte[] buffer, Int32 offset, Int32 count, AsyncProtocolRequest asyncRequest)
   at System.Net.Security.NegotiateStream.Read(Byte[] buffer, Int32 offset, Int32 count)
   at System.ServiceModel.Channels.StreamConnection.Read(Byte[] buffer, Int32 offset, Int32 size, TimeSpan timeout)
   --- End of inner exception stack trace ---
   at System.ServiceModel.Channels.StreamConnection.Read(Byte[] buffer, Int32 offset, Int32 size, TimeSpan timeout)
   at System.ServiceModel.Channels.SingletonConnectionReader.Receive(TimeSpan timeout)
   at System.ServiceModel.Channels.StreamedFramingRequestChannel.StreamedFramingRequest.WaitForReply(TimeSpan timeout)
   at System.ServiceModel.Channels.RequestChannel.Request(Message message, TimeSpan timeout)
   --- End of inner exception stack trace ---

Server stack trace: 
   at System.ServiceModel.Channels.RequestChannel.Request(Message message, TimeSpan timeout)
   at System.ServiceModel.Channels.TransactionRequestChannelGeneric`1.Request(Message message, TimeSpan timeout)
   at System.ServiceModel.Dispatcher.RequestChannelBinder.Request(Message message, TimeSpan timeout)
   at System.ServiceModel.Channels.ServiceChannel.Call(String action, Boolean oneway, ProxyOperationRuntime operation, Object[] ins, Object[] outs, TimeSpan timeout)
   at System.ServiceModel.Channels.ServiceChannelProxy.InvokeService(IMethodCallMessage methodCall, ProxyOperationRuntime operation)
   at System.ServiceModel.Channels.ServiceChannelProxy.Invoke(IMessage message)

Exception rethrown at [0]: 
   at A.c22aefe7f39df3d678dba160428b769f4.c0c4ec95a682cbefc208f4f3eb80ff6ad[c5e2460f6ebc534efe90b3230b7797cb4](Func`1 c3c081f340dcdf79e192d50757bce0bee)
   at A.c42ccb3c762729e5c1ed9dd9fb21f7a51.c2a035223c95353a451d486528bb968ce(DateTime ca50651d185b346c217028862887f6062, List`1 c94623007ea3b221db43a7a5c991a9cac, Int32 c27485bd6dedf79f29eccbe33aefab814, DateTime cc0b7aac23bdedea569c99b9f01ab5798, DateTime ca917bd7d663d59239d097b255d937590)
   at Petex.IFM.IVM.VisualWorkflowService.c1c13b709b3df317d725c923928032d5a(c0a78f935034ea252425562b3db1ea988 cc462e40687a776088a0f60dcc4dee4c5, VisualWorkflowResultOptions c97464e7151b310fab45ca8e18c9bbc4d)
2018/09/22 09:53:16.952 ERROR 119 A.cec9e090ae538d190220f059017b75b84.Process - System.TimeoutException: The request channel timed out while waiting for a reply after 00:04:57.5039984. Increase the timeout value passed to the call to Request or increase the SendTimeout value on the Binding. The time allotted to this operation may have been a portion of a longer timeout. ---> System.TimeoutException: The socket transfer timed out after 00:04:59.9930000. You have exceeded the timeout set on your binding. The time allotted to this operation may have been a portion of a longer timeout. ---> System.IO.IOException: The read operation failed, see inner exception. ---> System.TimeoutException: The socket transfer timed out after 00:04:59.9930000. You have exceeded the timeout set on your binding. The time allotted to this operation may have been a portion of a longer timeout. ---> System.Net.Sockets.SocketException: A connection attempt failed because the connected party did not properly respond after a period of time, or established connection failed because connected host has failed to respond
   at System.Net.Sockets.Socket.Receive(Byte[] buffer, Int32 offset, Int32 size, SocketFlags socketFlags)
   at System.ServiceModel.Channels.SocketConnection.ReadCore(Byte[] buffer, Int32 offset, Int32 size, TimeSpan timeout, Boolean closing)
   --- End of inner exception stack trace ---
   at System.ServiceModel.Channels.SocketConnection.ReadCore(Byte[] buffer, Int32 offset, Int32 size, TimeSpan timeout, Boolean closing)
   at System.ServiceModel.Channels.SocketConnection.Read(Byte[] buffer, Int32 offset, Int32 size, TimeSpan timeout)
   at System.ServiceModel.Channels.DelegatingConnection.Read(Byte[] buffer, Int32 offset, Int32 size, TimeSpan timeout)
   at System.ServiceModel.Channels.ConnectionStream.Read(Byte[] buffer, Int32 offset, Int32 count)
   at System.Net.FixedSizeReader.ReadPacket(Byte[] buffer, Int32 offset, Int32 count)
   at System.Net.Security.NegotiateStream.StartFrameHeader(Byte[] buffer, Int32 offset, Int32 count, AsyncProtocolRequest asyncRequest)
   at System.Net.Security.NegotiateStream.ProcessRead(Byte[] buffer, Int32 offset, Int32 count, AsyncProtocolRequest asyncRequest)
   --- End of inner exception stack trace ---
   at System.Net.Security.NegotiateStream.ProcessRead(Byte[] buffer, Int32 offset, Int32 count, AsyncProtocolRequest asyncRequest)
   at System.Net.Security.NegotiateStream.Read(Byte[] buffer, Int32 offset, Int32 count)
   at System.ServiceModel.Channels.StreamConnection.Read(Byte[] buffer, Int32 offset, Int32 size, TimeSpan timeout)
   --- End of inner exception stack trace ---
   at System.ServiceModel.Channels.StreamConnection.Read(Byte[] buffer, Int32 offset, Int32 size, TimeSpan timeout)
   at System.ServiceModel.Channels.SingletonConnectionReader.Receive(TimeSpan timeout)
   at System.ServiceModel.Channels.StreamedFramingRequestChannel.StreamedFramingRequest.WaitForReply(TimeSpan timeout)
   at System.ServiceModel.Channels.RequestChannel.Request(Message message, TimeSpan timeout)
   --- End of inner exception stack trace ---

Server stack trace: 
   at System.ServiceModel.Channels.RequestChannel.Request(Message message, TimeSpan timeout)
   at System.ServiceModel.Channels.TransactionRequestChannelGeneric`1.Request(Message message, TimeSpan timeout)
   at System.ServiceModel.Dispatcher.RequestChannelBinder.Request(Message message, TimeSpan timeout)
   at System.ServiceModel.Channels.ServiceChannel.Call(String action, Boolean oneway, ProxyOperationRuntime operation, Object[] ins, Object[] outs, TimeSpan timeout)
   at System.ServiceModel.Channels.ServiceChannelProxy.InvokeService(IMethodCallMessage methodCall, ProxyOperationRuntime operation)
   at System.ServiceModel.Channels.ServiceChannelProxy.Invoke(IMessage message)

Exception rethrown at [0]: 
   at System.Runtime.Remoting.Proxies.RealProxy.HandleReturnMessage(IMessage reqMsg, IMessage retMsg)
   at System.Runtime.Remoting.Proxies.RealProxy.PrivateInvoke(MessageData& msgData, Int32 type)
   at Petex.Service.RequestProcessor.IWcfStreamResponseProcessor.Process(MessageRequest request)
   at A.cec9e090ae538d190220f059017b75b84.Process(MessageRequest request)
Details:
System.TimeoutException: The request channel timed out while waiting for a reply after 00:04:57.5039984. Increase the timeout value passed to the call to Request or increase the SendTimeout value on the Binding. The time allotted to this operation may have been a portion of a longer timeout. ---> System.TimeoutException: The socket transfer timed out after 00:04:59.9930000. You have exceeded the timeout set on your binding. The time allotted to this operation may have been a portion of a longer timeout. ---> System.IO.IOException: The read operation failed, see inner exception. ---> System.TimeoutException: The socket transfer timed out after 00:04:59.9930000. You have exceeded the timeout set on your binding. The time allotted to this operation may have been a portion of a longer timeout. ---> System.Net.Sockets.SocketException: A connection attempt failed because the connected party did not properly respond after a period of time, or established connection failed because connected host has failed to respond
   at System.Net.Sockets.Socket.Receive(Byte[] buffer, Int32 offset, Int32 size, SocketFlags socketFlags)
   at System.ServiceModel.Channels.SocketConnection.ReadCore(Byte[] buffer, Int32 offset, Int32 size, TimeSpan timeout, Boolean closing)
   --- End of inner exception stack trace ---
   at System.ServiceModel.Channels.SocketConnection.ReadCore(Byte[] buffer, Int32 offset, Int32 size, TimeSpan timeout, Boolean closing)
   at System.ServiceModel.Channels.SocketConnection.Read(Byte[] buffer, Int32 offset, Int32 size, TimeSpan timeout)
   at System.ServiceModel.Channels.DelegatingConnection.Read(Byte[] buffer, Int32 offset, Int32 size, TimeSpan timeout)
   at System.ServiceModel.Channels.ConnectionStream.Read(Byte[] buffer, Int32 offset, Int32 count)
   at System.Net.FixedSizeReader.ReadPacket(Byte[] buffer, Int32 offset, Int32 count)
   at System.Net.Security.NegotiateStream.StartFrameHeader(Byte[] buffer, Int32 offset, Int32 count, AsyncProtocolRequest asyncRequest)
   at System.Net.Security.NegotiateStream.ProcessRead(Byte[] buffer, Int32 offset, Int32 count, AsyncProtocolRequest asyncRequest)
   --- End of inner exception stack trace ---
   at System.Net.Security.NegotiateStream.ProcessRead(Byte[] buffer, Int32 offset, Int32 count, AsyncProtocolRequest asyncRequest)
   at System.Net.Security.NegotiateStream.Read(Byte[] buffer, Int32 offset, Int32 count)
   at System.ServiceModel.Channels.StreamConnection.Read(Byte[] buffer, Int32 offset, Int32 size, TimeSpan timeout)
   --- End of inner exception stack trace ---
   at System.ServiceModel.Channels.StreamConnection.Read(Byte[] buffer, Int32 offset, Int32 size, TimeSpan timeout)
   at System.ServiceModel.Channels.SingletonConnectionReader.Receive(TimeSpan timeout)
   at System.ServiceModel.Channels.StreamedFramingRequestChannel.StreamedFramingRequest.WaitForReply(TimeSpan timeout)
   at System.ServiceModel.Channels.RequestChannel.Request(Message message, TimeSpan timeout)
   --- End of inner exception stack trace ---

Server stack trace: 
   at System.ServiceModel.Channels.RequestChannel.Request(Message message, TimeSpan timeout)
   at System.ServiceModel.Channels.TransactionRequestChannelGeneric`1.Request(Message message, TimeSpan timeout)
   at System.ServiceModel.Dispatcher.RequestChannelBinder.Request(Message message, TimeSpan timeout)
   at System.ServiceModel.Channels.ServiceChannel.Call(String action, Boolean oneway, ProxyOperationRuntime operation, Object[] ins, Object[] outs, TimeSpan timeout)
   at System.ServiceModel.Channels.ServiceChannelProxy.InvokeService(IMethodCallMessage methodCall, ProxyOperationRuntime operation)
   at System.ServiceModel.Channels.ServiceChannelProxy.Invoke(IMessage message)

Exception rethrown at [0]: 
   at System.Runtime.Remoting.Proxies.RealProxy.HandleReturnMessage(IMessage reqMsg, IMessage retMsg)
   at System.Runtime.Remoting.Proxies.RealProxy.PrivateInvoke(MessageData& msgData, Int32 type)
   at Petex.Service.RequestProcessor.IWcfStreamResponseProcessor.Process(MessageRequest request)
   at A.cec9e090ae538d190220f059017b75b84.Process(MessageRequest request)
2018/09/22 09:53:16.954 ERROR 119 A.cec9e090ae538d190220f059017b75b84 (Thread 119) ProcID (46564) - System.TimeoutException: The request channel timed out while waiting for a reply after 00:04:57.5039984. Increase the timeout value passed to the call to Request or increase the SendTimeout value on the Binding. The time allotted to this operation may have been a portion of a longer timeout. ---> System.TimeoutException: The socket transfer timed out after 00:04:59.9930000. You have exceeded the timeout set on your binding. The time allotted to this operation may have been a portion of a longer timeout. ---> System.IO.IOException: The read operation failed, see inner exception. ---> System.TimeoutException: The socket transfer timed out after 00:04:59.9930000. You have exceeded the timeout set on your binding. The time allotted to this operation may have been a portion of a longer timeout. ---> System.Net.Sockets.SocketException: A connection attempt failed because the connected party did not properly respond after a period of time, or established connection failed because connected host has failed to respond
   at System.Net.Sockets.Socket.Receive(Byte[] buffer, Int32 offset, Int32 size, SocketFlags socketFlags)
   at System.ServiceModel.Channels.SocketConnection.ReadCore(Byte[] buffer, Int32 offset, Int32 size, TimeSpan timeout, Boolean closing)
   --- End of inner exception stack trace ---
   at System.ServiceModel.Channels.SocketConnection.ReadCore(Byte[] buffer, Int32 offset, Int32 size, TimeSpan timeout, Boolean closing)
   at System.ServiceModel.Channels.SocketConnection.Read(Byte[] buffer, Int32 offset, Int32 size, TimeSpan timeout)
   at System.ServiceModel.Channels.DelegatingConnection.Read(Byte[] buffer, Int32 offset, Int32 size, TimeSpan timeout)
   at System.ServiceModel.Channels.ConnectionStream.Read(Byte[] buffer, Int32 offset, Int32 count)
   at System.Net.FixedSizeReader.ReadPacket(Byte[] buffer, Int32 offset, Int32 count)
   at System.Net.Security.NegotiateStream.StartFrameHeader(Byte[] buffer, Int32 offset, Int32 count, AsyncProtocolRequest asyncRequest)
   at System.Net.Security.NegotiateStream.ProcessRead(Byte[] buffer, Int32 offset, Int32 count, AsyncProtocolRequest asyncRequest)
   --- End of inner exception stack trace ---
   at System.Net.Security.NegotiateStream.ProcessRead(Byte[] buffer, Int32 offset, Int32 count, AsyncProtocolRequest asyncRequest)
   at System.Net.Security.NegotiateStream.Read(Byte[] buffer, Int32 offset, Int32 count)
   at System.ServiceModel.Channels.StreamConnection.Read(Byte[] buffer, Int32 offset, Int32 size, TimeSpan timeout)
   --- End of inner exception stack trace ---
   at System.ServiceModel.Channels.StreamConnection.Read(Byte[] buffer, Int32 offset, Int32 size, TimeSpan timeout)
   at System.ServiceModel.Channels.SingletonConnectionReader.Receive(TimeSpan timeout)
   at System.ServiceModel.Channels.StreamedFramingRequestChannel.StreamedFramingRequest.WaitForReply(TimeSpan timeout)
   at System.ServiceModel.Channels.RequestChannel.Request(Message message, TimeSpan timeout)
   --- End of inner exception stack trace ---

Server stack trace: 
   at System.ServiceModel.Channels.RequestChannel.Request(Message message, TimeSpan timeout)
   at System.ServiceModel.Channels.TransactionRequestChannelGeneric`1.Request(Message message, TimeSpan timeout)
   at System.ServiceModel.Dispatcher.RequestChannelBinder.Request(Message message, TimeSpan timeout)
   at System.ServiceModel.Channels.ServiceChannel.Call(String action, Boolean oneway, ProxyOperationRuntime operation, Object[] ins, Object[] outs, TimeSpan timeout)
   at System.ServiceModel.Channels.ServiceChannelProxy.InvokeService(IMethodCallMessage methodCall, ProxyOperationRuntime operation)
   at System.ServiceModel.Channels.ServiceChannelProxy.Invoke(IMessage message)

Exception rethrown at [0]: 
   at System.Runtime.Remoting.Proxies.RealProxy.HandleReturnMessage(IMessage reqMsg, IMessage retMsg)
   at System.Runtime.Remoting.Proxies.RealProxy.PrivateInvoke(MessageData& msgData, Int32 type)
   at Petex.Service.RequestProcessor.IWcfStreamResponseProcessor.Process(MessageRequest request)
   at A.cec9e090ae538d190220f059017b75b84.Process(MessageRequest request)

method : Process([Petex.Service.RequestProcessor.MessageRequest] request = Petex.Service.RequestProcessor.MessageRequest)

2018/09/22 09:53:16.956 ERROR 58 Petex.IFM.IVM.VisualWorkflowService.c1c13b709b3df317d725c923928032d5a - An error occurred while getting bulk results.
Details:
System.TimeoutException: The request channel timed out while waiting for a reply after 00:04:57.5039984. Increase the timeout value passed to the call to Request or increase the SendTimeout value on the Binding. The time allotted to this operation may have been a portion of a longer timeout. ---> System.TimeoutException: The socket transfer timed out after 00:04:59.9930000. You have exceeded the timeout set on your binding. The time allotted to this operation may have been a portion of a longer timeout. ---> System.IO.IOException: The read operation failed, see inner exception. ---> System.TimeoutException: The socket transfer timed out after 00:04:59.9930000. You have exceeded the timeout set on your binding. The time allotted to this operation may have been a portion of a longer timeout. ---> System.Net.Sockets.SocketException: A connection attempt failed because the connected party did not properly respond after a period of time, or established connection failed because connected host has failed to respond
   at System.Net.Sockets.Socket.Receive(Byte[] buffer, Int32 offset, Int32 size, SocketFlags socketFlags)
   at System.ServiceModel.Channels.SocketConnection.ReadCore(Byte[] buffer, Int32 offset, Int32 size, TimeSpan timeout, Boolean closing)
   --- End of inner exception stack trace ---
   at System.ServiceModel.Channels.SocketConnection.ReadCore(Byte[] buffer, Int32 offset, Int32 size, TimeSpan timeout, Boolean closing)
   at System.ServiceModel.Channels.SocketConnection.Read(Byte[] buffer, Int32 offset, Int32 size, TimeSpan timeout)
   at System.ServiceModel.Channels.DelegatingConnection.Read(Byte[] buffer, Int32 offset, Int32 size, TimeSpan timeout)
   at System.ServiceModel.Channels.ConnectionStream.Read(Byte[] buffer, Int32 offset, Int32 count)
   at System.Net.FixedSizeReader.ReadPacket(Byte[] buffer, Int32 offset, Int32 count)
   at System.Net.Security.NegotiateStream.StartFrameHeader(Byte[] buffer, Int32 offset, Int32 count, AsyncProtocolRequest asyncRequest)
   at System.Net.Security.NegotiateStream.ProcessRead(Byte[] buffer, Int32 offset, Int32 count, AsyncProtocolRequest asyncRequest)
   --- End of inner exception stack trace ---
   at System.Net.Security.NegotiateStream.ProcessRead(Byte[] buffer, Int32 offset, Int32 count, AsyncProtocolRequest asyncRequest)
   at System.Net.Security.NegotiateStream.Read(Byte[] buffer, Int32 offset, Int32 count)
   at System.ServiceModel.Channels.StreamConnection.Read(Byte[] buffer, Int32 offset, Int32 size, TimeSpan timeout)
   --- End of inner exception stack trace ---
   at System.ServiceModel.Channels.StreamConnection.Read(Byte[] buffer, Int32 offset, Int32 size, TimeSpan timeout)
   at System.ServiceModel.Channels.SingletonConnectionReader.Receive(TimeSpan timeout)
   at System.ServiceModel.Channels.StreamedFramingRequestChannel.StreamedFramingRequest.WaitForReply(TimeSpan timeout)
   at System.ServiceModel.Channels.RequestChannel.Request(Message message, TimeSpan timeout)
   --- End of inner exception stack trace ---

Server stack trace: 
   at System.ServiceModel.Channels.RequestChannel.Request(Message message, TimeSpan timeout)
   at System.ServiceModel.Channels.TransactionRequestChannelGeneric`1.Request(Message message, TimeSpan timeout)
   at System.ServiceModel.Dispatcher.RequestChannelBinder.Request(Message message, TimeSpan timeout)
   at System.ServiceModel.Channels.ServiceChannel.Call(String action, Boolean oneway, ProxyOperationRuntime operation, Object[] ins, Object[] outs, TimeSpan timeout)
   at System.ServiceModel.Channels.ServiceChannelProxy.InvokeService(IMethodCallMessage methodCall, ProxyOperationRuntime operation)
   at System.ServiceModel.Channels.ServiceChannelProxy.Invoke(IMessage message)

Exception rethrown at [0]: 
   at A.c22aefe7f39df3d678dba160428b769f4.c0c4ec95a682cbefc208f4f3eb80ff6ad[c5e2460f6ebc534efe90b3230b7797cb4](Func`1 c3c081f340dcdf79e192d50757bce0bee)
   at A.c42ccb3c762729e5c1ed9dd9fb21f7a51.c2a035223c95353a451d486528bb968ce(DateTime ca50651d185b346c217028862887f6062, List`1 c94623007ea3b221db43a7a5c991a9cac, Int32 c27485bd6dedf79f29eccbe33aefab814, DateTime cc0b7aac23bdedea569c99b9f01ab5798, DateTime ca917bd7d663d59239d097b255d937590)
   at Petex.IFM.IVM.VisualWorkflowService.c1c13b709b3df317d725c923928032d5a(c0a78f935034ea252425562b3db1ea988 cc462e40687a776088a0f60dcc4dee4c5, VisualWorkflowResultOptions c97464e7151b310fab45ca8e18c9bbc4d)
2018/09/22 09:53:41.168 INFO  106 A.cdc551499db0039f956e1d0666bfd1504.ca3aa6b2f13c2c1bc9c646f6abf33ed07 - Changing service from :0 to HOUMSEOSIFM007:8787
2018/09/22 09:58:42.253 INFO  74 A.cdc551499db0039f956e1d0666bfd1504.ca3aa6b2f13c2c1bc9c646f6abf33ed07 - Changing service from :0 to HOUMSEOSIFM007:8787
2018/09/22 09:58:47.444 ERROR 86 A.cec9e090ae538d190220f059017b75b84.Process - System.TimeoutException: The request channel timed out while waiting for a reply after 00:04:56.7500009. Increase the timeout value passed to the call to Request or increase the SendTimeout value on the Binding. The time allotted to this operation may have been a portion of a longer timeout. ---> System.TimeoutException: The socket transfer timed out after 00:04:59.9940000. You have exceeded the timeout set on your binding. The time allotted to this operation may have been a portion of a longer timeout. ---> System.IO.IOException: The read operation failed, see inner exception. ---> System.TimeoutException: The socket transfer timed out after 00:04:59.9940000. You have exceeded the timeout set on your binding. The time allotted to this operation may have been a portion of a longer timeout. ---> System.Net.Sockets.SocketException: A connection attempt failed because the connected party did not properly respond after a period of time, or established connection failed because connected host has failed to respond
   at System.Net.Sockets.Socket.Receive(Byte[] buffer, Int32 offset, Int32 size, SocketFlags socketFlags)
   at System.ServiceModel.Channels.SocketConnection.ReadCore(Byte[] buffer, Int32 offset, Int32 size, TimeSpan timeout, Boolean closing)
   --- End of inner exception stack trace ---
   at System.ServiceModel.Channels.SocketConnection.ReadCore(Byte[] buffer, Int32 offset, Int32 size, TimeSpan timeout, Boolean closing)
   at System.ServiceModel.Channels.SocketConnection.Read(Byte[] buffer, Int32 offset, Int32 size, TimeSpan timeout)
   at System.ServiceModel.Channels.DelegatingConnection.Read(Byte[] buffer, Int32 offset, Int32 size, TimeSpan timeout)
   at System.ServiceModel.Channels.ConnectionStream.Read(Byte[] buffer, Int32 offset, Int32 count)
   at System.Net.FixedSizeReader.ReadPacket(Byte[] buffer, Int32 offset, Int32 count)
   at System.Net.Security.NegotiateStream.StartFrameHeader(Byte[] buffer, Int32 offset, Int32 count, AsyncProtocolRequest asyncRequest)
   at System.Net.Security.NegotiateStream.ProcessRead(Byte[] buffer, Int32 offset, Int32 count, AsyncProtocolRequest asyncRequest)
   --- End of inner exception stack trace ---
   at System.Net.Security.NegotiateStream.ProcessRead(Byte[] buffer, Int32 offset, Int32 count, AsyncProtocolRequest asyncRequest)
   at System.Net.Security.NegotiateStream.Read(Byte[] buffer, Int32 offset, Int32 count)
   at System.ServiceModel.Channels.StreamConnection.Read(Byte[] buffer, Int32 offset, Int32 size, TimeSpan timeout)
   --- End of inner exception stack trace ---
   at System.ServiceModel.Channels.StreamConnection.Read(Byte[] buffer, Int32 offset, Int32 size, TimeSpan timeout)
   at System.ServiceModel.Channels.SingletonConnectionReader.Receive(TimeSpan timeout)
   at System.ServiceModel.Channels.StreamedFramingRequestChannel.StreamedFramingRequest.WaitForReply(TimeSpan timeout)
   at System.ServiceModel.Channels.RequestChannel.Request(Message message, TimeSpan timeout)
   --- End of inner exception stack trace ---

Server stack trace: 
   at System.ServiceModel.Channels.RequestChannel.Request(Message message, TimeSpan timeout)
   at System.ServiceModel.Channels.TransactionRequestChannelGeneric`1.Request(Message message, TimeSpan timeout)
   at System.ServiceModel.Dispatcher.RequestChannelBinder.Request(Message message, TimeSpan timeout)
   at System.ServiceModel.Channels.ServiceChannel.Call(String action, Boolean oneway, ProxyOperationRuntime operation, Object[] ins, Object[] outs, TimeSpan timeout)
   at System.ServiceModel.Channels.ServiceChannelProxy.InvokeService(IMethodCallMessage methodCall, ProxyOperationRuntime operation)
   at System.ServiceModel.Channels.ServiceChannelProxy.Invoke(IMessage message)

Exception rethrown at [0]: 
   at System.Runtime.Remoting.Proxies.RealProxy.HandleReturnMessage(IMessage reqMsg, IMessage retMsg)
   at System.Runtime.Remoting.Proxies.RealProxy.PrivateInvoke(MessageData& msgData, Int32 type)
   at Petex.Service.RequestProcessor.IWcfStreamResponseProcessor.Process(MessageRequest request)
   at A.cec9e090ae538d190220f059017b75b84.Process(MessageRequest request)
Details:
System.TimeoutException: The request channel timed out while waiting for a reply after 00:04:56.7500009. Increase the timeout value passed to the call to Request or increase the SendTimeout value on the Binding. The time allotted to this operation may have been a portion of a longer timeout. ---> System.TimeoutException: The socket transfer timed out after 00:04:59.9940000. You have exceeded the timeout set on your binding. The time allotted to this operation may have been a portion of a longer timeout. ---> System.IO.IOException: The read operation failed, see inner exception. ---> System.TimeoutException: The socket transfer timed out after 00:04:59.9940000. You have exceeded the timeout set on your binding. The time allotted to this operation may have been a portion of a longer timeout. ---> System.Net.Sockets.SocketException: A connection attempt failed because the connected party did not properly respond after a period of time, or established connection failed because connected host has failed to respond
   at System.Net.Sockets.Socket.Receive(Byte[] buffer, Int32 offset, Int32 size, SocketFlags socketFlags)
   at System.ServiceModel.Channels.SocketConnection.ReadCore(Byte[] buffer, Int32 offset, Int32 size, TimeSpan timeout, Boolean closing)
   --- End of inner exception stack trace ---
   at System.ServiceModel.Channels.SocketConnection.ReadCore(Byte[] buffer, Int32 offset, Int32 size, TimeSpan timeout, Boolean closing)
   at System.ServiceModel.Channels.SocketConnection.Read(Byte[] buffer, Int32 offset, Int32 size, TimeSpan timeout)
   at System.ServiceModel.Channels.DelegatingConnection.Read(Byte[] buffer, Int32 offset, Int32 size, TimeSpan timeout)
   at System.ServiceModel.Channels.ConnectionStream.Read(Byte[] buffer, Int32 offset, Int32 count)
   at System.Net.FixedSizeReader.ReadPacket(Byte[] buffer, Int32 offset, Int32 count)
   at System.Net.Security.NegotiateStream.StartFrameHeader(Byte[] buffer, Int32 offset, Int32 count, AsyncProtocolRequest asyncRequest)
   at System.Net.Security.NegotiateStream.ProcessRead(Byte[] buffer, Int32 offset, Int32 count, AsyncProtocolRequest asyncRequest)
   --- End of inner exception stack trace ---
   at System.Net.Security.NegotiateStream.ProcessRead(Byte[] buffer, Int32 offset, Int32 count, AsyncProtocolRequest asyncRequest)
   at System.Net.Security.NegotiateStream.Read(Byte[] buffer, Int32 offset, Int32 count)
   at System.ServiceModel.Channels.StreamConnection.Read(Byte[] buffer, Int32 offset, Int32 size, TimeSpan timeout)
   --- End of inner exception stack trace ---
   at System.ServiceModel.Channels.StreamConnection.Read(Byte[] buffer, Int32 offset, Int32 size, TimeSpan timeout)
   at System.ServiceModel.Channels.SingletonConnectionReader.Receive(TimeSpan timeout)
   at System.ServiceModel.Channels.StreamedFramingRequestChannel.StreamedFramingRequest.WaitForReply(TimeSpan timeout)
   at System.ServiceModel.Channels.RequestChannel.Request(Message message, TimeSpan timeout)
   --- End of inner exception stack trace ---

Server stack trace: 
   at System.ServiceModel.Channels.RequestChannel.Request(Message message, TimeSpan timeout)
   at System.ServiceModel.Channels.TransactionRequestChannelGeneric`1.Request(Message message, TimeSpan timeout)
   at System.ServiceModel.Dispatcher.RequestChannelBinder.Request(Message message, TimeSpan timeout)
   at System.ServiceModel.Channels.ServiceChannel.Call(String action, Boolean oneway, ProxyOperationRuntime operation, Object[] ins, Object[] outs, TimeSpan timeout)
   at System.ServiceModel.Channels.ServiceChannelProxy.InvokeService(IMethodCallMessage methodCall, ProxyOperationRuntime operation)
   at System.ServiceModel.Channels.ServiceChannelProxy.Invoke(IMessage message)

Exception rethrown at [0]: 
   at System.Runtime.Remoting.Proxies.RealProxy.HandleReturnMessage(IMessage reqMsg, IMessage retMsg)
   at System.Runtime.Remoting.Proxies.RealProxy.PrivateInvoke(MessageData& msgData, Int32 type)
   at Petex.Service.RequestProcessor.IWcfStreamResponseProcessor.Process(MessageRequest request)
   at A.cec9e090ae538d190220f059017b75b84.Process(MessageRequest request)
2018/09/22 09:58:47.448 ERROR 86 A.cec9e090ae538d190220f059017b75b84 (Thread 86) ProcID (46564) - System.TimeoutException: The request channel timed out while waiting for a reply after 00:04:56.7500009. Increase the timeout value passed to the call to Request or increase the SendTimeout value on the Binding. The time allotted to this operation may have been a portion of a longer timeout. ---> System.TimeoutException: The socket transfer timed out after 00:04:59.9940000. You have exceeded the timeout set on your binding. The time allotted to this operation may have been a portion of a longer timeout. ---> System.IO.IOException: The read operation failed, see inner exception. ---> System.TimeoutException: The socket transfer timed out after 00:04:59.9940000. You have exceeded the timeout set on your binding. The time allotted to this operation may have been a portion of a longer timeout. ---> System.Net.Sockets.SocketException: A connection attempt failed because the connected party did not properly respond after a period of time, or established connection failed because connected host has failed to respond
   at System.Net.Sockets.Socket.Receive(Byte[] buffer, Int32 offset, Int32 size, SocketFlags socketFlags)
   at System.ServiceModel.Channels.SocketConnection.ReadCore(Byte[] buffer, Int32 offset, Int32 size, TimeSpan timeout, Boolean closing)
   --- End of inner exception stack trace ---
   at System.ServiceModel.Channels.SocketConnection.ReadCore(Byte[] buffer, Int32 offset, Int32 size, TimeSpan timeout, Boolean closing)
   at System.ServiceModel.Channels.SocketConnection.Read(Byte[] buffer, Int32 offset, Int32 size, TimeSpan timeout)
   at System.ServiceModel.Channels.DelegatingConnection.Read(Byte[] buffer, Int32 offset, Int32 size, TimeSpan timeout)
   at System.ServiceModel.Channels.ConnectionStream.Read(Byte[] buffer, Int32 offset, Int32 count)
   at System.Net.FixedSizeReader.ReadPacket(Byte[] buffer, Int32 offset, Int32 count)
   at System.Net.Security.NegotiateStream.StartFrameHeader(Byte[] buffer, Int32 offset, Int32 count, AsyncProtocolRequest asyncRequest)
   at System.Net.Security.NegotiateStream.ProcessRead(Byte[] buffer, Int32 offset, Int32 count, AsyncProtocolRequest asyncRequest)
   --- End of inner exception stack trace ---
   at System.Net.Security.NegotiateStream.ProcessRead(Byte[] buffer, Int32 offset, Int32 count, AsyncProtocolRequest asyncRequest)
   at System.Net.Security.NegotiateStream.Read(Byte[] buffer, Int32 offset, Int32 count)
   at System.ServiceModel.Channels.StreamConnection.Read(Byte[] buffer, Int32 offset, Int32 size, TimeSpan timeout)
   --- End of inner exception stack trace ---
   at System.ServiceModel.Channels.StreamConnection.Read(Byte[] buffer, Int32 offset, Int32 size, TimeSpan timeout)
   at System.ServiceModel.Channels.SingletonConnectionReader.Receive(TimeSpan timeout)
   at System.ServiceModel.Channels.StreamedFramingRequestChannel.StreamedFramingRequest.WaitForReply(TimeSpan timeout)
   at System.ServiceModel.Channels.RequestChannel.Request(Message message, TimeSpan timeout)
   --- End of inner exception stack trace ---

Server stack trace: 
   at System.ServiceModel.Channels.RequestChannel.Request(Message message, TimeSpan timeout)
   at System.ServiceModel.Channels.TransactionRequestChannelGeneric`1.Request(Message message, TimeSpan timeout)
   at System.ServiceModel.Dispatcher.RequestChannelBinder.Request(Message message, TimeSpan timeout)
   at System.ServiceModel.Channels.ServiceChannel.Call(String action, Boolean oneway, ProxyOperationRuntime operation, Object[] ins, Object[] outs, TimeSpan timeout)
   at System.ServiceModel.Channels.ServiceChannelProxy.InvokeService(IMethodCallMessage methodCall, ProxyOperationRuntime operation)
   at System.ServiceModel.Channels.ServiceChannelProxy.Invoke(IMessage message)

Exception rethrown at [0]: 
   at System.Runtime.Remoting.Proxies.RealProxy.HandleReturnMessage(IMessage reqMsg, IMessage retMsg)
   at System.Runtime.Remoting.Proxies.RealProxy.PrivateInvoke(MessageData& msgData, Int32 type)
   at Petex.Service.RequestProcessor.IWcfStreamResponseProcessor.Process(MessageRequest request)
   at A.cec9e090ae538d190220f059017b75b84.Process(MessageRequest request)

method : Process([Petex.Service.RequestProcessor.MessageRequest] request = Petex.Service.RequestProcessor.MessageRequest)

2018/09/22 09:58:47.449 ERROR 7 Petex.IFM.IVM.VisualWorkflowService.c1c13b709b3df317d725c923928032d5a - An error occurred while getting bulk results.
Details:
System.TimeoutException: The request channel timed out while waiting for a reply after 00:04:56.7500009. Increase the timeout value passed to the call to Request or increase the SendTimeout value on the Binding. The time allotted to this operation may have been a portion of a longer timeout. ---> System.TimeoutException: The socket transfer timed out after 00:04:59.9940000. You have exceeded the timeout set on your binding. The time allotted to this operation may have been a portion of a longer timeout. ---> System.IO.IOException: The read operation failed, see inner exception. ---> System.TimeoutException: The socket transfer timed out after 00:04:59.9940000. You have exceeded the timeout set on your binding. The time allotted to this operation may have been a portion of a longer timeout. ---> System.Net.Sockets.SocketException: A connection attempt failed because the connected party did not properly respond after a period of time, or established connection failed because connected host has failed to respond
   at System.Net.Sockets.Socket.Receive(Byte[] buffer, Int32 offset, Int32 size, SocketFlags socketFlags)
   at System.ServiceModel.Channels.SocketConnection.ReadCore(Byte[] buffer, Int32 offset, Int32 size, TimeSpan timeout, Boolean closing)
   --- End of inner exception stack trace ---
   at System.ServiceModel.Channels.SocketConnection.ReadCore(Byte[] buffer, Int32 offset, Int32 size, TimeSpan timeout, Boolean closing)
   at System.ServiceModel.Channels.SocketConnection.Read(Byte[] buffer, Int32 offset, Int32 size, TimeSpan timeout)
   at System.ServiceModel.Channels.DelegatingConnection.Read(Byte[] buffer, Int32 offset, Int32 size, TimeSpan timeout)
   at System.ServiceModel.Channels.ConnectionStream.Read(Byte[] buffer, Int32 offset, Int32 count)
   at System.Net.FixedSizeReader.ReadPacket(Byte[] buffer, Int32 offset, Int32 count)
   at System.Net.Security.NegotiateStream.StartFrameHeader(Byte[] buffer, Int32 offset, Int32 count, AsyncProtocolRequest asyncRequest)
   at System.Net.Security.NegotiateStream.ProcessRead(Byte[] buffer, Int32 offset, Int32 count, AsyncProtocolRequest asyncRequest)
   --- End of inner exception stack trace ---
   at System.Net.Security.NegotiateStream.ProcessRead(Byte[] buffer, Int32 offset, Int32 count, AsyncProtocolRequest asyncRequest)
   at System.Net.Security.NegotiateStream.Read(Byte[] buffer, Int32 offset, Int32 count)
   at System.ServiceModel.Channels.StreamConnection.Read(Byte[] buffer, Int32 offset, Int32 size, TimeSpan timeout)
   --- End of inner exception stack trace ---
   at System.ServiceModel.Channels.StreamConnection.Read(Byte[] buffer, Int32 offset, Int32 size, TimeSpan timeout)
   at System.ServiceModel.Channels.SingletonConnectionReader.Receive(TimeSpan timeout)
   at System.ServiceModel.Channels.StreamedFramingRequestChannel.StreamedFramingRequest.WaitForReply(TimeSpan timeout)
   at System.ServiceModel.Channels.RequestChannel.Request(Message message, TimeSpan timeout)
   --- End of inner exception stack trace ---

Server stack trace: 
   at System.ServiceModel.Channels.RequestChannel.Request(Message message, TimeSpan timeout)
   at System.ServiceModel.Channels.TransactionRequestChannelGeneric`1.Request(Message message, TimeSpan timeout)
   at System.ServiceModel.Dispatcher.RequestChannelBinder.Request(Message message, TimeSpan timeout)
   at System.ServiceModel.Channels.ServiceChannel.Call(String action, Boolean oneway, ProxyOperationRuntime operation, Object[] ins, Object[] outs, TimeSpan timeout)
   at System.ServiceModel.Channels.ServiceChannelProxy.InvokeService(IMethodCallMessage methodCall, ProxyOperationRuntime operation)
   at System.ServiceModel.Channels.ServiceChannelProxy.Invoke(IMessage message)

Exception rethrown at [0]: 
   at A.c22aefe7f39df3d678dba160428b769f4.c0c4ec95a682cbefc208f4f3eb80ff6ad[c5e2460f6ebc534efe90b3230b7797cb4](Func`1 c3c081f340dcdf79e192d50757bce0bee)
   at A.c42ccb3c762729e5c1ed9dd9fb21f7a51.c2a035223c95353a451d486528bb968ce(DateTime ca50651d185b346c217028862887f6062, List`1 c94623007ea3b221db43a7a5c991a9cac, Int32 c27485bd6dedf79f29eccbe33aefab814, DateTime cc0b7aac23bdedea569c99b9f01ab5798, DateTime ca917bd7d663d59239d097b255d937590)
   at Petex.IFM.IVM.VisualWorkflowService.c1c13b709b3df317d725c923928032d5a(c0a78f935034ea252425562b3db1ea988 cc462e40687a776088a0f60dcc4dee4c5, VisualWorkflowResultOptions c97464e7151b310fab45ca8e18c9bbc4d)
2018/09/22 10:01:01.261 INFO  97 A.ca9303324ae27c9d224e829df918b1ee8.c6ae4a85f8bc1eee64ee593e8582f1fd3 - Get a Copy for model file : APC Diagnostic Plot DataV3.vwk folder id : 7 model file id : 1610 recursive at '9/22/2018 3:01:00 PM' ==> Started.
2018/09/22 10:01:01.849 INFO  97 A.ca9303324ae27c9d224e829df918b1ee8.c6ae4a85f8bc1eee64ee593e8582f1fd3 - Get a Copy for model file : APC Diagnostic Plot DataV3.vwk folder id : 7 model file id : 1610 recursive at '9/22/2018 3:01:00 PM' ==> Completed. Took 00:00:00.588
2018/09/22 10:01:07.593 INFO  119 A.ca9303324ae27c9d224e829df918b1ee8.c6ae4a85f8bc1eee64ee593e8582f1fd3 - Get a Copy for model file : APC Flowline Pressure Test Analysis.vwk folder id : 7 model file id : 2021 recursive at '9/22/2018 3:01:02 PM' ==> Started.
2018/09/22 10:01:08.178 INFO  119 A.ca9303324ae27c9d224e829df918b1ee8.c6ae4a85f8bc1eee64ee593e8582f1fd3 - Get a Copy for model file : APC Flowline Pressure Test Analysis.vwk folder id : 7 model file id : 2021 recursive at '9/22/2018 3:01:02 PM' ==> Completed. Took 00:00:00.584
2018/09/22 10:01:14.711 INFO  145 A.ca9303324ae27c9d224e829df918b1ee8.c6ae4a85f8bc1eee64ee593e8582f1fd3 - Get a Copy for model file : APC Exception Tracker.vwk folder id : 7 model file id : 3220 recursive at '9/22/2018 3:01:14 PM' ==> Started.
2018/09/22 10:01:15.276 INFO  145 A.ca9303324ae27c9d224e829df918b1ee8.c6ae4a85f8bc1eee64ee593e8582f1fd3 - Get a Copy for model file : APC Exception Tracker.vwk folder id : 7 model file id : 3220 recursive at '9/22/2018 3:01:14 PM' ==> Completed. Took 00:00:00.565
2018/09/22 10:01:16.439 INFO  84 A.ca9303324ae27c9d224e829df918b1ee8.c6ae4a85f8bc1eee64ee593e8582f1fd3 - Get a Copy for model file : APC Diagnostic Plot DataV3_CHP.vwk folder id : 7 model file id : 1611 recursive at '9/22/2018 3:01:15 PM' ==> Started.
2018/09/22 10:01:17.060 INFO  84 A.ca9303324ae27c9d224e829df918b1ee8.c6ae4a85f8bc1eee64ee593e8582f1fd3 - Get a Copy for model file : APC Diagnostic Plot DataV3_CHP.vwk folder id : 7 model file id : 1611 recursive at '9/22/2018 3:01:15 PM' ==> Completed. Took 00:00:00.620
2018/09/22 10:03:42.276 INFO  73 A.cdc551499db0039f956e1d0666bfd1504.ca3aa6b2f13c2c1bc9c646f6abf33ed07 - Changing service from :0 to HOUMSEOSIFM007:8787
2018/09/22 10:04:01.733 ERROR 60 A.cec9e090ae538d190220f059017b75b84.Process - System.TimeoutException: The request channel timed out while waiting for a reply after 00:04:51.3399726. Increase the timeout value passed to the call to Request or increase the SendTimeout value on the Binding. The time allotted to this operation may have been a portion of a longer timeout. ---> System.TimeoutException: The socket transfer timed out after 00:04:59.9920000. You have exceeded the timeout set on your binding. The time allotted to this operation may have been a portion of a longer timeout. ---> System.IO.IOException: The read operation failed, see inner exception. ---> System.TimeoutException: The socket transfer timed out after 00:04:59.9920000. You have exceeded the timeout set on your binding. The time allotted to this operation may have been a portion of a longer timeout. ---> System.Net.Sockets.SocketException: A connection attempt failed because the connected party did not properly respond after a period of time, or established connection failed because connected host has failed to respond
   at System.Net.Sockets.Socket.Receive(Byte[] buffer, Int32 offset, Int32 size, SocketFlags socketFlags)
   at System.ServiceModel.Channels.SocketConnection.ReadCore(Byte[] buffer, Int32 offset, Int32 size, TimeSpan timeout, Boolean closing)
   --- End of inner exception stack trace ---
   at System.ServiceModel.Channels.SocketConnection.ReadCore(Byte[] buffer, Int32 offset, Int32 size, TimeSpan timeout, Boolean closing)
   at System.ServiceModel.Channels.SocketConnection.Read(Byte[] buffer, Int32 offset, Int32 size, TimeSpan timeout)
   at System.ServiceModel.Channels.DelegatingConnection.Read(Byte[] buffer, Int32 offset, Int32 size, TimeSpan timeout)
   at System.ServiceModel.Channels.ConnectionStream.Read(Byte[] buffer, Int32 offset, Int32 count)
   at System.Net.FixedSizeReader.ReadPacket(Byte[] buffer, Int32 offset, Int32 count)
   at System.Net.Security.NegotiateStream.StartFrameHeader(Byte[] buffer, Int32 offset, Int32 count, AsyncProtocolRequest asyncRequest)
   at System.Net.Security.NegotiateStream.ProcessRead(Byte[] buffer, Int32 offset, Int32 count, AsyncProtocolRequest asyncRequest)
   --- End of inner exception stack trace ---
   at System.Net.Security.NegotiateStream.ProcessRead(Byte[] buffer, Int32 offset, Int32 count, AsyncProtocolRequest asyncRequest)
   at System.Net.Security.NegotiateStream.Read(Byte[] buffer, Int32 offset, Int32 count)
   at System.ServiceModel.Channels.StreamConnection.Read(Byte[] buffer, Int32 offset, Int32 size, TimeSpan timeout)
   --- End of inner exception stack trace ---
   at System.ServiceModel.Channels.StreamConnection.Read(Byte[] buffer, Int32 offset, Int32 size, TimeSpan timeout)
   at System.ServiceModel.Channels.SingletonConnectionReader.Receive(TimeSpan timeout)
   at System.ServiceModel.Channels.StreamedFramingRequestChannel.StreamedFramingRequest.WaitForReply(TimeSpan timeout)
   at System.ServiceModel.Channels.RequestChannel.Request(Message message, TimeSpan timeout)
   --- End of inner exception stack trace ---

Server stack trace: 
   at System.ServiceModel.Channels.RequestChannel.Request(Message message, TimeSpan timeout)
   at System.ServiceModel.Channels.TransactionRequestChannelGeneric`1.Request(Message message, TimeSpan timeout)
   at System.ServiceModel.Dispatcher.RequestChannelBinder.Request(Message message, TimeSpan timeout)
   at System.ServiceModel.Channels.ServiceChannel.Call(String action, Boolean oneway, ProxyOperationRuntime operation, Object[] ins, Object[] outs, TimeSpan timeout)
   at System.ServiceModel.Channels.ServiceChannelProxy.InvokeService(IMethodCallMessage methodCall, ProxyOperationRuntime operation)
   at System.ServiceModel.Channels.ServiceChannelProxy.Invoke(IMessage message)

Exception rethrown at [0]: 
   at System.Runtime.Remoting.Proxies.RealProxy.HandleReturnMessage(IMessage reqMsg, IMessage retMsg)
   at System.Runtime.Remoting.Proxies.RealProxy.PrivateInvoke(MessageData& msgData, Int32 type)
   at Petex.Service.RequestProcessor.IWcfStreamResponseProcessor.Process(MessageRequest request)
   at A.cec9e090ae538d190220f059017b75b84.Process(MessageRequest request)
Details:
System.TimeoutException: The request channel timed out while waiting for a reply after 00:04:51.3399726. Increase the timeout value passed to the call to Request or increase the SendTimeout value on the Binding. The time allotted to this operation may have been a portion of a longer timeout. ---> System.TimeoutException: The socket transfer timed out after 00:04:59.9920000. You have exceeded the timeout set on your binding. The time allotted to this operation may have been a portion of a longer timeout. ---> System.IO.IOException: The read operation failed, see inner exception. ---> System.TimeoutException: The socket transfer timed out after 00:04:59.9920000. You have exceeded the timeout set on your binding. The time allotted to this operation may have been a portion of a longer timeout. ---> System.Net.Sockets.SocketException: A connection attempt failed because the connected party did not properly respond after a period of time, or established connection failed because connected host has failed to respond
   at System.Net.Sockets.Socket.Receive(Byte[] buffer, Int32 offset, Int32 size, SocketFlags socketFlags)
   at System.ServiceModel.Channels.SocketConnection.ReadCore(Byte[] buffer, Int32 offset, Int32 size, TimeSpan timeout, Boolean closing)
   --- End of inner exception stack trace ---
   at System.ServiceModel.Channels.SocketConnection.ReadCore(Byte[] buffer, Int32 offset, Int32 size, TimeSpan timeout, Boolean closing)
   at System.ServiceModel.Channels.SocketConnection.Read(Byte[] buffer, Int32 offset, Int32 size, TimeSpan timeout)
   at System.ServiceModel.Channels.DelegatingConnection.Read(Byte[] buffer, Int32 offset, Int32 size, TimeSpan timeout)
   at System.ServiceModel.Channels.ConnectionStream.Read(Byte[] buffer, Int32 offset, Int32 count)
   at System.Net.FixedSizeReader.ReadPacket(Byte[] buffer, Int32 offset, Int32 count)
   at System.Net.Security.NegotiateStream.StartFrameHeader(Byte[] buffer, Int32 offset, Int32 count, AsyncProtocolRequest asyncRequest)
   at System.Net.Security.NegotiateStream.ProcessRead(Byte[] buffer, Int32 offset, Int32 count, AsyncProtocolRequest asyncRequest)
   --- End of inner exception stack trace ---
   at System.Net.Security.NegotiateStream.ProcessRead(Byte[] buffer, Int32 offset, Int32 count, AsyncProtocolRequest asyncRequest)
   at System.Net.Security.NegotiateStream.Read(Byte[] buffer, Int32 offset, Int32 count)
   at System.ServiceModel.Channels.StreamConnection.Read(Byte[] buffer, Int32 offset, Int32 size, TimeSpan timeout)
   --- End of inner exception stack trace ---
   at System.ServiceModel.Channels.StreamConnection.Read(Byte[] buffer, Int32 offset, Int32 size, TimeSpan timeout)
   at System.ServiceModel.Channels.SingletonConnectionReader.Receive(TimeSpan timeout)
   at System.ServiceModel.Channels.StreamedFramingRequestChannel.StreamedFramingRequest.WaitForReply(TimeSpan timeout)
   at System.ServiceModel.Channels.RequestChannel.Request(Message message, TimeSpan timeout)
   --- End of inner exception stack trace ---

Server stack trace: 
   at System.ServiceModel.Channels.RequestChannel.Request(Message message, TimeSpan timeout)
   at System.ServiceModel.Channels.TransactionRequestChannelGeneric`1.Request(Message message, TimeSpan timeout)
   at System.ServiceModel.Dispatcher.RequestChannelBinder.Request(Message message, TimeSpan timeout)
   at System.ServiceModel.Channels.ServiceChannel.Call(String action, Boolean oneway, ProxyOperationRuntime operation, Object[] ins, Object[] outs, TimeSpan timeout)
   at System.ServiceModel.Channels.ServiceChannelProxy.InvokeService(IMethodCallMessage methodCall, ProxyOperationRuntime operation)
   at System.ServiceModel.Channels.ServiceChannelProxy.Invoke(IMessage message)

Exception rethrown at [0]: 
   at System.Runtime.Remoting.Proxies.RealProxy.HandleReturnMessage(IMessage reqMsg, IMessage retMsg)
   at System.Runtime.Remoting.Proxies.RealProxy.PrivateInvoke(MessageData& msgData, Int32 type)
   at Petex.Service.RequestProcessor.IWcfStreamResponseProcessor.Process(MessageRequest request)
   at A.cec9e090ae538d190220f059017b75b84.Process(MessageRequest request)
2018/09/22 10:04:01.735 ERROR 60 A.cec9e090ae538d190220f059017b75b84 (Thread 60) ProcID (46564) - System.TimeoutException: The request channel timed out while waiting for a reply after 00:04:51.3399726. Increase the timeout value passed to the call to Request or increase the SendTimeout value on the Binding. The time allotted to this operation may have been a portion of a longer timeout. ---> System.TimeoutException: The socket transfer timed out after 00:04:59.9920000. You have exceeded the timeout set on your binding. The time allotted to this operation may have been a portion of a longer timeout. ---> System.IO.IOException: The read operation failed, see inner exception. ---> System.TimeoutException: The socket transfer timed out after 00:04:59.9920000. You have exceeded the timeout set on your binding. The time allotted to this operation may have been a portion of a longer timeout. ---> System.Net.Sockets.SocketException: A connection attempt failed because the connected party did not properly respond after a period of time, or established connection failed because connected host has failed to respond
   at System.Net.Sockets.Socket.Receive(Byte[] buffer, Int32 offset, Int32 size, SocketFlags socketFlags)
   at System.ServiceModel.Channels.SocketConnection.ReadCore(Byte[] buffer, Int32 offset, Int32 size, TimeSpan timeout, Boolean closing)
   --- End of inner exception stack trace ---
   at System.ServiceModel.Channels.SocketConnection.ReadCore(Byte[] buffer, Int32 offset, Int32 size, TimeSpan timeout, Boolean closing)
   at System.ServiceModel.Channels.SocketConnection.Read(Byte[] buffer, Int32 offset, Int32 size, TimeSpan timeout)
   at System.ServiceModel.Channels.DelegatingConnection.Read(Byte[] buffer, Int32 offset, Int32 size, TimeSpan timeout)
   at System.ServiceModel.Channels.ConnectionStream.Read(Byte[] buffer, Int32 offset, Int32 count)
   at System.Net.FixedSizeReader.ReadPacket(Byte[] buffer, Int32 offset, Int32 count)
   at System.Net.Security.NegotiateStream.StartFrameHeader(Byte[] buffer, Int32 offset, Int32 count, AsyncProtocolRequest asyncRequest)
   at System.Net.Security.NegotiateStream.ProcessRead(Byte[] buffer, Int32 offset, Int32 count, AsyncProtocolRequest asyncRequest)
   --- End of inner exception stack trace ---
   at System.Net.Security.NegotiateStream.ProcessRead(Byte[] buffer, Int32 offset, Int32 count, AsyncProtocolRequest asyncRequest)
   at System.Net.Security.NegotiateStream.Read(Byte[] buffer, Int32 offset, Int32 count)
   at System.ServiceModel.Channels.StreamConnection.Read(Byte[] buffer, Int32 offset, Int32 size, TimeSpan timeout)
   --- End of inner exception stack trace ---
   at System.ServiceModel.Channels.StreamConnection.Read(Byte[] buffer, Int32 offset, Int32 size, TimeSpan timeout)
   at System.ServiceModel.Channels.SingletonConnectionReader.Receive(TimeSpan timeout)
   at System.ServiceModel.Channels.StreamedFramingRequestChannel.StreamedFramingRequest.WaitForReply(TimeSpan timeout)
   at System.ServiceModel.Channels.RequestChannel.Request(Message message, TimeSpan timeout)
   --- End of inner exception stack trace ---

Server stack trace: 
   at System.ServiceModel.Channels.RequestChannel.Request(Message message, TimeSpan timeout)
   at System.ServiceModel.Channels.TransactionRequestChannelGeneric`1.Request(Message message, TimeSpan timeout)
   at System.ServiceModel.Dispatcher.RequestChannelBinder.Request(Message message, TimeSpan timeout)
   at System.ServiceModel.Channels.ServiceChannel.Call(String action, Boolean oneway, ProxyOperationRuntime operation, Object[] ins, Object[] outs, TimeSpan timeout)
   at System.ServiceModel.Channels.ServiceChannelProxy.InvokeService(IMethodCallMessage methodCall, ProxyOperationRuntime operation)
   at System.ServiceModel.Channels.ServiceChannelProxy.Invoke(IMessage message)

Exception rethrown at [0]: 
   at System.Runtime.Remoting.Proxies.RealProxy.HandleReturnMessage(IMessage reqMsg, IMessage retMsg)
   at System.Runtime.Remoting.Proxies.RealProxy.PrivateInvoke(MessageData& msgData, Int32 type)
   at Petex.Service.RequestProcessor.IWcfStreamResponseProcessor.Process(MessageRequest request)
   at A.cec9e090ae538d190220f059017b75b84.Process(MessageRequest request)

method : Process([Petex.Service.RequestProcessor.MessageRequest] request = Petex.Service.RequestProcessor.MessageRequest)

2018/09/22 10:04:01.737 ERROR 99 Petex.IFM.IVM.VisualWorkflowService.c1c13b709b3df317d725c923928032d5a - An error occurred while getting bulk results.
Details:
System.TimeoutException: The request channel timed out while waiting for a reply after 00:04:51.3399726. Increase the timeout value passed to the call to Request or increase the SendTimeout value on the Binding. The time allotted to this operation may have been a portion of a longer timeout. ---> System.TimeoutException: The socket transfer timed out after 00:04:59.9920000. You have exceeded the timeout set on your binding. The time allotted to this operation may have been a portion of a longer timeout. ---> System.IO.IOException: The read operation failed, see inner exception. ---> System.TimeoutException: The socket transfer timed out after 00:04:59.9920000. You have exceeded the timeout set on your binding. The time allotted to this operation may have been a portion of a longer timeout. ---> System.Net.Sockets.SocketException: A connection attempt failed because the connected party did not properly respond after a period of time, or established connection failed because connected host has failed to respond
   at System.Net.Sockets.Socket.Receive(Byte[] buffer, Int32 offset, Int32 size, SocketFlags socketFlags)
   at System.ServiceModel.Channels.SocketConnection.ReadCore(Byte[] buffer, Int32 offset, Int32 size, TimeSpan timeout, Boolean closing)
   --- End of inner exception stack trace ---
   at System.ServiceModel.Channels.SocketConnection.ReadCore(Byte[] buffer, Int32 offset, Int32 size, TimeSpan timeout, Boolean closing)
   at System.ServiceModel.Channels.SocketConnection.Read(Byte[] buffer, Int32 offset, Int32 size, TimeSpan timeout)
   at System.ServiceModel.Channels.DelegatingConnection.Read(Byte[] buffer, Int32 offset, Int32 size, TimeSpan timeout)
   at System.ServiceModel.Channels.ConnectionStream.Read(Byte[] buffer, Int32 offset, Int32 count)
   at System.Net.FixedSizeReader.ReadPacket(Byte[] buffer, Int32 offset, Int32 count)
   at System.Net.Security.NegotiateStream.StartFrameHeader(Byte[] buffer, Int32 offset, Int32 count, AsyncProtocolRequest asyncRequest)
   at System.Net.Security.NegotiateStream.ProcessRead(Byte[] buffer, Int32 offset, Int32 count, AsyncProtocolRequest asyncRequest)
   --- End of inner exception stack trace ---
   at System.Net.Security.NegotiateStream.ProcessRead(Byte[] buffer, Int32 offset, Int32 count, AsyncProtocolRequest asyncRequest)
   at System.Net.Security.NegotiateStream.Read(Byte[] buffer, Int32 offset, Int32 count)
   at System.ServiceModel.Channels.StreamConnection.Read(Byte[] buffer, Int32 offset, Int32 size, TimeSpan timeout)
   --- End of inner exception stack trace ---
   at System.ServiceModel.Channels.StreamConnection.Read(Byte[] buffer, Int32 offset, Int32 size, TimeSpan timeout)
   at System.ServiceModel.Channels.SingletonConnectionReader.Receive(TimeSpan timeout)
   at System.ServiceModel.Channels.StreamedFramingRequestChannel.StreamedFramingRequest.WaitForReply(TimeSpan timeout)
   at System.ServiceModel.Channels.RequestChannel.Request(Message message, TimeSpan timeout)
   --- End of inner exception stack trace ---

Server stack trace: 
   at System.ServiceModel.Channels.RequestChannel.Request(Message message, TimeSpan timeout)
   at System.ServiceModel.Channels.TransactionRequestChannelGeneric`1.Request(Message message, TimeSpan timeout)
   at System.ServiceModel.Dispatcher.RequestChannelBinder.Request(Message message, TimeSpan timeout)
   at System.ServiceModel.Channels.ServiceChannel.Call(String action, Boolean oneway, ProxyOperationRuntime operation, Object[] ins, Object[] outs, TimeSpan timeout)
   at System.ServiceModel.Channels.ServiceChannelProxy.InvokeService(IMethodCallMessage methodCall, ProxyOperationRuntime operation)
   at System.ServiceModel.Channels.ServiceChannelProxy.Invoke(IMessage message)

Exception rethrown at [0]: 
   at A.c22aefe7f39df3d678dba160428b769f4.c0c4ec95a682cbefc208f4f3eb80ff6ad[c5e2460f6ebc534efe90b3230b7797cb4](Func`1 c3c081f340dcdf79e192d50757bce0bee)
   at A.c42ccb3c762729e5c1ed9dd9fb21f7a51.c2a035223c95353a451d486528bb968ce(DateTime ca50651d185b346c217028862887f6062, List`1 c94623007ea3b221db43a7a5c991a9cac, Int32 c27485bd6dedf79f29eccbe33aefab814, DateTime cc0b7aac23bdedea569c99b9f01ab5798, DateTime ca917bd7d663d59239d097b255d937590)
   at Petex.IFM.IVM.VisualWorkflowService.c1c13b709b3df317d725c923928032d5a(c0a78f935034ea252425562b3db1ea988 cc462e40687a776088a0f60dcc4dee4c5, VisualWorkflowResultOptions c97464e7151b310fab45ca8e18c9bbc4d)
2018/09/22 10:08:45.838 INFO  62 A.cdc551499db0039f956e1d0666bfd1504.ca3aa6b2f13c2c1bc9c646f6abf33ed07 - Changing service from :0 to HOUMSEOSIFM007:8787
2018/09/22 10:08:54.525 ERROR 140 A.cec9e090ae538d190220f059017b75b84.Process - System.TimeoutException: The request channel timed out while waiting for a reply after 00:04:51.2319533. Increase the timeout value passed to the call to Request or increase the SendTimeout value on the Binding. The time allotted to this operation may have been a portion of a longer timeout. ---> System.TimeoutException: The socket transfer timed out after 00:04:59.9940000. You have exceeded the timeout set on your binding. The time allotted to this operation may have been a portion of a longer timeout. ---> System.IO.IOException: The read operation failed, see inner exception. ---> System.TimeoutException: The socket transfer timed out after 00:04:59.9940000. You have exceeded the timeout set on your binding. The time allotted to this operation may have been a portion of a longer timeout. ---> System.Net.Sockets.SocketException: A connection attempt failed because the connected party did not properly respond after a period of time, or established connection failed because connected host has failed to respond
   at System.Net.Sockets.Socket.Receive(Byte[] buffer, Int32 offset, Int32 size, SocketFlags socketFlags)
   at System.ServiceModel.Channels.SocketConnection.ReadCore(Byte[] buffer, Int32 offset, Int32 size, TimeSpan timeout, Boolean closing)
   --- End of inner exception stack trace ---
   at System.ServiceModel.Channels.SocketConnection.ReadCore(Byte[] buffer, Int32 offset, Int32 size, TimeSpan timeout, Boolean closing)
   at System.ServiceModel.Channels.SocketConnection.Read(Byte[] buffer, Int32 offset, Int32 size, TimeSpan timeout)
   at System.ServiceModel.Channels.DelegatingConnection.Read(Byte[] buffer, Int32 offset, Int32 size, TimeSpan timeout)
   at System.ServiceModel.Channels.ConnectionStream.Read(Byte[] buffer, Int32 offset, Int32 count)
   at System.Net.FixedSizeReader.ReadPacket(Byte[] buffer, Int32 offset, Int32 count)
   at System.Net.Security.NegotiateStream.StartFrameHeader(Byte[] buffer, Int32 offset, Int32 count, AsyncProtocolRequest asyncRequest)
   at System.Net.Security.NegotiateStream.ProcessRead(Byte[] buffer, Int32 offset, Int32 count, AsyncProtocolRequest asyncRequest)
   --- End of inner exception stack trace ---
   at System.Net.Security.NegotiateStream.ProcessRead(Byte[] buffer, Int32 offset, Int32 count, AsyncProtocolRequest asyncRequest)
   at System.Net.Security.NegotiateStream.Read(Byte[] buffer, Int32 offset, Int32 count)
   at System.ServiceModel.Channels.StreamConnection.Read(Byte[] buffer, Int32 offset, Int32 size, TimeSpan timeout)
   --- End of inner exception stack trace ---
   at System.ServiceModel.Channels.StreamConnection.Read(Byte[] buffer, Int32 offset, Int32 size, TimeSpan timeout)
   at System.ServiceModel.Channels.SingletonConnectionReader.Receive(TimeSpan timeout)
   at System.ServiceModel.Channels.StreamedFramingRequestChannel.StreamedFramingRequest.WaitForReply(TimeSpan timeout)
   at System.ServiceModel.Channels.RequestChannel.Request(Message message, TimeSpan timeout)
   --- End of inner exception stack trace ---

Server stack trace: 
   at System.ServiceModel.Channels.RequestChannel.Request(Message message, TimeSpan timeout)
   at System.ServiceModel.Channels.TransactionRequestChannelGeneric`1.Request(Message message, TimeSpan timeout)
   at System.ServiceModel.Dispatcher.RequestChannelBinder.Request(Message message, TimeSpan timeout)
   at System.ServiceModel.Channels.ServiceChannel.Call(String action, Boolean oneway, ProxyOperationRuntime operation, Object[] ins, Object[] outs, TimeSpan timeout)
   at System.ServiceModel.Channels.ServiceChannelProxy.InvokeService(IMethodCallMessage methodCall, ProxyOperationRuntime operation)
   at System.ServiceModel.Channels.ServiceChannelProxy.Invoke(IMessage message)

Exception rethrown at [0]: 
   at System.Runtime.Remoting.Proxies.RealProxy.HandleReturnMessage(IMessage reqMsg, IMessage retMsg)
   at System.Runtime.Remoting.Proxies.RealProxy.PrivateInvoke(MessageData& msgData, Int32 type)
   at Petex.Service.RequestProcessor.IWcfStreamResponseProcessor.Process(MessageRequest request)
   at A.cec9e090ae538d190220f059017b75b84.Process(MessageRequest request)
Details:
System.TimeoutException: The request channel timed out while waiting for a reply after 00:04:51.2319533. Increase the timeout value passed to the call to Request or increase the SendTimeout value on the Binding. The time allotted to this operation may have been a portion of a longer timeout. ---> System.TimeoutException: The socket transfer timed out after 00:04:59.9940000. You have exceeded the timeout set on your binding. The time allotted to this operation may have been a portion of a longer timeout. ---> System.IO.IOException: The read operation failed, see inner exception. ---> System.TimeoutException: The socket transfer timed out after 00:04:59.9940000. You have exceeded the timeout set on your binding. The time allotted to this operation may have been a portion of a longer timeout. ---> System.Net.Sockets.SocketException: A connection attempt failed because the connected party did not properly respond after a period of time, or established connection failed because connected host has failed to respond
   at System.Net.Sockets.Socket.Receive(Byte[] buffer, Int32 offset, Int32 size, SocketFlags socketFlags)
   at System.ServiceModel.Channels.SocketConnection.ReadCore(Byte[] buffer, Int32 offset, Int32 size, TimeSpan timeout, Boolean closing)
   --- End of inner exception stack trace ---
   at System.ServiceModel.Channels.SocketConnection.ReadCore(Byte[] buffer, Int32 offset, Int32 size, TimeSpan timeout, Boolean closing)
   at System.ServiceModel.Channels.SocketConnection.Read(Byte[] buffer, Int32 offset, Int32 size, TimeSpan timeout)
   at System.ServiceModel.Channels.DelegatingConnection.Read(Byte[] buffer, Int32 offset, Int32 size, TimeSpan timeout)
   at System.ServiceModel.Channels.ConnectionStream.Read(Byte[] buffer, Int32 offset, Int32 count)
   at System.Net.FixedSizeReader.ReadPacket(Byte[] buffer, Int32 offset, Int32 count)
   at System.Net.Security.NegotiateStream.StartFrameHeader(Byte[] buffer, Int32 offset, Int32 count, AsyncProtocolRequest asyncRequest)
   at System.Net.Security.NegotiateStream.ProcessRead(Byte[] buffer, Int32 offset, Int32 count, AsyncProtocolRequest asyncRequest)
   --- End of inner exception stack trace ---
   at System.Net.Security.NegotiateStream.ProcessRead(Byte[] buffer, Int32 offset, Int32 count, AsyncProtocolRequest asyncRequest)
   at System.Net.Security.NegotiateStream.Read(Byte[] buffer, Int32 offset, Int32 count)
   at System.ServiceModel.Channels.StreamConnection.Read(Byte[] buffer, Int32 offset, Int32 size, TimeSpan timeout)
   --- End of inner exception stack trace ---
   at System.ServiceModel.Channels.StreamConnection.Read(Byte[] buffer, Int32 offset, Int32 size, TimeSpan timeout)
   at System.ServiceModel.Channels.SingletonConnectionReader.Receive(TimeSpan timeout)
   at System.ServiceModel.Channels.StreamedFramingRequestChannel.StreamedFramingRequest.WaitForReply(TimeSpan timeout)
   at System.ServiceModel.Channels.RequestChannel.Request(Message message, TimeSpan timeout)
   --- End of inner exception stack trace ---

Server stack trace: 
   at System.ServiceModel.Channels.RequestChannel.Request(Message message, TimeSpan timeout)
   at System.ServiceModel.Channels.TransactionRequestChannelGeneric`1.Request(Message message, TimeSpan timeout)
   at System.ServiceModel.Dispatcher.RequestChannelBinder.Request(Message message, TimeSpan timeout)
   at System.ServiceModel.Channels.ServiceChannel.Call(String action, Boolean oneway, ProxyOperationRuntime operation, Object[] ins, Object[] outs, TimeSpan timeout)
   at System.ServiceModel.Channels.ServiceChannelProxy.InvokeService(IMethodCallMessage methodCall, ProxyOperationRuntime operation)
   at System.ServiceModel.Channels.ServiceChannelProxy.Invoke(IMessage message)

Exception rethrown at [0]: 
   at System.Runtime.Remoting.Proxies.RealProxy.HandleReturnMessage(IMessage reqMsg, IMessage retMsg)
   at System.Runtime.Remoting.Proxies.RealProxy.PrivateInvoke(MessageData& msgData, Int32 type)
   at Petex.Service.RequestProcessor.IWcfStreamResponseProcessor.Process(MessageRequest request)
   at A.cec9e090ae538d190220f059017b75b84.Process(MessageRequest request)
2018/09/22 10:08:54.527 ERROR 140 A.cec9e090ae538d190220f059017b75b84 (Thread 140) ProcID (46564) - System.TimeoutException: The request channel timed out while waiting for a reply after 00:04:51.2319533. Increase the timeout value passed to the call to Request or increase the SendTimeout value on the Binding. The time allotted to this operation may have been a portion of a longer timeout. ---> System.TimeoutException: The socket transfer timed out after 00:04:59.9940000. You have exceeded the timeout set on your binding. The time allotted to this operation may have been a portion of a longer timeout. ---> System.IO.IOException: The read operation failed, see inner exception. ---> System.TimeoutException: The socket transfer timed out after 00:04:59.9940000. You have exceeded the timeout set on your binding. The time allotted to this operation may have been a portion of a longer timeout. ---> System.Net.Sockets.SocketException: A connection attempt failed because the connected party did not properly respond after a period of time, or established connection failed because connected host has failed to respond
   at System.Net.Sockets.Socket.Receive(Byte[] buffer, Int32 offset, Int32 size, SocketFlags socketFlags)
   at System.ServiceModel.Channels.SocketConnection.ReadCore(Byte[] buffer, Int32 offset, Int32 size, TimeSpan timeout, Boolean closing)
   --- End of inner exception stack trace ---
   at System.ServiceModel.Channels.SocketConnection.ReadCore(Byte[] buffer, Int32 offset, Int32 size, TimeSpan timeout, Boolean closing)
   at System.ServiceModel.Channels.SocketConnection.Read(Byte[] buffer, Int32 offset, Int32 size, TimeSpan timeout)
   at System.ServiceModel.Channels.DelegatingConnection.Read(Byte[] buffer, Int32 offset, Int32 size, TimeSpan timeout)
   at System.ServiceModel.Channels.ConnectionStream.Read(Byte[] buffer, Int32 offset, Int32 count)
   at System.Net.FixedSizeReader.ReadPacket(Byte[] buffer, Int32 offset, Int32 count)
   at System.Net.Security.NegotiateStream.StartFrameHeader(Byte[] buffer, Int32 offset, Int32 count, AsyncProtocolRequest asyncRequest)
   at System.Net.Security.NegotiateStream.ProcessRead(Byte[] buffer, Int32 offset, Int32 count, AsyncProtocolRequest asyncRequest)
   --- End of inner exception stack trace ---
   at System.Net.Security.NegotiateStream.ProcessRead(Byte[] buffer, Int32 offset, Int32 count, AsyncProtocolRequest asyncRequest)
   at System.Net.Security.NegotiateStream.Read(Byte[] buffer, Int32 offset, Int32 count)
   at System.ServiceModel.Channels.StreamConnection.Read(Byte[] buffer, Int32 offset, Int32 size, TimeSpan timeout)
   --- End of inner exception stack trace ---
   at System.ServiceModel.Channels.StreamConnection.Read(Byte[] buffer, Int32 offset, Int32 size, TimeSpan timeout)
   at System.ServiceModel.Channels.SingletonConnectionReader.Receive(TimeSpan timeout)
   at System.ServiceModel.Channels.StreamedFramingRequestChannel.StreamedFramingRequest.WaitForReply(TimeSpan timeout)
   at System.ServiceModel.Channels.RequestChannel.Request(Message message, TimeSpan timeout)
   --- End of inner exception stack trace ---

Server stack trace: 
   at System.ServiceModel.Channels.RequestChannel.Request(Message message, TimeSpan timeout)
   at System.ServiceModel.Channels.TransactionRequestChannelGeneric`1.Request(Message message, TimeSpan timeout)
   at System.ServiceModel.Dispatcher.RequestChannelBinder.Request(Message message, TimeSpan timeout)
   at System.ServiceModel.Channels.ServiceChannel.Call(String action, Boolean oneway, ProxyOperationRuntime operation, Object[] ins, Object[] outs, TimeSpan timeout)
   at System.ServiceModel.Channels.ServiceChannelProxy.InvokeService(IMethodCallMessage methodCall, ProxyOperationRuntime operation)
   at System.ServiceModel.Channels.ServiceChannelProxy.Invoke(IMessage message)

Exception rethrown at [0]: 
   at System.Runtime.Remoting.Proxies.RealProxy.HandleReturnMessage(IMessage reqMsg, IMessage retMsg)
   at System.Runtime.Remoting.Proxies.RealProxy.PrivateInvoke(MessageData& msgData, Int32 type)
   at Petex.Service.RequestProcessor.IWcfStreamResponseProcessor.Process(MessageRequest request)
   at A.cec9e090ae538d190220f059017b75b84.Process(MessageRequest request)

method : Process([Petex.Service.RequestProcessor.MessageRequest] request = Petex.Service.RequestProcessor.MessageRequest)

2018/09/22 10:08:54.529 ERROR 5 Petex.IFM.IVM.VisualWorkflowService.c1c13b709b3df317d725c923928032d5a - An error occurred while getting bulk results.
Details:
System.TimeoutException: The request channel timed out while waiting for a reply after 00:04:51.2319533. Increase the timeout value passed to the call to Request or increase the SendTimeout value on the Binding. The time allotted to this operation may have been a portion of a longer timeout. ---> System.TimeoutException: The socket transfer timed out after 00:04:59.9940000. You have exceeded the timeout set on your binding. The time allotted to this operation may have been a portion of a longer timeout. ---> System.IO.IOException: The read operation failed, see inner exception. ---> System.TimeoutException: The socket transfer timed out after 00:04:59.9940000. You have exceeded the timeout set on your binding. The time allotted to this operation may have been a portion of a longer timeout. ---> System.Net.Sockets.SocketException: A connection attempt failed because the connected party did not properly respond after a period of time, or established connection failed because connected host has failed to respond
   at System.Net.Sockets.Socket.Receive(Byte[] buffer, Int32 offset, Int32 size, SocketFlags socketFlags)
   at System.ServiceModel.Channels.SocketConnection.ReadCore(Byte[] buffer, Int32 offset, Int32 size, TimeSpan timeout, Boolean closing)
   --- End of inner exception stack trace ---
   at System.ServiceModel.Channels.SocketConnection.ReadCore(Byte[] buffer, Int32 offset, Int32 size, TimeSpan timeout, Boolean closing)
   at System.ServiceModel.Channels.SocketConnection.Read(Byte[] buffer, Int32 offset, Int32 size, TimeSpan timeout)
   at System.ServiceModel.Channels.DelegatingConnection.Read(Byte[] buffer, Int32 offset, Int32 size, TimeSpan timeout)
   at System.ServiceModel.Channels.ConnectionStream.Read(Byte[] buffer, Int32 offset, Int32 count)
   at System.Net.FixedSizeReader.ReadPacket(Byte[] buffer, Int32 offset, Int32 count)
   at System.Net.Security.NegotiateStream.StartFrameHeader(Byte[] buffer, Int32 offset, Int32 count, AsyncProtocolRequest asyncRequest)
   at System.Net.Security.NegotiateStream.ProcessRead(Byte[] buffer, Int32 offset, Int32 count, AsyncProtocolRequest asyncRequest)
   --- End of inner exception stack trace ---
   at System.Net.Security.NegotiateStream.ProcessRead(Byte[] buffer, Int32 offset, Int32 count, AsyncProtocolRequest asyncRequest)
   at System.Net.Security.NegotiateStream.Read(Byte[] buffer, Int32 offset, Int32 count)
   at System.ServiceModel.Channels.StreamConnection.Read(Byte[] buffer, Int32 offset, Int32 size, TimeSpan timeout)
   --- End of inner exception stack trace ---
   at System.ServiceModel.Channels.StreamConnection.Read(Byte[] buffer, Int32 offset, Int32 size, TimeSpan timeout)
   at System.ServiceModel.Channels.SingletonConnectionReader.Receive(TimeSpan timeout)
   at System.ServiceModel.Channels.StreamedFramingRequestChannel.StreamedFramingRequest.WaitForReply(TimeSpan timeout)
   at System.ServiceModel.Channels.RequestChannel.Request(Message message, TimeSpan timeout)
   --- End of inner exception stack trace ---

Server stack trace: 
   at System.ServiceModel.Channels.RequestChannel.Request(Message message, TimeSpan timeout)
   at System.ServiceModel.Channels.TransactionRequestChannelGeneric`1.Request(Message message, TimeSpan timeout)
   at System.ServiceModel.Dispatcher.RequestChannelBinder.Request(Message message, TimeSpan timeout)
   at System.ServiceModel.Channels.ServiceChannel.Call(String action, Boolean oneway, ProxyOperationRuntime operation, Object[] ins, Object[] outs, TimeSpan timeout)
   at System.ServiceModel.Channels.ServiceChannelProxy.InvokeService(IMethodCallMessage methodCall, ProxyOperationRuntime operation)
   at System.ServiceModel.Channels.ServiceChannelProxy.Invoke(IMessage message)

Exception rethrown at [0]: 
   at A.c22aefe7f39df3d678dba160428b769f4.c0c4ec95a682cbefc208f4f3eb80ff6ad[c5e2460f6ebc534efe90b3230b7797cb4](Func`1 c3c081f340dcdf79e192d50757bce0bee)
   at A.c42ccb3c762729e5c1ed9dd9fb21f7a51.c2a035223c95353a451d486528bb968ce(DateTime ca50651d185b346c217028862887f6062, List`1 c94623007ea3b221db43a7a5c991a9cac, Int32 c27485bd6dedf79f29eccbe33aefab814, DateTime cc0b7aac23bdedea569c99b9f01ab5798, DateTime ca917bd7d663d59239d097b255d937590)
   at Petex.IFM.IVM.VisualWorkflowService.c1c13b709b3df317d725c923928032d5a(c0a78f935034ea252425562b3db1ea988 cc462e40687a776088a0f60dcc4dee4c5, VisualWorkflowResultOptions c97464e7151b310fab45ca8e18c9bbc4d)
2018/09/22 10:13:45.900 INFO  99 A.cdc551499db0039f956e1d0666bfd1504.ca3aa6b2f13c2c1bc9c646f6abf33ed07 - Changing service from :0 to HOUMSEOSIFM007:8787
2018/09/22 10:13:52.666 ERROR 8 A.cec9e090ae538d190220f059017b75b84.Process - System.TimeoutException: The request channel timed out while waiting for a reply after 00:04:56.3659998. Increase the timeout value passed to the call to Request or increase the SendTimeout value on the Binding. The time allotted to this operation may have been a portion of a longer timeout. ---> System.TimeoutException: The socket transfer timed out after 00:04:59.9930000. You have exceeded the timeout set on your binding. The time allotted to this operation may have been a portion of a longer timeout. ---> System.IO.IOException: The read operation failed, see inner exception. ---> System.TimeoutException: The socket transfer timed out after 00:04:59.9930000. You have exceeded the timeout set on your binding. The time allotted to this operation may have been a portion of a longer timeout. ---> System.Net.Sockets.SocketException: A connection attempt failed because the connected party did not properly respond after a period of time, or established connection failed because connected host has failed to respond
   at System.Net.Sockets.Socket.Receive(Byte[] buffer, Int32 offset, Int32 size, SocketFlags socketFlags)
   at System.ServiceModel.Channels.SocketConnection.ReadCore(Byte[] buffer, Int32 offset, Int32 size, TimeSpan timeout, Boolean closing)
   --- End of inner exception stack trace ---
   at System.ServiceModel.Channels.SocketConnection.ReadCore(Byte[] buffer, Int32 offset, Int32 size, TimeSpan timeout, Boolean closing)
   at System.ServiceModel.Channels.SocketConnection.Read(Byte[] buffer, Int32 offset, Int32 size, TimeSpan timeout)
   at System.ServiceModel.Channels.DelegatingConnection.Read(Byte[] buffer, Int32 offset, Int32 size, TimeSpan timeout)
   at System.ServiceModel.Channels.ConnectionStream.Read(Byte[] buffer, Int32 offset, Int32 count)
   at System.Net.FixedSizeReader.ReadPacket(Byte[] buffer, Int32 offset, Int32 count)
   at System.Net.Security.NegotiateStream.StartFrameHeader(Byte[] buffer, Int32 offset, Int32 count, AsyncProtocolRequest asyncRequest)
   at System.Net.Security.NegotiateStream.ProcessRead(Byte[] buffer, Int32 offset, Int32 count, AsyncProtocolRequest asyncRequest)
   --- End of inner exception stack trace ---
   at System.Net.Security.NegotiateStream.ProcessRead(Byte[] buffer, Int32 offset, Int32 count, AsyncProtocolRequest asyncRequest)
   at System.Net.Security.NegotiateStream.Read(Byte[] buffer, Int32 offset, Int32 count)
   at System.ServiceModel.Channels.StreamConnection.Read(Byte[] buffer, Int32 offset, Int32 size, TimeSpan timeout)
   --- End of inner exception stack trace ---
   at System.ServiceModel.Channels.StreamConnection.Read(Byte[] buffer, Int32 offset, Int32 size, TimeSpan timeout)
   at System.ServiceModel.Channels.SingletonConnectionReader.Receive(TimeSpan timeout)
   at System.ServiceModel.Channels.StreamedFramingRequestChannel.StreamedFramingRequest.WaitForReply(TimeSpan timeout)
   at System.ServiceModel.Channels.RequestChannel.Request(Message message, TimeSpan timeout)
   --- End of inner exception stack trace ---

Server stack trace: 
   at System.ServiceModel.Channels.RequestChannel.Request(Message message, TimeSpan timeout)
   at System.ServiceModel.Channels.TransactionRequestChannelGeneric`1.Request(Message message, TimeSpan timeout)
   at System.ServiceModel.Dispatcher.RequestChannelBinder.Request(Message message, TimeSpan timeout)
   at System.ServiceModel.Channels.ServiceChannel.Call(String action, Boolean oneway, ProxyOperationRuntime operation, Object[] ins, Object[] outs, TimeSpan timeout)
   at System.ServiceModel.Channels.ServiceChannelProxy.InvokeService(IMethodCallMessage methodCall, ProxyOperationRuntime operation)
   at System.ServiceModel.Channels.ServiceChannelProxy.Invoke(IMessage message)

Exception rethrown at [0]: 
   at System.Runtime.Remoting.Proxies.RealProxy.HandleReturnMessage(IMessage reqMsg, IMessage retMsg)
   at System.Runtime.Remoting.Proxies.RealProxy.PrivateInvoke(MessageData& msgData, Int32 type)
   at Petex.Service.RequestProcessor.IWcfStreamResponseProcessor.Process(MessageRequest request)
   at A.cec9e090ae538d190220f059017b75b84.Process(MessageRequest request)
Details:
System.TimeoutException: The request channel timed out while waiting for a reply after 00:04:56.3659998. Increase the timeout value passed to the call to Request or increase the SendTimeout value on the Binding. The time allotted to this operation may have been a portion of a longer timeout. ---> System.TimeoutException: The socket transfer timed out after 00:04:59.9930000. You have exceeded the timeout set on your binding. The time allotted to this operation may have been a portion of a longer timeout. ---> System.IO.IOException: The read operation failed, see inner exception. ---> System.TimeoutException: The socket transfer timed out after 00:04:59.9930000. You have exceeded the timeout set on your binding. The time allotted to this operation may have been a portion of a longer timeout. ---> System.Net.Sockets.SocketException: A connection attempt failed because the connected party did not properly respond after a period of time, or established connection failed because connected host has failed to respond
   at System.Net.Sockets.Socket.Receive(Byte[] buffer, Int32 offset, Int32 size, SocketFlags socketFlags)
   at System.ServiceModel.Channels.SocketConnection.ReadCore(Byte[] buffer, Int32 offset, Int32 size, TimeSpan timeout, Boolean closing)
   --- End of inner exception stack trace ---
   at System.ServiceModel.Channels.SocketConnection.ReadCore(Byte[] buffer, Int32 offset, Int32 size, TimeSpan timeout, Boolean closing)
   at System.ServiceModel.Channels.SocketConnection.Read(Byte[] buffer, Int32 offset, Int32 size, TimeSpan timeout)
   at System.ServiceModel.Channels.DelegatingConnection.Read(Byte[] buffer, Int32 offset, Int32 size, TimeSpan timeout)
   at System.ServiceModel.Channels.ConnectionStream.Read(Byte[] buffer, Int32 offset, Int32 count)
   at System.Net.FixedSizeReader.ReadPacket(Byte[] buffer, Int32 offset, Int32 count)
   at System.Net.Security.NegotiateStream.StartFrameHeader(Byte[] buffer, Int32 offset, Int32 count, AsyncProtocolRequest asyncRequest)
   at System.Net.Security.NegotiateStream.ProcessRead(Byte[] buffer, Int32 offset, Int32 count, AsyncProtocolRequest asyncRequest)
   --- End of inner exception stack trace ---
   at System.Net.Security.NegotiateStream.ProcessRead(Byte[] buffer, Int32 offset, Int32 count, AsyncProtocolRequest asyncRequest)
   at System.Net.Security.NegotiateStream.Read(Byte[] buffer, Int32 offset, Int32 count)
   at System.ServiceModel.Channels.StreamConnection.Read(Byte[] buffer, Int32 offset, Int32 size, TimeSpan timeout)
   --- End of inner exception stack trace ---
   at System.ServiceModel.Channels.StreamConnection.Read(Byte[] buffer, Int32 offset, Int32 size, TimeSpan timeout)
   at System.ServiceModel.Channels.SingletonConnectionReader.Receive(TimeSpan timeout)
   at System.ServiceModel.Channels.StreamedFramingRequestChannel.StreamedFramingRequest.WaitForReply(TimeSpan timeout)
   at System.ServiceModel.Channels.RequestChannel.Request(Message message, TimeSpan timeout)
   --- End of inner exception stack trace ---

Server stack trace: 
   at System.ServiceModel.Channels.RequestChannel.Request(Message message, TimeSpan timeout)
   at System.ServiceModel.Channels.TransactionRequestChannelGeneric`1.Request(Message message, TimeSpan timeout)
   at System.ServiceModel.Dispatcher.RequestChannelBinder.Request(Message message, TimeSpan timeout)
   at System.ServiceModel.Channels.ServiceChannel.Call(String action, Boolean oneway, ProxyOperationRuntime operation, Object[] ins, Object[] outs, TimeSpan timeout)
   at System.ServiceModel.Channels.ServiceChannelProxy.InvokeService(IMethodCallMessage methodCall, ProxyOperationRuntime operation)
   at System.ServiceModel.Channels.ServiceChannelProxy.Invoke(IMessage message)

Exception rethrown at [0]: 
   at System.Runtime.Remoting.Proxies.RealProxy.HandleReturnMessage(IMessage reqMsg, IMessage retMsg)
   at System.Runtime.Remoting.Proxies.RealProxy.PrivateInvoke(MessageData& msgData, Int32 type)
   at Petex.Service.RequestProcessor.IWcfStreamResponseProcessor.Process(MessageRequest request)
   at A.cec9e090ae538d190220f059017b75b84.Process(MessageRequest request)
2018/09/22 10:13:52.668 ERROR 8 A.cec9e090ae538d190220f059017b75b84 (Thread 8) ProcID (46564) - System.TimeoutException: The request channel timed out while waiting for a reply after 00:04:56.3659998. Increase the timeout value passed to the call to Request or increase the SendTimeout value on the Binding. The time allotted to this operation may have been a portion of a longer timeout. ---> System.TimeoutException: The socket transfer timed out after 00:04:59.9930000. You have exceeded the timeout set on your binding. The time allotted to this operation may have been a portion of a longer timeout. ---> System.IO.IOException: The read operation failed, see inner exception. ---> System.TimeoutException: The socket transfer timed out after 00:04:59.9930000. You have exceeded the timeout set on your binding. The time allotted to this operation may have been a portion of a longer timeout. ---> System.Net.Sockets.SocketException: A connection attempt failed because the connected party did not properly respond after a period of time, or established connection failed because connected host has failed to respond
   at System.Net.Sockets.Socket.Receive(Byte[] buffer, Int32 offset, Int32 size, SocketFlags socketFlags)
   at System.ServiceModel.Channels.SocketConnection.ReadCore(Byte[] buffer, Int32 offset, Int32 size, TimeSpan timeout, Boolean closing)
   --- End of inner exception stack trace ---
   at System.ServiceModel.Channels.SocketConnection.ReadCore(Byte[] buffer, Int32 offset, Int32 size, TimeSpan timeout, Boolean closing)
   at System.ServiceModel.Channels.SocketConnection.Read(Byte[] buffer, Int32 offset, Int32 size, TimeSpan timeout)
   at System.ServiceModel.Channels.DelegatingConnection.Read(Byte[] buffer, Int32 offset, Int32 size, TimeSpan timeout)
   at System.ServiceModel.Channels.ConnectionStream.Read(Byte[] buffer, Int32 offset, Int32 count)
   at System.Net.FixedSizeReader.ReadPacket(Byte[] buffer, Int32 offset, Int32 count)
   at System.Net.Security.NegotiateStream.StartFrameHeader(Byte[] buffer, Int32 offset, Int32 count, AsyncProtocolRequest asyncRequest)
   at System.Net.Security.NegotiateStream.ProcessRead(Byte[] buffer, Int32 offset, Int32 count, AsyncProtocolRequest asyncRequest)
   --- End of inner exception stack trace ---
   at System.Net.Security.NegotiateStream.ProcessRead(Byte[] buffer, Int32 offset, Int32 count, AsyncProtocolRequest asyncRequest)
   at System.Net.Security.NegotiateStream.Read(Byte[] buffer, Int32 offset, Int32 count)
   at System.ServiceModel.Channels.StreamConnection.Read(Byte[] buffer, Int32 offset, Int32 size, TimeSpan timeout)
   --- End of inner exception stack trace ---
   at System.ServiceModel.Channels.StreamConnection.Read(Byte[] buffer, Int32 offset, Int32 size, TimeSpan timeout)
   at System.ServiceModel.Channels.SingletonConnectionReader.Receive(TimeSpan timeout)
   at System.ServiceModel.Channels.StreamedFramingRequestChannel.StreamedFramingRequest.WaitForReply(TimeSpan timeout)
   at System.ServiceModel.Channels.RequestChannel.Request(Message message, TimeSpan timeout)
   --- End of inner exception stack trace ---

Server stack trace: 
   at System.ServiceModel.Channels.RequestChannel.Request(Message message, TimeSpan timeout)
   at System.ServiceModel.Channels.TransactionRequestChannelGeneric`1.Request(Message message, TimeSpan timeout)
   at System.ServiceModel.Dispatcher.RequestChannelBinder.Request(Message message, TimeSpan timeout)
   at System.ServiceModel.Channels.ServiceChannel.Call(String action, Boolean oneway, ProxyOperationRuntime operation, Object[] ins, Object[] outs, TimeSpan timeout)
   at System.ServiceModel.Channels.ServiceChannelProxy.InvokeService(IMethodCallMessage methodCall, ProxyOperationRuntime operation)
   at System.ServiceModel.Channels.ServiceChannelProxy.Invoke(IMessage message)

Exception rethrown at [0]: 
   at System.Runtime.Remoting.Proxies.RealProxy.HandleReturnMessage(IMessage reqMsg, IMessage retMsg)
   at System.Runtime.Remoting.Proxies.RealProxy.PrivateInvoke(MessageData& msgData, Int32 type)
   at Petex.Service.RequestProcessor.IWcfStreamResponseProcessor.Process(MessageRequest request)
   at A.cec9e090ae538d190220f059017b75b84.Process(MessageRequest request)

method : Process([Petex.Service.RequestProcessor.MessageRequest] request = Petex.Service.RequestProcessor.MessageRequest)

2018/09/22 10:13:52.670 ERROR 79 Petex.IFM.IVM.VisualWorkflowService.c1c13b709b3df317d725c923928032d5a - An error occurred while getting bulk results.
Details:
System.TimeoutException: The request channel timed out while waiting for a reply after 00:04:56.3659998. Increase the timeout value passed to the call to Request or increase the SendTimeout value on the Binding. The time allotted to this operation may have been a portion of a longer timeout. ---> System.TimeoutException: The socket transfer timed out after 00:04:59.9930000. You have exceeded the timeout set on your binding. The time allotted to this operation may have been a portion of a longer timeout. ---> System.IO.IOException: The read operation failed, see inner exception. ---> System.TimeoutException: The socket transfer timed out after 00:04:59.9930000. You have exceeded the timeout set on your binding. The time allotted to this operation may have been a portion of a longer timeout. ---> System.Net.Sockets.SocketException: A connection attempt failed because the connected party did not properly respond after a period of time, or established connection failed because connected host has failed to respond
   at System.Net.Sockets.Socket.Receive(Byte[] buffer, Int32 offset, Int32 size, SocketFlags socketFlags)
   at System.ServiceModel.Channels.SocketConnection.ReadCore(Byte[] buffer, Int32 offset, Int32 size, TimeSpan timeout, Boolean closing)
   --- End of inner exception stack trace ---
   at System.ServiceModel.Channels.SocketConnection.ReadCore(Byte[] buffer, Int32 offset, Int32 size, TimeSpan timeout, Boolean closing)
   at System.ServiceModel.Channels.SocketConnection.Read(Byte[] buffer, Int32 offset, Int32 size, TimeSpan timeout)
   at System.ServiceModel.Channels.DelegatingConnection.Read(Byte[] buffer, Int32 offset, Int32 size, TimeSpan timeout)
   at System.ServiceModel.Channels.ConnectionStream.Read(Byte[] buffer, Int32 offset, Int32 count)
   at System.Net.FixedSizeReader.ReadPacket(Byte[] buffer, Int32 offset, Int32 count)
   at System.Net.Security.NegotiateStream.StartFrameHeader(Byte[] buffer, Int32 offset, Int32 count, AsyncProtocolRequest asyncRequest)
   at System.Net.Security.NegotiateStream.ProcessRead(Byte[] buffer, Int32 offset, Int32 count, AsyncProtocolRequest asyncRequest)
   --- End of inner exception stack trace ---
   at System.Net.Security.NegotiateStream.ProcessRead(Byte[] buffer, Int32 offset, Int32 count, AsyncProtocolRequest asyncRequest)
   at System.Net.Security.NegotiateStream.Read(Byte[] buffer, Int32 offset, Int32 count)
   at System.ServiceModel.Channels.StreamConnection.Read(Byte[] buffer, Int32 offset, Int32 size, TimeSpan timeout)
   --- End of inner exception stack trace ---
   at System.ServiceModel.Channels.StreamConnection.Read(Byte[] buffer, Int32 offset, Int32 size, TimeSpan timeout)
   at System.ServiceModel.Channels.SingletonConnectionReader.Receive(TimeSpan timeout)
   at System.ServiceModel.Channels.StreamedFramingRequestChannel.StreamedFramingRequest.WaitForReply(TimeSpan timeout)
   at System.ServiceModel.Channels.RequestChannel.Request(Message message, TimeSpan timeout)
   --- End of inner exception stack trace ---

Server stack trace: 
   at System.ServiceModel.Channels.RequestChannel.Request(Message message, TimeSpan timeout)
   at System.ServiceModel.Channels.TransactionRequestChannelGeneric`1.Request(Message message, TimeSpan timeout)
   at System.ServiceModel.Dispatcher.RequestChannelBinder.Request(Message message, TimeSpan timeout)
   at System.ServiceModel.Channels.ServiceChannel.Call(String action, Boolean oneway, ProxyOperationRuntime operation, Object[] ins, Object[] outs, TimeSpan timeout)
   at System.ServiceModel.Channels.ServiceChannelProxy.InvokeService(IMethodCallMessage methodCall, ProxyOperationRuntime operation)
   at System.ServiceModel.Channels.ServiceChannelProxy.Invoke(IMessage message)

Exception rethrown at [0]: 
   at A.c22aefe7f39df3d678dba160428b769f4.c0c4ec95a682cbefc208f4f3eb80ff6ad[c5e2460f6ebc534efe90b3230b7797cb4](Func`1 c3c081f340dcdf79e192d50757bce0bee)
   at A.c42ccb3c762729e5c1ed9dd9fb21f7a51.c2a035223c95353a451d486528bb968ce(DateTime ca50651d185b346c217028862887f6062, List`1 c94623007ea3b221db43a7a5c991a9cac, Int32 c27485bd6dedf79f29eccbe33aefab814, DateTime cc0b7aac23bdedea569c99b9f01ab5798, DateTime ca917bd7d663d59239d097b255d937590)
   at Petex.IFM.IVM.VisualWorkflowService.c1c13b709b3df317d725c923928032d5a(c0a78f935034ea252425562b3db1ea988 cc462e40687a776088a0f60dcc4dee4c5, VisualWorkflowResultOptions c97464e7151b310fab45ca8e18c9bbc4d)
2018/09/22 10:18:45.972 INFO  125 A.cdc551499db0039f956e1d0666bfd1504.ca3aa6b2f13c2c1bc9c646f6abf33ed07 - Changing service from :0 to HOUMSEOSIFM007:8787
2018/09/22 10:18:53.347 ERROR 70 A.cec9e090ae538d190220f059017b75b84.Process - System.TimeoutException: The request channel timed out while waiting for a reply after 00:04:56.4231115. Increase the timeout value passed to the call to Request or increase the SendTimeout value on the Binding. The time allotted to this operation may have been a portion of a longer timeout. ---> System.TimeoutException: The socket transfer timed out after 00:04:59.9950000. You have exceeded the timeout set on your binding. The time allotted to this operation may have been a portion of a longer timeout. ---> System.IO.IOException: The read operation failed, see inner exception. ---> System.TimeoutException: The socket transfer timed out after 00:04:59.9950000. You have exceeded the timeout set on your binding. The time allotted to this operation may have been a portion of a longer timeout. ---> System.Net.Sockets.SocketException: A connection attempt failed because the connected party did not properly respond after a period of time, or established connection failed because connected host has failed to respond
   at System.Net.Sockets.Socket.Receive(Byte[] buffer, Int32 offset, Int32 size, SocketFlags socketFlags)
   at System.ServiceModel.Channels.SocketConnection.ReadCore(Byte[] buffer, Int32 offset, Int32 size, TimeSpan timeout, Boolean closing)
   --- End of inner exception stack trace ---
   at System.ServiceModel.Channels.SocketConnection.ReadCore(Byte[] buffer, Int32 offset, Int32 size, TimeSpan timeout, Boolean closing)
   at System.ServiceModel.Channels.SocketConnection.Read(Byte[] buffer, Int32 offset, Int32 size, TimeSpan timeout)
   at System.ServiceModel.Channels.DelegatingConnection.Read(Byte[] buffer, Int32 offset, Int32 size, TimeSpan timeout)
   at System.ServiceModel.Channels.ConnectionStream.Read(Byte[] buffer, Int32 offset, Int32 count)
   at System.Net.FixedSizeReader.ReadPacket(Byte[] buffer, Int32 offset, Int32 count)
   at System.Net.Security.NegotiateStream.StartFrameHeader(Byte[] buffer, Int32 offset, Int32 count, AsyncProtocolRequest asyncRequest)
   at System.Net.Security.NegotiateStream.ProcessRead(Byte[] buffer, Int32 offset, Int32 count, AsyncProtocolRequest asyncRequest)
   --- End of inner exception stack trace ---
   at System.Net.Security.NegotiateStream.ProcessRead(Byte[] buffer, Int32 offset, Int32 count, AsyncProtocolRequest asyncRequest)
   at System.Net.Security.NegotiateStream.Read(Byte[] buffer, Int32 offset, Int32 count)
   at System.ServiceModel.Channels.StreamConnection.Read(Byte[] buffer, Int32 offset, Int32 size, TimeSpan timeout)
   --- End of inner exception stack trace ---
   at System.ServiceModel.Channels.StreamConnection.Read(Byte[] buffer, Int32 offset, Int32 size, TimeSpan timeout)
   at System.ServiceModel.Channels.SingletonConnectionReader.Receive(TimeSpan timeout)
   at System.ServiceModel.Channels.StreamedFramingRequestChannel.StreamedFramingRequest.WaitForReply(TimeSpan timeout)
   at System.ServiceModel.Channels.RequestChannel.Request(Message message, TimeSpan timeout)
   --- End of inner exception stack trace ---

Server stack trace: 
   at System.ServiceModel.Channels.RequestChannel.Request(Message message, TimeSpan timeout)
   at System.ServiceModel.Channels.TransactionRequestChannelGeneric`1.Request(Message message, TimeSpan timeout)
   at System.ServiceModel.Dispatcher.RequestChannelBinder.Request(Message message, TimeSpan timeout)
   at System.ServiceModel.Channels.ServiceChannel.Call(String action, Boolean oneway, ProxyOperationRuntime operation, Object[] ins, Object[] outs, TimeSpan timeout)
   at System.ServiceModel.Channels.ServiceChannelProxy.InvokeService(IMethodCallMessage methodCall, ProxyOperationRuntime operation)
   at System.ServiceModel.Channels.ServiceChannelProxy.Invoke(IMessage message)

Exception rethrown at [0]: 
   at System.Runtime.Remoting.Proxies.RealProxy.HandleReturnMessage(IMessage reqMsg, IMessage retMsg)
   at System.Runtime.Remoting.Proxies.RealProxy.PrivateInvoke(MessageData& msgData, Int32 type)
   at Petex.Service.RequestProcessor.IWcfStreamResponseProcessor.Process(MessageRequest request)
   at A.cec9e090ae538d190220f059017b75b84.Process(MessageRequest request)
Details:
System.TimeoutException: The request channel timed out while waiting for a reply after 00:04:56.4231115. Increase the timeout value passed to the call to Request or increase the SendTimeout value on the Binding. The time allotted to this operation may have been a portion of a longer timeout. ---> System.TimeoutException: The socket transfer timed out after 00:04:59.9950000. You have exceeded the timeout set on your binding. The time allotted to this operation may have been a portion of a longer timeout. ---> System.IO.IOException: The read operation failed, see inner exception. ---> System.TimeoutException: The socket transfer timed out after 00:04:59.9950000. You have exceeded the timeout set on your binding. The time allotted to this operation may have been a portion of a longer timeout. ---> System.Net.Sockets.SocketException: A connection attempt failed because the connected party did not properly respond after a period of time, or established connection failed because connected host has failed to respond
   at System.Net.Sockets.Socket.Receive(Byte[] buffer, Int32 offset, Int32 size, SocketFlags socketFlags)
   at System.ServiceModel.Channels.SocketConnection.ReadCore(Byte[] buffer, Int32 offset, Int32 size, TimeSpan timeout, Boolean closing)
   --- End of inner exception stack trace ---
   at System.ServiceModel.Channels.SocketConnection.ReadCore(Byte[] buffer, Int32 offset, Int32 size, TimeSpan timeout, Boolean closing)
   at System.ServiceModel.Channels.SocketConnection.Read(Byte[] buffer, Int32 offset, Int32 size, TimeSpan timeout)
   at System.ServiceModel.Channels.DelegatingConnection.Read(Byte[] buffer, Int32 offset, Int32 size, TimeSpan timeout)
   at System.ServiceModel.Channels.ConnectionStream.Read(Byte[] buffer, Int32 offset, Int32 count)
   at System.Net.FixedSizeReader.ReadPacket(Byte[] buffer, Int32 offset, Int32 count)
   at System.Net.Security.NegotiateStream.StartFrameHeader(Byte[] buffer, Int32 offset, Int32 count, AsyncProtocolRequest asyncRequest)
   at System.Net.Security.NegotiateStream.ProcessRead(Byte[] buffer, Int32 offset, Int32 count, AsyncProtocolRequest asyncRequest)
   --- End of inner exception stack trace ---
   at System.Net.Security.NegotiateStream.ProcessRead(Byte[] buffer, Int32 offset, Int32 count, AsyncProtocolRequest asyncRequest)
   at System.Net.Security.NegotiateStream.Read(Byte[] buffer, Int32 offset, Int32 count)
   at System.ServiceModel.Channels.StreamConnection.Read(Byte[] buffer, Int32 offset, Int32 size, TimeSpan timeout)
   --- End of inner exception stack trace ---
   at System.ServiceModel.Channels.StreamConnection.Read(Byte[] buffer, Int32 offset, Int32 size, TimeSpan timeout)
   at System.ServiceModel.Channels.SingletonConnectionReader.Receive(TimeSpan timeout)
   at System.ServiceModel.Channels.StreamedFramingRequestChannel.StreamedFramingRequest.WaitForReply(TimeSpan timeout)
   at System.ServiceModel.Channels.RequestChannel.Request(Message message, TimeSpan timeout)
   --- End of inner exception stack trace ---

Server stack trace: 
   at System.ServiceModel.Channels.RequestChannel.Request(Message message, TimeSpan timeout)
   at System.ServiceModel.Channels.TransactionRequestChannelGeneric`1.Request(Message message, TimeSpan timeout)
   at System.ServiceModel.Dispatcher.RequestChannelBinder.Request(Message message, TimeSpan timeout)
   at System.ServiceModel.Channels.ServiceChannel.Call(String action, Boolean oneway, ProxyOperationRuntime operation, Object[] ins, Object[] outs, TimeSpan timeout)
   at System.ServiceModel.Channels.ServiceChannelProxy.InvokeService(IMethodCallMessage methodCall, ProxyOperationRuntime operation)
   at System.ServiceModel.Channels.ServiceChannelProxy.Invoke(IMessage message)

Exception rethrown at [0]: 
   at System.Runtime.Remoting.Proxies.RealProxy.HandleReturnMessage(IMessage reqMsg, IMessage retMsg)
   at System.Runtime.Remoting.Proxies.RealProxy.PrivateInvoke(MessageData& msgData, Int32 type)
   at Petex.Service.RequestProcessor.IWcfStreamResponseProcessor.Process(MessageRequest request)
   at A.cec9e090ae538d190220f059017b75b84.Process(MessageRequest request)
2018/09/22 10:18:53.349 ERROR 70 A.cec9e090ae538d190220f059017b75b84 (Thread 70) ProcID (46564) - System.TimeoutException: The request channel timed out while waiting for a reply after 00:04:56.4231115. Increase the timeout value passed to the call to Request or increase the SendTimeout value on the Binding. The time allotted to this operation may have been a portion of a longer timeout. ---> System.TimeoutException: The socket transfer timed out after 00:04:59.9950000. You have exceeded the timeout set on your binding. The time allotted to this operation may have been a portion of a longer timeout. ---> System.IO.IOException: The read operation failed, see inner exception. ---> System.TimeoutException: The socket transfer timed out after 00:04:59.9950000. You have exceeded the timeout set on your binding. The time allotted to this operation may have been a portion of a longer timeout. ---> System.Net.Sockets.SocketException: A connection attempt failed because the connected party did not properly respond after a period of time, or established connection failed because connected host has failed to respond
   at System.Net.Sockets.Socket.Receive(Byte[] buffer, Int32 offset, Int32 size, SocketFlags socketFlags)
   at System.ServiceModel.Channels.SocketConnection.ReadCore(Byte[] buffer, Int32 offset, Int32 size, TimeSpan timeout, Boolean closing)
   --- End of inner exception stack trace ---
   at System.ServiceModel.Channels.SocketConnection.ReadCore(Byte[] buffer, Int32 offset, Int32 size, TimeSpan timeout, Boolean closing)
   at System.ServiceModel.Channels.SocketConnection.Read(Byte[] buffer, Int32 offset, Int32 size, TimeSpan timeout)
   at System.ServiceModel.Channels.DelegatingConnection.Read(Byte[] buffer, Int32 offset, Int32 size, TimeSpan timeout)
   at System.ServiceModel.Channels.ConnectionStream.Read(Byte[] buffer, Int32 offset, Int32 count)
   at System.Net.FixedSizeReader.ReadPacket(Byte[] buffer, Int32 offset, Int32 count)
   at System.Net.Security.NegotiateStream.StartFrameHeader(Byte[] buffer, Int32 offset, Int32 count, AsyncProtocolRequest asyncRequest)
   at System.Net.Security.NegotiateStream.ProcessRead(Byte[] buffer, Int32 offset, Int32 count, AsyncProtocolRequest asyncRequest)
   --- End of inner exception stack trace ---
   at System.Net.Security.NegotiateStream.ProcessRead(Byte[] buffer, Int32 offset, Int32 count, AsyncProtocolRequest asyncRequest)
   at System.Net.Security.NegotiateStream.Read(Byte[] buffer, Int32 offset, Int32 count)
   at System.ServiceModel.Channels.StreamConnection.Read(Byte[] buffer, Int32 offset, Int32 size, TimeSpan timeout)
   --- End of inner exception stack trace ---
   at System.ServiceModel.Channels.StreamConnection.Read(Byte[] buffer, Int32 offset, Int32 size, TimeSpan timeout)
   at System.ServiceModel.Channels.SingletonConnectionReader.Receive(TimeSpan timeout)
   at System.ServiceModel.Channels.StreamedFramingRequestChannel.StreamedFramingRequest.WaitForReply(TimeSpan timeout)
   at System.ServiceModel.Channels.RequestChannel.Request(Message message, TimeSpan timeout)
   --- End of inner exception stack trace ---

Server stack trace: 
   at System.ServiceModel.Channels.RequestChannel.Request(Message message, TimeSpan timeout)
   at System.ServiceModel.Channels.TransactionRequestChannelGeneric`1.Request(Message message, TimeSpan timeout)
   at System.ServiceModel.Dispatcher.RequestChannelBinder.Request(Message message, TimeSpan timeout)
   at System.ServiceModel.Channels.ServiceChannel.Call(String action, Boolean oneway, ProxyOperationRuntime operation, Object[] ins, Object[] outs, TimeSpan timeout)
   at System.ServiceModel.Channels.ServiceChannelProxy.InvokeService(IMethodCallMessage methodCall, ProxyOperationRuntime operation)
   at System.ServiceModel.Channels.ServiceChannelProxy.Invoke(IMessage message)

Exception rethrown at [0]: 
   at System.Runtime.Remoting.Proxies.RealProxy.HandleReturnMessage(IMessage reqMsg, IMessage retMsg)
   at System.Runtime.Remoting.Proxies.RealProxy.PrivateInvoke(MessageData& msgData, Int32 type)
   at Petex.Service.RequestProcessor.IWcfStreamResponseProcessor.Process(MessageRequest request)
   at A.cec9e090ae538d190220f059017b75b84.Process(MessageRequest request)

method : Process([Petex.Service.RequestProcessor.MessageRequest] request = Petex.Service.RequestProcessor.MessageRequest)

2018/09/22 10:18:53.351 ERROR 109 Petex.IFM.IVM.VisualWorkflowService.c1c13b709b3df317d725c923928032d5a - An error occurred while getting bulk results.
Details:
System.TimeoutException: The request channel timed out while waiting for a reply after 00:04:56.4231115. Increase the timeout value passed to the call to Request or increase the SendTimeout value on the Binding. The time allotted to this operation may have been a portion of a longer timeout. ---> System.TimeoutException: The socket transfer timed out after 00:04:59.9950000. You have exceeded the timeout set on your binding. The time allotted to this operation may have been a portion of a longer timeout. ---> System.IO.IOException: The read operation failed, see inner exception. ---> System.TimeoutException: The socket transfer timed out after 00:04:59.9950000. You have exceeded the timeout set on your binding. The time allotted to this operation may have been a portion of a longer timeout. ---> System.Net.Sockets.SocketException: A connection attempt failed because the connected party did not properly respond after a period of time, or established connection failed because connected host has failed to respond
   at System.Net.Sockets.Socket.Receive(Byte[] buffer, Int32 offset, Int32 size, SocketFlags socketFlags)
   at System.ServiceModel.Channels.SocketConnection.ReadCore(Byte[] buffer, Int32 offset, Int32 size, TimeSpan timeout, Boolean closing)
   --- End of inner exception stack trace ---
   at System.ServiceModel.Channels.SocketConnection.ReadCore(Byte[] buffer, Int32 offset, Int32 size, TimeSpan timeout, Boolean closing)
   at System.ServiceModel.Channels.SocketConnection.Read(Byte[] buffer, Int32 offset, Int32 size, TimeSpan timeout)
   at System.ServiceModel.Channels.DelegatingConnection.Read(Byte[] buffer, Int32 offset, Int32 size, TimeSpan timeout)
   at System.ServiceModel.Channels.ConnectionStream.Read(Byte[] buffer, Int32 offset, Int32 count)
   at System.Net.FixedSizeReader.ReadPacket(Byte[] buffer, Int32 offset, Int32 count)
   at System.Net.Security.NegotiateStream.StartFrameHeader(Byte[] buffer, Int32 offset, Int32 count, AsyncProtocolRequest asyncRequest)
   at System.Net.Security.NegotiateStream.ProcessRead(Byte[] buffer, Int32 offset, Int32 count, AsyncProtocolRequest asyncRequest)
   --- End of inner exception stack trace ---
   at System.Net.Security.NegotiateStream.ProcessRead(Byte[] buffer, Int32 offset, Int32 count, AsyncProtocolRequest asyncRequest)
   at System.Net.Security.NegotiateStream.Read(Byte[] buffer, Int32 offset, Int32 count)
   at System.ServiceModel.Channels.StreamConnection.Read(Byte[] buffer, Int32 offset, Int32 size, TimeSpan timeout)
   --- End of inner exception stack trace ---
   at System.ServiceModel.Channels.StreamConnection.Read(Byte[] buffer, Int32 offset, Int32 size, TimeSpan timeout)
   at System.ServiceModel.Channels.SingletonConnectionReader.Receive(TimeSpan timeout)
   at System.ServiceModel.Channels.StreamedFramingRequestChannel.StreamedFramingRequest.WaitForReply(TimeSpan timeout)
   at System.ServiceModel.Channels.RequestChannel.Request(Message message, TimeSpan timeout)
   --- End of inner exception stack trace ---

Server stack trace: 
   at System.ServiceModel.Channels.RequestChannel.Request(Message message, TimeSpan timeout)
   at System.ServiceModel.Channels.TransactionRequestChannelGeneric`1.Request(Message message, TimeSpan timeout)
   at System.ServiceModel.Dispatcher.RequestChannelBinder.Request(Message message, TimeSpan timeout)
   at System.ServiceModel.Channels.ServiceChannel.Call(String action, Boolean oneway, ProxyOperationRuntime operation, Object[] ins, Object[] outs, TimeSpan timeout)
   at System.ServiceModel.Channels.ServiceChannelProxy.InvokeService(IMethodCallMessage methodCall, ProxyOperationRuntime operation)
   at System.ServiceModel.Channels.ServiceChannelProxy.Invoke(IMessage message)

Exception rethrown at [0]: 
   at A.c22aefe7f39df3d678dba160428b769f4.c0c4ec95a682cbefc208f4f3eb80ff6ad[c5e2460f6ebc534efe90b3230b7797cb4](Func`1 c3c081f340dcdf79e192d50757bce0bee)
   at A.c42ccb3c762729e5c1ed9dd9fb21f7a51.c2a035223c95353a451d486528bb968ce(DateTime ca50651d185b346c217028862887f6062, List`1 c94623007ea3b221db43a7a5c991a9cac, Int32 c27485bd6dedf79f29eccbe33aefab814, DateTime cc0b7aac23bdedea569c99b9f01ab5798, DateTime ca917bd7d663d59239d097b255d937590)
   at Petex.IFM.IVM.VisualWorkflowService.c1c13b709b3df317d725c923928032d5a(c0a78f935034ea252425562b3db1ea988 cc462e40687a776088a0f60dcc4dee4c5, VisualWorkflowResultOptions c97464e7151b310fab45ca8e18c9bbc4d)
2018/09/22 10:23:45.981 INFO  78 A.cdc551499db0039f956e1d0666bfd1504.ca3aa6b2f13c2c1bc9c646f6abf33ed07 - Changing service from :0 to HOUMSEOSIFM007:8787
2018/09/22 10:23:57.595 ERROR 110 A.cec9e090ae538d190220f059017b75b84.Process - System.TimeoutException: The request channel timed out while waiting for a reply after 00:04:55.9438145. Increase the timeout value passed to the call to Request or increase the SendTimeout value on the Binding. The time allotted to this operation may have been a portion of a longer timeout. ---> System.TimeoutException: The socket transfer timed out after 00:04:59.9910000. You have exceeded the timeout set on your binding. The time allotted to this operation may have been a portion of a longer timeout. ---> System.IO.IOException: The read operation failed, see inner exception. ---> System.TimeoutException: The socket transfer timed out after 00:04:59.9910000. You have exceeded the timeout set on your binding. The time allotted to this operation may have been a portion of a longer timeout. ---> System.Net.Sockets.SocketException: A connection attempt failed because the connected party did not properly respond after a period of time, or established connection failed because connected host has failed to respond
   at System.Net.Sockets.Socket.Receive(Byte[] buffer, Int32 offset, Int32 size, SocketFlags socketFlags)
   at System.ServiceModel.Channels.SocketConnection.ReadCore(Byte[] buffer, Int32 offset, Int32 size, TimeSpan timeout, Boolean closing)
   --- End of inner exception stack trace ---
   at System.ServiceModel.Channels.SocketConnection.ReadCore(Byte[] buffer, Int32 offset, Int32 size, TimeSpan timeout, Boolean closing)
   at System.ServiceModel.Channels.SocketConnection.Read(Byte[] buffer, Int32 offset, Int32 size, TimeSpan timeout)
   at System.ServiceModel.Channels.DelegatingConnection.Read(Byte[] buffer, Int32 offset, Int32 size, TimeSpan timeout)
   at System.ServiceModel.Channels.ConnectionStream.Read(Byte[] buffer, Int32 offset, Int32 count)
   at System.Net.FixedSizeReader.ReadPacket(Byte[] buffer, Int32 offset, Int32 count)
   at System.Net.Security.NegotiateStream.StartFrameHeader(Byte[] buffer, Int32 offset, Int32 count, AsyncProtocolRequest asyncRequest)
   at System.Net.Security.NegotiateStream.ProcessRead(Byte[] buffer, Int32 offset, Int32 count, AsyncProtocolRequest asyncRequest)
   --- End of inner exception stack trace ---
   at System.Net.Security.NegotiateStream.ProcessRead(Byte[] buffer, Int32 offset, Int32 count, AsyncProtocolRequest asyncRequest)
   at System.Net.Security.NegotiateStream.Read(Byte[] buffer, Int32 offset, Int32 count)
   at System.ServiceModel.Channels.StreamConnection.Read(Byte[] buffer, Int32 offset, Int32 size, TimeSpan timeout)
   --- End of inner exception stack trace ---
   at System.ServiceModel.Channels.StreamConnection.Read(Byte[] buffer, Int32 offset, Int32 size, TimeSpan timeout)
   at System.ServiceModel.Channels.SingletonConnectionReader.Receive(TimeSpan timeout)
   at System.ServiceModel.Channels.StreamedFramingRequestChannel.StreamedFramingRequest.WaitForReply(TimeSpan timeout)
   at System.ServiceModel.Channels.RequestChannel.Request(Message message, TimeSpan timeout)
   --- End of inner exception stack trace ---

Server stack trace: 
   at System.ServiceModel.Channels.RequestChannel.Request(Message message, TimeSpan timeout)
   at System.ServiceModel.Channels.TransactionRequestChannelGeneric`1.Request(Message message, TimeSpan timeout)
   at System.ServiceModel.Dispatcher.RequestChannelBinder.Request(Message message, TimeSpan timeout)
   at System.ServiceModel.Channels.ServiceChannel.Call(String action, Boolean oneway, ProxyOperationRuntime operation, Object[] ins, Object[] outs, TimeSpan timeout)
   at System.ServiceModel.Channels.ServiceChannelProxy.InvokeService(IMethodCallMessage methodCall, ProxyOperationRuntime operation)
   at System.ServiceModel.Channels.ServiceChannelProxy.Invoke(IMessage message)

Exception rethrown at [0]: 
   at System.Runtime.Remoting.Proxies.RealProxy.HandleReturnMessage(IMessage reqMsg, IMessage retMsg)
   at System.Runtime.Remoting.Proxies.RealProxy.PrivateInvoke(MessageData& msgData, Int32 type)
   at Petex.Service.RequestProcessor.IWcfStreamResponseProcessor.Process(MessageRequest request)
   at A.cec9e090ae538d190220f059017b75b84.Process(MessageRequest request)
Details:
System.TimeoutException: The request channel timed out while waiting for a reply after 00:04:55.9438145. Increase the timeout value passed to the call to Request or increase the SendTimeout value on the Binding. The time allotted to this operation may have been a portion of a longer timeout. ---> System.TimeoutException: The socket transfer timed out after 00:04:59.9910000. You have exceeded the timeout set on your binding. The time allotted to this operation may have been a portion of a longer timeout. ---> System.IO.IOException: The read operation failed, see inner exception. ---> System.TimeoutException: The socket transfer timed out after 00:04:59.9910000. You have exceeded the timeout set on your binding. The time allotted to this operation may have been a portion of a longer timeout. ---> System.Net.Sockets.SocketException: A connection attempt failed because the connected party did not properly respond after a period of time, or established connection failed because connected host has failed to respond
   at System.Net.Sockets.Socket.Receive(Byte[] buffer, Int32 offset, Int32 size, SocketFlags socketFlags)
   at System.ServiceModel.Channels.SocketConnection.ReadCore(Byte[] buffer, Int32 offset, Int32 size, TimeSpan timeout, Boolean closing)
   --- End of inner exception stack trace ---
   at System.ServiceModel.Channels.SocketConnection.ReadCore(Byte[] buffer, Int32 offset, Int32 size, TimeSpan timeout, Boolean closing)
   at System.ServiceModel.Channels.SocketConnection.Read(Byte[] buffer, Int32 offset, Int32 size, TimeSpan timeout)
   at System.ServiceModel.Channels.DelegatingConnection.Read(Byte[] buffer, Int32 offset, Int32 size, TimeSpan timeout)
   at System.ServiceModel.Channels.ConnectionStream.Read(Byte[] buffer, Int32 offset, Int32 count)
   at System.Net.FixedSizeReader.ReadPacket(Byte[] buffer, Int32 offset, Int32 count)
   at System.Net.Security.NegotiateStream.StartFrameHeader(Byte[] buffer, Int32 offset, Int32 count, AsyncProtocolRequest asyncRequest)
   at System.Net.Security.NegotiateStream.ProcessRead(Byte[] buffer, Int32 offset, Int32 count, AsyncProtocolRequest asyncRequest)
   --- End of inner exception stack trace ---
   at System.Net.Security.NegotiateStream.ProcessRead(Byte[] buffer, Int32 offset, Int32 count, AsyncProtocolRequest asyncRequest)
   at System.Net.Security.NegotiateStream.Read(Byte[] buffer, Int32 offset, Int32 count)
   at System.ServiceModel.Channels.StreamConnection.Read(Byte[] buffer, Int32 offset, Int32 size, TimeSpan timeout)
   --- End of inner exception stack trace ---
   at System.ServiceModel.Channels.StreamConnection.Read(Byte[] buffer, Int32 offset, Int32 size, TimeSpan timeout)
   at System.ServiceModel.Channels.SingletonConnectionReader.Receive(TimeSpan timeout)
   at System.ServiceModel.Channels.StreamedFramingRequestChannel.StreamedFramingRequest.WaitForReply(TimeSpan timeout)
   at System.ServiceModel.Channels.RequestChannel.Request(Message message, TimeSpan timeout)
   --- End of inner exception stack trace ---

Server stack trace: 
   at System.ServiceModel.Channels.RequestChannel.Request(Message message, TimeSpan timeout)
   at System.ServiceModel.Channels.TransactionRequestChannelGeneric`1.Request(Message message, TimeSpan timeout)
   at System.ServiceModel.Dispatcher.RequestChannelBinder.Request(Message message, TimeSpan timeout)
   at System.ServiceModel.Channels.ServiceChannel.Call(String action, Boolean oneway, ProxyOperationRuntime operation, Object[] ins, Object[] outs, TimeSpan timeout)
   at System.ServiceModel.Channels.ServiceChannelProxy.InvokeService(IMethodCallMessage methodCall, ProxyOperationRuntime operation)
   at System.ServiceModel.Channels.ServiceChannelProxy.Invoke(IMessage message)

Exception rethrown at [0]: 
   at System.Runtime.Remoting.Proxies.RealProxy.HandleReturnMessage(IMessage reqMsg, IMessage retMsg)
   at System.Runtime.Remoting.Proxies.RealProxy.PrivateInvoke(MessageData& msgData, Int32 type)
   at Petex.Service.RequestProcessor.IWcfStreamResponseProcessor.Process(MessageRequest request)
   at A.cec9e090ae538d190220f059017b75b84.Process(MessageRequest request)
2018/09/22 10:23:57.596 ERROR 110 A.cec9e090ae538d190220f059017b75b84 (Thread 110) ProcID (46564) - System.TimeoutException: The request channel timed out while waiting for a reply after 00:04:55.9438145. Increase the timeout value passed to the call to Request or increase the SendTimeout value on the Binding. The time allotted to this operation may have been a portion of a longer timeout. ---> System.TimeoutException: The socket transfer timed out after 00:04:59.9910000. You have exceeded the timeout set on your binding. The time allotted to this operation may have been a portion of a longer timeout. ---> System.IO.IOException: The read operation failed, see inner exception. ---> System.TimeoutException: The socket transfer timed out after 00:04:59.9910000. You have exceeded the timeout set on your binding. The time allotted to this operation may have been a portion of a longer timeout. ---> System.Net.Sockets.SocketException: A connection attempt failed because the connected party did not properly respond after a period of time, or established connection failed because connected host has failed to respond
   at System.Net.Sockets.Socket.Receive(Byte[] buffer, Int32 offset, Int32 size, SocketFlags socketFlags)
   at System.ServiceModel.Channels.SocketConnection.ReadCore(Byte[] buffer, Int32 offset, Int32 size, TimeSpan timeout, Boolean closing)
   --- End of inner exception stack trace ---
   at System.ServiceModel.Channels.SocketConnection.ReadCore(Byte[] buffer, Int32 offset, Int32 size, TimeSpan timeout, Boolean closing)
   at System.ServiceModel.Channels.SocketConnection.Read(Byte[] buffer, Int32 offset, Int32 size, TimeSpan timeout)
   at System.ServiceModel.Channels.DelegatingConnection.Read(Byte[] buffer, Int32 offset, Int32 size, TimeSpan timeout)
   at System.ServiceModel.Channels.ConnectionStream.Read(Byte[] buffer, Int32 offset, Int32 count)
   at System.Net.FixedSizeReader.ReadPacket(Byte[] buffer, Int32 offset, Int32 count)
   at System.Net.Security.NegotiateStream.StartFrameHeader(Byte[] buffer, Int32 offset, Int32 count, AsyncProtocolRequest asyncRequest)
   at System.Net.Security.NegotiateStream.ProcessRead(Byte[] buffer, Int32 offset, Int32 count, AsyncProtocolRequest asyncRequest)
   --- End of inner exception stack trace ---
   at System.Net.Security.NegotiateStream.ProcessRead(Byte[] buffer, Int32 offset, Int32 count, AsyncProtocolRequest asyncRequest)
   at System.Net.Security.NegotiateStream.Read(Byte[] buffer, Int32 offset, Int32 count)
   at System.ServiceModel.Channels.StreamConnection.Read(Byte[] buffer, Int32 offset, Int32 size, TimeSpan timeout)
   --- End of inner exception stack trace ---
   at System.ServiceModel.Channels.StreamConnection.Read(Byte[] buffer, Int32 offset, Int32 size, TimeSpan timeout)
   at System.ServiceModel.Channels.SingletonConnectionReader.Receive(TimeSpan timeout)
   at System.ServiceModel.Channels.StreamedFramingRequestChannel.StreamedFramingRequest.WaitForReply(TimeSpan timeout)
   at System.ServiceModel.Channels.RequestChannel.Request(Message message, TimeSpan timeout)
   --- End of inner exception stack trace ---

Server stack trace: 
   at System.ServiceModel.Channels.RequestChannel.Request(Message message, TimeSpan timeout)
   at System.ServiceModel.Channels.TransactionRequestChannelGeneric`1.Request(Message message, TimeSpan timeout)
   at System.ServiceModel.Dispatcher.RequestChannelBinder.Request(Message message, TimeSpan timeout)
   at System.ServiceModel.Channels.ServiceChannel.Call(String action, Boolean oneway, ProxyOperationRuntime operation, Object[] ins, Object[] outs, TimeSpan timeout)
   at System.ServiceModel.Channels.ServiceChannelProxy.InvokeService(IMethodCallMessage methodCall, ProxyOperationRuntime operation)
   at System.ServiceModel.Channels.ServiceChannelProxy.Invoke(IMessage message)

Exception rethrown at [0]: 
   at System.Runtime.Remoting.Proxies.RealProxy.HandleReturnMessage(IMessage reqMsg, IMessage retMsg)
   at System.Runtime.Remoting.Proxies.RealProxy.PrivateInvoke(MessageData& msgData, Int32 type)
   at Petex.Service.RequestProcessor.IWcfStreamResponseProcessor.Process(MessageRequest request)
   at A.cec9e090ae538d190220f059017b75b84.Process(MessageRequest request)

method : Process([Petex.Service.RequestProcessor.MessageRequest] request = Petex.Service.RequestProcessor.MessageRequest)

2018/09/22 10:23:57.598 ERROR 8 Petex.IFM.IVM.VisualWorkflowService.c1c13b709b3df317d725c923928032d5a - An error occurred while getting bulk results.
Details:
System.TimeoutException: The request channel timed out while waiting for a reply after 00:04:55.9438145. Increase the timeout value passed to the call to Request or increase the SendTimeout value on the Binding. The time allotted to this operation may have been a portion of a longer timeout. ---> System.TimeoutException: The socket transfer timed out after 00:04:59.9910000. You have exceeded the timeout set on your binding. The time allotted to this operation may have been a portion of a longer timeout. ---> System.IO.IOException: The read operation failed, see inner exception. ---> System.TimeoutException: The socket transfer timed out after 00:04:59.9910000. You have exceeded the timeout set on your binding. The time allotted to this operation may have been a portion of a longer timeout. ---> System.Net.Sockets.SocketException: A connection attempt failed because the connected party did not properly respond after a period of time, or established connection failed because connected host has failed to respond
   at System.Net.Sockets.Socket.Receive(Byte[] buffer, Int32 offset, Int32 size, SocketFlags socketFlags)
   at System.ServiceModel.Channels.SocketConnection.ReadCore(Byte[] buffer, Int32 offset, Int32 size, TimeSpan timeout, Boolean closing)
   --- End of inner exception stack trace ---
   at System.ServiceModel.Channels.SocketConnection.ReadCore(Byte[] buffer, Int32 offset, Int32 size, TimeSpan timeout, Boolean closing)
   at System.ServiceModel.Channels.SocketConnection.Read(Byte[] buffer, Int32 offset, Int32 size, TimeSpan timeout)
   at System.ServiceModel.Channels.DelegatingConnection.Read(Byte[] buffer, Int32 offset, Int32 size, TimeSpan timeout)
   at System.ServiceModel.Channels.ConnectionStream.Read(Byte[] buffer, Int32 offset, Int32 count)
   at System.Net.FixedSizeReader.ReadPacket(Byte[] buffer, Int32 offset, Int32 count)
   at System.Net.Security.NegotiateStream.StartFrameHeader(Byte[] buffer, Int32 offset, Int32 count, AsyncProtocolRequest asyncRequest)
   at System.Net.Security.NegotiateStream.ProcessRead(Byte[] buffer, Int32 offset, Int32 count, AsyncProtocolRequest asyncRequest)
   --- End of inner exception stack trace ---
   at System.Net.Security.NegotiateStream.ProcessRead(Byte[] buffer, Int32 offset, Int32 count, AsyncProtocolRequest asyncRequest)
   at System.Net.Security.NegotiateStream.Read(Byte[] buffer, Int32 offset, Int32 count)
   at System.ServiceModel.Channels.StreamConnection.Read(Byte[] buffer, Int32 offset, Int32 size, TimeSpan timeout)
   --- End of inner exception stack trace ---
   at System.ServiceModel.Channels.StreamConnection.Read(Byte[] buffer, Int32 offset, Int32 size, TimeSpan timeout)
   at System.ServiceModel.Channels.SingletonConnectionReader.Receive(TimeSpan timeout)
   at System.ServiceModel.Channels.StreamedFramingRequestChannel.StreamedFramingRequest.WaitForReply(TimeSpan timeout)
   at System.ServiceModel.Channels.RequestChannel.Request(Message message, TimeSpan timeout)
   --- End of inner exception stack trace ---

Server stack trace: 
   at System.ServiceModel.Channels.RequestChannel.Request(Message message, TimeSpan timeout)
   at System.ServiceModel.Channels.TransactionRequestChannelGeneric`1.Request(Message message, TimeSpan timeout)
   at System.ServiceModel.Dispatcher.RequestChannelBinder.Request(Message message, TimeSpan timeout)
   at System.ServiceModel.Channels.ServiceChannel.Call(String action, Boolean oneway, ProxyOperationRuntime operation, Object[] ins, Object[] outs, TimeSpan timeout)
   at System.ServiceModel.Channels.ServiceChannelProxy.InvokeService(IMethodCallMessage methodCall, ProxyOperationRuntime operation)
   at System.ServiceModel.Channels.ServiceChannelProxy.Invoke(IMessage message)

Exception rethrown at [0]: 
   at A.c22aefe7f39df3d678dba160428b769f4.c0c4ec95a682cbefc208f4f3eb80ff6ad[c5e2460f6ebc534efe90b3230b7797cb4](Func`1 c3c081f340dcdf79e192d50757bce0bee)
   at A.c42ccb3c762729e5c1ed9dd9fb21f7a51.c2a035223c95353a451d486528bb968ce(DateTime ca50651d185b346c217028862887f6062, List`1 c94623007ea3b221db43a7a5c991a9cac, Int32 c27485bd6dedf79f29eccbe33aefab814, DateTime cc0b7aac23bdedea569c99b9f01ab5798, DateTime ca917bd7d663d59239d097b255d937590)
   at Petex.IFM.IVM.VisualWorkflowService.c1c13b709b3df317d725c923928032d5a(c0a78f935034ea252425562b3db1ea988 cc462e40687a776088a0f60dcc4dee4c5, VisualWorkflowResultOptions c97464e7151b310fab45ca8e18c9bbc4d)
2018/09/22 10:28:47.744 INFO  75 A.cdc551499db0039f956e1d0666bfd1504.ca3aa6b2f13c2c1bc9c646f6abf33ed07 - Changing service from :0 to HOUMSEOSIFM007:8787
2018/09/22 10:28:53.361 ERROR 63 A.cec9e090ae538d190220f059017b75b84.Process - System.TimeoutException: The request channel timed out while waiting for a reply after 00:04:55.9429999. Increase the timeout value passed to the call to Request or increase the SendTimeout value on the Binding. The time allotted to this operation may have been a portion of a longer timeout. ---> System.TimeoutException: The socket transfer timed out after 00:04:59.9950000. You have exceeded the timeout set on your binding. The time allotted to this operation may have been a portion of a longer timeout. ---> System.IO.IOException: The read operation failed, see inner exception. ---> System.TimeoutException: The socket transfer timed out after 00:04:59.9950000. You have exceeded the timeout set on your binding. The time allotted to this operation may have been a portion of a longer timeout. ---> System.Net.Sockets.SocketException: A connection attempt failed because the connected party did not properly respond after a period of time, or established connection failed because connected host has failed to respond
   at System.Net.Sockets.Socket.Receive(Byte[] buffer, Int32 offset, Int32 size, SocketFlags socketFlags)
   at System.ServiceModel.Channels.SocketConnection.ReadCore(Byte[] buffer, Int32 offset, Int32 size, TimeSpan timeout, Boolean closing)
   --- End of inner exception stack trace ---
   at System.ServiceModel.Channels.SocketConnection.ReadCore(Byte[] buffer, Int32 offset, Int32 size, TimeSpan timeout, Boolean closing)
   at System.ServiceModel.Channels.SocketConnection.Read(Byte[] buffer, Int32 offset, Int32 size, TimeSpan timeout)
   at System.ServiceModel.Channels.DelegatingConnection.Read(Byte[] buffer, Int32 offset, Int32 size, TimeSpan timeout)
   at System.ServiceModel.Channels.ConnectionStream.Read(Byte[] buffer, Int32 offset, Int32 count)
   at System.Net.FixedSizeReader.ReadPacket(Byte[] buffer, Int32 offset, Int32 count)
   at System.Net.Security.NegotiateStream.StartFrameHeader(Byte[] buffer, Int32 offset, Int32 count, AsyncProtocolRequest asyncRequest)
   at System.Net.Security.NegotiateStream.ProcessRead(Byte[] buffer, Int32 offset, Int32 count, AsyncProtocolRequest asyncRequest)
   --- End of inner exception stack trace ---
   at System.Net.Security.NegotiateStream.ProcessRead(Byte[] buffer, Int32 offset, Int32 count, AsyncProtocolRequest asyncRequest)
   at System.Net.Security.NegotiateStream.Read(Byte[] buffer, Int32 offset, Int32 count)
   at System.ServiceModel.Channels.StreamConnection.Read(Byte[] buffer, Int32 offset, Int32 size, TimeSpan timeout)
   --- End of inner exception stack trace ---
   at System.ServiceModel.Channels.StreamConnection.Read(Byte[] buffer, Int32 offset, Int32 size, TimeSpan timeout)
   at System.ServiceModel.Channels.SingletonConnectionReader.Receive(TimeSpan timeout)
   at System.ServiceModel.Channels.StreamedFramingRequestChannel.StreamedFramingRequest.WaitForReply(TimeSpan timeout)
   at System.ServiceModel.Channels.RequestChannel.Request(Message message, TimeSpan timeout)
   --- End of inner exception stack trace ---

Server stack trace: 
   at System.ServiceModel.Channels.RequestChannel.Request(Message message, TimeSpan timeout)
   at System.ServiceModel.Channels.TransactionRequestChannelGeneric`1.Request(Message message, TimeSpan timeout)
   at System.ServiceModel.Dispatcher.RequestChannelBinder.Request(Message message, TimeSpan timeout)
   at System.ServiceModel.Channels.ServiceChannel.Call(String action, Boolean oneway, ProxyOperationRuntime operation, Object[] ins, Object[] outs, TimeSpan timeout)
   at System.ServiceModel.Channels.ServiceChannelProxy.InvokeService(IMethodCallMessage methodCall, ProxyOperationRuntime operation)
   at System.ServiceModel.Channels.ServiceChannelProxy.Invoke(IMessage message)

Exception rethrown at [0]: 
   at System.Runtime.Remoting.Proxies.RealProxy.HandleReturnMessage(IMessage reqMsg, IMessage retMsg)
   at System.Runtime.Remoting.Proxies.RealProxy.PrivateInvoke(MessageData& msgData, Int32 type)
   at Petex.Service.RequestProcessor.IWcfStreamResponseProcessor.Process(MessageRequest request)
   at A.cec9e090ae538d190220f059017b75b84.Process(MessageRequest request)
Details:
System.TimeoutException: The request channel timed out while waiting for a reply after 00:04:55.9429999. Increase the timeout value passed to the call to Request or increase the SendTimeout value on the Binding. The time allotted to this operation may have been a portion of a longer timeout. ---> System.TimeoutException: The socket transfer timed out after 00:04:59.9950000. You have exceeded the timeout set on your binding. The time allotted to this operation may have been a portion of a longer timeout. ---> System.IO.IOException: The read operation failed, see inner exception. ---> System.TimeoutException: The socket transfer timed out after 00:04:59.9950000. You have exceeded the timeout set on your binding. The time allotted to this operation may have been a portion of a longer timeout. ---> System.Net.Sockets.SocketException: A connection attempt failed because the connected party did not properly respond after a period of time, or established connection failed because connected host has failed to respond
   at System.Net.Sockets.Socket.Receive(Byte[] buffer, Int32 offset, Int32 size, SocketFlags socketFlags)
   at System.ServiceModel.Channels.SocketConnection.ReadCore(Byte[] buffer, Int32 offset, Int32 size, TimeSpan timeout, Boolean closing)
   --- End of inner exception stack trace ---
   at System.ServiceModel.Channels.SocketConnection.ReadCore(Byte[] buffer, Int32 offset, Int32 size, TimeSpan timeout, Boolean closing)
   at System.ServiceModel.Channels.SocketConnection.Read(Byte[] buffer, Int32 offset, Int32 size, TimeSpan timeout)
   at System.ServiceModel.Channels.DelegatingConnection.Read(Byte[] buffer, Int32 offset, Int32 size, TimeSpan timeout)
   at System.ServiceModel.Channels.ConnectionStream.Read(Byte[] buffer, Int32 offset, Int32 count)
   at System.Net.FixedSizeReader.ReadPacket(Byte[] buffer, Int32 offset, Int32 count)
   at System.Net.Security.NegotiateStream.StartFrameHeader(Byte[] buffer, Int32 offset, Int32 count, AsyncProtocolRequest asyncRequest)
   at System.Net.Security.NegotiateStream.ProcessRead(Byte[] buffer, Int32 offset, Int32 count, AsyncProtocolRequest asyncRequest)
   --- End of inner exception stack trace ---
   at System.Net.Security.NegotiateStream.ProcessRead(Byte[] buffer, Int32 offset, Int32 count, AsyncProtocolRequest asyncRequest)
   at System.Net.Security.NegotiateStream.Read(Byte[] buffer, Int32 offset, Int32 count)
   at System.ServiceModel.Channels.StreamConnection.Read(Byte[] buffer, Int32 offset, Int32 size, TimeSpan timeout)
   --- End of inner exception stack trace ---
   at System.ServiceModel.Channels.StreamConnection.Read(Byte[] buffer, Int32 offset, Int32 size, TimeSpan timeout)
   at System.ServiceModel.Channels.SingletonConnectionReader.Receive(TimeSpan timeout)
   at System.ServiceModel.Channels.StreamedFramingRequestChannel.StreamedFramingRequest.WaitForReply(TimeSpan timeout)
   at System.ServiceModel.Channels.RequestChannel.Request(Message message, TimeSpan timeout)
   --- End of inner exception stack trace ---

Server stack trace: 
   at System.ServiceModel.Channels.RequestChannel.Request(Message message, TimeSpan timeout)
   at System.ServiceModel.Channels.TransactionRequestChannelGeneric`1.Request(Message message, TimeSpan timeout)
   at System.ServiceModel.Dispatcher.RequestChannelBinder.Request(Message message, TimeSpan timeout)
   at System.ServiceModel.Channels.ServiceChannel.Call(String action, Boolean oneway, ProxyOperationRuntime operation, Object[] ins, Object[] outs, TimeSpan timeout)
   at System.ServiceModel.Channels.ServiceChannelProxy.InvokeService(IMethodCallMessage methodCall, ProxyOperationRuntime operation)
   at System.ServiceModel.Channels.ServiceChannelProxy.Invoke(IMessage message)

Exception rethrown at [0]: 
   at System.Runtime.Remoting.Proxies.RealProxy.HandleReturnMessage(IMessage reqMsg, IMessage retMsg)
   at System.Runtime.Remoting.Proxies.RealProxy.PrivateInvoke(MessageData& msgData, Int32 type)
   at Petex.Service.RequestProcessor.IWcfStreamResponseProcessor.Process(MessageRequest request)
   at A.cec9e090ae538d190220f059017b75b84.Process(MessageRequest request)
2018/09/22 10:28:53.363 ERROR 63 A.cec9e090ae538d190220f059017b75b84 (Thread 63) ProcID (46564) - System.TimeoutException: The request channel timed out while waiting for a reply after 00:04:55.9429999. Increase the timeout value passed to the call to Request or increase the SendTimeout value on the Binding. The time allotted to this operation may have been a portion of a longer timeout. ---> System.TimeoutException: The socket transfer timed out after 00:04:59.9950000. You have exceeded the timeout set on your binding. The time allotted to this operation may have been a portion of a longer timeout. ---> System.IO.IOException: The read operation failed, see inner exception. ---> System.TimeoutException: The socket transfer timed out after 00:04:59.9950000. You have exceeded the timeout set on your binding. The time allotted to this operation may have been a portion of a longer timeout. ---> System.Net.Sockets.SocketException: A connection attempt failed because the connected party did not properly respond after a period of time, or established connection failed because connected host has failed to respond
   at System.Net.Sockets.Socket.Receive(Byte[] buffer, Int32 offset, Int32 size, SocketFlags socketFlags)
   at System.ServiceModel.Channels.SocketConnection.ReadCore(Byte[] buffer, Int32 offset, Int32 size, TimeSpan timeout, Boolean closing)
   --- End of inner exception stack trace ---
   at System.ServiceModel.Channels.SocketConnection.ReadCore(Byte[] buffer, Int32 offset, Int32 size, TimeSpan timeout, Boolean closing)
   at System.ServiceModel.Channels.SocketConnection.Read(Byte[] buffer, Int32 offset, Int32 size, TimeSpan timeout)
   at System.ServiceModel.Channels.DelegatingConnection.Read(Byte[] buffer, Int32 offset, Int32 size, TimeSpan timeout)
   at System.ServiceModel.Channels.ConnectionStream.Read(Byte[] buffer, Int32 offset, Int32 count)
   at System.Net.FixedSizeReader.ReadPacket(Byte[] buffer, Int32 offset, Int32 count)
   at System.Net.Security.NegotiateStream.StartFrameHeader(Byte[] buffer, Int32 offset, Int32 count, AsyncProtocolRequest asyncRequest)
   at System.Net.Security.NegotiateStream.ProcessRead(Byte[] buffer, Int32 offset, Int32 count, AsyncProtocolRequest asyncRequest)
   --- End of inner exception stack trace ---
   at System.Net.Security.NegotiateStream.ProcessRead(Byte[] buffer, Int32 offset, Int32 count, AsyncProtocolRequest asyncRequest)
   at System.Net.Security.NegotiateStream.Read(Byte[] buffer, Int32 offset, Int32 count)
   at System.ServiceModel.Channels.StreamConnection.Read(Byte[] buffer, Int32 offset, Int32 size, TimeSpan timeout)
   --- End of inner exception stack trace ---
   at System.ServiceModel.Channels.StreamConnection.Read(Byte[] buffer, Int32 offset, Int32 size, TimeSpan timeout)
   at System.ServiceModel.Channels.SingletonConnectionReader.Receive(TimeSpan timeout)
   at System.ServiceModel.Channels.StreamedFramingRequestChannel.StreamedFramingRequest.WaitForReply(TimeSpan timeout)
   at System.ServiceModel.Channels.RequestChannel.Request(Message message, TimeSpan timeout)
   --- End of inner exception stack trace ---

Server stack trace: 
   at System.ServiceModel.Channels.RequestChannel.Request(Message message, TimeSpan timeout)
   at System.ServiceModel.Channels.TransactionRequestChannelGeneric`1.Request(Message message, TimeSpan timeout)
   at System.ServiceModel.Dispatcher.RequestChannelBinder.Request(Message message, TimeSpan timeout)
   at System.ServiceModel.Channels.ServiceChannel.Call(String action, Boolean oneway, ProxyOperationRuntime operation, Object[] ins, Object[] outs, TimeSpan timeout)
   at System.ServiceModel.Channels.ServiceChannelProxy.InvokeService(IMethodCallMessage methodCall, ProxyOperationRuntime operation)
   at System.ServiceModel.Channels.ServiceChannelProxy.Invoke(IMessage message)

Exception rethrown at [0]: 
   at System.Runtime.Remoting.Proxies.RealProxy.HandleReturnMessage(IMessage reqMsg, IMessage retMsg)
   at System.Runtime.Remoting.Proxies.RealProxy.PrivateInvoke(MessageData& msgData, Int32 type)
   at Petex.Service.RequestProcessor.IWcfStreamResponseProcessor.Process(MessageRequest request)
   at A.cec9e090ae538d190220f059017b75b84.Process(MessageRequest request)

method : Process([Petex.Service.RequestProcessor.MessageRequest] request = Petex.Service.RequestProcessor.MessageRequest)

2018/09/22 10:28:53.364 ERROR 65 Petex.IFM.IVM.VisualWorkflowService.c1c13b709b3df317d725c923928032d5a - An error occurred while getting bulk results.
Details:
System.TimeoutException: The request channel timed out while waiting for a reply after 00:04:55.9429999. Increase the timeout value passed to the call to Request or increase the SendTimeout value on the Binding. The time allotted to this operation may have been a portion of a longer timeout. ---> System.TimeoutException: The socket transfer timed out after 00:04:59.9950000. You have exceeded the timeout set on your binding. The time allotted to this operation may have been a portion of a longer timeout. ---> System.IO.IOException: The read operation failed, see inner exception. ---> System.TimeoutException: The socket transfer timed out after 00:04:59.9950000. You have exceeded the timeout set on your binding. The time allotted to this operation may have been a portion of a longer timeout. ---> System.Net.Sockets.SocketException: A connection attempt failed because the connected party did not properly respond after a period of time, or established connection failed because connected host has failed to respond
   at System.Net.Sockets.Socket.Receive(Byte[] buffer, Int32 offset, Int32 size, SocketFlags socketFlags)
   at System.ServiceModel.Channels.SocketConnection.ReadCore(Byte[] buffer, Int32 offset, Int32 size, TimeSpan timeout, Boolean closing)
   --- End of inner exception stack trace ---
   at System.ServiceModel.Channels.SocketConnection.ReadCore(Byte[] buffer, Int32 offset, Int32 size, TimeSpan timeout, Boolean closing)
   at System.ServiceModel.Channels.SocketConnection.Read(Byte[] buffer, Int32 offset, Int32 size, TimeSpan timeout)
   at System.ServiceModel.Channels.DelegatingConnection.Read(Byte[] buffer, Int32 offset, Int32 size, TimeSpan timeout)
   at System.ServiceModel.Channels.ConnectionStream.Read(Byte[] buffer, Int32 offset, Int32 count)
   at System.Net.FixedSizeReader.ReadPacket(Byte[] buffer, Int32 offset, Int32 count)
   at System.Net.Security.NegotiateStream.StartFrameHeader(Byte[] buffer, Int32 offset, Int32 count, AsyncProtocolRequest asyncRequest)
   at System.Net.Security.NegotiateStream.ProcessRead(Byte[] buffer, Int32 offset, Int32 count, AsyncProtocolRequest asyncRequest)
   --- End of inner exception stack trace ---
   at System.Net.Security.NegotiateStream.ProcessRead(Byte[] buffer, Int32 offset, Int32 count, AsyncProtocolRequest asyncRequest)
   at System.Net.Security.NegotiateStream.Read(Byte[] buffer, Int32 offset, Int32 count)
   at System.ServiceModel.Channels.StreamConnection.Read(Byte[] buffer, Int32 offset, Int32 size, TimeSpan timeout)
   --- End of inner exception stack trace ---
   at System.ServiceModel.Channels.StreamConnection.Read(Byte[] buffer, Int32 offset, Int32 size, TimeSpan timeout)
   at System.ServiceModel.Channels.SingletonConnectionReader.Receive(TimeSpan timeout)
   at System.ServiceModel.Channels.StreamedFramingRequestChannel.StreamedFramingRequest.WaitForReply(TimeSpan timeout)
   at System.ServiceModel.Channels.RequestChannel.Request(Message message, TimeSpan timeout)
   --- End of inner exception stack trace ---

Server stack trace: 
   at System.ServiceModel.Channels.RequestChannel.Request(Message message, TimeSpan timeout)
   at System.ServiceModel.Channels.TransactionRequestChannelGeneric`1.Request(Message message, TimeSpan timeout)
   at System.ServiceModel.Dispatcher.RequestChannelBinder.Request(Message message, TimeSpan timeout)
   at System.ServiceModel.Channels.ServiceChannel.Call(String action, Boolean oneway, ProxyOperationRuntime operation, Object[] ins, Object[] outs, TimeSpan timeout)
   at System.ServiceModel.Channels.ServiceChannelProxy.InvokeService(IMethodCallMessage methodCall, ProxyOperationRuntime operation)
   at System.ServiceModel.Channels.ServiceChannelProxy.Invoke(IMessage message)

Exception rethrown at [0]: 
   at A.c22aefe7f39df3d678dba160428b769f4.c0c4ec95a682cbefc208f4f3eb80ff6ad[c5e2460f6ebc534efe90b3230b7797cb4](Func`1 c3c081f340dcdf79e192d50757bce0bee)
   at A.c42ccb3c762729e5c1ed9dd9fb21f7a51.c2a035223c95353a451d486528bb968ce(DateTime ca50651d185b346c217028862887f6062, List`1 c94623007ea3b221db43a7a5c991a9cac, Int32 c27485bd6dedf79f29eccbe33aefab814, DateTime cc0b7aac23bdedea569c99b9f01ab5798, DateTime ca917bd7d663d59239d097b255d937590)
   at Petex.IFM.IVM.VisualWorkflowService.c1c13b709b3df317d725c923928032d5a(c0a78f935034ea252425562b3db1ea988 cc462e40687a776088a0f60dcc4dee4c5, VisualWorkflowResultOptions c97464e7151b310fab45ca8e18c9bbc4d)
2018/09/22 10:30:24.339 INFO  12 A.ca9303324ae27c9d224e829df918b1ee8.c6ae4a85f8bc1eee64ee593e8582f1fd3 - Get a Copy for model file : APC Plunger Surveillance.vwk folder id : 7 model file id : 1582 recursive at '9/22/2018 3:30:23 PM' ==> Started.
2018/09/22 10:30:24.943 INFO  12 A.ca9303324ae27c9d224e829df918b1ee8.c6ae4a85f8bc1eee64ee593e8582f1fd3 - Get a Copy for model file : APC Plunger Surveillance.vwk folder id : 7 model file id : 1582 recursive at '9/22/2018 3:30:23 PM' ==> Completed. Took 00:00:00.603
2018/09/22 10:31:07.624 INFO  62 A.ca9303324ae27c9d224e829df918b1ee8.c6ae4a85f8bc1eee64ee593e8582f1fd3 - Get a Copy for model file : PDB Exceptions.vwk folder id : 7 model file id : 1594 recursive at '9/22/2018 3:31:07 PM' ==> Started.
2018/09/22 10:31:08.478 INFO  62 A.ca9303324ae27c9d224e829df918b1ee8.c6ae4a85f8bc1eee64ee593e8582f1fd3 - Get a Copy for model file : PDB Exceptions.vwk folder id : 7 model file id : 1594 recursive at '9/22/2018 3:31:07 PM' ==> Completed. Took 00:00:00.854
2018/09/22 10:33:47.770 INFO  90 A.cdc551499db0039f956e1d0666bfd1504.ca3aa6b2f13c2c1bc9c646f6abf33ed07 - Changing service from :0 to HOUMSEOSIFM007:8787
2018/09/22 10:33:54.914 ERROR 75 A.cec9e090ae538d190220f059017b75b84.Process - System.TimeoutException: The request channel timed out while waiting for a reply after 00:04:56.3139707. Increase the timeout value passed to the call to Request or increase the SendTimeout value on the Binding. The time allotted to this operation may have been a portion of a longer timeout. ---> System.TimeoutException: The socket transfer timed out after 00:04:59.9940000. You have exceeded the timeout set on your binding. The time allotted to this operation may have been a portion of a longer timeout. ---> System.IO.IOException: The read operation failed, see inner exception. ---> System.TimeoutException: The socket transfer timed out after 00:04:59.9940000. You have exceeded the timeout set on your binding. The time allotted to this operation may have been a portion of a longer timeout. ---> System.Net.Sockets.SocketException: A connection attempt failed because the connected party did not properly respond after a period of time, or established connection failed because connected host has failed to respond
   at System.Net.Sockets.Socket.Receive(Byte[] buffer, Int32 offset, Int32 size, SocketFlags socketFlags)
   at System.ServiceModel.Channels.SocketConnection.ReadCore(Byte[] buffer, Int32 offset, Int32 size, TimeSpan timeout, Boolean closing)
   --- End of inner exception stack trace ---
   at System.ServiceModel.Channels.SocketConnection.ReadCore(Byte[] buffer, Int32 offset, Int32 size, TimeSpan timeout, Boolean closing)
   at System.ServiceModel.Channels.SocketConnection.Read(Byte[] buffer, Int32 offset, Int32 size, TimeSpan timeout)
   at System.ServiceModel.Channels.DelegatingConnection.Read(Byte[] buffer, Int32 offset, Int32 size, TimeSpan timeout)
   at System.ServiceModel.Channels.ConnectionStream.Read(Byte[] buffer, Int32 offset, Int32 count)
   at System.Net.FixedSizeReader.ReadPacket(Byte[] buffer, Int32 offset, Int32 count)
   at System.Net.Security.NegotiateStream.StartFrameHeader(Byte[] buffer, Int32 offset, Int32 count, AsyncProtocolRequest asyncRequest)
   at System.Net.Security.NegotiateStream.ProcessRead(Byte[] buffer, Int32 offset, Int32 count, AsyncProtocolRequest asyncRequest)
   --- End of inner exception stack trace ---
   at System.Net.Security.NegotiateStream.ProcessRead(Byte[] buffer, Int32 offset, Int32 count, AsyncProtocolRequest asyncRequest)
   at System.Net.Security.NegotiateStream.Read(Byte[] buffer, Int32 offset, Int32 count)
   at System.ServiceModel.Channels.StreamConnection.Read(Byte[] buffer, Int32 offset, Int32 size, TimeSpan timeout)
   --- End of inner exception stack trace ---
   at System.ServiceModel.Channels.StreamConnection.Read(Byte[] buffer, Int32 offset, Int32 size, TimeSpan timeout)
   at System.ServiceModel.Channels.SingletonConnectionReader.Receive(TimeSpan timeout)
   at System.ServiceModel.Channels.StreamedFramingRequestChannel.StreamedFramingRequest.WaitForReply(TimeSpan timeout)
   at System.ServiceModel.Channels.RequestChannel.Request(Message message, TimeSpan timeout)
   --- End of inner exception stack trace ---

Server stack trace: 
   at System.ServiceModel.Channels.RequestChannel.Request(Message message, TimeSpan timeout)
   at System.ServiceModel.Channels.TransactionRequestChannelGeneric`1.Request(Message message, TimeSpan timeout)
   at System.ServiceModel.Dispatcher.RequestChannelBinder.Request(Message message, TimeSpan timeout)
   at System.ServiceModel.Channels.ServiceChannel.Call(String action, Boolean oneway, ProxyOperationRuntime operation, Object[] ins, Object[] outs, TimeSpan timeout)
   at System.ServiceModel.Channels.ServiceChannelProxy.InvokeService(IMethodCallMessage methodCall, ProxyOperationRuntime operation)
   at System.ServiceModel.Channels.ServiceChannelProxy.Invoke(IMessage message)

Exception rethrown at [0]: 
   at System.Runtime.Remoting.Proxies.RealProxy.HandleReturnMessage(IMessage reqMsg, IMessage retMsg)
   at System.Runtime.Remoting.Proxies.RealProxy.PrivateInvoke(MessageData& msgData, Int32 type)
   at Petex.Service.RequestProcessor.IWcfStreamResponseProcessor.Process(MessageRequest request)
   at A.cec9e090ae538d190220f059017b75b84.Process(MessageRequest request)
Details:
System.TimeoutException: The request channel timed out while waiting for a reply after 00:04:56.3139707. Increase the timeout value passed to the call to Request or increase the SendTimeout value on the Binding. The time allotted to this operation may have been a portion of a longer timeout. ---> System.TimeoutException: The socket transfer timed out after 00:04:59.9940000. You have exceeded the timeout set on your binding. The time allotted to this operation may have been a portion of a longer timeout. ---> System.IO.IOException: The read operation failed, see inner exception. ---> System.TimeoutException: The socket transfer timed out after 00:04:59.9940000. You have exceeded the timeout set on your binding. The time allotted to this operation may have been a portion of a longer timeout. ---> System.Net.Sockets.SocketException: A connection attempt failed because the connected party did not properly respond after a period of time, or established connection failed because connected host has failed to respond
   at System.Net.Sockets.Socket.Receive(Byte[] buffer, Int32 offset, Int32 size, SocketFlags socketFlags)
   at System.ServiceModel.Channels.SocketConnection.ReadCore(Byte[] buffer, Int32 offset, Int32 size, TimeSpan timeout, Boolean closing)
   --- End of inner exception stack trace ---
   at System.ServiceModel.Channels.SocketConnection.ReadCore(Byte[] buffer, Int32 offset, Int32 size, TimeSpan timeout, Boolean closing)
   at System.ServiceModel.Channels.SocketConnection.Read(Byte[] buffer, Int32 offset, Int32 size, TimeSpan timeout)
   at System.ServiceModel.Channels.DelegatingConnection.Read(Byte[] buffer, Int32 offset, Int32 size, TimeSpan timeout)
   at System.ServiceModel.Channels.ConnectionStream.Read(Byte[] buffer, Int32 offset, Int32 count)
   at System.Net.FixedSizeReader.ReadPacket(Byte[] buffer, Int32 offset, Int32 count)
   at System.Net.Security.NegotiateStream.StartFrameHeader(Byte[] buffer, Int32 offset, Int32 count, AsyncProtocolRequest asyncRequest)
   at System.Net.Security.NegotiateStream.ProcessRead(Byte[] buffer, Int32 offset, Int32 count, AsyncProtocolRequest asyncRequest)
   --- End of inner exception stack trace ---
   at System.Net.Security.NegotiateStream.ProcessRead(Byte[] buffer, Int32 offset, Int32 count, AsyncProtocolRequest asyncRequest)
   at System.Net.Security.NegotiateStream.Read(Byte[] buffer, Int32 offset, Int32 count)
   at System.ServiceModel.Channels.StreamConnection.Read(Byte[] buffer, Int32 offset, Int32 size, TimeSpan timeout)
   --- End of inner exception stack trace ---
   at System.ServiceModel.Channels.StreamConnection.Read(Byte[] buffer, Int32 offset, Int32 size, TimeSpan timeout)
   at System.ServiceModel.Channels.SingletonConnectionReader.Receive(TimeSpan timeout)
   at System.ServiceModel.Channels.StreamedFramingRequestChannel.StreamedFramingRequest.WaitForReply(TimeSpan timeout)
   at System.ServiceModel.Channels.RequestChannel.Request(Message message, TimeSpan timeout)
   --- End of inner exception stack trace ---

Server stack trace: 
   at System.ServiceModel.Channels.RequestChannel.Request(Message message, TimeSpan timeout)
   at System.ServiceModel.Channels.TransactionRequestChannelGeneric`1.Request(Message message, TimeSpan timeout)
   at System.ServiceModel.Dispatcher.RequestChannelBinder.Request(Message message, TimeSpan timeout)
   at System.ServiceModel.Channels.ServiceChannel.Call(String action, Boolean oneway, ProxyOperationRuntime operation, Object[] ins, Object[] outs, TimeSpan timeout)
   at System.ServiceModel.Channels.ServiceChannelProxy.InvokeService(IMethodCallMessage methodCall, ProxyOperationRuntime operation)
   at System.ServiceModel.Channels.ServiceChannelProxy.Invoke(IMessage message)

Exception rethrown at [0]: 
   at System.Runtime.Remoting.Proxies.RealProxy.HandleReturnMessage(IMessage reqMsg, IMessage retMsg)
   at System.Runtime.Remoting.Proxies.RealProxy.PrivateInvoke(MessageData& msgData, Int32 type)
   at Petex.Service.RequestProcessor.IWcfStreamResponseProcessor.Process(MessageRequest request)
   at A.cec9e090ae538d190220f059017b75b84.Process(MessageRequest request)
2018/09/22 10:33:54.916 ERROR 75 A.cec9e090ae538d190220f059017b75b84 (Thread 75) ProcID (46564) - System.TimeoutException: The request channel timed out while waiting for a reply after 00:04:56.3139707. Increase the timeout value passed to the call to Request or increase the SendTimeout value on the Binding. The time allotted to this operation may have been a portion of a longer timeout. ---> System.TimeoutException: The socket transfer timed out after 00:04:59.9940000. You have exceeded the timeout set on your binding. The time allotted to this operation may have been a portion of a longer timeout. ---> System.IO.IOException: The read operation failed, see inner exception. ---> System.TimeoutException: The socket transfer timed out after 00:04:59.9940000. You have exceeded the timeout set on your binding. The time allotted to this operation may have been a portion of a longer timeout. ---> System.Net.Sockets.SocketException: A connection attempt failed because the connected party did not properly respond after a period of time, or established connection failed because connected host has failed to respond
   at System.Net.Sockets.Socket.Receive(Byte[] buffer, Int32 offset, Int32 size, SocketFlags socketFlags)
   at System.ServiceModel.Channels.SocketConnection.ReadCore(Byte[] buffer, Int32 offset, Int32 size, TimeSpan timeout, Boolean closing)
   --- End of inner exception stack trace ---
   at System.ServiceModel.Channels.SocketConnection.ReadCore(Byte[] buffer, Int32 offset, Int32 size, TimeSpan timeout, Boolean closing)
   at System.ServiceModel.Channels.SocketConnection.Read(Byte[] buffer, Int32 offset, Int32 size, TimeSpan timeout)
   at System.ServiceModel.Channels.DelegatingConnection.Read(Byte[] buffer, Int32 offset, Int32 size, TimeSpan timeout)
   at System.ServiceModel.Channels.ConnectionStream.Read(Byte[] buffer, Int32 offset, Int32 count)
   at System.Net.FixedSizeReader.ReadPacket(Byte[] buffer, Int32 offset, Int32 count)
   at System.Net.Security.NegotiateStream.StartFrameHeader(Byte[] buffer, Int32 offset, Int32 count, AsyncProtocolRequest asyncRequest)
   at System.Net.Security.NegotiateStream.ProcessRead(Byte[] buffer, Int32 offset, Int32 count, AsyncProtocolRequest asyncRequest)
   --- End of inner exception stack trace ---
   at System.Net.Security.NegotiateStream.ProcessRead(Byte[] buffer, Int32 offset, Int32 count, AsyncProtocolRequest asyncRequest)
   at System.Net.Security.NegotiateStream.Read(Byte[] buffer, Int32 offset, Int32 count)
   at System.ServiceModel.Channels.StreamConnection.Read(Byte[] buffer, Int32 offset, Int32 size, TimeSpan timeout)
   --- End of inner exception stack trace ---
   at System.ServiceModel.Channels.StreamConnection.Read(Byte[] buffer, Int32 offset, Int32 size, TimeSpan timeout)
   at System.ServiceModel.Channels.SingletonConnectionReader.Receive(TimeSpan timeout)
   at System.ServiceModel.Channels.StreamedFramingRequestChannel.StreamedFramingRequest.WaitForReply(TimeSpan timeout)
   at System.ServiceModel.Channels.RequestChannel.Request(Message message, TimeSpan timeout)
   --- End of inner exception stack trace ---

Server stack trace: 
   at System.ServiceModel.Channels.RequestChannel.Request(Message message, TimeSpan timeout)
   at System.ServiceModel.Channels.TransactionRequestChannelGeneric`1.Request(Message message, TimeSpan timeout)
   at System.ServiceModel.Dispatcher.RequestChannelBinder.Request(Message message, TimeSpan timeout)
   at System.ServiceModel.Channels.ServiceChannel.Call(String action, Boolean oneway, ProxyOperationRuntime operation, Object[] ins, Object[] outs, TimeSpan timeout)
   at System.ServiceModel.Channels.ServiceChannelProxy.InvokeService(IMethodCallMessage methodCall, ProxyOperationRuntime operation)
   at System.ServiceModel.Channels.ServiceChannelProxy.Invoke(IMessage message)

Exception rethrown at [0]: 
   at System.Runtime.Remoting.Proxies.RealProxy.HandleReturnMessage(IMessage reqMsg, IMessage retMsg)
   at System.Runtime.Remoting.Proxies.RealProxy.PrivateInvoke(MessageData& msgData, Int32 type)
   at Petex.Service.RequestProcessor.IWcfStreamResponseProcessor.Process(MessageRequest request)
   at A.cec9e090ae538d190220f059017b75b84.Process(MessageRequest request)

method : Process([Petex.Service.RequestProcessor.MessageRequest] request = Petex.Service.RequestProcessor.MessageRequest)

2018/09/22 10:33:54.917 ERROR 109 Petex.IFM.IVM.VisualWorkflowService.c1c13b709b3df317d725c923928032d5a - An error occurred while getting bulk results.
Details:
System.TimeoutException: The request channel timed out while waiting for a reply after 00:04:56.3139707. Increase the timeout value passed to the call to Request or increase the SendTimeout value on the Binding. The time allotted to this operation may have been a portion of a longer timeout. ---> System.TimeoutException: The socket transfer timed out after 00:04:59.9940000. You have exceeded the timeout set on your binding. The time allotted to this operation may have been a portion of a longer timeout. ---> System.IO.IOException: The read operation failed, see inner exception. ---> System.TimeoutException: The socket transfer timed out after 00:04:59.9940000. You have exceeded the timeout set on your binding. The time allotted to this operation may have been a portion of a longer timeout. ---> System.Net.Sockets.SocketException: A connection attempt failed because the connected party did not properly respond after a period of time, or established connection failed because connected host has failed to respond
   at System.Net.Sockets.Socket.Receive(Byte[] buffer, Int32 offset, Int32 size, SocketFlags socketFlags)
   at System.ServiceModel.Channels.SocketConnection.ReadCore(Byte[] buffer, Int32 offset, Int32 size, TimeSpan timeout, Boolean closing)
   --- End of inner exception stack trace ---
   at System.ServiceModel.Channels.SocketConnection.ReadCore(Byte[] buffer, Int32 offset, Int32 size, TimeSpan timeout, Boolean closing)
   at System.ServiceModel.Channels.SocketConnection.Read(Byte[] buffer, Int32 offset, Int32 size, TimeSpan timeout)
   at System.ServiceModel.Channels.DelegatingConnection.Read(Byte[] buffer, Int32 offset, Int32 size, TimeSpan timeout)
   at System.ServiceModel.Channels.ConnectionStream.Read(Byte[] buffer, Int32 offset, Int32 count)
   at System.Net.FixedSizeReader.ReadPacket(Byte[] buffer, Int32 offset, Int32 count)
   at System.Net.Security.NegotiateStream.StartFrameHeader(Byte[] buffer, Int32 offset, Int32 count, AsyncProtocolRequest asyncRequest)
   at System.Net.Security.NegotiateStream.ProcessRead(Byte[] buffer, Int32 offset, Int32 count, AsyncProtocolRequest asyncRequest)
   --- End of inner exception stack trace ---
   at System.Net.Security.NegotiateStream.ProcessRead(Byte[] buffer, Int32 offset, Int32 count, AsyncProtocolRequest asyncRequest)
   at System.Net.Security.NegotiateStream.Read(Byte[] buffer, Int32 offset, Int32 count)
   at System.ServiceModel.Channels.StreamConnection.Read(Byte[] buffer, Int32 offset, Int32 size, TimeSpan timeout)
   --- End of inner exception stack trace ---
   at System.ServiceModel.Channels.StreamConnection.Read(Byte[] buffer, Int32 offset, Int32 size, TimeSpan timeout)
   at System.ServiceModel.Channels.SingletonConnectionReader.Receive(TimeSpan timeout)
   at System.ServiceModel.Channels.StreamedFramingRequestChannel.StreamedFramingRequest.WaitForReply(TimeSpan timeout)
   at System.ServiceModel.Channels.RequestChannel.Request(Message message, TimeSpan timeout)
   --- End of inner exception stack trace ---

Server stack trace: 
   at System.ServiceModel.Channels.RequestChannel.Request(Message message, TimeSpan timeout)
   at System.ServiceModel.Channels.TransactionRequestChannelGeneric`1.Request(Message message, TimeSpan timeout)
   at System.ServiceModel.Dispatcher.RequestChannelBinder.Request(Message message, TimeSpan timeout)
   at System.ServiceModel.Channels.ServiceChannel.Call(String action, Boolean oneway, ProxyOperationRuntime operation, Object[] ins, Object[] outs, TimeSpan timeout)
   at System.ServiceModel.Channels.ServiceChannelProxy.InvokeService(IMethodCallMessage methodCall, ProxyOperationRuntime operation)
   at System.ServiceModel.Channels.ServiceChannelProxy.Invoke(IMessage message)

Exception rethrown at [0]: 
   at A.c22aefe7f39df3d678dba160428b769f4.c0c4ec95a682cbefc208f4f3eb80ff6ad[c5e2460f6ebc534efe90b3230b7797cb4](Func`1 c3c081f340dcdf79e192d50757bce0bee)
   at A.c42ccb3c762729e5c1ed9dd9fb21f7a51.c2a035223c95353a451d486528bb968ce(DateTime ca50651d185b346c217028862887f6062, List`1 c94623007ea3b221db43a7a5c991a9cac, Int32 c27485bd6dedf79f29eccbe33aefab814, DateTime cc0b7aac23bdedea569c99b9f01ab5798, DateTime ca917bd7d663d59239d097b255d937590)
   at Petex.IFM.IVM.VisualWorkflowService.c1c13b709b3df317d725c923928032d5a(c0a78f935034ea252425562b3db1ea988 cc462e40687a776088a0f60dcc4dee4c5, VisualWorkflowResultOptions c97464e7151b310fab45ca8e18c9bbc4d)
2018/09/22 10:38:48.462 INFO  68 A.cdc551499db0039f956e1d0666bfd1504.ca3aa6b2f13c2c1bc9c646f6abf33ed07 - Changing service from :0 to HOUMSEOSIFM007:8787
2018/09/22 10:38:55.351 ERROR 138 A.cec9e090ae538d190220f059017b75b84.Process - System.TimeoutException: The request channel timed out while waiting for a reply after 00:04:56.5080131. Increase the timeout value passed to the call to Request or increase the SendTimeout value on the Binding. The time allotted to this operation may have been a portion of a longer timeout. ---> System.TimeoutException: The socket transfer timed out after 00:04:59.9890000. You have exceeded the timeout set on your binding. The time allotted to this operation may have been a portion of a longer timeout. ---> System.IO.IOException: The read operation failed, see inner exception. ---> System.TimeoutException: The socket transfer timed out after 00:04:59.9890000. You have exceeded the timeout set on your binding. The time allotted to this operation may have been a portion of a longer timeout. ---> System.Net.Sockets.SocketException: A connection attempt failed because the connected party did not properly respond after a period of time, or established connection failed because connected host has failed to respond
   at System.Net.Sockets.Socket.Receive(Byte[] buffer, Int32 offset, Int32 size, SocketFlags socketFlags)
   at System.ServiceModel.Channels.SocketConnection.ReadCore(Byte[] buffer, Int32 offset, Int32 size, TimeSpan timeout, Boolean closing)
   --- End of inner exception stack trace ---
   at System.ServiceModel.Channels.SocketConnection.ReadCore(Byte[] buffer, Int32 offset, Int32 size, TimeSpan timeout, Boolean closing)
   at System.ServiceModel.Channels.SocketConnection.Read(Byte[] buffer, Int32 offset, Int32 size, TimeSpan timeout)
   at System.ServiceModel.Channels.DelegatingConnection.Read(Byte[] buffer, Int32 offset, Int32 size, TimeSpan timeout)
   at System.ServiceModel.Channels.ConnectionStream.Read(Byte[] buffer, Int32 offset, Int32 count)
   at System.Net.FixedSizeReader.ReadPacket(Byte[] buffer, Int32 offset, Int32 count)
   at System.Net.Security.NegotiateStream.StartFrameHeader(Byte[] buffer, Int32 offset, Int32 count, AsyncProtocolRequest asyncRequest)
   at System.Net.Security.NegotiateStream.ProcessRead(Byte[] buffer, Int32 offset, Int32 count, AsyncProtocolRequest asyncRequest)
   --- End of inner exception stack trace ---
   at System.Net.Security.NegotiateStream.ProcessRead(Byte[] buffer, Int32 offset, Int32 count, AsyncProtocolRequest asyncRequest)
   at System.Net.Security.NegotiateStream.Read(Byte[] buffer, Int32 offset, Int32 count)
   at System.ServiceModel.Channels.StreamConnection.Read(Byte[] buffer, Int32 offset, Int32 size, TimeSpan timeout)
   --- End of inner exception stack trace ---
   at System.ServiceModel.Channels.StreamConnection.Read(Byte[] buffer, Int32 offset, Int32 size, TimeSpan timeout)
   at System.ServiceModel.Channels.SingletonConnectionReader.Receive(TimeSpan timeout)
   at System.ServiceModel.Channels.StreamedFramingRequestChannel.StreamedFramingRequest.WaitForReply(TimeSpan timeout)
   at System.ServiceModel.Channels.RequestChannel.Request(Message message, TimeSpan timeout)
   --- End of inner exception stack trace ---

Server stack trace: 
   at System.ServiceModel.Channels.RequestChannel.Request(Message message, TimeSpan timeout)
   at System.ServiceModel.Channels.TransactionRequestChannelGeneric`1.Request(Message message, TimeSpan timeout)
   at System.ServiceModel.Dispatcher.RequestChannelBinder.Request(Message message, TimeSpan timeout)
   at System.ServiceModel.Channels.ServiceChannel.Call(String action, Boolean oneway, ProxyOperationRuntime operation, Object[] ins, Object[] outs, TimeSpan timeout)
   at System.ServiceModel.Channels.ServiceChannelProxy.InvokeService(IMethodCallMessage methodCall, ProxyOperationRuntime operation)
   at System.ServiceModel.Channels.ServiceChannelProxy.Invoke(IMessage message)

Exception rethrown at [0]: 
   at System.Runtime.Remoting.Proxies.RealProxy.HandleReturnMessage(IMessage reqMsg, IMessage retMsg)
   at System.Runtime.Remoting.Proxies.RealProxy.PrivateInvoke(MessageData& msgData, Int32 type)
   at Petex.Service.RequestProcessor.IWcfStreamResponseProcessor.Process(MessageRequest request)
   at A.cec9e090ae538d190220f059017b75b84.Process(MessageRequest request)
Details:
System.TimeoutException: The request channel timed out while waiting for a reply after 00:04:56.5080131. Increase the timeout value passed to the call to Request or increase the SendTimeout value on the Binding. The time allotted to this operation may have been a portion of a longer timeout. ---> System.TimeoutException: The socket transfer timed out after 00:04:59.9890000. You have exceeded the timeout set on your binding. The time allotted to this operation may have been a portion of a longer timeout. ---> System.IO.IOException: The read operation failed, see inner exception. ---> System.TimeoutException: The socket transfer timed out after 00:04:59.9890000. You have exceeded the timeout set on your binding. The time allotted to this operation may have been a portion of a longer timeout. ---> System.Net.Sockets.SocketException: A connection attempt failed because the connected party did not properly respond after a period of time, or established connection failed because connected host has failed to respond
   at System.Net.Sockets.Socket.Receive(Byte[] buffer, Int32 offset, Int32 size, SocketFlags socketFlags)
   at System.ServiceModel.Channels.SocketConnection.ReadCore(Byte[] buffer, Int32 offset, Int32 size, TimeSpan timeout, Boolean closing)
   --- End of inner exception stack trace ---
   at System.ServiceModel.Channels.SocketConnection.ReadCore(Byte[] buffer, Int32 offset, Int32 size, TimeSpan timeout, Boolean closing)
   at System.ServiceModel.Channels.SocketConnection.Read(Byte[] buffer, Int32 offset, Int32 size, TimeSpan timeout)
   at System.ServiceModel.Channels.DelegatingConnection.Read(Byte[] buffer, Int32 offset, Int32 size, TimeSpan timeout)
   at System.ServiceModel.Channels.ConnectionStream.Read(Byte[] buffer, Int32 offset, Int32 count)
   at System.Net.FixedSizeReader.ReadPacket(Byte[] buffer, Int32 offset, Int32 count)
   at System.Net.Security.NegotiateStream.StartFrameHeader(Byte[] buffer, Int32 offset, Int32 count, AsyncProtocolRequest asyncRequest)
   at System.Net.Security.NegotiateStream.ProcessRead(Byte[] buffer, Int32 offset, Int32 count, AsyncProtocolRequest asyncRequest)
   --- End of inner exception stack trace ---
   at System.Net.Security.NegotiateStream.ProcessRead(Byte[] buffer, Int32 offset, Int32 count, AsyncProtocolRequest asyncRequest)
   at System.Net.Security.NegotiateStream.Read(Byte[] buffer, Int32 offset, Int32 count)
   at System.ServiceModel.Channels.StreamConnection.Read(Byte[] buffer, Int32 offset, Int32 size, TimeSpan timeout)
   --- End of inner exception stack trace ---
   at System.ServiceModel.Channels.StreamConnection.Read(Byte[] buffer, Int32 offset, Int32 size, TimeSpan timeout)
   at System.ServiceModel.Channels.SingletonConnectionReader.Receive(TimeSpan timeout)
   at System.ServiceModel.Channels.StreamedFramingRequestChannel.StreamedFramingRequest.WaitForReply(TimeSpan timeout)
   at System.ServiceModel.Channels.RequestChannel.Request(Message message, TimeSpan timeout)
   --- End of inner exception stack trace ---

Server stack trace: 
   at System.ServiceModel.Channels.RequestChannel.Request(Message message, TimeSpan timeout)
   at System.ServiceModel.Channels.TransactionRequestChannelGeneric`1.Request(Message message, TimeSpan timeout)
   at System.ServiceModel.Dispatcher.RequestChannelBinder.Request(Message message, TimeSpan timeout)
   at System.ServiceModel.Channels.ServiceChannel.Call(String action, Boolean oneway, ProxyOperationRuntime operation, Object[] ins, Object[] outs, TimeSpan timeout)
   at System.ServiceModel.Channels.ServiceChannelProxy.InvokeService(IMethodCallMessage methodCall, ProxyOperationRuntime operation)
   at System.ServiceModel.Channels.ServiceChannelProxy.Invoke(IMessage message)

Exception rethrown at [0]: 
   at System.Runtime.Remoting.Proxies.RealProxy.HandleReturnMessage(IMessage reqMsg, IMessage retMsg)
   at System.Runtime.Remoting.Proxies.RealProxy.PrivateInvoke(MessageData& msgData, Int32 type)
   at Petex.Service.RequestProcessor.IWcfStreamResponseProcessor.Process(MessageRequest request)
   at A.cec9e090ae538d190220f059017b75b84.Process(MessageRequest request)
2018/09/22 10:38:55.352 ERROR 138 A.cec9e090ae538d190220f059017b75b84 (Thread 138) ProcID (46564) - System.TimeoutException: The request channel timed out while waiting for a reply after 00:04:56.5080131. Increase the timeout value passed to the call to Request or increase the SendTimeout value on the Binding. The time allotted to this operation may have been a portion of a longer timeout. ---> System.TimeoutException: The socket transfer timed out after 00:04:59.9890000. You have exceeded the timeout set on your binding. The time allotted to this operation may have been a portion of a longer timeout. ---> System.IO.IOException: The read operation failed, see inner exception. ---> System.TimeoutException: The socket transfer timed out after 00:04:59.9890000. You have exceeded the timeout set on your binding. The time allotted to this operation may have been a portion of a longer timeout. ---> System.Net.Sockets.SocketException: A connection attempt failed because the connected party did not properly respond after a period of time, or established connection failed because connected host has failed to respond
   at System.Net.Sockets.Socket.Receive(Byte[] buffer, Int32 offset, Int32 size, SocketFlags socketFlags)
   at System.ServiceModel.Channels.SocketConnection.ReadCore(Byte[] buffer, Int32 offset, Int32 size, TimeSpan timeout, Boolean closing)
   --- End of inner exception stack trace ---
   at System.ServiceModel.Channels.SocketConnection.ReadCore(Byte[] buffer, Int32 offset, Int32 size, TimeSpan timeout, Boolean closing)
   at System.ServiceModel.Channels.SocketConnection.Read(Byte[] buffer, Int32 offset, Int32 size, TimeSpan timeout)
   at System.ServiceModel.Channels.DelegatingConnection.Read(Byte[] buffer, Int32 offset, Int32 size, TimeSpan timeout)
   at System.ServiceModel.Channels.ConnectionStream.Read(Byte[] buffer, Int32 offset, Int32 count)
   at System.Net.FixedSizeReader.ReadPacket(Byte[] buffer, Int32 offset, Int32 count)
   at System.Net.Security.NegotiateStream.StartFrameHeader(Byte[] buffer, Int32 offset, Int32 count, AsyncProtocolRequest asyncRequest)
   at System.Net.Security.NegotiateStream.ProcessRead(Byte[] buffer, Int32 offset, Int32 count, AsyncProtocolRequest asyncRequest)
   --- End of inner exception stack trace ---
   at System.Net.Security.NegotiateStream.ProcessRead(Byte[] buffer, Int32 offset, Int32 count, AsyncProtocolRequest asyncRequest)
   at System.Net.Security.NegotiateStream.Read(Byte[] buffer, Int32 offset, Int32 count)
   at System.ServiceModel.Channels.StreamConnection.Read(Byte[] buffer, Int32 offset, Int32 size, TimeSpan timeout)
   --- End of inner exception stack trace ---
   at System.ServiceModel.Channels.StreamConnection.Read(Byte[] buffer, Int32 offset, Int32 size, TimeSpan timeout)
   at System.ServiceModel.Channels.SingletonConnectionReader.Receive(TimeSpan timeout)
   at System.ServiceModel.Channels.StreamedFramingRequestChannel.StreamedFramingRequest.WaitForReply(TimeSpan timeout)
   at System.ServiceModel.Channels.RequestChannel.Request(Message message, TimeSpan timeout)
   --- End of inner exception stack trace ---

Server stack trace: 
   at System.ServiceModel.Channels.RequestChannel.Request(Message message, TimeSpan timeout)
   at System.ServiceModel.Channels.TransactionRequestChannelGeneric`1.Request(Message message, TimeSpan timeout)
   at System.ServiceModel.Dispatcher.RequestChannelBinder.Request(Message message, TimeSpan timeout)
   at System.ServiceModel.Channels.ServiceChannel.Call(String action, Boolean oneway, ProxyOperationRuntime operation, Object[] ins, Object[] outs, TimeSpan timeout)
   at System.ServiceModel.Channels.ServiceChannelProxy.InvokeService(IMethodCallMessage methodCall, ProxyOperationRuntime operation)
   at System.ServiceModel.Channels.ServiceChannelProxy.Invoke(IMessage message)

Exception rethrown at [0]: 
   at System.Runtime.Remoting.Proxies.RealProxy.HandleReturnMessage(IMessage reqMsg, IMessage retMsg)
   at System.Runtime.Remoting.Proxies.RealProxy.PrivateInvoke(MessageData& msgData, Int32 type)
   at Petex.Service.RequestProcessor.IWcfStreamResponseProcessor.Process(MessageRequest request)
   at A.cec9e090ae538d190220f059017b75b84.Process(MessageRequest request)

method : Process([Petex.Service.RequestProcessor.MessageRequest] request = Petex.Service.RequestProcessor.MessageRequest)

2018/09/22 10:38:55.354 ERROR 71 Petex.IFM.IVM.VisualWorkflowService.c1c13b709b3df317d725c923928032d5a - An error occurred while getting bulk results.
Details:
System.TimeoutException: The request channel timed out while waiting for a reply after 00:04:56.5080131. Increase the timeout value passed to the call to Request or increase the SendTimeout value on the Binding. The time allotted to this operation may have been a portion of a longer timeout. ---> System.TimeoutException: The socket transfer timed out after 00:04:59.9890000. You have exceeded the timeout set on your binding. The time allotted to this operation may have been a portion of a longer timeout. ---> System.IO.IOException: The read operation failed, see inner exception. ---> System.TimeoutException: The socket transfer timed out after 00:04:59.9890000. You have exceeded the timeout set on your binding. The time allotted to this operation may have been a portion of a longer timeout. ---> System.Net.Sockets.SocketException: A connection attempt failed because the connected party did not properly respond after a period of time, or established connection failed because connected host has failed to respond
   at System.Net.Sockets.Socket.Receive(Byte[] buffer, Int32 offset, Int32 size, SocketFlags socketFlags)
   at System.ServiceModel.Channels.SocketConnection.ReadCore(Byte[] buffer, Int32 offset, Int32 size, TimeSpan timeout, Boolean closing)
   --- End of inner exception stack trace ---
   at System.ServiceModel.Channels.SocketConnection.ReadCore(Byte[] buffer, Int32 offset, Int32 size, TimeSpan timeout, Boolean closing)
   at System.ServiceModel.Channels.SocketConnection.Read(Byte[] buffer, Int32 offset, Int32 size, TimeSpan timeout)
   at System.ServiceModel.Channels.DelegatingConnection.Read(Byte[] buffer, Int32 offset, Int32 size, TimeSpan timeout)
   at System.ServiceModel.Channels.ConnectionStream.Read(Byte[] buffer, Int32 offset, Int32 count)
   at System.Net.FixedSizeReader.ReadPacket(Byte[] buffer, Int32 offset, Int32 count)
   at System.Net.Security.NegotiateStream.StartFrameHeader(Byte[] buffer, Int32 offset, Int32 count, AsyncProtocolRequest asyncRequest)
   at System.Net.Security.NegotiateStream.ProcessRead(Byte[] buffer, Int32 offset, Int32 count, AsyncProtocolRequest asyncRequest)
   --- End of inner exception stack trace ---
   at System.Net.Security.NegotiateStream.ProcessRead(Byte[] buffer, Int32 offset, Int32 count, AsyncProtocolRequest asyncRequest)
   at System.Net.Security.NegotiateStream.Read(Byte[] buffer, Int32 offset, Int32 count)
   at System.ServiceModel.Channels.StreamConnection.Read(Byte[] buffer, Int32 offset, Int32 size, TimeSpan timeout)
   --- End of inner exception stack trace ---
   at System.ServiceModel.Channels.StreamConnection.Read(Byte[] buffer, Int32 offset, Int32 size, TimeSpan timeout)
   at System.ServiceModel.Channels.SingletonConnectionReader.Receive(TimeSpan timeout)
   at System.ServiceModel.Channels.StreamedFramingRequestChannel.StreamedFramingRequest.WaitForReply(TimeSpan timeout)
   at System.ServiceModel.Channels.RequestChannel.Request(Message message, TimeSpan timeout)
   --- End of inner exception stack trace ---

Server stack trace: 
   at System.ServiceModel.Channels.RequestChannel.Request(Message message, TimeSpan timeout)
   at System.ServiceModel.Channels.TransactionRequestChannelGeneric`1.Request(Message message, TimeSpan timeout)
   at System.ServiceModel.Dispatcher.RequestChannelBinder.Request(Message message, TimeSpan timeout)
   at System.ServiceModel.Channels.ServiceChannel.Call(String action, Boolean oneway, ProxyOperationRuntime operation, Object[] ins, Object[] outs, TimeSpan timeout)
   at System.ServiceModel.Channels.ServiceChannelProxy.InvokeService(IMethodCallMessage methodCall, ProxyOperationRuntime operation)
   at System.ServiceModel.Channels.ServiceChannelProxy.Invoke(IMessage message)

Exception rethrown at [0]: 
   at A.c22aefe7f39df3d678dba160428b769f4.c0c4ec95a682cbefc208f4f3eb80ff6ad[c5e2460f6ebc534efe90b3230b7797cb4](Func`1 c3c081f340dcdf79e192d50757bce0bee)
   at A.c42ccb3c762729e5c1ed9dd9fb21f7a51.c2a035223c95353a451d486528bb968ce(DateTime ca50651d185b346c217028862887f6062, List`1 c94623007ea3b221db43a7a5c991a9cac, Int32 c27485bd6dedf79f29eccbe33aefab814, DateTime cc0b7aac23bdedea569c99b9f01ab5798, DateTime ca917bd7d663d59239d097b255d937590)
   at Petex.IFM.IVM.VisualWorkflowService.c1c13b709b3df317d725c923928032d5a(c0a78f935034ea252425562b3db1ea988 cc462e40687a776088a0f60dcc4dee4c5, VisualWorkflowResultOptions c97464e7151b310fab45ca8e18c9bbc4d)
2018/09/22 10:43:49.491 INFO  106 A.cdc551499db0039f956e1d0666bfd1504.ca3aa6b2f13c2c1bc9c646f6abf33ed07 - Changing service from :0 to HOUMSEOSIFM007:8787
2018/09/22 10:43:53.899 ERROR 137 A.cec9e090ae538d190220f059017b75b84.Process - System.TimeoutException: The request channel timed out while waiting for a reply after 00:04:57.2370002. Increase the timeout value passed to the call to Request or increase the SendTimeout value on the Binding. The time allotted to this operation may have been a portion of a longer timeout. ---> System.TimeoutException: The socket transfer timed out after 00:04:59.9950000. You have exceeded the timeout set on your binding. The time allotted to this operation may have been a portion of a longer timeout. ---> System.IO.IOException: The read operation failed, see inner exception. ---> System.TimeoutException: The socket transfer timed out after 00:04:59.9950000. You have exceeded the timeout set on your binding. The time allotted to this operation may have been a portion of a longer timeout. ---> System.Net.Sockets.SocketException: A connection attempt failed because the connected party did not properly respond after a period of time, or established connection failed because connected host has failed to respond
   at System.Net.Sockets.Socket.Receive(Byte[] buffer, Int32 offset, Int32 size, SocketFlags socketFlags)
   at System.ServiceModel.Channels.SocketConnection.ReadCore(Byte[] buffer, Int32 offset, Int32 size, TimeSpan timeout, Boolean closing)
   --- End of inner exception stack trace ---
   at System.ServiceModel.Channels.SocketConnection.ReadCore(Byte[] buffer, Int32 offset, Int32 size, TimeSpan timeout, Boolean closing)
   at System.ServiceModel.Channels.SocketConnection.Read(Byte[] buffer, Int32 offset, Int32 size, TimeSpan timeout)
   at System.ServiceModel.Channels.DelegatingConnection.Read(Byte[] buffer, Int32 offset, Int32 size, TimeSpan timeout)
   at System.ServiceModel.Channels.ConnectionStream.Read(Byte[] buffer, Int32 offset, Int32 count)
   at System.Net.FixedSizeReader.ReadPacket(Byte[] buffer, Int32 offset, Int32 count)
   at System.Net.Security.NegotiateStream.StartFrameHeader(Byte[] buffer, Int32 offset, Int32 count, AsyncProtocolRequest asyncRequest)
   at System.Net.Security.NegotiateStream.ProcessRead(Byte[] buffer, Int32 offset, Int32 count, AsyncProtocolRequest asyncRequest)
   --- End of inner exception stack trace ---
   at System.Net.Security.NegotiateStream.ProcessRead(Byte[] buffer, Int32 offset, Int32 count, AsyncProtocolRequest asyncRequest)
   at System.Net.Security.NegotiateStream.Read(Byte[] buffer, Int32 offset, Int32 count)
   at System.ServiceModel.Channels.StreamConnection.Read(Byte[] buffer, Int32 offset, Int32 size, TimeSpan timeout)
   --- End of inner exception stack trace ---
   at System.ServiceModel.Channels.StreamConnection.Read(Byte[] buffer, Int32 offset, Int32 size, TimeSpan timeout)
   at System.ServiceModel.Channels.SingletonConnectionReader.Receive(TimeSpan timeout)
   at System.ServiceModel.Channels.StreamedFramingRequestChannel.StreamedFramingRequest.WaitForReply(TimeSpan timeout)
   at System.ServiceModel.Channels.RequestChannel.Request(Message message, TimeSpan timeout)
   --- End of inner exception stack trace ---

Server stack trace: 
   at System.ServiceModel.Channels.RequestChannel.Request(Message message, TimeSpan timeout)
   at System.ServiceModel.Channels.TransactionRequestChannelGeneric`1.Request(Message message, TimeSpan timeout)
   at System.ServiceModel.Dispatcher.RequestChannelBinder.Request(Message message, TimeSpan timeout)
   at System.ServiceModel.Channels.ServiceChannel.Call(String action, Boolean oneway, ProxyOperationRuntime operation, Object[] ins, Object[] outs, TimeSpan timeout)
   at System.ServiceModel.Channels.ServiceChannelProxy.InvokeService(IMethodCallMessage methodCall, ProxyOperationRuntime operation)
   at System.ServiceModel.Channels.ServiceChannelProxy.Invoke(IMessage message)

Exception rethrown at [0]: 
   at System.Runtime.Remoting.Proxies.RealProxy.HandleReturnMessage(IMessage reqMsg, IMessage retMsg)
   at System.Runtime.Remoting.Proxies.RealProxy.PrivateInvoke(MessageData& msgData, Int32 type)
   at Petex.Service.RequestProcessor.IWcfStreamResponseProcessor.Process(MessageRequest request)
   at A.cec9e090ae538d190220f059017b75b84.Process(MessageRequest request)
Details:
System.TimeoutException: The request channel timed out while waiting for a reply after 00:04:57.2370002. Increase the timeout value passed to the call to Request or increase the SendTimeout value on the Binding. The time allotted to this operation may have been a portion of a longer timeout. ---> System.TimeoutException: The socket transfer timed out after 00:04:59.9950000. You have exceeded the timeout set on your binding. The time allotted to this operation may have been a portion of a longer timeout. ---> System.IO.IOException: The read operation failed, see inner exception. ---> System.TimeoutException: The socket transfer timed out after 00:04:59.9950000. You have exceeded the timeout set on your binding. The time allotted to this operation may have been a portion of a longer timeout. ---> System.Net.Sockets.SocketException: A connection attempt failed because the connected party did not properly respond after a period of time, or established connection failed because connected host has failed to respond
   at System.Net.Sockets.Socket.Receive(Byte[] buffer, Int32 offset, Int32 size, SocketFlags socketFlags)
   at System.ServiceModel.Channels.SocketConnection.ReadCore(Byte[] buffer, Int32 offset, Int32 size, TimeSpan timeout, Boolean closing)
   --- End of inner exception stack trace ---
   at System.ServiceModel.Channels.SocketConnection.ReadCore(Byte[] buffer, Int32 offset, Int32 size, TimeSpan timeout, Boolean closing)
   at System.ServiceModel.Channels.SocketConnection.Read(Byte[] buffer, Int32 offset, Int32 size, TimeSpan timeout)
   at System.ServiceModel.Channels.DelegatingConnection.Read(Byte[] buffer, Int32 offset, Int32 size, TimeSpan timeout)
   at System.ServiceModel.Channels.ConnectionStream.Read(Byte[] buffer, Int32 offset, Int32 count)
   at System.Net.FixedSizeReader.ReadPacket(Byte[] buffer, Int32 offset, Int32 count)
   at System.Net.Security.NegotiateStream.StartFrameHeader(Byte[] buffer, Int32 offset, Int32 count, AsyncProtocolRequest asyncRequest)
   at System.Net.Security.NegotiateStream.ProcessRead(Byte[] buffer, Int32 offset, Int32 count, AsyncProtocolRequest asyncRequest)
   --- End of inner exception stack trace ---
   at System.Net.Security.NegotiateStream.ProcessRead(Byte[] buffer, Int32 offset, Int32 count, AsyncProtocolRequest asyncRequest)
   at System.Net.Security.NegotiateStream.Read(Byte[] buffer, Int32 offset, Int32 count)
   at System.ServiceModel.Channels.StreamConnection.Read(Byte[] buffer, Int32 offset, Int32 size, TimeSpan timeout)
   --- End of inner exception stack trace ---
   at System.ServiceModel.Channels.StreamConnection.Read(Byte[] buffer, Int32 offset, Int32 size, TimeSpan timeout)
   at System.ServiceModel.Channels.SingletonConnectionReader.Receive(TimeSpan timeout)
   at System.ServiceModel.Channels.StreamedFramingRequestChannel.StreamedFramingRequest.WaitForReply(TimeSpan timeout)
   at System.ServiceModel.Channels.RequestChannel.Request(Message message, TimeSpan timeout)
   --- End of inner exception stack trace ---

Server stack trace: 
   at System.ServiceModel.Channels.RequestChannel.Request(Message message, TimeSpan timeout)
   at System.ServiceModel.Channels.TransactionRequestChannelGeneric`1.Request(Message message, TimeSpan timeout)
   at System.ServiceModel.Dispatcher.RequestChannelBinder.Request(Message message, TimeSpan timeout)
   at System.ServiceModel.Channels.ServiceChannel.Call(String action, Boolean oneway, ProxyOperationRuntime operation, Object[] ins, Object[] outs, TimeSpan timeout)
   at System.ServiceModel.Channels.ServiceChannelProxy.InvokeService(IMethodCallMessage methodCall, ProxyOperationRuntime operation)
   at System.ServiceModel.Channels.ServiceChannelProxy.Invoke(IMessage message)

Exception rethrown at [0]: 
   at System.Runtime.Remoting.Proxies.RealProxy.HandleReturnMessage(IMessage reqMsg, IMessage retMsg)
   at System.Runtime.Remoting.Proxies.RealProxy.PrivateInvoke(MessageData& msgData, Int32 type)
   at Petex.Service.RequestProcessor.IWcfStreamResponseProcessor.Process(MessageRequest request)
   at A.cec9e090ae538d190220f059017b75b84.Process(MessageRequest request)
2018/09/22 10:43:53.902 ERROR 137 A.cec9e090ae538d190220f059017b75b84 (Thread 137) ProcID (46564) - System.TimeoutException: The request channel timed out while waiting for a reply after 00:04:57.2370002. Increase the timeout value passed to the call to Request or increase the SendTimeout value on the Binding. The time allotted to this operation may have been a portion of a longer timeout. ---> System.TimeoutException: The socket transfer timed out after 00:04:59.9950000. You have exceeded the timeout set on your binding. The time allotted to this operation may have been a portion of a longer timeout. ---> System.IO.IOException: The read operation failed, see inner exception. ---> System.TimeoutException: The socket transfer timed out after 00:04:59.9950000. You have exceeded the timeout set on your binding. The time allotted to this operation may have been a portion of a longer timeout. ---> System.Net.Sockets.SocketException: A connection attempt failed because the connected party did not properly respond after a period of time, or established connection failed because connected host has failed to respond
   at System.Net.Sockets.Socket.Receive(Byte[] buffer, Int32 offset, Int32 size, SocketFlags socketFlags)
   at System.ServiceModel.Channels.SocketConnection.ReadCore(Byte[] buffer, Int32 offset, Int32 size, TimeSpan timeout, Boolean closing)
   --- End of inner exception stack trace ---
   at System.ServiceModel.Channels.SocketConnection.ReadCore(Byte[] buffer, Int32 offset, Int32 size, TimeSpan timeout, Boolean closing)
   at System.ServiceModel.Channels.SocketConnection.Read(Byte[] buffer, Int32 offset, Int32 size, TimeSpan timeout)
   at System.ServiceModel.Channels.DelegatingConnection.Read(Byte[] buffer, Int32 offset, Int32 size, TimeSpan timeout)
   at System.ServiceModel.Channels.ConnectionStream.Read(Byte[] buffer, Int32 offset, Int32 count)
   at System.Net.FixedSizeReader.ReadPacket(Byte[] buffer, Int32 offset, Int32 count)
   at System.Net.Security.NegotiateStream.StartFrameHeader(Byte[] buffer, Int32 offset, Int32 count, AsyncProtocolRequest asyncRequest)
   at System.Net.Security.NegotiateStream.ProcessRead(Byte[] buffer, Int32 offset, Int32 count, AsyncProtocolRequest asyncRequest)
   --- End of inner exception stack trace ---
   at System.Net.Security.NegotiateStream.ProcessRead(Byte[] buffer, Int32 offset, Int32 count, AsyncProtocolRequest asyncRequest)
   at System.Net.Security.NegotiateStream.Read(Byte[] buffer, Int32 offset, Int32 count)
   at System.ServiceModel.Channels.StreamConnection.Read(Byte[] buffer, Int32 offset, Int32 size, TimeSpan timeout)
   --- End of inner exception stack trace ---
   at System.ServiceModel.Channels.StreamConnection.Read(Byte[] buffer, Int32 offset, Int32 size, TimeSpan timeout)
   at System.ServiceModel.Channels.SingletonConnectionReader.Receive(TimeSpan timeout)
   at System.ServiceModel.Channels.StreamedFramingRequestChannel.StreamedFramingRequest.WaitForReply(TimeSpan timeout)
   at System.ServiceModel.Channels.RequestChannel.Request(Message message, TimeSpan timeout)
   --- End of inner exception stack trace ---

Server stack trace: 
   at System.ServiceModel.Channels.RequestChannel.Request(Message message, TimeSpan timeout)
   at System.ServiceModel.Channels.TransactionRequestChannelGeneric`1.Request(Message message, TimeSpan timeout)
   at System.ServiceModel.Dispatcher.RequestChannelBinder.Request(Message message, TimeSpan timeout)
   at System.ServiceModel.Channels.ServiceChannel.Call(String action, Boolean oneway, ProxyOperationRuntime operation, Object[] ins, Object[] outs, TimeSpan timeout)
   at System.ServiceModel.Channels.ServiceChannelProxy.InvokeService(IMethodCallMessage methodCall, ProxyOperationRuntime operation)
   at System.ServiceModel.Channels.ServiceChannelProxy.Invoke(IMessage message)

Exception rethrown at [0]: 
   at System.Runtime.Remoting.Proxies.RealProxy.HandleReturnMessage(IMessage reqMsg, IMessage retMsg)
   at System.Runtime.Remoting.Proxies.RealProxy.PrivateInvoke(MessageData& msgData, Int32 type)
   at Petex.Service.RequestProcessor.IWcfStreamResponseProcessor.Process(MessageRequest request)
   at A.cec9e090ae538d190220f059017b75b84.Process(MessageRequest request)

method : Process([Petex.Service.RequestProcessor.MessageRequest] request = Petex.Service.RequestProcessor.MessageRequest)

2018/09/22 10:43:53.903 ERROR 135 Petex.IFM.IVM.VisualWorkflowService.c1c13b709b3df317d725c923928032d5a - An error occurred while getting bulk results.
Details:
System.TimeoutException: The request channel timed out while waiting for a reply after 00:04:57.2370002. Increase the timeout value passed to the call to Request or increase the SendTimeout value on the Binding. The time allotted to this operation may have been a portion of a longer timeout. ---> System.TimeoutException: The socket transfer timed out after 00:04:59.9950000. You have exceeded the timeout set on your binding. The time allotted to this operation may have been a portion of a longer timeout. ---> System.IO.IOException: The read operation failed, see inner exception. ---> System.TimeoutException: The socket transfer timed out after 00:04:59.9950000. You have exceeded the timeout set on your binding. The time allotted to this operation may have been a portion of a longer timeout. ---> System.Net.Sockets.SocketException: A connection attempt failed because the connected party did not properly respond after a period of time, or established connection failed because connected host has failed to respond
   at System.Net.Sockets.Socket.Receive(Byte[] buffer, Int32 offset, Int32 size, SocketFlags socketFlags)
   at System.ServiceModel.Channels.SocketConnection.ReadCore(Byte[] buffer, Int32 offset, Int32 size, TimeSpan timeout, Boolean closing)
   --- End of inner exception stack trace ---
   at System.ServiceModel.Channels.SocketConnection.ReadCore(Byte[] buffer, Int32 offset, Int32 size, TimeSpan timeout, Boolean closing)
   at System.ServiceModel.Channels.SocketConnection.Read(Byte[] buffer, Int32 offset, Int32 size, TimeSpan timeout)
   at System.ServiceModel.Channels.DelegatingConnection.Read(Byte[] buffer, Int32 offset, Int32 size, TimeSpan timeout)
   at System.ServiceModel.Channels.ConnectionStream.Read(Byte[] buffer, Int32 offset, Int32 count)
   at System.Net.FixedSizeReader.ReadPacket(Byte[] buffer, Int32 offset, Int32 count)
   at System.Net.Security.NegotiateStream.StartFrameHeader(Byte[] buffer, Int32 offset, Int32 count, AsyncProtocolRequest asyncRequest)
   at System.Net.Security.NegotiateStream.ProcessRead(Byte[] buffer, Int32 offset, Int32 count, AsyncProtocolRequest asyncRequest)
   --- End of inner exception stack trace ---
   at System.Net.Security.NegotiateStream.ProcessRead(Byte[] buffer, Int32 offset, Int32 count, AsyncProtocolRequest asyncRequest)
   at System.Net.Security.NegotiateStream.Read(Byte[] buffer, Int32 offset, Int32 count)
   at System.ServiceModel.Channels.StreamConnection.Read(Byte[] buffer, Int32 offset, Int32 size, TimeSpan timeout)
   --- End of inner exception stack trace ---
   at System.ServiceModel.Channels.StreamConnection.Read(Byte[] buffer, Int32 offset, Int32 size, TimeSpan timeout)
   at System.ServiceModel.Channels.SingletonConnectionReader.Receive(TimeSpan timeout)
   at System.ServiceModel.Channels.StreamedFramingRequestChannel.StreamedFramingRequest.WaitForReply(TimeSpan timeout)
   at System.ServiceModel.Channels.RequestChannel.Request(Message message, TimeSpan timeout)
   --- End of inner exception stack trace ---

Server stack trace: 
   at System.ServiceModel.Channels.RequestChannel.Request(Message message, TimeSpan timeout)
   at System.ServiceModel.Channels.TransactionRequestChannelGeneric`1.Request(Message message, TimeSpan timeout)
   at System.ServiceModel.Dispatcher.RequestChannelBinder.Request(Message message, TimeSpan timeout)
   at System.ServiceModel.Channels.ServiceChannel.Call(String action, Boolean oneway, ProxyOperationRuntime operation, Object[] ins, Object[] outs, TimeSpan timeout)
   at System.ServiceModel.Channels.ServiceChannelProxy.InvokeService(IMethodCallMessage methodCall, ProxyOperationRuntime operation)
   at System.ServiceModel.Channels.ServiceChannelProxy.Invoke(IMessage message)

Exception rethrown at [0]: 
   at A.c22aefe7f39df3d678dba160428b769f4.c0c4ec95a682cbefc208f4f3eb80ff6ad[c5e2460f6ebc534efe90b3230b7797cb4](Func`1 c3c081f340dcdf79e192d50757bce0bee)
   at A.c42ccb3c762729e5c1ed9dd9fb21f7a51.c2a035223c95353a451d486528bb968ce(DateTime ca50651d185b346c217028862887f6062, List`1 c94623007ea3b221db43a7a5c991a9cac, Int32 c27485bd6dedf79f29eccbe33aefab814, DateTime cc0b7aac23bdedea569c99b9f01ab5798, DateTime ca917bd7d663d59239d097b255d937590)
   at Petex.IFM.IVM.VisualWorkflowService.c1c13b709b3df317d725c923928032d5a(c0a78f935034ea252425562b3db1ea988 cc462e40687a776088a0f60dcc4dee4c5, VisualWorkflowResultOptions c97464e7151b310fab45ca8e18c9bbc4d)
2018/09/22 10:48:50.893 INFO  137 A.cdc551499db0039f956e1d0666bfd1504.ca3aa6b2f13c2c1bc9c646f6abf33ed07 - Changing service from :0 to HOUMSEOSIFM007:8787
2018/09/22 10:48:56.056 ERROR 106 A.cec9e090ae538d190220f059017b75b84.Process - System.TimeoutException: The request channel timed out while waiting for a reply after 00:04:57.0290077. Increase the timeout value passed to the call to Request or increase the SendTimeout value on the Binding. The time allotted to this operation may have been a portion of a longer timeout. ---> System.TimeoutException: The socket transfer timed out after 00:04:59.9940000. You have exceeded the timeout set on your binding. The time allotted to this operation may have been a portion of a longer timeout. ---> System.IO.IOException: The read operation failed, see inner exception. ---> System.TimeoutException: The socket transfer timed out after 00:04:59.9940000. You have exceeded the timeout set on your binding. The time allotted to this operation may have been a portion of a longer timeout. ---> System.Net.Sockets.SocketException: A connection attempt failed because the connected party did not properly respond after a period of time, or established connection failed because connected host has failed to respond
   at System.Net.Sockets.Socket.Receive(Byte[] buffer, Int32 offset, Int32 size, SocketFlags socketFlags)
   at System.ServiceModel.Channels.SocketConnection.ReadCore(Byte[] buffer, Int32 offset, Int32 size, TimeSpan timeout, Boolean closing)
   --- End of inner exception stack trace ---
   at System.ServiceModel.Channels.SocketConnection.ReadCore(Byte[] buffer, Int32 offset, Int32 size, TimeSpan timeout, Boolean closing)
   at System.ServiceModel.Channels.SocketConnection.Read(Byte[] buffer, Int32 offset, Int32 size, TimeSpan timeout)
   at System.ServiceModel.Channels.DelegatingConnection.Read(Byte[] buffer, Int32 offset, Int32 size, TimeSpan timeout)
   at System.ServiceModel.Channels.ConnectionStream.Read(Byte[] buffer, Int32 offset, Int32 count)
   at System.Net.FixedSizeReader.ReadPacket(Byte[] buffer, Int32 offset, Int32 count)
   at System.Net.Security.NegotiateStream.StartFrameHeader(Byte[] buffer, Int32 offset, Int32 count, AsyncProtocolRequest asyncRequest)
   at System.Net.Security.NegotiateStream.ProcessRead(Byte[] buffer, Int32 offset, Int32 count, AsyncProtocolRequest asyncRequest)
   --- End of inner exception stack trace ---
   at System.Net.Security.NegotiateStream.ProcessRead(Byte[] buffer, Int32 offset, Int32 count, AsyncProtocolRequest asyncRequest)
   at System.Net.Security.NegotiateStream.Read(Byte[] buffer, Int32 offset, Int32 count)
   at System.ServiceModel.Channels.StreamConnection.Read(Byte[] buffer, Int32 offset, Int32 size, TimeSpan timeout)
   --- End of inner exception stack trace ---
   at System.ServiceModel.Channels.StreamConnection.Read(Byte[] buffer, Int32 offset, Int32 size, TimeSpan timeout)
   at System.ServiceModel.Channels.SingletonConnectionReader.Receive(TimeSpan timeout)
   at System.ServiceModel.Channels.StreamedFramingRequestChannel.StreamedFramingRequest.WaitForReply(TimeSpan timeout)
   at System.ServiceModel.Channels.RequestChannel.Request(Message message, TimeSpan timeout)
   --- End of inner exception stack trace ---

Server stack trace: 
   at System.ServiceModel.Channels.RequestChannel.Request(Message message, TimeSpan timeout)
   at System.ServiceModel.Channels.TransactionRequestChannelGeneric`1.Request(Message message, TimeSpan timeout)
   at System.ServiceModel.Dispatcher.RequestChannelBinder.Request(Message message, TimeSpan timeout)
   at System.ServiceModel.Channels.ServiceChannel.Call(String action, Boolean oneway, ProxyOperationRuntime operation, Object[] ins, Object[] outs, TimeSpan timeout)
   at System.ServiceModel.Channels.ServiceChannelProxy.InvokeService(IMethodCallMessage methodCall, ProxyOperationRuntime operation)
   at System.ServiceModel.Channels.ServiceChannelProxy.Invoke(IMessage message)

Exception rethrown at [0]: 
   at System.Runtime.Remoting.Proxies.RealProxy.HandleReturnMessage(IMessage reqMsg, IMessage retMsg)
   at System.Runtime.Remoting.Proxies.RealProxy.PrivateInvoke(MessageData& msgData, Int32 type)
   at Petex.Service.RequestProcessor.IWcfStreamResponseProcessor.Process(MessageRequest request)
   at A.cec9e090ae538d190220f059017b75b84.Process(MessageRequest request)
Details:
System.TimeoutException: The request channel timed out while waiting for a reply after 00:04:57.0290077. Increase the timeout value passed to the call to Request or increase the SendTimeout value on the Binding. The time allotted to this operation may have been a portion of a longer timeout. ---> System.TimeoutException: The socket transfer timed out after 00:04:59.9940000. You have exceeded the timeout set on your binding. The time allotted to this operation may have been a portion of a longer timeout. ---> System.IO.IOException: The read operation failed, see inner exception. ---> System.TimeoutException: The socket transfer timed out after 00:04:59.9940000. You have exceeded the timeout set on your binding. The time allotted to this operation may have been a portion of a longer timeout. ---> System.Net.Sockets.SocketException: A connection attempt failed because the connected party did not properly respond after a period of time, or established connection failed because connected host has failed to respond
   at System.Net.Sockets.Socket.Receive(Byte[] buffer, Int32 offset, Int32 size, SocketFlags socketFlags)
   at System.ServiceModel.Channels.SocketConnection.ReadCore(Byte[] buffer, Int32 offset, Int32 size, TimeSpan timeout, Boolean closing)
   --- End of inner exception stack trace ---
   at System.ServiceModel.Channels.SocketConnection.ReadCore(Byte[] buffer, Int32 offset, Int32 size, TimeSpan timeout, Boolean closing)
   at System.ServiceModel.Channels.SocketConnection.Read(Byte[] buffer, Int32 offset, Int32 size, TimeSpan timeout)
   at System.ServiceModel.Channels.DelegatingConnection.Read(Byte[] buffer, Int32 offset, Int32 size, TimeSpan timeout)
   at System.ServiceModel.Channels.ConnectionStream.Read(Byte[] buffer, Int32 offset, Int32 count)
   at System.Net.FixedSizeReader.ReadPacket(Byte[] buffer, Int32 offset, Int32 count)
   at System.Net.Security.NegotiateStream.StartFrameHeader(Byte[] buffer, Int32 offset, Int32 count, AsyncProtocolRequest asyncRequest)
   at System.Net.Security.NegotiateStream.ProcessRead(Byte[] buffer, Int32 offset, Int32 count, AsyncProtocolRequest asyncRequest)
   --- End of inner exception stack trace ---
   at System.Net.Security.NegotiateStream.ProcessRead(Byte[] buffer, Int32 offset, Int32 count, AsyncProtocolRequest asyncRequest)
   at System.Net.Security.NegotiateStream.Read(Byte[] buffer, Int32 offset, Int32 count)
   at System.ServiceModel.Channels.StreamConnection.Read(Byte[] buffer, Int32 offset, Int32 size, TimeSpan timeout)
   --- End of inner exception stack trace ---
   at System.ServiceModel.Channels.StreamConnection.Read(Byte[] buffer, Int32 offset, Int32 size, TimeSpan timeout)
   at System.ServiceModel.Channels.SingletonConnectionReader.Receive(TimeSpan timeout)
   at System.ServiceModel.Channels.StreamedFramingRequestChannel.StreamedFramingRequest.WaitForReply(TimeSpan timeout)
   at System.ServiceModel.Channels.RequestChannel.Request(Message message, TimeSpan timeout)
   --- End of inner exception stack trace ---

Server stack trace: 
   at System.ServiceModel.Channels.RequestChannel.Request(Message message, TimeSpan timeout)
   at System.ServiceModel.Channels.TransactionRequestChannelGeneric`1.Request(Message message, TimeSpan timeout)
   at System.ServiceModel.Dispatcher.RequestChannelBinder.Request(Message message, TimeSpan timeout)
   at System.ServiceModel.Channels.ServiceChannel.Call(String action, Boolean oneway, ProxyOperationRuntime operation, Object[] ins, Object[] outs, TimeSpan timeout)
   at System.ServiceModel.Channels.ServiceChannelProxy.InvokeService(IMethodCallMessage methodCall, ProxyOperationRuntime operation)
   at System.ServiceModel.Channels.ServiceChannelProxy.Invoke(IMessage message)

Exception rethrown at [0]: 
   at System.Runtime.Remoting.Proxies.RealProxy.HandleReturnMessage(IMessage reqMsg, IMessage retMsg)
   at System.Runtime.Remoting.Proxies.RealProxy.PrivateInvoke(MessageData& msgData, Int32 type)
   at Petex.Service.RequestProcessor.IWcfStreamResponseProcessor.Process(MessageRequest request)
   at A.cec9e090ae538d190220f059017b75b84.Process(MessageRequest request)
2018/09/22 10:48:56.066 ERROR 106 A.cec9e090ae538d190220f059017b75b84 (Thread 106) ProcID (46564) - System.TimeoutException: The request channel timed out while waiting for a reply after 00:04:57.0290077. Increase the timeout value passed to the call to Request or increase the SendTimeout value on the Binding. The time allotted to this operation may have been a portion of a longer timeout. ---> System.TimeoutException: The socket transfer timed out after 00:04:59.9940000. You have exceeded the timeout set on your binding. The time allotted to this operation may have been a portion of a longer timeout. ---> System.IO.IOException: The read operation failed, see inner exception. ---> System.TimeoutException: The socket transfer timed out after 00:04:59.9940000. You have exceeded the timeout set on your binding. The time allotted to this operation may have been a portion of a longer timeout. ---> System.Net.Sockets.SocketException: A connection attempt failed because the connected party did not properly respond after a period of time, or established connection failed because connected host has failed to respond
   at System.Net.Sockets.Socket.Receive(Byte[] buffer, Int32 offset, Int32 size, SocketFlags socketFlags)
   at System.ServiceModel.Channels.SocketConnection.ReadCore(Byte[] buffer, Int32 offset, Int32 size, TimeSpan timeout, Boolean closing)
   --- End of inner exception stack trace ---
   at System.ServiceModel.Channels.SocketConnection.ReadCore(Byte[] buffer, Int32 offset, Int32 size, TimeSpan timeout, Boolean closing)
   at System.ServiceModel.Channels.SocketConnection.Read(Byte[] buffer, Int32 offset, Int32 size, TimeSpan timeout)
   at System.ServiceModel.Channels.DelegatingConnection.Read(Byte[] buffer, Int32 offset, Int32 size, TimeSpan timeout)
   at System.ServiceModel.Channels.ConnectionStream.Read(Byte[] buffer, Int32 offset, Int32 count)
   at System.Net.FixedSizeReader.ReadPacket(Byte[] buffer, Int32 offset, Int32 count)
   at System.Net.Security.NegotiateStream.StartFrameHeader(Byte[] buffer, Int32 offset, Int32 count, AsyncProtocolRequest asyncRequest)
   at System.Net.Security.NegotiateStream.ProcessRead(Byte[] buffer, Int32 offset, Int32 count, AsyncProtocolRequest asyncRequest)
   --- End of inner exception stack trace ---
   at System.Net.Security.NegotiateStream.ProcessRead(Byte[] buffer, Int32 offset, Int32 count, AsyncProtocolRequest asyncRequest)
   at System.Net.Security.NegotiateStream.Read(Byte[] buffer, Int32 offset, Int32 count)
   at System.ServiceModel.Channels.StreamConnection.Read(Byte[] buffer, Int32 offset, Int32 size, TimeSpan timeout)
   --- End of inner exception stack trace ---
   at System.ServiceModel.Channels.StreamConnection.Read(Byte[] buffer, Int32 offset, Int32 size, TimeSpan timeout)
   at System.ServiceModel.Channels.SingletonConnectionReader.Receive(TimeSpan timeout)
   at System.ServiceModel.Channels.StreamedFramingRequestChannel.StreamedFramingRequest.WaitForReply(TimeSpan timeout)
   at System.ServiceModel.Channels.RequestChannel.Request(Message message, TimeSpan timeout)
   --- End of inner exception stack trace ---

Server stack trace: 
   at System.ServiceModel.Channels.RequestChannel.Request(Message message, TimeSpan timeout)
   at System.ServiceModel.Channels.TransactionRequestChannelGeneric`1.Request(Message message, TimeSpan timeout)
   at System.ServiceModel.Dispatcher.RequestChannelBinder.Request(Message message, TimeSpan timeout)
   at System.ServiceModel.Channels.ServiceChannel.Call(String action, Boolean oneway, ProxyOperationRuntime operation, Object[] ins, Object[] outs, TimeSpan timeout)
   at System.ServiceModel.Channels.ServiceChannelProxy.InvokeService(IMethodCallMessage methodCall, ProxyOperationRuntime operation)
   at System.ServiceModel.Channels.ServiceChannelProxy.Invoke(IMessage message)

Exception rethrown at [0]: 
   at System.Runtime.Remoting.Proxies.RealProxy.HandleReturnMessage(IMessage reqMsg, IMessage retMsg)
   at System.Runtime.Remoting.Proxies.RealProxy.PrivateInvoke(MessageData& msgData, Int32 type)
   at Petex.Service.RequestProcessor.IWcfStreamResponseProcessor.Process(MessageRequest request)
   at A.cec9e090ae538d190220f059017b75b84.Process(MessageRequest request)

method : Process([Petex.Service.RequestProcessor.MessageRequest] request = Petex.Service.RequestProcessor.MessageRequest)

2018/09/22 10:48:56.087 ERROR 121 Petex.IFM.IVM.VisualWorkflowService.c1c13b709b3df317d725c923928032d5a - An error occurred while getting bulk results.
Details:
System.TimeoutException: The request channel timed out while waiting for a reply after 00:04:57.0290077. Increase the timeout value passed to the call to Request or increase the SendTimeout value on the Binding. The time allotted to this operation may have been a portion of a longer timeout. ---> System.TimeoutException: The socket transfer timed out after 00:04:59.9940000. You have exceeded the timeout set on your binding. The time allotted to this operation may have been a portion of a longer timeout. ---> System.IO.IOException: The read operation failed, see inner exception. ---> System.TimeoutException: The socket transfer timed out after 00:04:59.9940000. You have exceeded the timeout set on your binding. The time allotted to this operation may have been a portion of a longer timeout. ---> System.Net.Sockets.SocketException: A connection attempt failed because the connected party did not properly respond after a period of time, or established connection failed because connected host has failed to respond
   at System.Net.Sockets.Socket.Receive(Byte[] buffer, Int32 offset, Int32 size, SocketFlags socketFlags)
   at System.ServiceModel.Channels.SocketConnection.ReadCore(Byte[] buffer, Int32 offset, Int32 size, TimeSpan timeout, Boolean closing)
   --- End of inner exception stack trace ---
   at System.ServiceModel.Channels.SocketConnection.ReadCore(Byte[] buffer, Int32 offset, Int32 size, TimeSpan timeout, Boolean closing)
   at System.ServiceModel.Channels.SocketConnection.Read(Byte[] buffer, Int32 offset, Int32 size, TimeSpan timeout)
   at System.ServiceModel.Channels.DelegatingConnection.Read(Byte[] buffer, Int32 offset, Int32 size, TimeSpan timeout)
   at System.ServiceModel.Channels.ConnectionStream.Read(Byte[] buffer, Int32 offset, Int32 count)
   at System.Net.FixedSizeReader.ReadPacket(Byte[] buffer, Int32 offset, Int32 count)
   at System.Net.Security.NegotiateStream.StartFrameHeader(Byte[] buffer, Int32 offset, Int32 count, AsyncProtocolRequest asyncRequest)
   at System.Net.Security.NegotiateStream.ProcessRead(Byte[] buffer, Int32 offset, Int32 count, AsyncProtocolRequest asyncRequest)
   --- End of inner exception stack trace ---
   at System.Net.Security.NegotiateStream.ProcessRead(Byte[] buffer, Int32 offset, Int32 count, AsyncProtocolRequest asyncRequest)
   at System.Net.Security.NegotiateStream.Read(Byte[] buffer, Int32 offset, Int32 count)
   at System.ServiceModel.Channels.StreamConnection.Read(Byte[] buffer, Int32 offset, Int32 size, TimeSpan timeout)
   --- End of inner exception stack trace ---
   at System.ServiceModel.Channels.StreamConnection.Read(Byte[] buffer, Int32 offset, Int32 size, TimeSpan timeout)
   at System.ServiceModel.Channels.SingletonConnectionReader.Receive(TimeSpan timeout)
   at System.ServiceModel.Channels.StreamedFramingRequestChannel.StreamedFramingRequest.WaitForReply(TimeSpan timeout)
   at System.ServiceModel.Channels.RequestChannel.Request(Message message, TimeSpan timeout)
   --- End of inner exception stack trace ---

Server stack trace: 
   at System.ServiceModel.Channels.RequestChannel.Request(Message message, TimeSpan timeout)
   at System.ServiceModel.Channels.TransactionRequestChannelGeneric`1.Request(Message message, TimeSpan timeout)
   at System.ServiceModel.Dispatcher.RequestChannelBinder.Request(Message message, TimeSpan timeout)
   at System.ServiceModel.Channels.ServiceChannel.Call(String action, Boolean oneway, ProxyOperationRuntime operation, Object[] ins, Object[] outs, TimeSpan timeout)
   at System.ServiceModel.Channels.ServiceChannelProxy.InvokeService(IMethodCallMessage methodCall, ProxyOperationRuntime operation)
   at System.ServiceModel.Channels.ServiceChannelProxy.Invoke(IMessage message)

Exception rethrown at [0]: 
   at A.c22aefe7f39df3d678dba160428b769f4.c0c4ec95a682cbefc208f4f3eb80ff6ad[c5e2460f6ebc534efe90b3230b7797cb4](Func`1 c3c081f340dcdf79e192d50757bce0bee)
   at A.c42ccb3c762729e5c1ed9dd9fb21f7a51.c2a035223c95353a451d486528bb968ce(DateTime ca50651d185b346c217028862887f6062, List`1 c94623007ea3b221db43a7a5c991a9cac, Int32 c27485bd6dedf79f29eccbe33aefab814, DateTime cc0b7aac23bdedea569c99b9f01ab5798, DateTime ca917bd7d663d59239d097b255d937590)
   at Petex.IFM.IVM.VisualWorkflowService.c1c13b709b3df317d725c923928032d5a(c0a78f935034ea252425562b3db1ea988 cc462e40687a776088a0f60dcc4dee4c5, VisualWorkflowResultOptions c97464e7151b310fab45ca8e18c9bbc4d)
2018/09/22 10:54:01.627 ERROR 105 A.cec9e090ae538d190220f059017b75b84.Process - System.TimeoutException: The request channel timed out while waiting for a reply after 00:04:51.7720089. Increase the timeout value passed to the call to Request or increase the SendTimeout value on the Binding. The time allotted to this operation may have been a portion of a longer timeout. ---> System.TimeoutException: The socket transfer timed out after 00:04:59.9940000. You have exceeded the timeout set on your binding. The time allotted to this operation may have been a portion of a longer timeout. ---> System.IO.IOException: The read operation failed, see inner exception. ---> System.TimeoutException: The socket transfer timed out after 00:04:59.9940000. You have exceeded the timeout set on your binding. The time allotted to this operation may have been a portion of a longer timeout. ---> System.Net.Sockets.SocketException: A connection attempt failed because the connected party did not properly respond after a period of time, or established connection failed because connected host has failed to respond
   at System.Net.Sockets.Socket.Receive(Byte[] buffer, Int32 offset, Int32 size, SocketFlags socketFlags)
   at System.ServiceModel.Channels.SocketConnection.ReadCore(Byte[] buffer, Int32 offset, Int32 size, TimeSpan timeout, Boolean closing)
   --- End of inner exception stack trace ---
   at System.ServiceModel.Channels.SocketConnection.ReadCore(Byte[] buffer, Int32 offset, Int32 size, TimeSpan timeout, Boolean closing)
   at System.ServiceModel.Channels.SocketConnection.Read(Byte[] buffer, Int32 offset, Int32 size, TimeSpan timeout)
   at System.ServiceModel.Channels.DelegatingConnection.Read(Byte[] buffer, Int32 offset, Int32 size, TimeSpan timeout)
   at System.ServiceModel.Channels.ConnectionStream.Read(Byte[] buffer, Int32 offset, Int32 count)
   at System.Net.FixedSizeReader.ReadPacket(Byte[] buffer, Int32 offset, Int32 count)
   at System.Net.Security.NegotiateStream.StartFrameHeader(Byte[] buffer, Int32 offset, Int32 count, AsyncProtocolRequest asyncRequest)
   at System.Net.Security.NegotiateStream.ProcessRead(Byte[] buffer, Int32 offset, Int32 count, AsyncProtocolRequest asyncRequest)
   --- End of inner exception stack trace ---
   at System.Net.Security.NegotiateStream.ProcessRead(Byte[] buffer, Int32 offset, Int32 count, AsyncProtocolRequest asyncRequest)
   at System.Net.Security.NegotiateStream.Read(Byte[] buffer, Int32 offset, Int32 count)
   at System.ServiceModel.Channels.StreamConnection.Read(Byte[] buffer, Int32 offset, Int32 size, TimeSpan timeout)
   --- End of inner exception stack trace ---
   at System.ServiceModel.Channels.StreamConnection.Read(Byte[] buffer, Int32 offset, Int32 size, TimeSpan timeout)
   at System.ServiceModel.Channels.SingletonConnectionReader.Receive(TimeSpan timeout)
   at System.ServiceModel.Channels.StreamedFramingRequestChannel.StreamedFramingRequest.WaitForReply(TimeSpan timeout)
   at System.ServiceModel.Channels.RequestChannel.Request(Message message, TimeSpan timeout)
   --- End of inner exception stack trace ---

Server stack trace: 
   at System.ServiceModel.Channels.RequestChannel.Request(Message message, TimeSpan timeout)
   at System.ServiceModel.Channels.TransactionRequestChannelGeneric`1.Request(Message message, TimeSpan timeout)
   at System.ServiceModel.Dispatcher.RequestChannelBinder.Request(Message message, TimeSpan timeout)
   at System.ServiceModel.Channels.ServiceChannel.Call(String action, Boolean oneway, ProxyOperationRuntime operation, Object[] ins, Object[] outs, TimeSpan timeout)
   at System.ServiceModel.Channels.ServiceChannelProxy.InvokeService(IMethodCallMessage methodCall, ProxyOperationRuntime operation)
   at System.ServiceModel.Channels.ServiceChannelProxy.Invoke(IMessage message)

Exception rethrown at [0]: 
   at System.Runtime.Remoting.Proxies.RealProxy.HandleReturnMessage(IMessage reqMsg, IMessage retMsg)
   at System.Runtime.Remoting.Proxies.RealProxy.PrivateInvoke(MessageData& msgData, Int32 type)
   at Petex.Service.RequestProcessor.IWcfStreamResponseProcessor.Process(MessageRequest request)
   at A.cec9e090ae538d190220f059017b75b84.Process(MessageRequest request)
Details:
System.TimeoutException: The request channel timed out while waiting for a reply after 00:04:51.7720089. Increase the timeout value passed to the call to Request or increase the SendTimeout value on the Binding. The time allotted to this operation may have been a portion of a longer timeout. ---> System.TimeoutException: The socket transfer timed out after 00:04:59.9940000. You have exceeded the timeout set on your binding. The time allotted to this operation may have been a portion of a longer timeout. ---> System.IO.IOException: The read operation failed, see inner exception. ---> System.TimeoutException: The socket transfer timed out after 00:04:59.9940000. You have exceeded the timeout set on your binding. The time allotted to this operation may have been a portion of a longer timeout. ---> System.Net.Sockets.SocketException: A connection attempt failed because the connected party did not properly respond after a period of time, or established connection failed because connected host has failed to respond
   at System.Net.Sockets.Socket.Receive(Byte[] buffer, Int32 offset, Int32 size, SocketFlags socketFlags)
   at System.ServiceModel.Channels.SocketConnection.ReadCore(Byte[] buffer, Int32 offset, Int32 size, TimeSpan timeout, Boolean closing)
   --- End of inner exception stack trace ---
   at System.ServiceModel.Channels.SocketConnection.ReadCore(Byte[] buffer, Int32 offset, Int32 size, TimeSpan timeout, Boolean closing)
   at System.ServiceModel.Channels.SocketConnection.Read(Byte[] buffer, Int32 offset, Int32 size, TimeSpan timeout)
   at System.ServiceModel.Channels.DelegatingConnection.Read(Byte[] buffer, Int32 offset, Int32 size, TimeSpan timeout)
   at System.ServiceModel.Channels.ConnectionStream.Read(Byte[] buffer, Int32 offset, Int32 count)
   at System.Net.FixedSizeReader.ReadPacket(Byte[] buffer, Int32 offset, Int32 count)
   at System.Net.Security.NegotiateStream.StartFrameHeader(Byte[] buffer, Int32 offset, Int32 count, AsyncProtocolRequest asyncRequest)
   at System.Net.Security.NegotiateStream.ProcessRead(Byte[] buffer, Int32 offset, Int32 count, AsyncProtocolRequest asyncRequest)
   --- End of inner exception stack trace ---
   at System.Net.Security.NegotiateStream.ProcessRead(Byte[] buffer, Int32 offset, Int32 count, AsyncProtocolRequest asyncRequest)
   at System.Net.Security.NegotiateStream.Read(Byte[] buffer, Int32 offset, Int32 count)
   at System.ServiceModel.Channels.StreamConnection.Read(Byte[] buffer, Int32 offset, Int32 size, TimeSpan timeout)
   --- End of inner exception stack trace ---
   at System.ServiceModel.Channels.StreamConnection.Read(Byte[] buffer, Int32 offset, Int32 size, TimeSpan timeout)
   at System.ServiceModel.Channels.SingletonConnectionReader.Receive(TimeSpan timeout)
   at System.ServiceModel.Channels.StreamedFramingRequestChannel.StreamedFramingRequest.WaitForReply(TimeSpan timeout)
   at System.ServiceModel.Channels.RequestChannel.Request(Message message, TimeSpan timeout)
   --- End of inner exception stack trace ---

Server stack trace: 
   at System.ServiceModel.Channels.RequestChannel.Request(Message message, TimeSpan timeout)
   at System.ServiceModel.Channels.TransactionRequestChannelGeneric`1.Request(Message message, TimeSpan timeout)
   at System.ServiceModel.Dispatcher.RequestChannelBinder.Request(Message message, TimeSpan timeout)
   at System.ServiceModel.Channels.ServiceChannel.Call(String action, Boolean oneway, ProxyOperationRuntime operation, Object[] ins, Object[] outs, TimeSpan timeout)
   at System.ServiceModel.Channels.ServiceChannelProxy.InvokeService(IMethodCallMessage methodCall, ProxyOperationRuntime operation)
   at System.ServiceModel.Channels.ServiceChannelProxy.Invoke(IMessage message)

Exception rethrown at [0]: 
   at System.Runtime.Remoting.Proxies.RealProxy.HandleReturnMessage(IMessage reqMsg, IMessage retMsg)
   at System.Runtime.Remoting.Proxies.RealProxy.PrivateInvoke(MessageData& msgData, Int32 type)
   at Petex.Service.RequestProcessor.IWcfStreamResponseProcessor.Process(MessageRequest request)
   at A.cec9e090ae538d190220f059017b75b84.Process(MessageRequest request)
2018/09/22 10:54:01.629 ERROR 105 A.cec9e090ae538d190220f059017b75b84 (Thread 105) ProcID (46564) - System.TimeoutException: The request channel timed out while waiting for a reply after 00:04:51.7720089. Increase the timeout value passed to the call to Request or increase the SendTimeout value on the Binding. The time allotted to this operation may have been a portion of a longer timeout. ---> System.TimeoutException: The socket transfer timed out after 00:04:59.9940000. You have exceeded the timeout set on your binding. The time allotted to this operation may have been a portion of a longer timeout. ---> System.IO.IOException: The read operation failed, see inner exception. ---> System.TimeoutException: The socket transfer timed out after 00:04:59.9940000. You have exceeded the timeout set on your binding. The time allotted to this operation may have been a portion of a longer timeout. ---> System.Net.Sockets.SocketException: A connection attempt failed because the connected party did not properly respond after a period of time, or established connection failed because connected host has failed to respond
   at System.Net.Sockets.Socket.Receive(Byte[] buffer, Int32 offset, Int32 size, SocketFlags socketFlags)
   at System.ServiceModel.Channels.SocketConnection.ReadCore(Byte[] buffer, Int32 offset, Int32 size, TimeSpan timeout, Boolean closing)
   --- End of inner exception stack trace ---
   at System.ServiceModel.Channels.SocketConnection.ReadCore(Byte[] buffer, Int32 offset, Int32 size, TimeSpan timeout, Boolean closing)
   at System.ServiceModel.Channels.SocketConnection.Read(Byte[] buffer, Int32 offset, Int32 size, TimeSpan timeout)
   at System.ServiceModel.Channels.DelegatingConnection.Read(Byte[] buffer, Int32 offset, Int32 size, TimeSpan timeout)
   at System.ServiceModel.Channels.ConnectionStream.Read(Byte[] buffer, Int32 offset, Int32 count)
   at System.Net.FixedSizeReader.ReadPacket(Byte[] buffer, Int32 offset, Int32 count)
   at System.Net.Security.NegotiateStream.StartFrameHeader(Byte[] buffer, Int32 offset, Int32 count, AsyncProtocolRequest asyncRequest)
   at System.Net.Security.NegotiateStream.ProcessRead(Byte[] buffer, Int32 offset, Int32 count, AsyncProtocolRequest asyncRequest)
   --- End of inner exception stack trace ---
   at System.Net.Security.NegotiateStream.ProcessRead(Byte[] buffer, Int32 offset, Int32 count, AsyncProtocolRequest asyncRequest)
   at System.Net.Security.NegotiateStream.Read(Byte[] buffer, Int32 offset, Int32 count)
   at System.ServiceModel.Channels.StreamConnection.Read(Byte[] buffer, Int32 offset, Int32 size, TimeSpan timeout)
   --- End of inner exception stack trace ---
   at System.ServiceModel.Channels.StreamConnection.Read(Byte[] buffer, Int32 offset, Int32 size, TimeSpan timeout)
   at System.ServiceModel.Channels.SingletonConnectionReader.Receive(TimeSpan timeout)
   at System.ServiceModel.Channels.StreamedFramingRequestChannel.StreamedFramingRequest.WaitForReply(TimeSpan timeout)
   at System.ServiceModel.Channels.RequestChannel.Request(Message message, TimeSpan timeout)
   --- End of inner exception stack trace ---

Server stack trace: 
   at System.ServiceModel.Channels.RequestChannel.Request(Message message, TimeSpan timeout)
   at System.ServiceModel.Channels.TransactionRequestChannelGeneric`1.Request(Message message, TimeSpan timeout)
   at System.ServiceModel.Dispatcher.RequestChannelBinder.Request(Message message, TimeSpan timeout)
   at System.ServiceModel.Channels.ServiceChannel.Call(String action, Boolean oneway, ProxyOperationRuntime operation, Object[] ins, Object[] outs, TimeSpan timeout)
   at System.ServiceModel.Channels.ServiceChannelProxy.InvokeService(IMethodCallMessage methodCall, ProxyOperationRuntime operation)
   at System.ServiceModel.Channels.ServiceChannelProxy.Invoke(IMessage message)

Exception rethrown at [0]: 
   at System.Runtime.Remoting.Proxies.RealProxy.HandleReturnMessage(IMessage reqMsg, IMessage retMsg)
   at System.Runtime.Remoting.Proxies.RealProxy.PrivateInvoke(MessageData& msgData, Int32 type)
   at Petex.Service.RequestProcessor.IWcfStreamResponseProcessor.Process(MessageRequest request)
   at A.cec9e090ae538d190220f059017b75b84.Process(MessageRequest request)

method : Process([Petex.Service.RequestProcessor.MessageRequest] request = Petex.Service.RequestProcessor.MessageRequest)

2018/09/22 10:54:01.630 ERROR 113 Petex.IFM.IVM.VisualWorkflowService.c1c13b709b3df317d725c923928032d5a - An error occurred while getting bulk results.
Details:
System.TimeoutException: The request channel timed out while waiting for a reply after 00:04:51.7720089. Increase the timeout value passed to the call to Request or increase the SendTimeout value on the Binding. The time allotted to this operation may have been a portion of a longer timeout. ---> System.TimeoutException: The socket transfer timed out after 00:04:59.9940000. You have exceeded the timeout set on your binding. The time allotted to this operation may have been a portion of a longer timeout. ---> System.IO.IOException: The read operation failed, see inner exception. ---> System.TimeoutException: The socket transfer timed out after 00:04:59.9940000. You have exceeded the timeout set on your binding. The time allotted to this operation may have been a portion of a longer timeout. ---> System.Net.Sockets.SocketException: A connection attempt failed because the connected party did not properly respond after a period of time, or established connection failed because connected host has failed to respond
   at System.Net.Sockets.Socket.Receive(Byte[] buffer, Int32 offset, Int32 size, SocketFlags socketFlags)
   at System.ServiceModel.Channels.SocketConnection.ReadCore(Byte[] buffer, Int32 offset, Int32 size, TimeSpan timeout, Boolean closing)
   --- End of inner exception stack trace ---
   at System.ServiceModel.Channels.SocketConnection.ReadCore(Byte[] buffer, Int32 offset, Int32 size, TimeSpan timeout, Boolean closing)
   at System.ServiceModel.Channels.SocketConnection.Read(Byte[] buffer, Int32 offset, Int32 size, TimeSpan timeout)
   at System.ServiceModel.Channels.DelegatingConnection.Read(Byte[] buffer, Int32 offset, Int32 size, TimeSpan timeout)
   at System.ServiceModel.Channels.ConnectionStream.Read(Byte[] buffer, Int32 offset, Int32 count)
   at System.Net.FixedSizeReader.ReadPacket(Byte[] buffer, Int32 offset, Int32 count)
   at System.Net.Security.NegotiateStream.StartFrameHeader(Byte[] buffer, Int32 offset, Int32 count, AsyncProtocolRequest asyncRequest)
   at System.Net.Security.NegotiateStream.ProcessRead(Byte[] buffer, Int32 offset, Int32 count, AsyncProtocolRequest asyncRequest)
   --- End of inner exception stack trace ---
   at System.Net.Security.NegotiateStream.ProcessRead(Byte[] buffer, Int32 offset, Int32 count, AsyncProtocolRequest asyncRequest)
   at System.Net.Security.NegotiateStream.Read(Byte[] buffer, Int32 offset, Int32 count)
   at System.ServiceModel.Channels.StreamConnection.Read(Byte[] buffer, Int32 offset, Int32 size, TimeSpan timeout)
   --- End of inner exception stack trace ---
   at System.ServiceModel.Channels.StreamConnection.Read(Byte[] buffer, Int32 offset, Int32 size, TimeSpan timeout)
   at System.ServiceModel.Channels.SingletonConnectionReader.Receive(TimeSpan timeout)
   at System.ServiceModel.Channels.StreamedFramingRequestChannel.StreamedFramingRequest.WaitForReply(TimeSpan timeout)
   at System.ServiceModel.Channels.RequestChannel.Request(Message message, TimeSpan timeout)
   --- End of inner exception stack trace ---

Server stack trace: 
   at System.ServiceModel.Channels.RequestChannel.Request(Message message, TimeSpan timeout)
   at System.ServiceModel.Channels.TransactionRequestChannelGeneric`1.Request(Message message, TimeSpan timeout)
   at System.ServiceModel.Dispatcher.RequestChannelBinder.Request(Message message, TimeSpan timeout)
   at System.ServiceModel.Channels.ServiceChannel.Call(String action, Boolean oneway, ProxyOperationRuntime operation, Object[] ins, Object[] outs, TimeSpan timeout)
   at System.ServiceModel.Channels.ServiceChannelProxy.InvokeService(IMethodCallMessage methodCall, ProxyOperationRuntime operation)
   at System.ServiceModel.Channels.ServiceChannelProxy.Invoke(IMessage message)

Exception rethrown at [0]: 
   at A.c22aefe7f39df3d678dba160428b769f4.c0c4ec95a682cbefc208f4f3eb80ff6ad[c5e2460f6ebc534efe90b3230b7797cb4](Func`1 c3c081f340dcdf79e192d50757bce0bee)
   at A.c42ccb3c762729e5c1ed9dd9fb21f7a51.c2a035223c95353a451d486528bb968ce(DateTime ca50651d185b346c217028862887f6062, List`1 c94623007ea3b221db43a7a5c991a9cac, Int32 c27485bd6dedf79f29eccbe33aefab814, DateTime cc0b7aac23bdedea569c99b9f01ab5798, DateTime ca917bd7d663d59239d097b255d937590)
   at Petex.IFM.IVM.VisualWorkflowService.c1c13b709b3df317d725c923928032d5a(c0a78f935034ea252425562b3db1ea988 cc462e40687a776088a0f60dcc4dee4c5, VisualWorkflowResultOptions c97464e7151b310fab45ca8e18c9bbc4d)
2018/09/22 10:54:20.457 INFO  57 A.cdc551499db0039f956e1d0666bfd1504.ca3aa6b2f13c2c1bc9c646f6abf33ed07 - Changing service from :0 to HOUMSEOSIFM007:8787
2018/09/22 10:59:20.751 INFO  138 A.cdc551499db0039f956e1d0666bfd1504.ca3aa6b2f13c2c1bc9c646f6abf33ed07 - Changing service from :0 to HOUMSEOSIFM007:8787
2018/09/22 10:59:27.319 ERROR 144 A.cec9e090ae538d190220f059017b75b84.Process - System.TimeoutException: The request channel timed out while waiting for a reply after 00:04:56.1869984. Increase the timeout value passed to the call to Request or increase the SendTimeout value on the Binding. The time allotted to this operation may have been a portion of a longer timeout. ---> System.TimeoutException: The socket transfer timed out after 00:04:59.9930000. You have exceeded the timeout set on your binding. The time allotted to this operation may have been a portion of a longer timeout. ---> System.IO.IOException: The read operation failed, see inner exception. ---> System.TimeoutException: The socket transfer timed out after 00:04:59.9930000. You have exceeded the timeout set on your binding. The time allotted to this operation may have been a portion of a longer timeout. ---> System.Net.Sockets.SocketException: A connection attempt failed because the connected party did not properly respond after a period of time, or established connection failed because connected host has failed to respond
   at System.Net.Sockets.Socket.Receive(Byte[] buffer, Int32 offset, Int32 size, SocketFlags socketFlags)
   at System.ServiceModel.Channels.SocketConnection.ReadCore(Byte[] buffer, Int32 offset, Int32 size, TimeSpan timeout, Boolean closing)
   --- End of inner exception stack trace ---
   at System.ServiceModel.Channels.SocketConnection.ReadCore(Byte[] buffer, Int32 offset, Int32 size, TimeSpan timeout, Boolean closing)
   at System.ServiceModel.Channels.SocketConnection.Read(Byte[] buffer, Int32 offset, Int32 size, TimeSpan timeout)
   at System.ServiceModel.Channels.DelegatingConnection.Read(Byte[] buffer, Int32 offset, Int32 size, TimeSpan timeout)
   at System.ServiceModel.Channels.ConnectionStream.Read(Byte[] buffer, Int32 offset, Int32 count)
   at System.Net.FixedSizeReader.ReadPacket(Byte[] buffer, Int32 offset, Int32 count)
   at System.Net.Security.NegotiateStream.StartFrameHeader(Byte[] buffer, Int32 offset, Int32 count, AsyncProtocolRequest asyncRequest)
   at System.Net.Security.NegotiateStream.ProcessRead(Byte[] buffer, Int32 offset, Int32 count, AsyncProtocolRequest asyncRequest)
   --- End of inner exception stack trace ---
   at System.Net.Security.NegotiateStream.ProcessRead(Byte[] buffer, Int32 offset, Int32 count, AsyncProtocolRequest asyncRequest)
   at System.Net.Security.NegotiateStream.Read(Byte[] buffer, Int32 offset, Int32 count)
   at System.ServiceModel.Channels.StreamConnection.Read(Byte[] buffer, Int32 offset, Int32 size, TimeSpan timeout)
   --- End of inner exception stack trace ---
   at System.ServiceModel.Channels.StreamConnection.Read(Byte[] buffer, Int32 offset, Int32 size, TimeSpan timeout)
   at System.ServiceModel.Channels.SingletonConnectionReader.Receive(TimeSpan timeout)
   at System.ServiceModel.Channels.StreamedFramingRequestChannel.StreamedFramingRequest.WaitForReply(TimeSpan timeout)
   at System.ServiceModel.Channels.RequestChannel.Request(Message message, TimeSpan timeout)
   --- End of inner exception stack trace ---

Server stack trace: 
   at System.ServiceModel.Channels.RequestChannel.Request(Message message, TimeSpan timeout)
   at System.ServiceModel.Channels.TransactionRequestChannelGeneric`1.Request(Message message, TimeSpan timeout)
   at System.ServiceModel.Dispatcher.RequestChannelBinder.Request(Message message, TimeSpan timeout)
   at System.ServiceModel.Channels.ServiceChannel.Call(String action, Boolean oneway, ProxyOperationRuntime operation, Object[] ins, Object[] outs, TimeSpan timeout)
   at System.ServiceModel.Channels.ServiceChannelProxy.InvokeService(IMethodCallMessage methodCall, ProxyOperationRuntime operation)
   at System.ServiceModel.Channels.ServiceChannelProxy.Invoke(IMessage message)

Exception rethrown at [0]: 
   at System.Runtime.Remoting.Proxies.RealProxy.HandleReturnMessage(IMessage reqMsg, IMessage retMsg)
   at System.Runtime.Remoting.Proxies.RealProxy.PrivateInvoke(MessageData& msgData, Int32 type)
   at Petex.Service.RequestProcessor.IWcfStreamResponseProcessor.Process(MessageRequest request)
   at A.cec9e090ae538d190220f059017b75b84.Process(MessageRequest request)
Details:
System.TimeoutException: The request channel timed out while waiting for a reply after 00:04:56.1869984. Increase the timeout value passed to the call to Request or increase the SendTimeout value on the Binding. The time allotted to this operation may have been a portion of a longer timeout. ---> System.TimeoutException: The socket transfer timed out after 00:04:59.9930000. You have exceeded the timeout set on your binding. The time allotted to this operation may have been a portion of a longer timeout. ---> System.IO.IOException: The read operation failed, see inner exception. ---> System.TimeoutException: The socket transfer timed out after 00:04:59.9930000. You have exceeded the timeout set on your binding. The time allotted to this operation may have been a portion of a longer timeout. ---> System.Net.Sockets.SocketException: A connection attempt failed because the connected party did not properly respond after a period of time, or established connection failed because connected host has failed to respond
   at System.Net.Sockets.Socket.Receive(Byte[] buffer, Int32 offset, Int32 size, SocketFlags socketFlags)
   at System.ServiceModel.Channels.SocketConnection.ReadCore(Byte[] buffer, Int32 offset, Int32 size, TimeSpan timeout, Boolean closing)
   --- End of inner exception stack trace ---
   at System.ServiceModel.Channels.SocketConnection.ReadCore(Byte[] buffer, Int32 offset, Int32 size, TimeSpan timeout, Boolean closing)
   at System.ServiceModel.Channels.SocketConnection.Read(Byte[] buffer, Int32 offset, Int32 size, TimeSpan timeout)
   at System.ServiceModel.Channels.DelegatingConnection.Read(Byte[] buffer, Int32 offset, Int32 size, TimeSpan timeout)
   at System.ServiceModel.Channels.ConnectionStream.Read(Byte[] buffer, Int32 offset, Int32 count)
   at System.Net.FixedSizeReader.ReadPacket(Byte[] buffer, Int32 offset, Int32 count)
   at System.Net.Security.NegotiateStream.StartFrameHeader(Byte[] buffer, Int32 offset, Int32 count, AsyncProtocolRequest asyncRequest)
   at System.Net.Security.NegotiateStream.ProcessRead(Byte[] buffer, Int32 offset, Int32 count, AsyncProtocolRequest asyncRequest)
   --- End of inner exception stack trace ---
   at System.Net.Security.NegotiateStream.ProcessRead(Byte[] buffer, Int32 offset, Int32 count, AsyncProtocolRequest asyncRequest)
   at System.Net.Security.NegotiateStream.Read(Byte[] buffer, Int32 offset, Int32 count)
   at System.ServiceModel.Channels.StreamConnection.Read(Byte[] buffer, Int32 offset, Int32 size, TimeSpan timeout)
   --- End of inner exception stack trace ---
   at System.ServiceModel.Channels.StreamConnection.Read(Byte[] buffer, Int32 offset, Int32 size, TimeSpan timeout)
   at System.ServiceModel.Channels.SingletonConnectionReader.Receive(TimeSpan timeout)
   at System.ServiceModel.Channels.StreamedFramingRequestChannel.StreamedFramingRequest.WaitForReply(TimeSpan timeout)
   at System.ServiceModel.Channels.RequestChannel.Request(Message message, TimeSpan timeout)
   --- End of inner exception stack trace ---

Server stack trace: 
   at System.ServiceModel.Channels.RequestChannel.Request(Message message, TimeSpan timeout)
   at System.ServiceModel.Channels.TransactionRequestChannelGeneric`1.Request(Message message, TimeSpan timeout)
   at System.ServiceModel.Dispatcher.RequestChannelBinder.Request(Message message, TimeSpan timeout)
   at System.ServiceModel.Channels.ServiceChannel.Call(String action, Boolean oneway, ProxyOperationRuntime operation, Object[] ins, Object[] outs, TimeSpan timeout)
   at System.ServiceModel.Channels.ServiceChannelProxy.InvokeService(IMethodCallMessage methodCall, ProxyOperationRuntime operation)
   at System.ServiceModel.Channels.ServiceChannelProxy.Invoke(IMessage message)

Exception rethrown at [0]: 
   at System.Runtime.Remoting.Proxies.RealProxy.HandleReturnMessage(IMessage reqMsg, IMessage retMsg)
   at System.Runtime.Remoting.Proxies.RealProxy.PrivateInvoke(MessageData& msgData, Int32 type)
   at Petex.Service.RequestProcessor.IWcfStreamResponseProcessor.Process(MessageRequest request)
   at A.cec9e090ae538d190220f059017b75b84.Process(MessageRequest request)
2018/09/22 10:59:27.322 ERROR 144 A.cec9e090ae538d190220f059017b75b84 (Thread 144) ProcID (46564) - System.TimeoutException: The request channel timed out while waiting for a reply after 00:04:56.1869984. Increase the timeout value passed to the call to Request or increase the SendTimeout value on the Binding. The time allotted to this operation may have been a portion of a longer timeout. ---> System.TimeoutException: The socket transfer timed out after 00:04:59.9930000. You have exceeded the timeout set on your binding. The time allotted to this operation may have been a portion of a longer timeout. ---> System.IO.IOException: The read operation failed, see inner exception. ---> System.TimeoutException: The socket transfer timed out after 00:04:59.9930000. You have exceeded the timeout set on your binding. The time allotted to this operation may have been a portion of a longer timeout. ---> System.Net.Sockets.SocketException: A connection attempt failed because the connected party did not properly respond after a period of time, or established connection failed because connected host has failed to respond
   at System.Net.Sockets.Socket.Receive(Byte[] buffer, Int32 offset, Int32 size, SocketFlags socketFlags)
   at System.ServiceModel.Channels.SocketConnection.ReadCore(Byte[] buffer, Int32 offset, Int32 size, TimeSpan timeout, Boolean closing)
   --- End of inner exception stack trace ---
   at System.ServiceModel.Channels.SocketConnection.ReadCore(Byte[] buffer, Int32 offset, Int32 size, TimeSpan timeout, Boolean closing)
   at System.ServiceModel.Channels.SocketConnection.Read(Byte[] buffer, Int32 offset, Int32 size, TimeSpan timeout)
   at System.ServiceModel.Channels.DelegatingConnection.Read(Byte[] buffer, Int32 offset, Int32 size, TimeSpan timeout)
   at System.ServiceModel.Channels.ConnectionStream.Read(Byte[] buffer, Int32 offset, Int32 count)
   at System.Net.FixedSizeReader.ReadPacket(Byte[] buffer, Int32 offset, Int32 count)
   at System.Net.Security.NegotiateStream.StartFrameHeader(Byte[] buffer, Int32 offset, Int32 count, AsyncProtocolRequest asyncRequest)
   at System.Net.Security.NegotiateStream.ProcessRead(Byte[] buffer, Int32 offset, Int32 count, AsyncProtocolRequest asyncRequest)
   --- End of inner exception stack trace ---
   at System.Net.Security.NegotiateStream.ProcessRead(Byte[] buffer, Int32 offset, Int32 count, AsyncProtocolRequest asyncRequest)
   at System.Net.Security.NegotiateStream.Read(Byte[] buffer, Int32 offset, Int32 count)
   at System.ServiceModel.Channels.StreamConnection.Read(Byte[] buffer, Int32 offset, Int32 size, TimeSpan timeout)
   --- End of inner exception stack trace ---
   at System.ServiceModel.Channels.StreamConnection.Read(Byte[] buffer, Int32 offset, Int32 size, TimeSpan timeout)
   at System.ServiceModel.Channels.SingletonConnectionReader.Receive(TimeSpan timeout)
   at System.ServiceModel.Channels.StreamedFramingRequestChannel.StreamedFramingRequest.WaitForReply(TimeSpan timeout)
   at System.ServiceModel.Channels.RequestChannel.Request(Message message, TimeSpan timeout)
   --- End of inner exception stack trace ---

Server stack trace: 
   at System.ServiceModel.Channels.RequestChannel.Request(Message message, TimeSpan timeout)
   at System.ServiceModel.Channels.TransactionRequestChannelGeneric`1.Request(Message message, TimeSpan timeout)
   at System.ServiceModel.Dispatcher.RequestChannelBinder.Request(Message message, TimeSpan timeout)
   at System.ServiceModel.Channels.ServiceChannel.Call(String action, Boolean oneway, ProxyOperationRuntime operation, Object[] ins, Object[] outs, TimeSpan timeout)
   at System.ServiceModel.Channels.ServiceChannelProxy.InvokeService(IMethodCallMessage methodCall, ProxyOperationRuntime operation)
   at System.ServiceModel.Channels.ServiceChannelProxy.Invoke(IMessage message)

Exception rethrown at [0]: 
   at System.Runtime.Remoting.Proxies.RealProxy.HandleReturnMessage(IMessage reqMsg, IMessage retMsg)
   at System.Runtime.Remoting.Proxies.RealProxy.PrivateInvoke(MessageData& msgData, Int32 type)
   at Petex.Service.RequestProcessor.IWcfStreamResponseProcessor.Process(MessageRequest request)
   at A.cec9e090ae538d190220f059017b75b84.Process(MessageRequest request)

method : Process([Petex.Service.RequestProcessor.MessageRequest] request = Petex.Service.RequestProcessor.MessageRequest)

2018/09/22 10:59:27.323 ERROR 134 Petex.IFM.IVM.VisualWorkflowService.c1c13b709b3df317d725c923928032d5a - An error occurred while getting bulk results.
Details:
System.TimeoutException: The request channel timed out while waiting for a reply after 00:04:56.1869984. Increase the timeout value passed to the call to Request or increase the SendTimeout value on the Binding. The time allotted to this operation may have been a portion of a longer timeout. ---> System.TimeoutException: The socket transfer timed out after 00:04:59.9930000. You have exceeded the timeout set on your binding. The time allotted to this operation may have been a portion of a longer timeout. ---> System.IO.IOException: The read operation failed, see inner exception. ---> System.TimeoutException: The socket transfer timed out after 00:04:59.9930000. You have exceeded the timeout set on your binding. The time allotted to this operation may have been a portion of a longer timeout. ---> System.Net.Sockets.SocketException: A connection attempt failed because the connected party did not properly respond after a period of time, or established connection failed because connected host has failed to respond
   at System.Net.Sockets.Socket.Receive(Byte[] buffer, Int32 offset, Int32 size, SocketFlags socketFlags)
   at System.ServiceModel.Channels.SocketConnection.ReadCore(Byte[] buffer, Int32 offset, Int32 size, TimeSpan timeout, Boolean closing)
   --- End of inner exception stack trace ---
   at System.ServiceModel.Channels.SocketConnection.ReadCore(Byte[] buffer, Int32 offset, Int32 size, TimeSpan timeout, Boolean closing)
   at System.ServiceModel.Channels.SocketConnection.Read(Byte[] buffer, Int32 offset, Int32 size, TimeSpan timeout)
   at System.ServiceModel.Channels.DelegatingConnection.Read(Byte[] buffer, Int32 offset, Int32 size, TimeSpan timeout)
   at System.ServiceModel.Channels.ConnectionStream.Read(Byte[] buffer, Int32 offset, Int32 count)
   at System.Net.FixedSizeReader.ReadPacket(Byte[] buffer, Int32 offset, Int32 count)
   at System.Net.Security.NegotiateStream.StartFrameHeader(Byte[] buffer, Int32 offset, Int32 count, AsyncProtocolRequest asyncRequest)
   at System.Net.Security.NegotiateStream.ProcessRead(Byte[] buffer, Int32 offset, Int32 count, AsyncProtocolRequest asyncRequest)
   --- End of inner exception stack trace ---
   at System.Net.Security.NegotiateStream.ProcessRead(Byte[] buffer, Int32 offset, Int32 count, AsyncProtocolRequest asyncRequest)
   at System.Net.Security.NegotiateStream.Read(Byte[] buffer, Int32 offset, Int32 count)
   at System.ServiceModel.Channels.StreamConnection.Read(Byte[] buffer, Int32 offset, Int32 size, TimeSpan timeout)
   --- End of inner exception stack trace ---
   at System.ServiceModel.Channels.StreamConnection.Read(Byte[] buffer, Int32 offset, Int32 size, TimeSpan timeout)
   at System.ServiceModel.Channels.SingletonConnectionReader.Receive(TimeSpan timeout)
   at System.ServiceModel.Channels.StreamedFramingRequestChannel.StreamedFramingRequest.WaitForReply(TimeSpan timeout)
   at System.ServiceModel.Channels.RequestChannel.Request(Message message, TimeSpan timeout)
   --- End of inner exception stack trace ---

Server stack trace: 
   at System.ServiceModel.Channels.RequestChannel.Request(Message message, TimeSpan timeout)
   at System.ServiceModel.Channels.TransactionRequestChannelGeneric`1.Request(Message message, TimeSpan timeout)
   at System.ServiceModel.Dispatcher.RequestChannelBinder.Request(Message message, TimeSpan timeout)
   at System.ServiceModel.Channels.ServiceChannel.Call(String action, Boolean oneway, ProxyOperationRuntime operation, Object[] ins, Object[] outs, TimeSpan timeout)
   at System.ServiceModel.Channels.ServiceChannelProxy.InvokeService(IMethodCallMessage methodCall, ProxyOperationRuntime operation)
   at System.ServiceModel.Channels.ServiceChannelProxy.Invoke(IMessage message)

Exception rethrown at [0]: 
   at A.c22aefe7f39df3d678dba160428b769f4.c0c4ec95a682cbefc208f4f3eb80ff6ad[c5e2460f6ebc534efe90b3230b7797cb4](Func`1 c3c081f340dcdf79e192d50757bce0bee)
   at A.c42ccb3c762729e5c1ed9dd9fb21f7a51.c2a035223c95353a451d486528bb968ce(DateTime ca50651d185b346c217028862887f6062, List`1 c94623007ea3b221db43a7a5c991a9cac, Int32 c27485bd6dedf79f29eccbe33aefab814, DateTime cc0b7aac23bdedea569c99b9f01ab5798, DateTime ca917bd7d663d59239d097b255d937590)
   at Petex.IFM.IVM.VisualWorkflowService.c1c13b709b3df317d725c923928032d5a(c0a78f935034ea252425562b3db1ea988 cc462e40687a776088a0f60dcc4dee4c5, VisualWorkflowResultOptions c97464e7151b310fab45ca8e18c9bbc4d)
2018/09/22 11:01:00.148 INFO  113 A.ca9303324ae27c9d224e829df918b1ee8.c6ae4a85f8bc1eee64ee593e8582f1fd3 - Get a Copy for model file : APC Line Pressure Macro.vwk folder id : 7 model file id : 3455 recursive at '9/22/2018 4:00:59 PM' ==> Started.
2018/09/22 11:01:00.717 INFO  113 A.ca9303324ae27c9d224e829df918b1ee8.c6ae4a85f8bc1eee64ee593e8582f1fd3 - Get a Copy for model file : APC Line Pressure Macro.vwk folder id : 7 model file id : 3455 recursive at '9/22/2018 4:00:59 PM' ==> Completed. Took 00:00:00.569
2018/09/22 11:01:01.510 INFO  134 A.ca9303324ae27c9d224e829df918b1ee8.c6ae4a85f8bc1eee64ee593e8582f1fd3 - Get a Copy for model file : DrawdownFlags3.vwk folder id : 7 model file id : 1946 recursive at '9/22/2018 4:01:01 PM' ==> Started.
2018/09/22 11:01:02.082 INFO  134 A.ca9303324ae27c9d224e829df918b1ee8.c6ae4a85f8bc1eee64ee593e8582f1fd3 - Get a Copy for model file : DrawdownFlags3.vwk folder id : 7 model file id : 1946 recursive at '9/22/2018 4:01:01 PM' ==> Completed. Took 00:00:00.572
2018/09/22 11:02:19.196 INFO  7 A.ca9303324ae27c9d224e829df918b1ee8.c6ae4a85f8bc1eee64ee593e8582f1fd3 - Get a Copy for model file : APC Line Pressure Macro Well.vwk folder id : 7 model file id : 3457 recursive at '9/22/2018 4:02:18 PM' ==> Started.
2018/09/22 11:02:19.756 INFO  7 A.ca9303324ae27c9d224e829df918b1ee8.c6ae4a85f8bc1eee64ee593e8582f1fd3 - Get a Copy for model file : APC Line Pressure Macro Well.vwk folder id : 7 model file id : 3457 recursive at '9/22/2018 4:02:18 PM' ==> Completed. Took 00:00:00.559
2018/09/22 11:04:23.082 INFO  134 A.cdc551499db0039f956e1d0666bfd1504.ca3aa6b2f13c2c1bc9c646f6abf33ed07 - Changing service from :0 to HOUMSEOSIFM007:8787
2018/09/22 11:04:26.837 ERROR 141 A.cec9e090ae538d190220f059017b75b84.Process - System.TimeoutException: The request channel timed out while waiting for a reply after 00:04:56.6118264. Increase the timeout value passed to the call to Request or increase the SendTimeout value on the Binding. The time allotted to this operation may have been a portion of a longer timeout. ---> System.TimeoutException: The socket transfer timed out after 00:04:59.9940000. You have exceeded the timeout set on your binding. The time allotted to this operation may have been a portion of a longer timeout. ---> System.IO.IOException: The read operation failed, see inner exception. ---> System.TimeoutException: The socket transfer timed out after 00:04:59.9940000. You have exceeded the timeout set on your binding. The time allotted to this operation may have been a portion of a longer timeout. ---> System.Net.Sockets.SocketException: A connection attempt failed because the connected party did not properly respond after a period of time, or established connection failed because connected host has failed to respond
   at System.Net.Sockets.Socket.Receive(Byte[] buffer, Int32 offset, Int32 size, SocketFlags socketFlags)
   at System.ServiceModel.Channels.SocketConnection.ReadCore(Byte[] buffer, Int32 offset, Int32 size, TimeSpan timeout, Boolean closing)
   --- End of inner exception stack trace ---
   at System.ServiceModel.Channels.SocketConnection.ReadCore(Byte[] buffer, Int32 offset, Int32 size, TimeSpan timeout, Boolean closing)
   at System.ServiceModel.Channels.SocketConnection.Read(Byte[] buffer, Int32 offset, Int32 size, TimeSpan timeout)
   at System.ServiceModel.Channels.DelegatingConnection.Read(Byte[] buffer, Int32 offset, Int32 size, TimeSpan timeout)
   at System.ServiceModel.Channels.ConnectionStream.Read(Byte[] buffer, Int32 offset, Int32 count)
   at System.Net.FixedSizeReader.ReadPacket(Byte[] buffer, Int32 offset, Int32 count)
   at System.Net.Security.NegotiateStream.StartFrameHeader(Byte[] buffer, Int32 offset, Int32 count, AsyncProtocolRequest asyncRequest)
   at System.Net.Security.NegotiateStream.ProcessRead(Byte[] buffer, Int32 offset, Int32 count, AsyncProtocolRequest asyncRequest)
   --- End of inner exception stack trace ---
   at System.Net.Security.NegotiateStream.ProcessRead(Byte[] buffer, Int32 offset, Int32 count, AsyncProtocolRequest asyncRequest)
   at System.Net.Security.NegotiateStream.Read(Byte[] buffer, Int32 offset, Int32 count)
   at System.ServiceModel.Channels.StreamConnection.Read(Byte[] buffer, Int32 offset, Int32 size, TimeSpan timeout)
   --- End of inner exception stack trace ---
   at System.ServiceModel.Channels.StreamConnection.Read(Byte[] buffer, Int32 offset, Int32 size, TimeSpan timeout)
   at System.ServiceModel.Channels.SingletonConnectionReader.Receive(TimeSpan timeout)
   at System.ServiceModel.Channels.StreamedFramingRequestChannel.StreamedFramingRequest.WaitForReply(TimeSpan timeout)
   at System.ServiceModel.Channels.RequestChannel.Request(Message message, TimeSpan timeout)
   --- End of inner exception stack trace ---

Server stack trace: 
   at System.ServiceModel.Channels.RequestChannel.Request(Message message, TimeSpan timeout)
   at System.ServiceModel.Channels.TransactionRequestChannelGeneric`1.Request(Message message, TimeSpan timeout)
   at System.ServiceModel.Dispatcher.RequestChannelBinder.Request(Message message, TimeSpan timeout)
   at System.ServiceModel.Channels.ServiceChannel.Call(String action, Boolean oneway, ProxyOperationRuntime operation, Object[] ins, Object[] outs, TimeSpan timeout)
   at System.ServiceModel.Channels.ServiceChannelProxy.InvokeService(IMethodCallMessage methodCall, ProxyOperationRuntime operation)
   at System.ServiceModel.Channels.ServiceChannelProxy.Invoke(IMessage message)

Exception rethrown at [0]: 
   at System.Runtime.Remoting.Proxies.RealProxy.HandleReturnMessage(IMessage reqMsg, IMessage retMsg)
   at System.Runtime.Remoting.Proxies.RealProxy.PrivateInvoke(MessageData& msgData, Int32 type)
   at Petex.Service.RequestProcessor.IWcfStreamResponseProcessor.Process(MessageRequest request)
   at A.cec9e090ae538d190220f059017b75b84.Process(MessageRequest request)
Details:
System.TimeoutException: The request channel timed out while waiting for a reply after 00:04:56.6118264. Increase the timeout value passed to the call to Request or increase the SendTimeout value on the Binding. The time allotted to this operation may have been a portion of a longer timeout. ---> System.TimeoutException: The socket transfer timed out after 00:04:59.9940000. You have exceeded the timeout set on your binding. The time allotted to this operation may have been a portion of a longer timeout. ---> System.IO.IOException: The read operation failed, see inner exception. ---> System.TimeoutException: The socket transfer timed out after 00:04:59.9940000. You have exceeded the timeout set on your binding. The time allotted to this operation may have been a portion of a longer timeout. ---> System.Net.Sockets.SocketException: A connection attempt failed because the connected party did not properly respond after a period of time, or established connection failed because connected host has failed to respond
   at System.Net.Sockets.Socket.Receive(Byte[] buffer, Int32 offset, Int32 size, SocketFlags socketFlags)
   at System.ServiceModel.Channels.SocketConnection.ReadCore(Byte[] buffer, Int32 offset, Int32 size, TimeSpan timeout, Boolean closing)
   --- End of inner exception stack trace ---
   at System.ServiceModel.Channels.SocketConnection.ReadCore(Byte[] buffer, Int32 offset, Int32 size, TimeSpan timeout, Boolean closing)
   at System.ServiceModel.Channels.SocketConnection.Read(Byte[] buffer, Int32 offset, Int32 size, TimeSpan timeout)
   at System.ServiceModel.Channels.DelegatingConnection.Read(Byte[] buffer, Int32 offset, Int32 size, TimeSpan timeout)
   at System.ServiceModel.Channels.ConnectionStream.Read(Byte[] buffer, Int32 offset, Int32 count)
   at System.Net.FixedSizeReader.ReadPacket(Byte[] buffer, Int32 offset, Int32 count)
   at System.Net.Security.NegotiateStream.StartFrameHeader(Byte[] buffer, Int32 offset, Int32 count, AsyncProtocolRequest asyncRequest)
   at System.Net.Security.NegotiateStream.ProcessRead(Byte[] buffer, Int32 offset, Int32 count, AsyncProtocolRequest asyncRequest)
   --- End of inner exception stack trace ---
   at System.Net.Security.NegotiateStream.ProcessRead(Byte[] buffer, Int32 offset, Int32 count, AsyncProtocolRequest asyncRequest)
   at System.Net.Security.NegotiateStream.Read(Byte[] buffer, Int32 offset, Int32 count)
   at System.ServiceModel.Channels.StreamConnection.Read(Byte[] buffer, Int32 offset, Int32 size, TimeSpan timeout)
   --- End of inner exception stack trace ---
   at System.ServiceModel.Channels.StreamConnection.Read(Byte[] buffer, Int32 offset, Int32 size, TimeSpan timeout)
   at System.ServiceModel.Channels.SingletonConnectionReader.Receive(TimeSpan timeout)
   at System.ServiceModel.Channels.StreamedFramingRequestChannel.StreamedFramingRequest.WaitForReply(TimeSpan timeout)
   at System.ServiceModel.Channels.RequestChannel.Request(Message message, TimeSpan timeout)
   --- End of inner exception stack trace ---

Server stack trace: 
   at System.ServiceModel.Channels.RequestChannel.Request(Message message, TimeSpan timeout)
   at System.ServiceModel.Channels.TransactionRequestChannelGeneric`1.Request(Message message, TimeSpan timeout)
   at System.ServiceModel.Dispatcher.RequestChannelBinder.Request(Message message, TimeSpan timeout)
   at System.ServiceModel.Channels.ServiceChannel.Call(String action, Boolean oneway, ProxyOperationRuntime operation, Object[] ins, Object[] outs, TimeSpan timeout)
   at System.ServiceModel.Channels.ServiceChannelProxy.InvokeService(IMethodCallMessage methodCall, ProxyOperationRuntime operation)
   at System.ServiceModel.Channels.ServiceChannelProxy.Invoke(IMessage message)

Exception rethrown at [0]: 
   at System.Runtime.Remoting.Proxies.RealProxy.HandleReturnMessage(IMessage reqMsg, IMessage retMsg)
   at System.Runtime.Remoting.Proxies.RealProxy.PrivateInvoke(MessageData& msgData, Int32 type)
   at Petex.Service.RequestProcessor.IWcfStreamResponseProcessor.Process(MessageRequest request)
   at A.cec9e090ae538d190220f059017b75b84.Process(MessageRequest request)
2018/09/22 11:04:26.839 ERROR 141 A.cec9e090ae538d190220f059017b75b84 (Thread 141) ProcID (46564) - System.TimeoutException: The request channel timed out while waiting for a reply after 00:04:56.6118264. Increase the timeout value passed to the call to Request or increase the SendTimeout value on the Binding. The time allotted to this operation may have been a portion of a longer timeout. ---> System.TimeoutException: The socket transfer timed out after 00:04:59.9940000. You have exceeded the timeout set on your binding. The time allotted to this operation may have been a portion of a longer timeout. ---> System.IO.IOException: The read operation failed, see inner exception. ---> System.TimeoutException: The socket transfer timed out after 00:04:59.9940000. You have exceeded the timeout set on your binding. The time allotted to this operation may have been a portion of a longer timeout. ---> System.Net.Sockets.SocketException: A connection attempt failed because the connected party did not properly respond after a period of time, or established connection failed because connected host has failed to respond
   at System.Net.Sockets.Socket.Receive(Byte[] buffer, Int32 offset, Int32 size, SocketFlags socketFlags)
   at System.ServiceModel.Channels.SocketConnection.ReadCore(Byte[] buffer, Int32 offset, Int32 size, TimeSpan timeout, Boolean closing)
   --- End of inner exception stack trace ---
   at System.ServiceModel.Channels.SocketConnection.ReadCore(Byte[] buffer, Int32 offset, Int32 size, TimeSpan timeout, Boolean closing)
   at System.ServiceModel.Channels.SocketConnection.Read(Byte[] buffer, Int32 offset, Int32 size, TimeSpan timeout)
   at System.ServiceModel.Channels.DelegatingConnection.Read(Byte[] buffer, Int32 offset, Int32 size, TimeSpan timeout)
   at System.ServiceModel.Channels.ConnectionStream.Read(Byte[] buffer, Int32 offset, Int32 count)
   at System.Net.FixedSizeReader.ReadPacket(Byte[] buffer, Int32 offset, Int32 count)
   at System.Net.Security.NegotiateStream.StartFrameHeader(Byte[] buffer, Int32 offset, Int32 count, AsyncProtocolRequest asyncRequest)
   at System.Net.Security.NegotiateStream.ProcessRead(Byte[] buffer, Int32 offset, Int32 count, AsyncProtocolRequest asyncRequest)
   --- End of inner exception stack trace ---
   at System.Net.Security.NegotiateStream.ProcessRead(Byte[] buffer, Int32 offset, Int32 count, AsyncProtocolRequest asyncRequest)
   at System.Net.Security.NegotiateStream.Read(Byte[] buffer, Int32 offset, Int32 count)
   at System.ServiceModel.Channels.StreamConnection.Read(Byte[] buffer, Int32 offset, Int32 size, TimeSpan timeout)
   --- End of inner exception stack trace ---
   at System.ServiceModel.Channels.StreamConnection.Read(Byte[] buffer, Int32 offset, Int32 size, TimeSpan timeout)
   at System.ServiceModel.Channels.SingletonConnectionReader.Receive(TimeSpan timeout)
   at System.ServiceModel.Channels.StreamedFramingRequestChannel.StreamedFramingRequest.WaitForReply(TimeSpan timeout)
   at System.ServiceModel.Channels.RequestChannel.Request(Message message, TimeSpan timeout)
   --- End of inner exception stack trace ---

Server stack trace: 
   at System.ServiceModel.Channels.RequestChannel.Request(Message message, TimeSpan timeout)
   at System.ServiceModel.Channels.TransactionRequestChannelGeneric`1.Request(Message message, TimeSpan timeout)
   at System.ServiceModel.Dispatcher.RequestChannelBinder.Request(Message message, TimeSpan timeout)
   at System.ServiceModel.Channels.ServiceChannel.Call(String action, Boolean oneway, ProxyOperationRuntime operation, Object[] ins, Object[] outs, TimeSpan timeout)
   at System.ServiceModel.Channels.ServiceChannelProxy.InvokeService(IMethodCallMessage methodCall, ProxyOperationRuntime operation)
   at System.ServiceModel.Channels.ServiceChannelProxy.Invoke(IMessage message)

Exception rethrown at [0]: 
   at System.Runtime.Remoting.Proxies.RealProxy.HandleReturnMessage(IMessage reqMsg, IMessage retMsg)
   at System.Runtime.Remoting.Proxies.RealProxy.PrivateInvoke(MessageData& msgData, Int32 type)
   at Petex.Service.RequestProcessor.IWcfStreamResponseProcessor.Process(MessageRequest request)
   at A.cec9e090ae538d190220f059017b75b84.Process(MessageRequest request)

method : Process([Petex.Service.RequestProcessor.MessageRequest] request = Petex.Service.RequestProcessor.MessageRequest)

2018/09/22 11:04:26.840 ERROR 126 Petex.IFM.IVM.VisualWorkflowService.c1c13b709b3df317d725c923928032d5a - An error occurred while getting bulk results.
Details:
System.TimeoutException: The request channel timed out while waiting for a reply after 00:04:56.6118264. Increase the timeout value passed to the call to Request or increase the SendTimeout value on the Binding. The time allotted to this operation may have been a portion of a longer timeout. ---> System.TimeoutException: The socket transfer timed out after 00:04:59.9940000. You have exceeded the timeout set on your binding. The time allotted to this operation may have been a portion of a longer timeout. ---> System.IO.IOException: The read operation failed, see inner exception. ---> System.TimeoutException: The socket transfer timed out after 00:04:59.9940000. You have exceeded the timeout set on your binding. The time allotted to this operation may have been a portion of a longer timeout. ---> System.Net.Sockets.SocketException: A connection attempt failed because the connected party did not properly respond after a period of time, or established connection failed because connected host has failed to respond
   at System.Net.Sockets.Socket.Receive(Byte[] buffer, Int32 offset, Int32 size, SocketFlags socketFlags)
   at System.ServiceModel.Channels.SocketConnection.ReadCore(Byte[] buffer, Int32 offset, Int32 size, TimeSpan timeout, Boolean closing)
   --- End of inner exception stack trace ---
   at System.ServiceModel.Channels.SocketConnection.ReadCore(Byte[] buffer, Int32 offset, Int32 size, TimeSpan timeout, Boolean closing)
   at System.ServiceModel.Channels.SocketConnection.Read(Byte[] buffer, Int32 offset, Int32 size, TimeSpan timeout)
   at System.ServiceModel.Channels.DelegatingConnection.Read(Byte[] buffer, Int32 offset, Int32 size, TimeSpan timeout)
   at System.ServiceModel.Channels.ConnectionStream.Read(Byte[] buffer, Int32 offset, Int32 count)
   at System.Net.FixedSizeReader.ReadPacket(Byte[] buffer, Int32 offset, Int32 count)
   at System.Net.Security.NegotiateStream.StartFrameHeader(Byte[] buffer, Int32 offset, Int32 count, AsyncProtocolRequest asyncRequest)
   at System.Net.Security.NegotiateStream.ProcessRead(Byte[] buffer, Int32 offset, Int32 count, AsyncProtocolRequest asyncRequest)
   --- End of inner exception stack trace ---
   at System.Net.Security.NegotiateStream.ProcessRead(Byte[] buffer, Int32 offset, Int32 count, AsyncProtocolRequest asyncRequest)
   at System.Net.Security.NegotiateStream.Read(Byte[] buffer, Int32 offset, Int32 count)
   at System.ServiceModel.Channels.StreamConnection.Read(Byte[] buffer, Int32 offset, Int32 size, TimeSpan timeout)
   --- End of inner exception stack trace ---
   at System.ServiceModel.Channels.StreamConnection.Read(Byte[] buffer, Int32 offset, Int32 size, TimeSpan timeout)
   at System.ServiceModel.Channels.SingletonConnectionReader.Receive(TimeSpan timeout)
   at System.ServiceModel.Channels.StreamedFramingRequestChannel.StreamedFramingRequest.WaitForReply(TimeSpan timeout)
   at System.ServiceModel.Channels.RequestChannel.Request(Message message, TimeSpan timeout)
   --- End of inner exception stack trace ---

Server stack trace: 
   at System.ServiceModel.Channels.RequestChannel.Request(Message message, TimeSpan timeout)
   at System.ServiceModel.Channels.TransactionRequestChannelGeneric`1.Request(Message message, TimeSpan timeout)
   at System.ServiceModel.Dispatcher.RequestChannelBinder.Request(Message message, TimeSpan timeout)
   at System.ServiceModel.Channels.ServiceChannel.Call(String action, Boolean oneway, ProxyOperationRuntime operation, Object[] ins, Object[] outs, TimeSpan timeout)
   at System.ServiceModel.Channels.ServiceChannelProxy.InvokeService(IMethodCallMessage methodCall, ProxyOperationRuntime operation)
   at System.ServiceModel.Channels.ServiceChannelProxy.Invoke(IMessage message)

Exception rethrown at [0]: 
   at A.c22aefe7f39df3d678dba160428b769f4.c0c4ec95a682cbefc208f4f3eb80ff6ad[c5e2460f6ebc534efe90b3230b7797cb4](Func`1 c3c081f340dcdf79e192d50757bce0bee)
   at A.c42ccb3c762729e5c1ed9dd9fb21f7a51.c2a035223c95353a451d486528bb968ce(DateTime ca50651d185b346c217028862887f6062, List`1 c94623007ea3b221db43a7a5c991a9cac, Int32 c27485bd6dedf79f29eccbe33aefab814, DateTime cc0b7aac23bdedea569c99b9f01ab5798, DateTime ca917bd7d663d59239d097b255d937590)
   at Petex.IFM.IVM.VisualWorkflowService.c1c13b709b3df317d725c923928032d5a(c0a78f935034ea252425562b3db1ea988 cc462e40687a776088a0f60dcc4dee4c5, VisualWorkflowResultOptions c97464e7151b310fab45ca8e18c9bbc4d)
2018/09/22 11:05:38.356 INFO  138 A.ca9303324ae27c9d224e829df918b1ee8.c6ae4a85f8bc1eee64ee593e8582f1fd3 - Get a Copy for model file : APC Field Deferred Volume Breakout.vwk folder id : 7 model file id : 3511 recursive at '9/22/2018 4:05:37 PM' ==> Started.
2018/09/22 11:05:38.904 INFO  138 A.ca9303324ae27c9d224e829df918b1ee8.c6ae4a85f8bc1eee64ee593e8582f1fd3 - Get a Copy for model file : APC Field Deferred Volume Breakout.vwk folder id : 7 model file id : 3511 recursive at '9/22/2018 4:05:37 PM' ==> Completed. Took 00:00:00.547
2018/09/22 11:09:25.212 INFO  125 A.cdc551499db0039f956e1d0666bfd1504.ca3aa6b2f13c2c1bc9c646f6abf33ed07 - Changing service from :0 to HOUMSEOSIFM007:8787
2018/09/22 11:09:31.024 ERROR 7 A.cec9e090ae538d190220f059017b75b84.Process - System.TimeoutException: The request channel timed out while waiting for a reply after 00:04:56.1290003. Increase the timeout value passed to the call to Request or increase the SendTimeout value on the Binding. The time allotted to this operation may have been a portion of a longer timeout. ---> System.TimeoutException: The socket transfer timed out after 00:04:59.9940000. You have exceeded the timeout set on your binding. The time allotted to this operation may have been a portion of a longer timeout. ---> System.IO.IOException: The read operation failed, see inner exception. ---> System.TimeoutException: The socket transfer timed out after 00:04:59.9940000. You have exceeded the timeout set on your binding. The time allotted to this operation may have been a portion of a longer timeout. ---> System.Net.Sockets.SocketException: A connection attempt failed because the connected party did not properly respond after a period of time, or established connection failed because connected host has failed to respond
   at System.Net.Sockets.Socket.Receive(Byte[] buffer, Int32 offset, Int32 size, SocketFlags socketFlags)
   at System.ServiceModel.Channels.SocketConnection.ReadCore(Byte[] buffer, Int32 offset, Int32 size, TimeSpan timeout, Boolean closing)
   --- End of inner exception stack trace ---
   at System.ServiceModel.Channels.SocketConnection.ReadCore(Byte[] buffer, Int32 offset, Int32 size, TimeSpan timeout, Boolean closing)
   at System.ServiceModel.Channels.SocketConnection.Read(Byte[] buffer, Int32 offset, Int32 size, TimeSpan timeout)
   at System.ServiceModel.Channels.DelegatingConnection.Read(Byte[] buffer, Int32 offset, Int32 size, TimeSpan timeout)
   at System.ServiceModel.Channels.ConnectionStream.Read(Byte[] buffer, Int32 offset, Int32 count)
   at System.Net.FixedSizeReader.ReadPacket(Byte[] buffer, Int32 offset, Int32 count)
   at System.Net.Security.NegotiateStream.StartFrameHeader(Byte[] buffer, Int32 offset, Int32 count, AsyncProtocolRequest asyncRequest)
   at System.Net.Security.NegotiateStream.ProcessRead(Byte[] buffer, Int32 offset, Int32 count, AsyncProtocolRequest asyncRequest)
   --- End of inner exception stack trace ---
   at System.Net.Security.NegotiateStream.ProcessRead(Byte[] buffer, Int32 offset, Int32 count, AsyncProtocolRequest asyncRequest)
   at System.Net.Security.NegotiateStream.Read(Byte[] buffer, Int32 offset, Int32 count)
   at System.ServiceModel.Channels.StreamConnection.Read(Byte[] buffer, Int32 offset, Int32 size, TimeSpan timeout)
   --- End of inner exception stack trace ---
   at System.ServiceModel.Channels.StreamConnection.Read(Byte[] buffer, Int32 offset, Int32 size, TimeSpan timeout)
   at System.ServiceModel.Channels.SingletonConnectionReader.Receive(TimeSpan timeout)
   at System.ServiceModel.Channels.StreamedFramingRequestChannel.StreamedFramingRequest.WaitForReply(TimeSpan timeout)
   at System.ServiceModel.Channels.RequestChannel.Request(Message message, TimeSpan timeout)
   --- End of inner exception stack trace ---

Server stack trace: 
   at System.ServiceModel.Channels.RequestChannel.Request(Message message, TimeSpan timeout)
   at System.ServiceModel.Channels.TransactionRequestChannelGeneric`1.Request(Message message, TimeSpan timeout)
   at System.ServiceModel.Dispatcher.RequestChannelBinder.Request(Message message, TimeSpan timeout)
   at System.ServiceModel.Channels.ServiceChannel.Call(String action, Boolean oneway, ProxyOperationRuntime operation, Object[] ins, Object[] outs, TimeSpan timeout)
   at System.ServiceModel.Channels.ServiceChannelProxy.InvokeService(IMethodCallMessage methodCall, ProxyOperationRuntime operation)
   at System.ServiceModel.Channels.ServiceChannelProxy.Invoke(IMessage message)

Exception rethrown at [0]: 
   at System.Runtime.Remoting.Proxies.RealProxy.HandleReturnMessage(IMessage reqMsg, IMessage retMsg)
   at System.Runtime.Remoting.Proxies.RealProxy.PrivateInvoke(MessageData& msgData, Int32 type)
   at Petex.Service.RequestProcessor.IWcfStreamResponseProcessor.Process(MessageRequest request)
   at A.cec9e090ae538d190220f059017b75b84.Process(MessageRequest request)
Details:
System.TimeoutException: The request channel timed out while waiting for a reply after 00:04:56.1290003. Increase the timeout value passed to the call to Request or increase the SendTimeout value on the Binding. The time allotted to this operation may have been a portion of a longer timeout. ---> System.TimeoutException: The socket transfer timed out after 00:04:59.9940000. You have exceeded the timeout set on your binding. The time allotted to this operation may have been a portion of a longer timeout. ---> System.IO.IOException: The read operation failed, see inner exception. ---> System.TimeoutException: The socket transfer timed out after 00:04:59.9940000. You have exceeded the timeout set on your binding. The time allotted to this operation may have been a portion of a longer timeout. ---> System.Net.Sockets.SocketException: A connection attempt failed because the connected party did not properly respond after a period of time, or established connection failed because connected host has failed to respond
   at System.Net.Sockets.Socket.Receive(Byte[] buffer, Int32 offset, Int32 size, SocketFlags socketFlags)
   at System.ServiceModel.Channels.SocketConnection.ReadCore(Byte[] buffer, Int32 offset, Int32 size, TimeSpan timeout, Boolean closing)
   --- End of inner exception stack trace ---
   at System.ServiceModel.Channels.SocketConnection.ReadCore(Byte[] buffer, Int32 offset, Int32 size, TimeSpan timeout, Boolean closing)
   at System.ServiceModel.Channels.SocketConnection.Read(Byte[] buffer, Int32 offset, Int32 size, TimeSpan timeout)
   at System.ServiceModel.Channels.DelegatingConnection.Read(Byte[] buffer, Int32 offset, Int32 size, TimeSpan timeout)
   at System.ServiceModel.Channels.ConnectionStream.Read(Byte[] buffer, Int32 offset, Int32 count)
   at System.Net.FixedSizeReader.ReadPacket(Byte[] buffer, Int32 offset, Int32 count)
   at System.Net.Security.NegotiateStream.StartFrameHeader(Byte[] buffer, Int32 offset, Int32 count, AsyncProtocolRequest asyncRequest)
   at System.Net.Security.NegotiateStream.ProcessRead(Byte[] buffer, Int32 offset, Int32 count, AsyncProtocolRequest asyncRequest)
   --- End of inner exception stack trace ---
   at System.Net.Security.NegotiateStream.ProcessRead(Byte[] buffer, Int32 offset, Int32 count, AsyncProtocolRequest asyncRequest)
   at System.Net.Security.NegotiateStream.Read(Byte[] buffer, Int32 offset, Int32 count)
   at System.ServiceModel.Channels.StreamConnection.Read(Byte[] buffer, Int32 offset, Int32 size, TimeSpan timeout)
   --- End of inner exception stack trace ---
   at System.ServiceModel.Channels.StreamConnection.Read(Byte[] buffer, Int32 offset, Int32 size, TimeSpan timeout)
   at System.ServiceModel.Channels.SingletonConnectionReader.Receive(TimeSpan timeout)
   at System.ServiceModel.Channels.StreamedFramingRequestChannel.StreamedFramingRequest.WaitForReply(TimeSpan timeout)
   at System.ServiceModel.Channels.RequestChannel.Request(Message message, TimeSpan timeout)
   --- End of inner exception stack trace ---

Server stack trace: 
   at System.ServiceModel.Channels.RequestChannel.Request(Message message, TimeSpan timeout)
   at System.ServiceModel.Channels.TransactionRequestChannelGeneric`1.Request(Message message, TimeSpan timeout)
   at System.ServiceModel.Dispatcher.RequestChannelBinder.Request(Message message, TimeSpan timeout)
   at System.ServiceModel.Channels.ServiceChannel.Call(String action, Boolean oneway, ProxyOperationRuntime operation, Object[] ins, Object[] outs, TimeSpan timeout)
   at System.ServiceModel.Channels.ServiceChannelProxy.InvokeService(IMethodCallMessage methodCall, ProxyOperationRuntime operation)
   at System.ServiceModel.Channels.ServiceChannelProxy.Invoke(IMessage message)

Exception rethrown at [0]: 
   at System.Runtime.Remoting.Proxies.RealProxy.HandleReturnMessage(IMessage reqMsg, IMessage retMsg)
   at System.Runtime.Remoting.Proxies.RealProxy.PrivateInvoke(MessageData& msgData, Int32 type)
   at Petex.Service.RequestProcessor.IWcfStreamResponseProcessor.Process(MessageRequest request)
   at A.cec9e090ae538d190220f059017b75b84.Process(MessageRequest request)
2018/09/22 11:09:31.025 ERROR 7 A.cec9e090ae538d190220f059017b75b84 (Thread 7) ProcID (46564) - System.TimeoutException: The request channel timed out while waiting for a reply after 00:04:56.1290003. Increase the timeout value passed to the call to Request or increase the SendTimeout value on the Binding. The time allotted to this operation may have been a portion of a longer timeout. ---> System.TimeoutException: The socket transfer timed out after 00:04:59.9940000. You have exceeded the timeout set on your binding. The time allotted to this operation may have been a portion of a longer timeout. ---> System.IO.IOException: The read operation failed, see inner exception. ---> System.TimeoutException: The socket transfer timed out after 00:04:59.9940000. You have exceeded the timeout set on your binding. The time allotted to this operation may have been a portion of a longer timeout. ---> System.Net.Sockets.SocketException: A connection attempt failed because the connected party did not properly respond after a period of time, or established connection failed because connected host has failed to respond
   at System.Net.Sockets.Socket.Receive(Byte[] buffer, Int32 offset, Int32 size, SocketFlags socketFlags)
   at System.ServiceModel.Channels.SocketConnection.ReadCore(Byte[] buffer, Int32 offset, Int32 size, TimeSpan timeout, Boolean closing)
   --- End of inner exception stack trace ---
   at System.ServiceModel.Channels.SocketConnection.ReadCore(Byte[] buffer, Int32 offset, Int32 size, TimeSpan timeout, Boolean closing)
   at System.ServiceModel.Channels.SocketConnection.Read(Byte[] buffer, Int32 offset, Int32 size, TimeSpan timeout)
   at System.ServiceModel.Channels.DelegatingConnection.Read(Byte[] buffer, Int32 offset, Int32 size, TimeSpan timeout)
   at System.ServiceModel.Channels.ConnectionStream.Read(Byte[] buffer, Int32 offset, Int32 count)
   at System.Net.FixedSizeReader.ReadPacket(Byte[] buffer, Int32 offset, Int32 count)
   at System.Net.Security.NegotiateStream.StartFrameHeader(Byte[] buffer, Int32 offset, Int32 count, AsyncProtocolRequest asyncRequest)
   at System.Net.Security.NegotiateStream.ProcessRead(Byte[] buffer, Int32 offset, Int32 count, AsyncProtocolRequest asyncRequest)
   --- End of inner exception stack trace ---
   at System.Net.Security.NegotiateStream.ProcessRead(Byte[] buffer, Int32 offset, Int32 count, AsyncProtocolRequest asyncRequest)
   at System.Net.Security.NegotiateStream.Read(Byte[] buffer, Int32 offset, Int32 count)
   at System.ServiceModel.Channels.StreamConnection.Read(Byte[] buffer, Int32 offset, Int32 size, TimeSpan timeout)
   --- End of inner exception stack trace ---
   at System.ServiceModel.Channels.StreamConnection.Read(Byte[] buffer, Int32 offset, Int32 size, TimeSpan timeout)
   at System.ServiceModel.Channels.SingletonConnectionReader.Receive(TimeSpan timeout)
   at System.ServiceModel.Channels.StreamedFramingRequestChannel.StreamedFramingRequest.WaitForReply(TimeSpan timeout)
   at System.ServiceModel.Channels.RequestChannel.Request(Message message, TimeSpan timeout)
   --- End of inner exception stack trace ---

Server stack trace: 
   at System.ServiceModel.Channels.RequestChannel.Request(Message message, TimeSpan timeout)
   at System.ServiceModel.Channels.TransactionRequestChannelGeneric`1.Request(Message message, TimeSpan timeout)
   at System.ServiceModel.Dispatcher.RequestChannelBinder.Request(Message message, TimeSpan timeout)
   at System.ServiceModel.Channels.ServiceChannel.Call(String action, Boolean oneway, ProxyOperationRuntime operation, Object[] ins, Object[] outs, TimeSpan timeout)
   at System.ServiceModel.Channels.ServiceChannelProxy.InvokeService(IMethodCallMessage methodCall, ProxyOperationRuntime operation)
   at System.ServiceModel.Channels.ServiceChannelProxy.Invoke(IMessage message)

Exception rethrown at [0]: 
   at System.Runtime.Remoting.Proxies.RealProxy.HandleReturnMessage(IMessage reqMsg, IMessage retMsg)
   at System.Runtime.Remoting.Proxies.RealProxy.PrivateInvoke(MessageData& msgData, Int32 type)
   at Petex.Service.RequestProcessor.IWcfStreamResponseProcessor.Process(MessageRequest request)
   at A.cec9e090ae538d190220f059017b75b84.Process(MessageRequest request)

method : Process([Petex.Service.RequestProcessor.MessageRequest] request = Petex.Service.RequestProcessor.MessageRequest)

2018/09/22 11:09:31.025 ERROR 57 Petex.IFM.IVM.VisualWorkflowService.c1c13b709b3df317d725c923928032d5a - An error occurred while getting bulk results.
Details:
System.TimeoutException: The request channel timed out while waiting for a reply after 00:04:56.1290003. Increase the timeout value passed to the call to Request or increase the SendTimeout value on the Binding. The time allotted to this operation may have been a portion of a longer timeout. ---> System.TimeoutException: The socket transfer timed out after 00:04:59.9940000. You have exceeded the timeout set on your binding. The time allotted to this operation may have been a portion of a longer timeout. ---> System.IO.IOException: The read operation failed, see inner exception. ---> System.TimeoutException: The socket transfer timed out after 00:04:59.9940000. You have exceeded the timeout set on your binding. The time allotted to this operation may have been a portion of a longer timeout. ---> System.Net.Sockets.SocketException: A connection attempt failed because the connected party did not properly respond after a period of time, or established connection failed because connected host has failed to respond
   at System.Net.Sockets.Socket.Receive(Byte[] buffer, Int32 offset, Int32 size, SocketFlags socketFlags)
   at System.ServiceModel.Channels.SocketConnection.ReadCore(Byte[] buffer, Int32 offset, Int32 size, TimeSpan timeout, Boolean closing)
   --- End of inner exception stack trace ---
   at System.ServiceModel.Channels.SocketConnection.ReadCore(Byte[] buffer, Int32 offset, Int32 size, TimeSpan timeout, Boolean closing)
   at System.ServiceModel.Channels.SocketConnection.Read(Byte[] buffer, Int32 offset, Int32 size, TimeSpan timeout)
   at System.ServiceModel.Channels.DelegatingConnection.Read(Byte[] buffer, Int32 offset, Int32 size, TimeSpan timeout)
   at System.ServiceModel.Channels.ConnectionStream.Read(Byte[] buffer, Int32 offset, Int32 count)
   at System.Net.FixedSizeReader.ReadPacket(Byte[] buffer, Int32 offset, Int32 count)
   at System.Net.Security.NegotiateStream.StartFrameHeader(Byte[] buffer, Int32 offset, Int32 count, AsyncProtocolRequest asyncRequest)
   at System.Net.Security.NegotiateStream.ProcessRead(Byte[] buffer, Int32 offset, Int32 count, AsyncProtocolRequest asyncRequest)
   --- End of inner exception stack trace ---
   at System.Net.Security.NegotiateStream.ProcessRead(Byte[] buffer, Int32 offset, Int32 count, AsyncProtocolRequest asyncRequest)
   at System.Net.Security.NegotiateStream.Read(Byte[] buffer, Int32 offset, Int32 count)
   at System.ServiceModel.Channels.StreamConnection.Read(Byte[] buffer, Int32 offset, Int32 size, TimeSpan timeout)
   --- End of inner exception stack trace ---
   at System.ServiceModel.Channels.StreamConnection.Read(Byte[] buffer, Int32 offset, Int32 size, TimeSpan timeout)
   at System.ServiceModel.Channels.SingletonConnectionReader.Receive(TimeSpan timeout)
   at System.ServiceModel.Channels.StreamedFramingRequestChannel.StreamedFramingRequest.WaitForReply(TimeSpan timeout)
   at System.ServiceModel.Channels.RequestChannel.Request(Message message, TimeSpan timeout)
   --- End of inner exception stack trace ---

Server stack trace: 
   at System.ServiceModel.Channels.RequestChannel.Request(Message message, TimeSpan timeout)
   at System.ServiceModel.Channels.TransactionRequestChannelGeneric`1.Request(Message message, TimeSpan timeout)
   at System.ServiceModel.Dispatcher.RequestChannelBinder.Request(Message message, TimeSpan timeout)
   at System.ServiceModel.Channels.ServiceChannel.Call(String action, Boolean oneway, ProxyOperationRuntime operation, Object[] ins, Object[] outs, TimeSpan timeout)
   at System.ServiceModel.Channels.ServiceChannelProxy.InvokeService(IMethodCallMessage methodCall, ProxyOperationRuntime operation)
   at System.ServiceModel.Channels.ServiceChannelProxy.Invoke(IMessage message)

Exception rethrown at [0]: 
   at A.c22aefe7f39df3d678dba160428b769f4.c0c4ec95a682cbefc208f4f3eb80ff6ad[c5e2460f6ebc534efe90b3230b7797cb4](Func`1 c3c081f340dcdf79e192d50757bce0bee)
   at A.c42ccb3c762729e5c1ed9dd9fb21f7a51.c2a035223c95353a451d486528bb968ce(DateTime ca50651d185b346c217028862887f6062, List`1 c94623007ea3b221db43a7a5c991a9cac, Int32 c27485bd6dedf79f29eccbe33aefab814, DateTime cc0b7aac23bdedea569c99b9f01ab5798, DateTime ca917bd7d663d59239d097b255d937590)
   at Petex.IFM.IVM.VisualWorkflowService.c1c13b709b3df317d725c923928032d5a(c0a78f935034ea252425562b3db1ea988 cc462e40687a776088a0f60dcc4dee4c5, VisualWorkflowResultOptions c97464e7151b310fab45ca8e18c9bbc4d)
2018/09/22 11:14:25.200 INFO  126 A.cdc551499db0039f956e1d0666bfd1504.ca3aa6b2f13c2c1bc9c646f6abf33ed07 - Changing service from :0 to HOUMSEOSIFM007:8787
2018/09/22 11:14:33.540 ERROR 79 A.cec9e090ae538d190220f059017b75b84.Process - System.TimeoutException: The request channel timed out while waiting for a reply after 00:04:55.8378191. Increase the timeout value passed to the call to Request or increase the SendTimeout value on the Binding. The time allotted to this operation may have been a portion of a longer timeout. ---> System.TimeoutException: The socket transfer timed out after 00:04:59.9930000. You have exceeded the timeout set on your binding. The time allotted to this operation may have been a portion of a longer timeout. ---> System.IO.IOException: The read operation failed, see inner exception. ---> System.TimeoutException: The socket transfer timed out after 00:04:59.9930000. You have exceeded the timeout set on your binding. The time allotted to this operation may have been a portion of a longer timeout. ---> System.Net.Sockets.SocketException: A connection attempt failed because the connected party did not properly respond after a period of time, or established connection failed because connected host has failed to respond
   at System.Net.Sockets.Socket.Receive(Byte[] buffer, Int32 offset, Int32 size, SocketFlags socketFlags)
   at System.ServiceModel.Channels.SocketConnection.ReadCore(Byte[] buffer, Int32 offset, Int32 size, TimeSpan timeout, Boolean closing)
   --- End of inner exception stack trace ---
   at System.ServiceModel.Channels.SocketConnection.ReadCore(Byte[] buffer, Int32 offset, Int32 size, TimeSpan timeout, Boolean closing)
   at System.ServiceModel.Channels.SocketConnection.Read(Byte[] buffer, Int32 offset, Int32 size, TimeSpan timeout)
   at System.ServiceModel.Channels.DelegatingConnection.Read(Byte[] buffer, Int32 offset, Int32 size, TimeSpan timeout)
   at System.ServiceModel.Channels.ConnectionStream.Read(Byte[] buffer, Int32 offset, Int32 count)
   at System.Net.FixedSizeReader.ReadPacket(Byte[] buffer, Int32 offset, Int32 count)
   at System.Net.Security.NegotiateStream.StartFrameHeader(Byte[] buffer, Int32 offset, Int32 count, AsyncProtocolRequest asyncRequest)
   at System.Net.Security.NegotiateStream.ProcessRead(Byte[] buffer, Int32 offset, Int32 count, AsyncProtocolRequest asyncRequest)
   --- End of inner exception stack trace ---
   at System.Net.Security.NegotiateStream.ProcessRead(Byte[] buffer, Int32 offset, Int32 count, AsyncProtocolRequest asyncRequest)
   at System.Net.Security.NegotiateStream.Read(Byte[] buffer, Int32 offset, Int32 count)
   at System.ServiceModel.Channels.StreamConnection.Read(Byte[] buffer, Int32 offset, Int32 size, TimeSpan timeout)
   --- End of inner exception stack trace ---
   at System.ServiceModel.Channels.StreamConnection.Read(Byte[] buffer, Int32 offset, Int32 size, TimeSpan timeout)
   at System.ServiceModel.Channels.SingletonConnectionReader.Receive(TimeSpan timeout)
   at System.ServiceModel.Channels.StreamedFramingRequestChannel.StreamedFramingRequest.WaitForReply(TimeSpan timeout)
   at System.ServiceModel.Channels.RequestChannel.Request(Message message, TimeSpan timeout)
   --- End of inner exception stack trace ---

Server stack trace: 
   at System.ServiceModel.Channels.RequestChannel.Request(Message message, TimeSpan timeout)
   at System.ServiceModel.Channels.TransactionRequestChannelGeneric`1.Request(Message message, TimeSpan timeout)
   at System.ServiceModel.Dispatcher.RequestChannelBinder.Request(Message message, TimeSpan timeout)
   at System.ServiceModel.Channels.ServiceChannel.Call(String action, Boolean oneway, ProxyOperationRuntime operation, Object[] ins, Object[] outs, TimeSpan timeout)
   at System.ServiceModel.Channels.ServiceChannelProxy.InvokeService(IMethodCallMessage methodCall, ProxyOperationRuntime operation)
   at System.ServiceModel.Channels.ServiceChannelProxy.Invoke(IMessage message)

Exception rethrown at [0]: 
   at System.Runtime.Remoting.Proxies.RealProxy.HandleReturnMessage(IMessage reqMsg, IMessage retMsg)
   at System.Runtime.Remoting.Proxies.RealProxy.PrivateInvoke(MessageData& msgData, Int32 type)
   at Petex.Service.RequestProcessor.IWcfStreamResponseProcessor.Process(MessageRequest request)
   at A.cec9e090ae538d190220f059017b75b84.Process(MessageRequest request)
Details:
System.TimeoutException: The request channel timed out while waiting for a reply after 00:04:55.8378191. Increase the timeout value passed to the call to Request or increase the SendTimeout value on the Binding. The time allotted to this operation may have been a portion of a longer timeout. ---> System.TimeoutException: The socket transfer timed out after 00:04:59.9930000. You have exceeded the timeout set on your binding. The time allotted to this operation may have been a portion of a longer timeout. ---> System.IO.IOException: The read operation failed, see inner exception. ---> System.TimeoutException: The socket transfer timed out after 00:04:59.9930000. You have exceeded the timeout set on your binding. The time allotted to this operation may have been a portion of a longer timeout. ---> System.Net.Sockets.SocketException: A connection attempt failed because the connected party did not properly respond after a period of time, or established connection failed because connected host has failed to respond
   at System.Net.Sockets.Socket.Receive(Byte[] buffer, Int32 offset, Int32 size, SocketFlags socketFlags)
   at System.ServiceModel.Channels.SocketConnection.ReadCore(Byte[] buffer, Int32 offset, Int32 size, TimeSpan timeout, Boolean closing)
   --- End of inner exception stack trace ---
   at System.ServiceModel.Channels.SocketConnection.ReadCore(Byte[] buffer, Int32 offset, Int32 size, TimeSpan timeout, Boolean closing)
   at System.ServiceModel.Channels.SocketConnection.Read(Byte[] buffer, Int32 offset, Int32 size, TimeSpan timeout)
   at System.ServiceModel.Channels.DelegatingConnection.Read(Byte[] buffer, Int32 offset, Int32 size, TimeSpan timeout)
   at System.ServiceModel.Channels.ConnectionStream.Read(Byte[] buffer, Int32 offset, Int32 count)
   at System.Net.FixedSizeReader.ReadPacket(Byte[] buffer, Int32 offset, Int32 count)
   at System.Net.Security.NegotiateStream.StartFrameHeader(Byte[] buffer, Int32 offset, Int32 count, AsyncProtocolRequest asyncRequest)
   at System.Net.Security.NegotiateStream.ProcessRead(Byte[] buffer, Int32 offset, Int32 count, AsyncProtocolRequest asyncRequest)
   --- End of inner exception stack trace ---
   at System.Net.Security.NegotiateStream.ProcessRead(Byte[] buffer, Int32 offset, Int32 count, AsyncProtocolRequest asyncRequest)
   at System.Net.Security.NegotiateStream.Read(Byte[] buffer, Int32 offset, Int32 count)
   at System.ServiceModel.Channels.StreamConnection.Read(Byte[] buffer, Int32 offset, Int32 size, TimeSpan timeout)
   --- End of inner exception stack trace ---
   at System.ServiceModel.Channels.StreamConnection.Read(Byte[] buffer, Int32 offset, Int32 size, TimeSpan timeout)
   at System.ServiceModel.Channels.SingletonConnectionReader.Receive(TimeSpan timeout)
   at System.ServiceModel.Channels.StreamedFramingRequestChannel.StreamedFramingRequest.WaitForReply(TimeSpan timeout)
   at System.ServiceModel.Channels.RequestChannel.Request(Message message, TimeSpan timeout)
   --- End of inner exception stack trace ---

Server stack trace: 
   at System.ServiceModel.Channels.RequestChannel.Request(Message message, TimeSpan timeout)
   at System.ServiceModel.Channels.TransactionRequestChannelGeneric`1.Request(Message message, TimeSpan timeout)
   at System.ServiceModel.Dispatcher.RequestChannelBinder.Request(Message message, TimeSpan timeout)
   at System.ServiceModel.Channels.ServiceChannel.Call(String action, Boolean oneway, ProxyOperationRuntime operation, Object[] ins, Object[] outs, TimeSpan timeout)
   at System.ServiceModel.Channels.ServiceChannelProxy.InvokeService(IMethodCallMessage methodCall, ProxyOperationRuntime operation)
   at System.ServiceModel.Channels.ServiceChannelProxy.Invoke(IMessage message)

Exception rethrown at [0]: 
   at System.Runtime.Remoting.Proxies.RealProxy.HandleReturnMessage(IMessage reqMsg, IMessage retMsg)
   at System.Runtime.Remoting.Proxies.RealProxy.PrivateInvoke(MessageData& msgData, Int32 type)
   at Petex.Service.RequestProcessor.IWcfStreamResponseProcessor.Process(MessageRequest request)
   at A.cec9e090ae538d190220f059017b75b84.Process(MessageRequest request)
2018/09/22 11:14:33.541 ERROR 79 A.cec9e090ae538d190220f059017b75b84 (Thread 79) ProcID (46564) - System.TimeoutException: The request channel timed out while waiting for a reply after 00:04:55.8378191. Increase the timeout value passed to the call to Request or increase the SendTimeout value on the Binding. The time allotted to this operation may have been a portion of a longer timeout. ---> System.TimeoutException: The socket transfer timed out after 00:04:59.9930000. You have exceeded the timeout set on your binding. The time allotted to this operation may have been a portion of a longer timeout. ---> System.IO.IOException: The read operation failed, see inner exception. ---> System.TimeoutException: The socket transfer timed out after 00:04:59.9930000. You have exceeded the timeout set on your binding. The time allotted to this operation may have been a portion of a longer timeout. ---> System.Net.Sockets.SocketException: A connection attempt failed because the connected party did not properly respond after a period of time, or established connection failed because connected host has failed to respond
   at System.Net.Sockets.Socket.Receive(Byte[] buffer, Int32 offset, Int32 size, SocketFlags socketFlags)
   at System.ServiceModel.Channels.SocketConnection.ReadCore(Byte[] buffer, Int32 offset, Int32 size, TimeSpan timeout, Boolean closing)
   --- End of inner exception stack trace ---
   at System.ServiceModel.Channels.SocketConnection.ReadCore(Byte[] buffer, Int32 offset, Int32 size, TimeSpan timeout, Boolean closing)
   at System.ServiceModel.Channels.SocketConnection.Read(Byte[] buffer, Int32 offset, Int32 size, TimeSpan timeout)
   at System.ServiceModel.Channels.DelegatingConnection.Read(Byte[] buffer, Int32 offset, Int32 size, TimeSpan timeout)
   at System.ServiceModel.Channels.ConnectionStream.Read(Byte[] buffer, Int32 offset, Int32 count)
   at System.Net.FixedSizeReader.ReadPacket(Byte[] buffer, Int32 offset, Int32 count)
   at System.Net.Security.NegotiateStream.StartFrameHeader(Byte[] buffer, Int32 offset, Int32 count, AsyncProtocolRequest asyncRequest)
   at System.Net.Security.NegotiateStream.ProcessRead(Byte[] buffer, Int32 offset, Int32 count, AsyncProtocolRequest asyncRequest)
   --- End of inner exception stack trace ---
   at System.Net.Security.NegotiateStream.ProcessRead(Byte[] buffer, Int32 offset, Int32 count, AsyncProtocolRequest asyncRequest)
   at System.Net.Security.NegotiateStream.Read(Byte[] buffer, Int32 offset, Int32 count)
   at System.ServiceModel.Channels.StreamConnection.Read(Byte[] buffer, Int32 offset, Int32 size, TimeSpan timeout)
   --- End of inner exception stack trace ---
   at System.ServiceModel.Channels.StreamConnection.Read(Byte[] buffer, Int32 offset, Int32 size, TimeSpan timeout)
   at System.ServiceModel.Channels.SingletonConnectionReader.Receive(TimeSpan timeout)
   at System.ServiceModel.Channels.StreamedFramingRequestChannel.StreamedFramingRequest.WaitForReply(TimeSpan timeout)
   at System.ServiceModel.Channels.RequestChannel.Request(Message message, TimeSpan timeout)
   --- End of inner exception stack trace ---

Server stack trace: 
   at System.ServiceModel.Channels.RequestChannel.Request(Message message, TimeSpan timeout)
   at System.ServiceModel.Channels.TransactionRequestChannelGeneric`1.Request(Message message, TimeSpan timeout)
   at System.ServiceModel.Dispatcher.RequestChannelBinder.Request(Message message, TimeSpan timeout)
   at System.ServiceModel.Channels.ServiceChannel.Call(String action, Boolean oneway, ProxyOperationRuntime operation, Object[] ins, Object[] outs, TimeSpan timeout)
   at System.ServiceModel.Channels.ServiceChannelProxy.InvokeService(IMethodCallMessage methodCall, ProxyOperationRuntime operation)
   at System.ServiceModel.Channels.ServiceChannelProxy.Invoke(IMessage message)

Exception rethrown at [0]: 
   at System.Runtime.Remoting.Proxies.RealProxy.HandleReturnMessage(IMessage reqMsg, IMessage retMsg)
   at System.Runtime.Remoting.Proxies.RealProxy.PrivateInvoke(MessageData& msgData, Int32 type)
   at Petex.Service.RequestProcessor.IWcfStreamResponseProcessor.Process(MessageRequest request)
   at A.cec9e090ae538d190220f059017b75b84.Process(MessageRequest request)

method : Process([Petex.Service.RequestProcessor.MessageRequest] request = Petex.Service.RequestProcessor.MessageRequest)

2018/09/22 11:14:33.543 ERROR 105 Petex.IFM.IVM.VisualWorkflowService.c1c13b709b3df317d725c923928032d5a - An error occurred while getting bulk results.
Details:
System.TimeoutException: The request channel timed out while waiting for a reply after 00:04:55.8378191. Increase the timeout value passed to the call to Request or increase the SendTimeout value on the Binding. The time allotted to this operation may have been a portion of a longer timeout. ---> System.TimeoutException: The socket transfer timed out after 00:04:59.9930000. You have exceeded the timeout set on your binding. The time allotted to this operation may have been a portion of a longer timeout. ---> System.IO.IOException: The read operation failed, see inner exception. ---> System.TimeoutException: The socket transfer timed out after 00:04:59.9930000. You have exceeded the timeout set on your binding. The time allotted to this operation may have been a portion of a longer timeout. ---> System.Net.Sockets.SocketException: A connection attempt failed because the connected party did not properly respond after a period of time, or established connection failed because connected host has failed to respond
   at System.Net.Sockets.Socket.Receive(Byte[] buffer, Int32 offset, Int32 size, SocketFlags socketFlags)
   at System.ServiceModel.Channels.SocketConnection.ReadCore(Byte[] buffer, Int32 offset, Int32 size, TimeSpan timeout, Boolean closing)
   --- End of inner exception stack trace ---
   at System.ServiceModel.Channels.SocketConnection.ReadCore(Byte[] buffer, Int32 offset, Int32 size, TimeSpan timeout, Boolean closing)
   at System.ServiceModel.Channels.SocketConnection.Read(Byte[] buffer, Int32 offset, Int32 size, TimeSpan timeout)
   at System.ServiceModel.Channels.DelegatingConnection.Read(Byte[] buffer, Int32 offset, Int32 size, TimeSpan timeout)
   at System.ServiceModel.Channels.ConnectionStream.Read(Byte[] buffer, Int32 offset, Int32 count)
   at System.Net.FixedSizeReader.ReadPacket(Byte[] buffer, Int32 offset, Int32 count)
   at System.Net.Security.NegotiateStream.StartFrameHeader(Byte[] buffer, Int32 offset, Int32 count, AsyncProtocolRequest asyncRequest)
   at System.Net.Security.NegotiateStream.ProcessRead(Byte[] buffer, Int32 offset, Int32 count, AsyncProtocolRequest asyncRequest)
   --- End of inner exception stack trace ---
   at System.Net.Security.NegotiateStream.ProcessRead(Byte[] buffer, Int32 offset, Int32 count, AsyncProtocolRequest asyncRequest)
   at System.Net.Security.NegotiateStream.Read(Byte[] buffer, Int32 offset, Int32 count)
   at System.ServiceModel.Channels.StreamConnection.Read(Byte[] buffer, Int32 offset, Int32 size, TimeSpan timeout)
   --- End of inner exception stack trace ---
   at System.ServiceModel.Channels.StreamConnection.Read(Byte[] buffer, Int32 offset, Int32 size, TimeSpan timeout)
   at System.ServiceModel.Channels.SingletonConnectionReader.Receive(TimeSpan timeout)
   at System.ServiceModel.Channels.StreamedFramingRequestChannel.StreamedFramingRequest.WaitForReply(TimeSpan timeout)
   at System.ServiceModel.Channels.RequestChannel.Request(Message message, TimeSpan timeout)
   --- End of inner exception stack trace ---

Server stack trace: 
   at System.ServiceModel.Channels.RequestChannel.Request(Message message, TimeSpan timeout)
   at System.ServiceModel.Channels.TransactionRequestChannelGeneric`1.Request(Message message, TimeSpan timeout)
   at System.ServiceModel.Dispatcher.RequestChannelBinder.Request(Message message, TimeSpan timeout)
   at System.ServiceModel.Channels.ServiceChannel.Call(String action, Boolean oneway, ProxyOperationRuntime operation, Object[] ins, Object[] outs, TimeSpan timeout)
   at System.ServiceModel.Channels.ServiceChannelProxy.InvokeService(IMethodCallMessage methodCall, ProxyOperationRuntime operation)
   at System.ServiceModel.Channels.ServiceChannelProxy.Invoke(IMessage message)

Exception rethrown at [0]: 
   at A.c22aefe7f39df3d678dba160428b769f4.c0c4ec95a682cbefc208f4f3eb80ff6ad[c5e2460f6ebc534efe90b3230b7797cb4](Func`1 c3c081f340dcdf79e192d50757bce0bee)
   at A.c42ccb3c762729e5c1ed9dd9fb21f7a51.c2a035223c95353a451d486528bb968ce(DateTime ca50651d185b346c217028862887f6062, List`1 c94623007ea3b221db43a7a5c991a9cac, Int32 c27485bd6dedf79f29eccbe33aefab814, DateTime cc0b7aac23bdedea569c99b9f01ab5798, DateTime ca917bd7d663d59239d097b255d937590)
   at Petex.IFM.IVM.VisualWorkflowService.c1c13b709b3df317d725c923928032d5a(c0a78f935034ea252425562b3db1ea988 cc462e40687a776088a0f60dcc4dee4c5, VisualWorkflowResultOptions c97464e7151b310fab45ca8e18c9bbc4d)
2018/09/22 11:19:25.236 INFO  59 A.cdc551499db0039f956e1d0666bfd1504.ca3aa6b2f13c2c1bc9c646f6abf33ed07 - Changing service from :0 to HOUMSEOSIFM007:8787
2018/09/22 11:19:30.249 ERROR 113 A.cec9e090ae538d190220f059017b75b84.Process - System.TimeoutException: The request channel timed out while waiting for a reply after 00:04:57.4949986. Increase the timeout value passed to the call to Request or increase the SendTimeout value on the Binding. The time allotted to this operation may have been a portion of a longer timeout. ---> System.TimeoutException: The socket transfer timed out after 00:04:59.9930000. You have exceeded the timeout set on your binding. The time allotted to this operation may have been a portion of a longer timeout. ---> System.IO.IOException: The read operation failed, see inner exception. ---> System.TimeoutException: The socket transfer timed out after 00:04:59.9930000. You have exceeded the timeout set on your binding. The time allotted to this operation may have been a portion of a longer timeout. ---> System.Net.Sockets.SocketException: A connection attempt failed because the connected party did not properly respond after a period of time, or established connection failed because connected host has failed to respond
   at System.Net.Sockets.Socket.Receive(Byte[] buffer, Int32 offset, Int32 size, SocketFlags socketFlags)
   at System.ServiceModel.Channels.SocketConnection.ReadCore(Byte[] buffer, Int32 offset, Int32 size, TimeSpan timeout, Boolean closing)
   --- End of inner exception stack trace ---
   at System.ServiceModel.Channels.SocketConnection.ReadCore(Byte[] buffer, Int32 offset, Int32 size, TimeSpan timeout, Boolean closing)
   at System.ServiceModel.Channels.SocketConnection.Read(Byte[] buffer, Int32 offset, Int32 size, TimeSpan timeout)
   at System.ServiceModel.Channels.DelegatingConnection.Read(Byte[] buffer, Int32 offset, Int32 size, TimeSpan timeout)
   at System.ServiceModel.Channels.ConnectionStream.Read(Byte[] buffer, Int32 offset, Int32 count)
   at System.Net.FixedSizeReader.ReadPacket(Byte[] buffer, Int32 offset, Int32 count)
   at System.Net.Security.NegotiateStream.StartFrameHeader(Byte[] buffer, Int32 offset, Int32 count, AsyncProtocolRequest asyncRequest)
   at System.Net.Security.NegotiateStream.ProcessRead(Byte[] buffer, Int32 offset, Int32 count, AsyncProtocolRequest asyncRequest)
   --- End of inner exception stack trace ---
   at System.Net.Security.NegotiateStream.ProcessRead(Byte[] buffer, Int32 offset, Int32 count, AsyncProtocolRequest asyncRequest)
   at System.Net.Security.NegotiateStream.Read(Byte[] buffer, Int32 offset, Int32 count)
   at System.ServiceModel.Channels.StreamConnection.Read(Byte[] buffer, Int32 offset, Int32 size, TimeSpan timeout)
   --- End of inner exception stack trace ---
   at System.ServiceModel.Channels.StreamConnection.Read(Byte[] buffer, Int32 offset, Int32 size, TimeSpan timeout)
   at System.ServiceModel.Channels.SingletonConnectionReader.Receive(TimeSpan timeout)
   at System.ServiceModel.Channels.StreamedFramingRequestChannel.StreamedFramingRequest.WaitForReply(TimeSpan timeout)
   at System.ServiceModel.Channels.RequestChannel.Request(Message message, TimeSpan timeout)
   --- End of inner exception stack trace ---

Server stack trace: 
   at System.ServiceModel.Channels.RequestChannel.Request(Message message, TimeSpan timeout)
   at System.ServiceModel.Channels.TransactionRequestChannelGeneric`1.Request(Message message, TimeSpan timeout)
   at System.ServiceModel.Dispatcher.RequestChannelBinder.Request(Message message, TimeSpan timeout)
   at System.ServiceModel.Channels.ServiceChannel.Call(String action, Boolean oneway, ProxyOperationRuntime operation, Object[] ins, Object[] outs, TimeSpan timeout)
   at System.ServiceModel.Channels.ServiceChannelProxy.InvokeService(IMethodCallMessage methodCall, ProxyOperationRuntime operation)
   at System.ServiceModel.Channels.ServiceChannelProxy.Invoke(IMessage message)

Exception rethrown at [0]: 
   at System.Runtime.Remoting.Proxies.RealProxy.HandleReturnMessage(IMessage reqMsg, IMessage retMsg)
   at System.Runtime.Remoting.Proxies.RealProxy.PrivateInvoke(MessageData& msgData, Int32 type)
   at Petex.Service.RequestProcessor.IWcfStreamResponseProcessor.Process(MessageRequest request)
   at A.cec9e090ae538d190220f059017b75b84.Process(MessageRequest request)
Details:
System.TimeoutException: The request channel timed out while waiting for a reply after 00:04:57.4949986. Increase the timeout value passed to the call to Request or increase the SendTimeout value on the Binding. The time allotted to this operation may have been a portion of a longer timeout. ---> System.TimeoutException: The socket transfer timed out after 00:04:59.9930000. You have exceeded the timeout set on your binding. The time allotted to this operation may have been a portion of a longer timeout. ---> System.IO.IOException: The read operation failed, see inner exception. ---> System.TimeoutException: The socket transfer timed out after 00:04:59.9930000. You have exceeded the timeout set on your binding. The time allotted to this operation may have been a portion of a longer timeout. ---> System.Net.Sockets.SocketException: A connection attempt failed because the connected party did not properly respond after a period of time, or established connection failed because connected host has failed to respond
   at System.Net.Sockets.Socket.Receive(Byte[] buffer, Int32 offset, Int32 size, SocketFlags socketFlags)
   at System.ServiceModel.Channels.SocketConnection.ReadCore(Byte[] buffer, Int32 offset, Int32 size, TimeSpan timeout, Boolean closing)
   --- End of inner exception stack trace ---
   at System.ServiceModel.Channels.SocketConnection.ReadCore(Byte[] buffer, Int32 offset, Int32 size, TimeSpan timeout, Boolean closing)
   at System.ServiceModel.Channels.SocketConnection.Read(Byte[] buffer, Int32 offset, Int32 size, TimeSpan timeout)
   at System.ServiceModel.Channels.DelegatingConnection.Read(Byte[] buffer, Int32 offset, Int32 size, TimeSpan timeout)
   at System.ServiceModel.Channels.ConnectionStream.Read(Byte[] buffer, Int32 offset, Int32 count)
   at System.Net.FixedSizeReader.ReadPacket(Byte[] buffer, Int32 offset, Int32 count)
   at System.Net.Security.NegotiateStream.StartFrameHeader(Byte[] buffer, Int32 offset, Int32 count, AsyncProtocolRequest asyncRequest)
   at System.Net.Security.NegotiateStream.ProcessRead(Byte[] buffer, Int32 offset, Int32 count, AsyncProtocolRequest asyncRequest)
   --- End of inner exception stack trace ---
   at System.Net.Security.NegotiateStream.ProcessRead(Byte[] buffer, Int32 offset, Int32 count, AsyncProtocolRequest asyncRequest)
   at System.Net.Security.NegotiateStream.Read(Byte[] buffer, Int32 offset, Int32 count)
   at System.ServiceModel.Channels.StreamConnection.Read(Byte[] buffer, Int32 offset, Int32 size, TimeSpan timeout)
   --- End of inner exception stack trace ---
   at System.ServiceModel.Channels.StreamConnection.Read(Byte[] buffer, Int32 offset, Int32 size, TimeSpan timeout)
   at System.ServiceModel.Channels.SingletonConnectionReader.Receive(TimeSpan timeout)
   at System.ServiceModel.Channels.StreamedFramingRequestChannel.StreamedFramingRequest.WaitForReply(TimeSpan timeout)
   at System.ServiceModel.Channels.RequestChannel.Request(Message message, TimeSpan timeout)
   --- End of inner exception stack trace ---

Server stack trace: 
   at System.ServiceModel.Channels.RequestChannel.Request(Message message, TimeSpan timeout)
   at System.ServiceModel.Channels.TransactionRequestChannelGeneric`1.Request(Message message, TimeSpan timeout)
   at System.ServiceModel.Dispatcher.RequestChannelBinder.Request(Message message, TimeSpan timeout)
   at System.ServiceModel.Channels.ServiceChannel.Call(String action, Boolean oneway, ProxyOperationRuntime operation, Object[] ins, Object[] outs, TimeSpan timeout)
   at System.ServiceModel.Channels.ServiceChannelProxy.InvokeService(IMethodCallMessage methodCall, ProxyOperationRuntime operation)
   at System.ServiceModel.Channels.ServiceChannelProxy.Invoke(IMessage message)

Exception rethrown at [0]: 
   at System.Runtime.Remoting.Proxies.RealProxy.HandleReturnMessage(IMessage reqMsg, IMessage retMsg)
   at System.Runtime.Remoting.Proxies.RealProxy.PrivateInvoke(MessageData& msgData, Int32 type)
   at Petex.Service.RequestProcessor.IWcfStreamResponseProcessor.Process(MessageRequest request)
   at A.cec9e090ae538d190220f059017b75b84.Process(MessageRequest request)
2018/09/22 11:19:30.251 ERROR 113 A.cec9e090ae538d190220f059017b75b84 (Thread 113) ProcID (46564) - System.TimeoutException: The request channel timed out while waiting for a reply after 00:04:57.4949986. Increase the timeout value passed to the call to Request or increase the SendTimeout value on the Binding. The time allotted to this operation may have been a portion of a longer timeout. ---> System.TimeoutException: The socket transfer timed out after 00:04:59.9930000. You have exceeded the timeout set on your binding. The time allotted to this operation may have been a portion of a longer timeout. ---> System.IO.IOException: The read operation failed, see inner exception. ---> System.TimeoutException: The socket transfer timed out after 00:04:59.9930000. You have exceeded the timeout set on your binding. The time allotted to this operation may have been a portion of a longer timeout. ---> System.Net.Sockets.SocketException: A connection attempt failed because the connected party did not properly respond after a period of time, or established connection failed because connected host has failed to respond
   at System.Net.Sockets.Socket.Receive(Byte[] buffer, Int32 offset, Int32 size, SocketFlags socketFlags)
   at System.ServiceModel.Channels.SocketConnection.ReadCore(Byte[] buffer, Int32 offset, Int32 size, TimeSpan timeout, Boolean closing)
   --- End of inner exception stack trace ---
   at System.ServiceModel.Channels.SocketConnection.ReadCore(Byte[] buffer, Int32 offset, Int32 size, TimeSpan timeout, Boolean closing)
   at System.ServiceModel.Channels.SocketConnection.Read(Byte[] buffer, Int32 offset, Int32 size, TimeSpan timeout)
   at System.ServiceModel.Channels.DelegatingConnection.Read(Byte[] buffer, Int32 offset, Int32 size, TimeSpan timeout)
   at System.ServiceModel.Channels.ConnectionStream.Read(Byte[] buffer, Int32 offset, Int32 count)
   at System.Net.FixedSizeReader.ReadPacket(Byte[] buffer, Int32 offset, Int32 count)
   at System.Net.Security.NegotiateStream.StartFrameHeader(Byte[] buffer, Int32 offset, Int32 count, AsyncProtocolRequest asyncRequest)
   at System.Net.Security.NegotiateStream.ProcessRead(Byte[] buffer, Int32 offset, Int32 count, AsyncProtocolRequest asyncRequest)
   --- End of inner exception stack trace ---
   at System.Net.Security.NegotiateStream.ProcessRead(Byte[] buffer, Int32 offset, Int32 count, AsyncProtocolRequest asyncRequest)
   at System.Net.Security.NegotiateStream.Read(Byte[] buffer, Int32 offset, Int32 count)
   at System.ServiceModel.Channels.StreamConnection.Read(Byte[] buffer, Int32 offset, Int32 size, TimeSpan timeout)
   --- End of inner exception stack trace ---
   at System.ServiceModel.Channels.StreamConnection.Read(Byte[] buffer, Int32 offset, Int32 size, TimeSpan timeout)
   at System.ServiceModel.Channels.SingletonConnectionReader.Receive(TimeSpan timeout)
   at System.ServiceModel.Channels.StreamedFramingRequestChannel.StreamedFramingRequest.WaitForReply(TimeSpan timeout)
   at System.ServiceModel.Channels.RequestChannel.Request(Message message, TimeSpan timeout)
   --- End of inner exception stack trace ---

Server stack trace: 
   at System.ServiceModel.Channels.RequestChannel.Request(Message message, TimeSpan timeout)
   at System.ServiceModel.Channels.TransactionRequestChannelGeneric`1.Request(Message message, TimeSpan timeout)
   at System.ServiceModel.Dispatcher.RequestChannelBinder.Request(Message message, TimeSpan timeout)
   at System.ServiceModel.Channels.ServiceChannel.Call(String action, Boolean oneway, ProxyOperationRuntime operation, Object[] ins, Object[] outs, TimeSpan timeout)
   at System.ServiceModel.Channels.ServiceChannelProxy.InvokeService(IMethodCallMessage methodCall, ProxyOperationRuntime operation)
   at System.ServiceModel.Channels.ServiceChannelProxy.Invoke(IMessage message)

Exception rethrown at [0]: 
   at System.Runtime.Remoting.Proxies.RealProxy.HandleReturnMessage(IMessage reqMsg, IMessage retMsg)
   at System.Runtime.Remoting.Proxies.RealProxy.PrivateInvoke(MessageData& msgData, Int32 type)
   at Petex.Service.RequestProcessor.IWcfStreamResponseProcessor.Process(MessageRequest request)
   at A.cec9e090ae538d190220f059017b75b84.Process(MessageRequest request)

method : Process([Petex.Service.RequestProcessor.MessageRequest] request = Petex.Service.RequestProcessor.MessageRequest)

2018/09/22 11:19:30.252 ERROR 109 Petex.IFM.IVM.VisualWorkflowService.c1c13b709b3df317d725c923928032d5a - An error occurred while getting bulk results.
Details:
System.TimeoutException: The request channel timed out while waiting for a reply after 00:04:57.4949986. Increase the timeout value passed to the call to Request or increase the SendTimeout value on the Binding. The time allotted to this operation may have been a portion of a longer timeout. ---> System.TimeoutException: The socket transfer timed out after 00:04:59.9930000. You have exceeded the timeout set on your binding. The time allotted to this operation may have been a portion of a longer timeout. ---> System.IO.IOException: The read operation failed, see inner exception. ---> System.TimeoutException: The socket transfer timed out after 00:04:59.9930000. You have exceeded the timeout set on your binding. The time allotted to this operation may have been a portion of a longer timeout. ---> System.Net.Sockets.SocketException: A connection attempt failed because the connected party did not properly respond after a period of time, or established connection failed because connected host has failed to respond
   at System.Net.Sockets.Socket.Receive(Byte[] buffer, Int32 offset, Int32 size, SocketFlags socketFlags)
   at System.ServiceModel.Channels.SocketConnection.ReadCore(Byte[] buffer, Int32 offset, Int32 size, TimeSpan timeout, Boolean closing)
   --- End of inner exception stack trace ---
   at System.ServiceModel.Channels.SocketConnection.ReadCore(Byte[] buffer, Int32 offset, Int32 size, TimeSpan timeout, Boolean closing)
   at System.ServiceModel.Channels.SocketConnection.Read(Byte[] buffer, Int32 offset, Int32 size, TimeSpan timeout)
   at System.ServiceModel.Channels.DelegatingConnection.Read(Byte[] buffer, Int32 offset, Int32 size, TimeSpan timeout)
   at System.ServiceModel.Channels.ConnectionStream.Read(Byte[] buffer, Int32 offset, Int32 count)
   at System.Net.FixedSizeReader.ReadPacket(Byte[] buffer, Int32 offset, Int32 count)
   at System.Net.Security.NegotiateStream.StartFrameHeader(Byte[] buffer, Int32 offset, Int32 count, AsyncProtocolRequest asyncRequest)
   at System.Net.Security.NegotiateStream.ProcessRead(Byte[] buffer, Int32 offset, Int32 count, AsyncProtocolRequest asyncRequest)
   --- End of inner exception stack trace ---
   at System.Net.Security.NegotiateStream.ProcessRead(Byte[] buffer, Int32 offset, Int32 count, AsyncProtocolRequest asyncRequest)
   at System.Net.Security.NegotiateStream.Read(Byte[] buffer, Int32 offset, Int32 count)
   at System.ServiceModel.Channels.StreamConnection.Read(Byte[] buffer, Int32 offset, Int32 size, TimeSpan timeout)
   --- End of inner exception stack trace ---
   at System.ServiceModel.Channels.StreamConnection.Read(Byte[] buffer, Int32 offset, Int32 size, TimeSpan timeout)
   at System.ServiceModel.Channels.SingletonConnectionReader.Receive(TimeSpan timeout)
   at System.ServiceModel.Channels.StreamedFramingRequestChannel.StreamedFramingRequest.WaitForReply(TimeSpan timeout)
   at System.ServiceModel.Channels.RequestChannel.Request(Message message, TimeSpan timeout)
   --- End of inner exception stack trace ---

Server stack trace: 
   at System.ServiceModel.Channels.RequestChannel.Request(Message message, TimeSpan timeout)
   at System.ServiceModel.Channels.TransactionRequestChannelGeneric`1.Request(Message message, TimeSpan timeout)
   at System.ServiceModel.Dispatcher.RequestChannelBinder.Request(Message message, TimeSpan timeout)
   at System.ServiceModel.Channels.ServiceChannel.Call(String action, Boolean oneway, ProxyOperationRuntime operation, Object[] ins, Object[] outs, TimeSpan timeout)
   at System.ServiceModel.Channels.ServiceChannelProxy.InvokeService(IMethodCallMessage methodCall, ProxyOperationRuntime operation)
   at System.ServiceModel.Channels.ServiceChannelProxy.Invoke(IMessage message)

Exception rethrown at [0]: 
   at A.c22aefe7f39df3d678dba160428b769f4.c0c4ec95a682cbefc208f4f3eb80ff6ad[c5e2460f6ebc534efe90b3230b7797cb4](Func`1 c3c081f340dcdf79e192d50757bce0bee)
   at A.c42ccb3c762729e5c1ed9dd9fb21f7a51.c2a035223c95353a451d486528bb968ce(DateTime ca50651d185b346c217028862887f6062, List`1 c94623007ea3b221db43a7a5c991a9cac, Int32 c27485bd6dedf79f29eccbe33aefab814, DateTime cc0b7aac23bdedea569c99b9f01ab5798, DateTime ca917bd7d663d59239d097b255d937590)
   at Petex.IFM.IVM.VisualWorkflowService.c1c13b709b3df317d725c923928032d5a(c0a78f935034ea252425562b3db1ea988 cc462e40687a776088a0f60dcc4dee4c5, VisualWorkflowResultOptions c97464e7151b310fab45ca8e18c9bbc4d)
2018/09/22 11:24:25.266 INFO  104 A.cdc551499db0039f956e1d0666bfd1504.ca3aa6b2f13c2c1bc9c646f6abf33ed07 - Changing service from :0 to HOUMSEOSIFM007:8787
2018/09/22 11:24:32.346 ERROR 85 A.cec9e090ae538d190220f059017b75b84.Process - System.TimeoutException: The request channel timed out while waiting for a reply after 00:04:55.8729981. Increase the timeout value passed to the call to Request or increase the SendTimeout value on the Binding. The time allotted to this operation may have been a portion of a longer timeout. ---> System.TimeoutException: The socket transfer timed out after 00:04:59.9940000. You have exceeded the timeout set on your binding. The time allotted to this operation may have been a portion of a longer timeout. ---> System.IO.IOException: The read operation failed, see inner exception. ---> System.TimeoutException: The socket transfer timed out after 00:04:59.9940000. You have exceeded the timeout set on your binding. The time allotted to this operation may have been a portion of a longer timeout. ---> System.Net.Sockets.SocketException: A connection attempt failed because the connected party did not properly respond after a period of time, or established connection failed because connected host has failed to respond
   at System.Net.Sockets.Socket.Receive(Byte[] buffer, Int32 offset, Int32 size, SocketFlags socketFlags)
   at System.ServiceModel.Channels.SocketConnection.ReadCore(Byte[] buffer, Int32 offset, Int32 size, TimeSpan timeout, Boolean closing)
   --- End of inner exception stack trace ---
   at System.ServiceModel.Channels.SocketConnection.ReadCore(Byte[] buffer, Int32 offset, Int32 size, TimeSpan timeout, Boolean closing)
   at System.ServiceModel.Channels.SocketConnection.Read(Byte[] buffer, Int32 offset, Int32 size, TimeSpan timeout)
   at System.ServiceModel.Channels.DelegatingConnection.Read(Byte[] buffer, Int32 offset, Int32 size, TimeSpan timeout)
   at System.ServiceModel.Channels.ConnectionStream.Read(Byte[] buffer, Int32 offset, Int32 count)
   at System.Net.FixedSizeReader.ReadPacket(Byte[] buffer, Int32 offset, Int32 count)
   at System.Net.Security.NegotiateStream.StartFrameHeader(Byte[] buffer, Int32 offset, Int32 count, AsyncProtocolRequest asyncRequest)
   at System.Net.Security.NegotiateStream.ProcessRead(Byte[] buffer, Int32 offset, Int32 count, AsyncProtocolRequest asyncRequest)
   --- End of inner exception stack trace ---
   at System.Net.Security.NegotiateStream.ProcessRead(Byte[] buffer, Int32 offset, Int32 count, AsyncProtocolRequest asyncRequest)
   at System.Net.Security.NegotiateStream.Read(Byte[] buffer, Int32 offset, Int32 count)
   at System.ServiceModel.Channels.StreamConnection.Read(Byte[] buffer, Int32 offset, Int32 size, TimeSpan timeout)
   --- End of inner exception stack trace ---
   at System.ServiceModel.Channels.StreamConnection.Read(Byte[] buffer, Int32 offset, Int32 size, TimeSpan timeout)
   at System.ServiceModel.Channels.SingletonConnectionReader.Receive(TimeSpan timeout)
   at System.ServiceModel.Channels.StreamedFramingRequestChannel.StreamedFramingRequest.WaitForReply(TimeSpan timeout)
   at System.ServiceModel.Channels.RequestChannel.Request(Message message, TimeSpan timeout)
   --- End of inner exception stack trace ---

Server stack trace: 
   at System.ServiceModel.Channels.RequestChannel.Request(Message message, TimeSpan timeout)
   at System.ServiceModel.Channels.TransactionRequestChannelGeneric`1.Request(Message message, TimeSpan timeout)
   at System.ServiceModel.Dispatcher.RequestChannelBinder.Request(Message message, TimeSpan timeout)
   at System.ServiceModel.Channels.ServiceChannel.Call(String action, Boolean oneway, ProxyOperationRuntime operation, Object[] ins, Object[] outs, TimeSpan timeout)
   at System.ServiceModel.Channels.ServiceChannelProxy.InvokeService(IMethodCallMessage methodCall, ProxyOperationRuntime operation)
   at System.ServiceModel.Channels.ServiceChannelProxy.Invoke(IMessage message)

Exception rethrown at [0]: 
   at System.Runtime.Remoting.Proxies.RealProxy.HandleReturnMessage(IMessage reqMsg, IMessage retMsg)
   at System.Runtime.Remoting.Proxies.RealProxy.PrivateInvoke(MessageData& msgData, Int32 type)
   at Petex.Service.RequestProcessor.IWcfStreamResponseProcessor.Process(MessageRequest request)
   at A.cec9e090ae538d190220f059017b75b84.Process(MessageRequest request)
Details:
System.TimeoutException: The request channel timed out while waiting for a reply after 00:04:55.8729981. Increase the timeout value passed to the call to Request or increase the SendTimeout value on the Binding. The time allotted to this operation may have been a portion of a longer timeout. ---> System.TimeoutException: The socket transfer timed out after 00:04:59.9940000. You have exceeded the timeout set on your binding. The time allotted to this operation may have been a portion of a longer timeout. ---> System.IO.IOException: The read operation failed, see inner exception. ---> System.TimeoutException: The socket transfer timed out after 00:04:59.9940000. You have exceeded the timeout set on your binding. The time allotted to this operation may have been a portion of a longer timeout. ---> System.Net.Sockets.SocketException: A connection attempt failed because the connected party did not properly respond after a period of time, or established connection failed because connected host has failed to respond
   at System.Net.Sockets.Socket.Receive(Byte[] buffer, Int32 offset, Int32 size, SocketFlags socketFlags)
   at System.ServiceModel.Channels.SocketConnection.ReadCore(Byte[] buffer, Int32 offset, Int32 size, TimeSpan timeout, Boolean closing)
   --- End of inner exception stack trace ---
   at System.ServiceModel.Channels.SocketConnection.ReadCore(Byte[] buffer, Int32 offset, Int32 size, TimeSpan timeout, Boolean closing)
   at System.ServiceModel.Channels.SocketConnection.Read(Byte[] buffer, Int32 offset, Int32 size, TimeSpan timeout)
   at System.ServiceModel.Channels.DelegatingConnection.Read(Byte[] buffer, Int32 offset, Int32 size, TimeSpan timeout)
   at System.ServiceModel.Channels.ConnectionStream.Read(Byte[] buffer, Int32 offset, Int32 count)
   at System.Net.FixedSizeReader.ReadPacket(Byte[] buffer, Int32 offset, Int32 count)
   at System.Net.Security.NegotiateStream.StartFrameHeader(Byte[] buffer, Int32 offset, Int32 count, AsyncProtocolRequest asyncRequest)
   at System.Net.Security.NegotiateStream.ProcessRead(Byte[] buffer, Int32 offset, Int32 count, AsyncProtocolRequest asyncRequest)
   --- End of inner exception stack trace ---
   at System.Net.Security.NegotiateStream.ProcessRead(Byte[] buffer, Int32 offset, Int32 count, AsyncProtocolRequest asyncRequest)
   at System.Net.Security.NegotiateStream.Read(Byte[] buffer, Int32 offset, Int32 count)
   at System.ServiceModel.Channels.StreamConnection.Read(Byte[] buffer, Int32 offset, Int32 size, TimeSpan timeout)
   --- End of inner exception stack trace ---
   at System.ServiceModel.Channels.StreamConnection.Read(Byte[] buffer, Int32 offset, Int32 size, TimeSpan timeout)
   at System.ServiceModel.Channels.SingletonConnectionReader.Receive(TimeSpan timeout)
   at System.ServiceModel.Channels.StreamedFramingRequestChannel.StreamedFramingRequest.WaitForReply(TimeSpan timeout)
   at System.ServiceModel.Channels.RequestChannel.Request(Message message, TimeSpan timeout)
   --- End of inner exception stack trace ---

Server stack trace: 
   at System.ServiceModel.Channels.RequestChannel.Request(Message message, TimeSpan timeout)
   at System.ServiceModel.Channels.TransactionRequestChannelGeneric`1.Request(Message message, TimeSpan timeout)
   at System.ServiceModel.Dispatcher.RequestChannelBinder.Request(Message message, TimeSpan timeout)
   at System.ServiceModel.Channels.ServiceChannel.Call(String action, Boolean oneway, ProxyOperationRuntime operation, Object[] ins, Object[] outs, TimeSpan timeout)
   at System.ServiceModel.Channels.ServiceChannelProxy.InvokeService(IMethodCallMessage methodCall, ProxyOperationRuntime operation)
   at System.ServiceModel.Channels.ServiceChannelProxy.Invoke(IMessage message)

Exception rethrown at [0]: 
   at System.Runtime.Remoting.Proxies.RealProxy.HandleReturnMessage(IMessage reqMsg, IMessage retMsg)
   at System.Runtime.Remoting.Proxies.RealProxy.PrivateInvoke(MessageData& msgData, Int32 type)
   at Petex.Service.RequestProcessor.IWcfStreamResponseProcessor.Process(MessageRequest request)
   at A.cec9e090ae538d190220f059017b75b84.Process(MessageRequest request)
2018/09/22 11:24:32.349 ERROR 85 A.cec9e090ae538d190220f059017b75b84 (Thread 85) ProcID (46564) - System.TimeoutException: The request channel timed out while waiting for a reply after 00:04:55.8729981. Increase the timeout value passed to the call to Request or increase the SendTimeout value on the Binding. The time allotted to this operation may have been a portion of a longer timeout. ---> System.TimeoutException: The socket transfer timed out after 00:04:59.9940000. You have exceeded the timeout set on your binding. The time allotted to this operation may have been a portion of a longer timeout. ---> System.IO.IOException: The read operation failed, see inner exception. ---> System.TimeoutException: The socket transfer timed out after 00:04:59.9940000. You have exceeded the timeout set on your binding. The time allotted to this operation may have been a portion of a longer timeout. ---> System.Net.Sockets.SocketException: A connection attempt failed because the connected party did not properly respond after a period of time, or established connection failed because connected host has failed to respond
   at System.Net.Sockets.Socket.Receive(Byte[] buffer, Int32 offset, Int32 size, SocketFlags socketFlags)
   at System.ServiceModel.Channels.SocketConnection.ReadCore(Byte[] buffer, Int32 offset, Int32 size, TimeSpan timeout, Boolean closing)
   --- End of inner exception stack trace ---
   at System.ServiceModel.Channels.SocketConnection.ReadCore(Byte[] buffer, Int32 offset, Int32 size, TimeSpan timeout, Boolean closing)
   at System.ServiceModel.Channels.SocketConnection.Read(Byte[] buffer, Int32 offset, Int32 size, TimeSpan timeout)
   at System.ServiceModel.Channels.DelegatingConnection.Read(Byte[] buffer, Int32 offset, Int32 size, TimeSpan timeout)
   at System.ServiceModel.Channels.ConnectionStream.Read(Byte[] buffer, Int32 offset, Int32 count)
   at System.Net.FixedSizeReader.ReadPacket(Byte[] buffer, Int32 offset, Int32 count)
   at System.Net.Security.NegotiateStream.StartFrameHeader(Byte[] buffer, Int32 offset, Int32 count, AsyncProtocolRequest asyncRequest)
   at System.Net.Security.NegotiateStream.ProcessRead(Byte[] buffer, Int32 offset, Int32 count, AsyncProtocolRequest asyncRequest)
   --- End of inner exception stack trace ---
   at System.Net.Security.NegotiateStream.ProcessRead(Byte[] buffer, Int32 offset, Int32 count, AsyncProtocolRequest asyncRequest)
   at System.Net.Security.NegotiateStream.Read(Byte[] buffer, Int32 offset, Int32 count)
   at System.ServiceModel.Channels.StreamConnection.Read(Byte[] buffer, Int32 offset, Int32 size, TimeSpan timeout)
   --- End of inner exception stack trace ---
   at System.ServiceModel.Channels.StreamConnection.Read(Byte[] buffer, Int32 offset, Int32 size, TimeSpan timeout)
   at System.ServiceModel.Channels.SingletonConnectionReader.Receive(TimeSpan timeout)
   at System.ServiceModel.Channels.StreamedFramingRequestChannel.StreamedFramingRequest.WaitForReply(TimeSpan timeout)
   at System.ServiceModel.Channels.RequestChannel.Request(Message message, TimeSpan timeout)
   --- End of inner exception stack trace ---

Server stack trace: 
   at System.ServiceModel.Channels.RequestChannel.Request(Message message, TimeSpan timeout)
   at System.ServiceModel.Channels.TransactionRequestChannelGeneric`1.Request(Message message, TimeSpan timeout)
   at System.ServiceModel.Dispatcher.RequestChannelBinder.Request(Message message, TimeSpan timeout)
   at System.ServiceModel.Channels.ServiceChannel.Call(String action, Boolean oneway, ProxyOperationRuntime operation, Object[] ins, Object[] outs, TimeSpan timeout)
   at System.ServiceModel.Channels.ServiceChannelProxy.InvokeService(IMethodCallMessage methodCall, ProxyOperationRuntime operation)
   at System.ServiceModel.Channels.ServiceChannelProxy.Invoke(IMessage message)

Exception rethrown at [0]: 
   at System.Runtime.Remoting.Proxies.RealProxy.HandleReturnMessage(IMessage reqMsg, IMessage retMsg)
   at System.Runtime.Remoting.Proxies.RealProxy.PrivateInvoke(MessageData& msgData, Int32 type)
   at Petex.Service.RequestProcessor.IWcfStreamResponseProcessor.Process(MessageRequest request)
   at A.cec9e090ae538d190220f059017b75b84.Process(MessageRequest request)

method : Process([Petex.Service.RequestProcessor.MessageRequest] request = Petex.Service.RequestProcessor.MessageRequest)

2018/09/22 11:24:32.351 ERROR 75 Petex.IFM.IVM.VisualWorkflowService.c1c13b709b3df317d725c923928032d5a - An error occurred while getting bulk results.
Details:
System.TimeoutException: The request channel timed out while waiting for a reply after 00:04:55.8729981. Increase the timeout value passed to the call to Request or increase the SendTimeout value on the Binding. The time allotted to this operation may have been a portion of a longer timeout. ---> System.TimeoutException: The socket transfer timed out after 00:04:59.9940000. You have exceeded the timeout set on your binding. The time allotted to this operation may have been a portion of a longer timeout. ---> System.IO.IOException: The read operation failed, see inner exception. ---> System.TimeoutException: The socket transfer timed out after 00:04:59.9940000. You have exceeded the timeout set on your binding. The time allotted to this operation may have been a portion of a longer timeout. ---> System.Net.Sockets.SocketException: A connection attempt failed because the connected party did not properly respond after a period of time, or established connection failed because connected host has failed to respond
   at System.Net.Sockets.Socket.Receive(Byte[] buffer, Int32 offset, Int32 size, SocketFlags socketFlags)
   at System.ServiceModel.Channels.SocketConnection.ReadCore(Byte[] buffer, Int32 offset, Int32 size, TimeSpan timeout, Boolean closing)
   --- End of inner exception stack trace ---
   at System.ServiceModel.Channels.SocketConnection.ReadCore(Byte[] buffer, Int32 offset, Int32 size, TimeSpan timeout, Boolean closing)
   at System.ServiceModel.Channels.SocketConnection.Read(Byte[] buffer, Int32 offset, Int32 size, TimeSpan timeout)
   at System.ServiceModel.Channels.DelegatingConnection.Read(Byte[] buffer, Int32 offset, Int32 size, TimeSpan timeout)
   at System.ServiceModel.Channels.ConnectionStream.Read(Byte[] buffer, Int32 offset, Int32 count)
   at System.Net.FixedSizeReader.ReadPacket(Byte[] buffer, Int32 offset, Int32 count)
   at System.Net.Security.NegotiateStream.StartFrameHeader(Byte[] buffer, Int32 offset, Int32 count, AsyncProtocolRequest asyncRequest)
   at System.Net.Security.NegotiateStream.ProcessRead(Byte[] buffer, Int32 offset, Int32 count, AsyncProtocolRequest asyncRequest)
   --- End of inner exception stack trace ---
   at System.Net.Security.NegotiateStream.ProcessRead(Byte[] buffer, Int32 offset, Int32 count, AsyncProtocolRequest asyncRequest)
   at System.Net.Security.NegotiateStream.Read(Byte[] buffer, Int32 offset, Int32 count)
   at System.ServiceModel.Channels.StreamConnection.Read(Byte[] buffer, Int32 offset, Int32 size, TimeSpan timeout)
   --- End of inner exception stack trace ---
   at System.ServiceModel.Channels.StreamConnection.Read(Byte[] buffer, Int32 offset, Int32 size, TimeSpan timeout)
   at System.ServiceModel.Channels.SingletonConnectionReader.Receive(TimeSpan timeout)
   at System.ServiceModel.Channels.StreamedFramingRequestChannel.StreamedFramingRequest.WaitForReply(TimeSpan timeout)
   at System.ServiceModel.Channels.RequestChannel.Request(Message message, TimeSpan timeout)
   --- End of inner exception stack trace ---

Server stack trace: 
   at System.ServiceModel.Channels.RequestChannel.Request(Message message, TimeSpan timeout)
   at System.ServiceModel.Channels.TransactionRequestChannelGeneric`1.Request(Message message, TimeSpan timeout)
   at System.ServiceModel.Dispatcher.RequestChannelBinder.Request(Message message, TimeSpan timeout)
   at System.ServiceModel.Channels.ServiceChannel.Call(String action, Boolean oneway, ProxyOperationRuntime operation, Object[] ins, Object[] outs, TimeSpan timeout)
   at System.ServiceModel.Channels.ServiceChannelProxy.InvokeService(IMethodCallMessage methodCall, ProxyOperationRuntime operation)
   at System.ServiceModel.Channels.ServiceChannelProxy.Invoke(IMessage message)

Exception rethrown at [0]: 
   at A.c22aefe7f39df3d678dba160428b769f4.c0c4ec95a682cbefc208f4f3eb80ff6ad[c5e2460f6ebc534efe90b3230b7797cb4](Func`1 c3c081f340dcdf79e192d50757bce0bee)
   at A.c42ccb3c762729e5c1ed9dd9fb21f7a51.c2a035223c95353a451d486528bb968ce(DateTime ca50651d185b346c217028862887f6062, List`1 c94623007ea3b221db43a7a5c991a9cac, Int32 c27485bd6dedf79f29eccbe33aefab814, DateTime cc0b7aac23bdedea569c99b9f01ab5798, DateTime ca917bd7d663d59239d097b255d937590)
   at Petex.IFM.IVM.VisualWorkflowService.c1c13b709b3df317d725c923928032d5a(c0a78f935034ea252425562b3db1ea988 cc462e40687a776088a0f60dcc4dee4c5, VisualWorkflowResultOptions c97464e7151b310fab45ca8e18c9bbc4d)
2018/09/22 11:29:25.759 INFO  136 A.cdc551499db0039f956e1d0666bfd1504.ca3aa6b2f13c2c1bc9c646f6abf33ed07 - Changing service from :0 to HOUMSEOSIFM007:8787
2018/09/22 11:29:39.131 ERROR 103 A.cec9e090ae538d190220f059017b75b84.Process - System.TimeoutException: The request channel timed out while waiting for a reply after 00:04:49.4149515. Increase the timeout value passed to the call to Request or increase the SendTimeout value on the Binding. The time allotted to this operation may have been a portion of a longer timeout. ---> System.TimeoutException: The socket transfer timed out after 00:04:59.9930000. You have exceeded the timeout set on your binding. The time allotted to this operation may have been a portion of a longer timeout. ---> System.IO.IOException: The read operation failed, see inner exception. ---> System.TimeoutException: The socket transfer timed out after 00:04:59.9930000. You have exceeded the timeout set on your binding. The time allotted to this operation may have been a portion of a longer timeout. ---> System.Net.Sockets.SocketException: A connection attempt failed because the connected party did not properly respond after a period of time, or established connection failed because connected host has failed to respond
   at System.Net.Sockets.Socket.Receive(Byte[] buffer, Int32 offset, Int32 size, SocketFlags socketFlags)
   at System.ServiceModel.Channels.SocketConnection.ReadCore(Byte[] buffer, Int32 offset, Int32 size, TimeSpan timeout, Boolean closing)
   --- End of inner exception stack trace ---
   at System.ServiceModel.Channels.SocketConnection.ReadCore(Byte[] buffer, Int32 offset, Int32 size, TimeSpan timeout, Boolean closing)
   at System.ServiceModel.Channels.SocketConnection.Read(Byte[] buffer, Int32 offset, Int32 size, TimeSpan timeout)
   at System.ServiceModel.Channels.DelegatingConnection.Read(Byte[] buffer, Int32 offset, Int32 size, TimeSpan timeout)
   at System.ServiceModel.Channels.ConnectionStream.Read(Byte[] buffer, Int32 offset, Int32 count)
   at System.Net.FixedSizeReader.ReadPacket(Byte[] buffer, Int32 offset, Int32 count)
   at System.Net.Security.NegotiateStream.StartFrameHeader(Byte[] buffer, Int32 offset, Int32 count, AsyncProtocolRequest asyncRequest)
   at System.Net.Security.NegotiateStream.ProcessRead(Byte[] buffer, Int32 offset, Int32 count, AsyncProtocolRequest asyncRequest)
   --- End of inner exception stack trace ---
   at System.Net.Security.NegotiateStream.ProcessRead(Byte[] buffer, Int32 offset, Int32 count, AsyncProtocolRequest asyncRequest)
   at System.Net.Security.NegotiateStream.Read(Byte[] buffer, Int32 offset, Int32 count)
   at System.ServiceModel.Channels.StreamConnection.Read(Byte[] buffer, Int32 offset, Int32 size, TimeSpan timeout)
   --- End of inner exception stack trace ---
   at System.ServiceModel.Channels.StreamConnection.Read(Byte[] buffer, Int32 offset, Int32 size, TimeSpan timeout)
   at System.ServiceModel.Channels.SingletonConnectionReader.Receive(TimeSpan timeout)
   at System.ServiceModel.Channels.StreamedFramingRequestChannel.StreamedFramingRequest.WaitForReply(TimeSpan timeout)
   at System.ServiceModel.Channels.RequestChannel.Request(Message message, TimeSpan timeout)
   --- End of inner exception stack trace ---

Server stack trace: 
   at System.ServiceModel.Channels.RequestChannel.Request(Message message, TimeSpan timeout)
   at System.ServiceModel.Channels.TransactionRequestChannelGeneric`1.Request(Message message, TimeSpan timeout)
   at System.ServiceModel.Dispatcher.RequestChannelBinder.Request(Message message, TimeSpan timeout)
   at System.ServiceModel.Channels.ServiceChannel.Call(String action, Boolean oneway, ProxyOperationRuntime operation, Object[] ins, Object[] outs, TimeSpan timeout)
   at System.ServiceModel.Channels.ServiceChannelProxy.InvokeService(IMethodCallMessage methodCall, ProxyOperationRuntime operation)
   at System.ServiceModel.Channels.ServiceChannelProxy.Invoke(IMessage message)

Exception rethrown at [0]: 
   at System.Runtime.Remoting.Proxies.RealProxy.HandleReturnMessage(IMessage reqMsg, IMessage retMsg)
   at System.Runtime.Remoting.Proxies.RealProxy.PrivateInvoke(MessageData& msgData, Int32 type)
   at Petex.Service.RequestProcessor.IWcfStreamResponseProcessor.Process(MessageRequest request)
   at A.cec9e090ae538d190220f059017b75b84.Process(MessageRequest request)
Details:
System.TimeoutException: The request channel timed out while waiting for a reply after 00:04:49.4149515. Increase the timeout value passed to the call to Request or increase the SendTimeout value on the Binding. The time allotted to this operation may have been a portion of a longer timeout. ---> System.TimeoutException: The socket transfer timed out after 00:04:59.9930000. You have exceeded the timeout set on your binding. The time allotted to this operation may have been a portion of a longer timeout. ---> System.IO.IOException: The read operation failed, see inner exception. ---> System.TimeoutException: The socket transfer timed out after 00:04:59.9930000. You have exceeded the timeout set on your binding. The time allotted to this operation may have been a portion of a longer timeout. ---> System.Net.Sockets.SocketException: A connection attempt failed because the connected party did not properly respond after a period of time, or established connection failed because connected host has failed to respond
   at System.Net.Sockets.Socket.Receive(Byte[] buffer, Int32 offset, Int32 size, SocketFlags socketFlags)
   at System.ServiceModel.Channels.SocketConnection.ReadCore(Byte[] buffer, Int32 offset, Int32 size, TimeSpan timeout, Boolean closing)
   --- End of inner exception stack trace ---
   at System.ServiceModel.Channels.SocketConnection.ReadCore(Byte[] buffer, Int32 offset, Int32 size, TimeSpan timeout, Boolean closing)
   at System.ServiceModel.Channels.SocketConnection.Read(Byte[] buffer, Int32 offset, Int32 size, TimeSpan timeout)
   at System.ServiceModel.Channels.DelegatingConnection.Read(Byte[] buffer, Int32 offset, Int32 size, TimeSpan timeout)
   at System.ServiceModel.Channels.ConnectionStream.Read(Byte[] buffer, Int32 offset, Int32 count)
   at System.Net.FixedSizeReader.ReadPacket(Byte[] buffer, Int32 offset, Int32 count)
   at System.Net.Security.NegotiateStream.StartFrameHeader(Byte[] buffer, Int32 offset, Int32 count, AsyncProtocolRequest asyncRequest)
   at System.Net.Security.NegotiateStream.ProcessRead(Byte[] buffer, Int32 offset, Int32 count, AsyncProtocolRequest asyncRequest)
   --- End of inner exception stack trace ---
   at System.Net.Security.NegotiateStream.ProcessRead(Byte[] buffer, Int32 offset, Int32 count, AsyncProtocolRequest asyncRequest)
   at System.Net.Security.NegotiateStream.Read(Byte[] buffer, Int32 offset, Int32 count)
   at System.ServiceModel.Channels.StreamConnection.Read(Byte[] buffer, Int32 offset, Int32 size, TimeSpan timeout)
   --- End of inner exception stack trace ---
   at System.ServiceModel.Channels.StreamConnection.Read(Byte[] buffer, Int32 offset, Int32 size, TimeSpan timeout)
   at System.ServiceModel.Channels.SingletonConnectionReader.Receive(TimeSpan timeout)
   at System.ServiceModel.Channels.StreamedFramingRequestChannel.StreamedFramingRequest.WaitForReply(TimeSpan timeout)
   at System.ServiceModel.Channels.RequestChannel.Request(Message message, TimeSpan timeout)
   --- End of inner exception stack trace ---

Server stack trace: 
   at System.ServiceModel.Channels.RequestChannel.Request(Message message, TimeSpan timeout)
   at System.ServiceModel.Channels.TransactionRequestChannelGeneric`1.Request(Message message, TimeSpan timeout)
   at System.ServiceModel.Dispatcher.RequestChannelBinder.Request(Message message, TimeSpan timeout)
   at System.ServiceModel.Channels.ServiceChannel.Call(String action, Boolean oneway, ProxyOperationRuntime operation, Object[] ins, Object[] outs, TimeSpan timeout)
   at System.ServiceModel.Channels.ServiceChannelProxy.InvokeService(IMethodCallMessage methodCall, ProxyOperationRuntime operation)
   at System.ServiceModel.Channels.ServiceChannelProxy.Invoke(IMessage message)

Exception rethrown at [0]: 
   at System.Runtime.Remoting.Proxies.RealProxy.HandleReturnMessage(IMessage reqMsg, IMessage retMsg)
   at System.Runtime.Remoting.Proxies.RealProxy.PrivateInvoke(MessageData& msgData, Int32 type)
   at Petex.Service.RequestProcessor.IWcfStreamResponseProcessor.Process(MessageRequest request)
   at A.cec9e090ae538d190220f059017b75b84.Process(MessageRequest request)
2018/09/22 11:29:39.134 ERROR 103 A.cec9e090ae538d190220f059017b75b84 (Thread 103) ProcID (46564) - System.TimeoutException: The request channel timed out while waiting for a reply after 00:04:49.4149515. Increase the timeout value passed to the call to Request or increase the SendTimeout value on the Binding. The time allotted to this operation may have been a portion of a longer timeout. ---> System.TimeoutException: The socket transfer timed out after 00:04:59.9930000. You have exceeded the timeout set on your binding. The time allotted to this operation may have been a portion of a longer timeout. ---> System.IO.IOException: The read operation failed, see inner exception. ---> System.TimeoutException: The socket transfer timed out after 00:04:59.9930000. You have exceeded the timeout set on your binding. The time allotted to this operation may have been a portion of a longer timeout. ---> System.Net.Sockets.SocketException: A connection attempt failed because the connected party did not properly respond after a period of time, or established connection failed because connected host has failed to respond
   at System.Net.Sockets.Socket.Receive(Byte[] buffer, Int32 offset, Int32 size, SocketFlags socketFlags)
   at System.ServiceModel.Channels.SocketConnection.ReadCore(Byte[] buffer, Int32 offset, Int32 size, TimeSpan timeout, Boolean closing)
   --- End of inner exception stack trace ---
   at System.ServiceModel.Channels.SocketConnection.ReadCore(Byte[] buffer, Int32 offset, Int32 size, TimeSpan timeout, Boolean closing)
   at System.ServiceModel.Channels.SocketConnection.Read(Byte[] buffer, Int32 offset, Int32 size, TimeSpan timeout)
   at System.ServiceModel.Channels.DelegatingConnection.Read(Byte[] buffer, Int32 offset, Int32 size, TimeSpan timeout)
   at System.ServiceModel.Channels.ConnectionStream.Read(Byte[] buffer, Int32 offset, Int32 count)
   at System.Net.FixedSizeReader.ReadPacket(Byte[] buffer, Int32 offset, Int32 count)
   at System.Net.Security.NegotiateStream.StartFrameHeader(Byte[] buffer, Int32 offset, Int32 count, AsyncProtocolRequest asyncRequest)
   at System.Net.Security.NegotiateStream.ProcessRead(Byte[] buffer, Int32 offset, Int32 count, AsyncProtocolRequest asyncRequest)
   --- End of inner exception stack trace ---
   at System.Net.Security.NegotiateStream.ProcessRead(Byte[] buffer, Int32 offset, Int32 count, AsyncProtocolRequest asyncRequest)
   at System.Net.Security.NegotiateStream.Read(Byte[] buffer, Int32 offset, Int32 count)
   at System.ServiceModel.Channels.StreamConnection.Read(Byte[] buffer, Int32 offset, Int32 size, TimeSpan timeout)
   --- End of inner exception stack trace ---
   at System.ServiceModel.Channels.StreamConnection.Read(Byte[] buffer, Int32 offset, Int32 size, TimeSpan timeout)
   at System.ServiceModel.Channels.SingletonConnectionReader.Receive(TimeSpan timeout)
   at System.ServiceModel.Channels.StreamedFramingRequestChannel.StreamedFramingRequest.WaitForReply(TimeSpan timeout)
   at System.ServiceModel.Channels.RequestChannel.Request(Message message, TimeSpan timeout)
   --- End of inner exception stack trace ---

Server stack trace: 
   at System.ServiceModel.Channels.RequestChannel.Request(Message message, TimeSpan timeout)
   at System.ServiceModel.Channels.TransactionRequestChannelGeneric`1.Request(Message message, TimeSpan timeout)
   at System.ServiceModel.Dispatcher.RequestChannelBinder.Request(Message message, TimeSpan timeout)
   at System.ServiceModel.Channels.ServiceChannel.Call(String action, Boolean oneway, ProxyOperationRuntime operation, Object[] ins, Object[] outs, TimeSpan timeout)
   at System.ServiceModel.Channels.ServiceChannelProxy.InvokeService(IMethodCallMessage methodCall, ProxyOperationRuntime operation)
   at System.ServiceModel.Channels.ServiceChannelProxy.Invoke(IMessage message)

Exception rethrown at [0]: 
   at System.Runtime.Remoting.Proxies.RealProxy.HandleReturnMessage(IMessage reqMsg, IMessage retMsg)
   at System.Runtime.Remoting.Proxies.RealProxy.PrivateInvoke(MessageData& msgData, Int32 type)
   at Petex.Service.RequestProcessor.IWcfStreamResponseProcessor.Process(MessageRequest request)
   at A.cec9e090ae538d190220f059017b75b84.Process(MessageRequest request)

method : Process([Petex.Service.RequestProcessor.MessageRequest] request = Petex.Service.RequestProcessor.MessageRequest)

2018/09/22 11:29:39.136 ERROR 125 Petex.IFM.IVM.VisualWorkflowService.c1c13b709b3df317d725c923928032d5a - An error occurred while getting bulk results.
Details:
System.TimeoutException: The request channel timed out while waiting for a reply after 00:04:49.4149515. Increase the timeout value passed to the call to Request or increase the SendTimeout value on the Binding. The time allotted to this operation may have been a portion of a longer timeout. ---> System.TimeoutException: The socket transfer timed out after 00:04:59.9930000. You have exceeded the timeout set on your binding. The time allotted to this operation may have been a portion of a longer timeout. ---> System.IO.IOException: The read operation failed, see inner exception. ---> System.TimeoutException: The socket transfer timed out after 00:04:59.9930000. You have exceeded the timeout set on your binding. The time allotted to this operation may have been a portion of a longer timeout. ---> System.Net.Sockets.SocketException: A connection attempt failed because the connected party did not properly respond after a period of time, or established connection failed because connected host has failed to respond
   at System.Net.Sockets.Socket.Receive(Byte[] buffer, Int32 offset, Int32 size, SocketFlags socketFlags)
   at System.ServiceModel.Channels.SocketConnection.ReadCore(Byte[] buffer, Int32 offset, Int32 size, TimeSpan timeout, Boolean closing)
   --- End of inner exception stack trace ---
   at System.ServiceModel.Channels.SocketConnection.ReadCore(Byte[] buffer, Int32 offset, Int32 size, TimeSpan timeout, Boolean closing)
   at System.ServiceModel.Channels.SocketConnection.Read(Byte[] buffer, Int32 offset, Int32 size, TimeSpan timeout)
   at System.ServiceModel.Channels.DelegatingConnection.Read(Byte[] buffer, Int32 offset, Int32 size, TimeSpan timeout)
   at System.ServiceModel.Channels.ConnectionStream.Read(Byte[] buffer, Int32 offset, Int32 count)
   at System.Net.FixedSizeReader.ReadPacket(Byte[] buffer, Int32 offset, Int32 count)
   at System.Net.Security.NegotiateStream.StartFrameHeader(Byte[] buffer, Int32 offset, Int32 count, AsyncProtocolRequest asyncRequest)
   at System.Net.Security.NegotiateStream.ProcessRead(Byte[] buffer, Int32 offset, Int32 count, AsyncProtocolRequest asyncRequest)
   --- End of inner exception stack trace ---
   at System.Net.Security.NegotiateStream.ProcessRead(Byte[] buffer, Int32 offset, Int32 count, AsyncProtocolRequest asyncRequest)
   at System.Net.Security.NegotiateStream.Read(Byte[] buffer, Int32 offset, Int32 count)
   at System.ServiceModel.Channels.StreamConnection.Read(Byte[] buffer, Int32 offset, Int32 size, TimeSpan timeout)
   --- End of inner exception stack trace ---
   at System.ServiceModel.Channels.StreamConnection.Read(Byte[] buffer, Int32 offset, Int32 size, TimeSpan timeout)
   at System.ServiceModel.Channels.SingletonConnectionReader.Receive(TimeSpan timeout)
   at System.ServiceModel.Channels.StreamedFramingRequestChannel.StreamedFramingRequest.WaitForReply(TimeSpan timeout)
   at System.ServiceModel.Channels.RequestChannel.Request(Message message, TimeSpan timeout)
   --- End of inner exception stack trace ---

Server stack trace: 
   at System.ServiceModel.Channels.RequestChannel.Request(Message message, TimeSpan timeout)
   at System.ServiceModel.Channels.TransactionRequestChannelGeneric`1.Request(Message message, TimeSpan timeout)
   at System.ServiceModel.Dispatcher.RequestChannelBinder.Request(Message message, TimeSpan timeout)
   at System.ServiceModel.Channels.ServiceChannel.Call(String action, Boolean oneway, ProxyOperationRuntime operation, Object[] ins, Object[] outs, TimeSpan timeout)
   at System.ServiceModel.Channels.ServiceChannelProxy.InvokeService(IMethodCallMessage methodCall, ProxyOperationRuntime operation)
   at System.ServiceModel.Channels.ServiceChannelProxy.Invoke(IMessage message)

Exception rethrown at [0]: 
   at A.c22aefe7f39df3d678dba160428b769f4.c0c4ec95a682cbefc208f4f3eb80ff6ad[c5e2460f6ebc534efe90b3230b7797cb4](Func`1 c3c081f340dcdf79e192d50757bce0bee)
   at A.c42ccb3c762729e5c1ed9dd9fb21f7a51.c2a035223c95353a451d486528bb968ce(DateTime ca50651d185b346c217028862887f6062, List`1 c94623007ea3b221db43a7a5c991a9cac, Int32 c27485bd6dedf79f29eccbe33aefab814, DateTime cc0b7aac23bdedea569c99b9f01ab5798, DateTime ca917bd7d663d59239d097b255d937590)
   at Petex.IFM.IVM.VisualWorkflowService.c1c13b709b3df317d725c923928032d5a(c0a78f935034ea252425562b3db1ea988 cc462e40687a776088a0f60dcc4dee4c5, VisualWorkflowResultOptions c97464e7151b310fab45ca8e18c9bbc4d)
2018/09/22 11:34:33.072 ERROR 117 A.cec9e090ae538d190220f059017b75b84.Process - System.TimeoutException: The request channel timed out while waiting for a reply after 00:04:55.9259896. Increase the timeout value passed to the call to Request or increase the SendTimeout value on the Binding. The time allotted to this operation may have been a portion of a longer timeout. ---> System.TimeoutException: The socket transfer timed out after 00:04:59.9930000. You have exceeded the timeout set on your binding. The time allotted to this operation may have been a portion of a longer timeout. ---> System.IO.IOException: The read operation failed, see inner exception. ---> System.TimeoutException: The socket transfer timed out after 00:04:59.9930000. You have exceeded the timeout set on your binding. The time allotted to this operation may have been a portion of a longer timeout. ---> System.Net.Sockets.SocketException: A connection attempt failed because the connected party did not properly respond after a period of time, or established connection failed because connected host has failed to respond
   at System.Net.Sockets.Socket.Receive(Byte[] buffer, Int32 offset, Int32 size, SocketFlags socketFlags)
   at System.ServiceModel.Channels.SocketConnection.ReadCore(Byte[] buffer, Int32 offset, Int32 size, TimeSpan timeout, Boolean closing)
   --- End of inner exception stack trace ---
   at System.ServiceModel.Channels.SocketConnection.ReadCore(Byte[] buffer, Int32 offset, Int32 size, TimeSpan timeout, Boolean closing)
   at System.ServiceModel.Channels.SocketConnection.Read(Byte[] buffer, Int32 offset, Int32 size, TimeSpan timeout)
   at System.ServiceModel.Channels.DelegatingConnection.Read(Byte[] buffer, Int32 offset, Int32 size, TimeSpan timeout)
   at System.ServiceModel.Channels.ConnectionStream.Read(Byte[] buffer, Int32 offset, Int32 count)
   at System.Net.FixedSizeReader.ReadPacket(Byte[] buffer, Int32 offset, Int32 count)
   at System.Net.Security.NegotiateStream.StartFrameHeader(Byte[] buffer, Int32 offset, Int32 count, AsyncProtocolRequest asyncRequest)
   at System.Net.Security.NegotiateStream.ProcessRead(Byte[] buffer, Int32 offset, Int32 count, AsyncProtocolRequest asyncRequest)
   --- End of inner exception stack trace ---
   at System.Net.Security.NegotiateStream.ProcessRead(Byte[] buffer, Int32 offset, Int32 count, AsyncProtocolRequest asyncRequest)
   at System.Net.Security.NegotiateStream.Read(Byte[] buffer, Int32 offset, Int32 count)
   at System.ServiceModel.Channels.StreamConnection.Read(Byte[] buffer, Int32 offset, Int32 size, TimeSpan timeout)
   --- End of inner exception stack trace ---
   at System.ServiceModel.Channels.StreamConnection.Read(Byte[] buffer, Int32 offset, Int32 size, TimeSpan timeout)
   at System.ServiceModel.Channels.SingletonConnectionReader.Receive(TimeSpan timeout)
   at System.ServiceModel.Channels.StreamedFramingRequestChannel.StreamedFramingRequest.WaitForReply(TimeSpan timeout)
   at System.ServiceModel.Channels.RequestChannel.Request(Message message, TimeSpan timeout)
   --- End of inner exception stack trace ---

Server stack trace: 
   at System.ServiceModel.Channels.RequestChannel.Request(Message message, TimeSpan timeout)
   at System.ServiceModel.Channels.TransactionRequestChannelGeneric`1.Request(Message message, TimeSpan timeout)
   at System.ServiceModel.Dispatcher.RequestChannelBinder.Request(Message message, TimeSpan timeout)
   at System.ServiceModel.Channels.ServiceChannel.Call(String action, Boolean oneway, ProxyOperationRuntime operation, Object[] ins, Object[] outs, TimeSpan timeout)
   at System.ServiceModel.Channels.ServiceChannelProxy.InvokeService(IMethodCallMessage methodCall, ProxyOperationRuntime operation)
   at System.ServiceModel.Channels.ServiceChannelProxy.Invoke(IMessage message)

Exception rethrown at [0]: 
   at System.Runtime.Remoting.Proxies.RealProxy.HandleReturnMessage(IMessage reqMsg, IMessage retMsg)
   at System.Runtime.Remoting.Proxies.RealProxy.PrivateInvoke(MessageData& msgData, Int32 type)
   at Petex.Service.RequestProcessor.IWcfStreamResponseProcessor.Process(MessageRequest request)
   at A.cec9e090ae538d190220f059017b75b84.Process(MessageRequest request)
Details:
System.TimeoutException: The request channel timed out while waiting for a reply after 00:04:55.9259896. Increase the timeout value passed to the call to Request or increase the SendTimeout value on the Binding. The time allotted to this operation may have been a portion of a longer timeout. ---> System.TimeoutException: The socket transfer timed out after 00:04:59.9930000. You have exceeded the timeout set on your binding. The time allotted to this operation may have been a portion of a longer timeout. ---> System.IO.IOException: The read operation failed, see inner exception. ---> System.TimeoutException: The socket transfer timed out after 00:04:59.9930000. You have exceeded the timeout set on your binding. The time allotted to this operation may have been a portion of a longer timeout. ---> System.Net.Sockets.SocketException: A connection attempt failed because the connected party did not properly respond after a period of time, or established connection failed because connected host has failed to respond
   at System.Net.Sockets.Socket.Receive(Byte[] buffer, Int32 offset, Int32 size, SocketFlags socketFlags)
   at System.ServiceModel.Channels.SocketConnection.ReadCore(Byte[] buffer, Int32 offset, Int32 size, TimeSpan timeout, Boolean closing)
   --- End of inner exception stack trace ---
   at System.ServiceModel.Channels.SocketConnection.ReadCore(Byte[] buffer, Int32 offset, Int32 size, TimeSpan timeout, Boolean closing)
   at System.ServiceModel.Channels.SocketConnection.Read(Byte[] buffer, Int32 offset, Int32 size, TimeSpan timeout)
   at System.ServiceModel.Channels.DelegatingConnection.Read(Byte[] buffer, Int32 offset, Int32 size, TimeSpan timeout)
   at System.ServiceModel.Channels.ConnectionStream.Read(Byte[] buffer, Int32 offset, Int32 count)
   at System.Net.FixedSizeReader.ReadPacket(Byte[] buffer, Int32 offset, Int32 count)
   at System.Net.Security.NegotiateStream.StartFrameHeader(Byte[] buffer, Int32 offset, Int32 count, AsyncProtocolRequest asyncRequest)
   at System.Net.Security.NegotiateStream.ProcessRead(Byte[] buffer, Int32 offset, Int32 count, AsyncProtocolRequest asyncRequest)
   --- End of inner exception stack trace ---
   at System.Net.Security.NegotiateStream.ProcessRead(Byte[] buffer, Int32 offset, Int32 count, AsyncProtocolRequest asyncRequest)
   at System.Net.Security.NegotiateStream.Read(Byte[] buffer, Int32 offset, Int32 count)
   at System.ServiceModel.Channels.StreamConnection.Read(Byte[] buffer, Int32 offset, Int32 size, TimeSpan timeout)
   --- End of inner exception stack trace ---
   at System.ServiceModel.Channels.StreamConnection.Read(Byte[] buffer, Int32 offset, Int32 size, TimeSpan timeout)
   at System.ServiceModel.Channels.SingletonConnectionReader.Receive(TimeSpan timeout)
   at System.ServiceModel.Channels.StreamedFramingRequestChannel.StreamedFramingRequest.WaitForReply(TimeSpan timeout)
   at System.ServiceModel.Channels.RequestChannel.Request(Message message, TimeSpan timeout)
   --- End of inner exception stack trace ---

Server stack trace: 
   at System.ServiceModel.Channels.RequestChannel.Request(Message message, TimeSpan timeout)
   at System.ServiceModel.Channels.TransactionRequestChannelGeneric`1.Request(Message message, TimeSpan timeout)
   at System.ServiceModel.Dispatcher.RequestChannelBinder.Request(Message message, TimeSpan timeout)
   at System.ServiceModel.Channels.ServiceChannel.Call(String action, Boolean oneway, ProxyOperationRuntime operation, Object[] ins, Object[] outs, TimeSpan timeout)
   at System.ServiceModel.Channels.ServiceChannelProxy.InvokeService(IMethodCallMessage methodCall, ProxyOperationRuntime operation)
   at System.ServiceModel.Channels.ServiceChannelProxy.Invoke(IMessage message)

Exception rethrown at [0]: 
   at System.Runtime.Remoting.Proxies.RealProxy.HandleReturnMessage(IMessage reqMsg, IMessage retMsg)
   at System.Runtime.Remoting.Proxies.RealProxy.PrivateInvoke(MessageData& msgData, Int32 type)
   at Petex.Service.RequestProcessor.IWcfStreamResponseProcessor.Process(MessageRequest request)
   at A.cec9e090ae538d190220f059017b75b84.Process(MessageRequest request)
2018/09/22 11:34:33.074 ERROR 117 A.cec9e090ae538d190220f059017b75b84 (Thread 117) ProcID (46564) - System.TimeoutException: The request channel timed out while waiting for a reply after 00:04:55.9259896. Increase the timeout value passed to the call to Request or increase the SendTimeout value on the Binding. The time allotted to this operation may have been a portion of a longer timeout. ---> System.TimeoutException: The socket transfer timed out after 00:04:59.9930000. You have exceeded the timeout set on your binding. The time allotted to this operation may have been a portion of a longer timeout. ---> System.IO.IOException: The read operation failed, see inner exception. ---> System.TimeoutException: The socket transfer timed out after 00:04:59.9930000. You have exceeded the timeout set on your binding. The time allotted to this operation may have been a portion of a longer timeout. ---> System.Net.Sockets.SocketException: A connection attempt failed because the connected party did not properly respond after a period of time, or established connection failed because connected host has failed to respond
   at System.Net.Sockets.Socket.Receive(Byte[] buffer, Int32 offset, Int32 size, SocketFlags socketFlags)
   at System.ServiceModel.Channels.SocketConnection.ReadCore(Byte[] buffer, Int32 offset, Int32 size, TimeSpan timeout, Boolean closing)
   --- End of inner exception stack trace ---
   at System.ServiceModel.Channels.SocketConnection.ReadCore(Byte[] buffer, Int32 offset, Int32 size, TimeSpan timeout, Boolean closing)
   at System.ServiceModel.Channels.SocketConnection.Read(Byte[] buffer, Int32 offset, Int32 size, TimeSpan timeout)
   at System.ServiceModel.Channels.DelegatingConnection.Read(Byte[] buffer, Int32 offset, Int32 size, TimeSpan timeout)
   at System.ServiceModel.Channels.ConnectionStream.Read(Byte[] buffer, Int32 offset, Int32 count)
   at System.Net.FixedSizeReader.ReadPacket(Byte[] buffer, Int32 offset, Int32 count)
   at System.Net.Security.NegotiateStream.StartFrameHeader(Byte[] buffer, Int32 offset, Int32 count, AsyncProtocolRequest asyncRequest)
   at System.Net.Security.NegotiateStream.ProcessRead(Byte[] buffer, Int32 offset, Int32 count, AsyncProtocolRequest asyncRequest)
   --- End of inner exception stack trace ---
   at System.Net.Security.NegotiateStream.ProcessRead(Byte[] buffer, Int32 offset, Int32 count, AsyncProtocolRequest asyncRequest)
   at System.Net.Security.NegotiateStream.Read(Byte[] buffer, Int32 offset, Int32 count)
   at System.ServiceModel.Channels.StreamConnection.Read(Byte[] buffer, Int32 offset, Int32 size, TimeSpan timeout)
   --- End of inner exception stack trace ---
   at System.ServiceModel.Channels.StreamConnection.Read(Byte[] buffer, Int32 offset, Int32 size, TimeSpan timeout)
   at System.ServiceModel.Channels.SingletonConnectionReader.Receive(TimeSpan timeout)
   at System.ServiceModel.Channels.StreamedFramingRequestChannel.StreamedFramingRequest.WaitForReply(TimeSpan timeout)
   at System.ServiceModel.Channels.RequestChannel.Request(Message message, TimeSpan timeout)
   --- End of inner exception stack trace ---

Server stack trace: 
   at System.ServiceModel.Channels.RequestChannel.Request(Message message, TimeSpan timeout)
   at System.ServiceModel.Channels.TransactionRequestChannelGeneric`1.Request(Message message, TimeSpan timeout)
   at System.ServiceModel.Dispatcher.RequestChannelBinder.Request(Message message, TimeSpan timeout)
   at System.ServiceModel.Channels.ServiceChannel.Call(String action, Boolean oneway, ProxyOperationRuntime operation, Object[] ins, Object[] outs, TimeSpan timeout)
   at System.ServiceModel.Channels.ServiceChannelProxy.InvokeService(IMethodCallMessage methodCall, ProxyOperationRuntime operation)
   at System.ServiceModel.Channels.ServiceChannelProxy.Invoke(IMessage message)

Exception rethrown at [0]: 
   at System.Runtime.Remoting.Proxies.RealProxy.HandleReturnMessage(IMessage reqMsg, IMessage retMsg)
   at System.Runtime.Remoting.Proxies.RealProxy.PrivateInvoke(MessageData& msgData, Int32 type)
   at Petex.Service.RequestProcessor.IWcfStreamResponseProcessor.Process(MessageRequest request)
   at A.cec9e090ae538d190220f059017b75b84.Process(MessageRequest request)

method : Process([Petex.Service.RequestProcessor.MessageRequest] request = Petex.Service.RequestProcessor.MessageRequest)

2018/09/22 11:34:33.075 ERROR 116 Petex.IFM.IVM.VisualWorkflowService.c1c13b709b3df317d725c923928032d5a - An error occurred while getting bulk results.
Details:
System.TimeoutException: The request channel timed out while waiting for a reply after 00:04:55.9259896. Increase the timeout value passed to the call to Request or increase the SendTimeout value on the Binding. The time allotted to this operation may have been a portion of a longer timeout. ---> System.TimeoutException: The socket transfer timed out after 00:04:59.9930000. You have exceeded the timeout set on your binding. The time allotted to this operation may have been a portion of a longer timeout. ---> System.IO.IOException: The read operation failed, see inner exception. ---> System.TimeoutException: The socket transfer timed out after 00:04:59.9930000. You have exceeded the timeout set on your binding. The time allotted to this operation may have been a portion of a longer timeout. ---> System.Net.Sockets.SocketException: A connection attempt failed because the connected party did not properly respond after a period of time, or established connection failed because connected host has failed to respond
   at System.Net.Sockets.Socket.Receive(Byte[] buffer, Int32 offset, Int32 size, SocketFlags socketFlags)
   at System.ServiceModel.Channels.SocketConnection.ReadCore(Byte[] buffer, Int32 offset, Int32 size, TimeSpan timeout, Boolean closing)
   --- End of inner exception stack trace ---
   at System.ServiceModel.Channels.SocketConnection.ReadCore(Byte[] buffer, Int32 offset, Int32 size, TimeSpan timeout, Boolean closing)
   at System.ServiceModel.Channels.SocketConnection.Read(Byte[] buffer, Int32 offset, Int32 size, TimeSpan timeout)
   at System.ServiceModel.Channels.DelegatingConnection.Read(Byte[] buffer, Int32 offset, Int32 size, TimeSpan timeout)
   at System.ServiceModel.Channels.ConnectionStream.Read(Byte[] buffer, Int32 offset, Int32 count)
   at System.Net.FixedSizeReader.ReadPacket(Byte[] buffer, Int32 offset, Int32 count)
   at System.Net.Security.NegotiateStream.StartFrameHeader(Byte[] buffer, Int32 offset, Int32 count, AsyncProtocolRequest asyncRequest)
   at System.Net.Security.NegotiateStream.ProcessRead(Byte[] buffer, Int32 offset, Int32 count, AsyncProtocolRequest asyncRequest)
   --- End of inner exception stack trace ---
   at System.Net.Security.NegotiateStream.ProcessRead(Byte[] buffer, Int32 offset, Int32 count, AsyncProtocolRequest asyncRequest)
   at System.Net.Security.NegotiateStream.Read(Byte[] buffer, Int32 offset, Int32 count)
   at System.ServiceModel.Channels.StreamConnection.Read(Byte[] buffer, Int32 offset, Int32 size, TimeSpan timeout)
   --- End of inner exception stack trace ---
   at System.ServiceModel.Channels.StreamConnection.Read(Byte[] buffer, Int32 offset, Int32 size, TimeSpan timeout)
   at System.ServiceModel.Channels.SingletonConnectionReader.Receive(TimeSpan timeout)
   at System.ServiceModel.Channels.StreamedFramingRequestChannel.StreamedFramingRequest.WaitForReply(TimeSpan timeout)
   at System.ServiceModel.Channels.RequestChannel.Request(Message message, TimeSpan timeout)
   --- End of inner exception stack trace ---

Server stack trace: 
   at System.ServiceModel.Channels.RequestChannel.Request(Message message, TimeSpan timeout)
   at System.ServiceModel.Channels.TransactionRequestChannelGeneric`1.Request(Message message, TimeSpan timeout)
   at System.ServiceModel.Dispatcher.RequestChannelBinder.Request(Message message, TimeSpan timeout)
   at System.ServiceModel.Channels.ServiceChannel.Call(String action, Boolean oneway, ProxyOperationRuntime operation, Object[] ins, Object[] outs, TimeSpan timeout)
   at System.ServiceModel.Channels.ServiceChannelProxy.InvokeService(IMethodCallMessage methodCall, ProxyOperationRuntime operation)
   at System.ServiceModel.Channels.ServiceChannelProxy.Invoke(IMessage message)

Exception rethrown at [0]: 
   at A.c22aefe7f39df3d678dba160428b769f4.c0c4ec95a682cbefc208f4f3eb80ff6ad[c5e2460f6ebc534efe90b3230b7797cb4](Func`1 c3c081f340dcdf79e192d50757bce0bee)
   at A.c42ccb3c762729e5c1ed9dd9fb21f7a51.c2a035223c95353a451d486528bb968ce(DateTime ca50651d185b346c217028862887f6062, List`1 c94623007ea3b221db43a7a5c991a9cac, Int32 c27485bd6dedf79f29eccbe33aefab814, DateTime cc0b7aac23bdedea569c99b9f01ab5798, DateTime ca917bd7d663d59239d097b255d937590)
   at Petex.IFM.IVM.VisualWorkflowService.c1c13b709b3df317d725c923928032d5a(c0a78f935034ea252425562b3db1ea988 cc462e40687a776088a0f60dcc4dee4c5, VisualWorkflowResultOptions c97464e7151b310fab45ca8e18c9bbc4d)
2018/09/22 11:39:55.468 INFO  146 A.cdc551499db0039f956e1d0666bfd1504.ca3aa6b2f13c2c1bc9c646f6abf33ed07 - Changing service from :0 to HOUMSEOSIFM007:8787
2018/09/22 11:39:55.547 INFO  79 A.cdc551499db0039f956e1d0666bfd1504.ca3aa6b2f13c2c1bc9c646f6abf33ed07 - Changing service from :0 to HOUMSEOSIFM007:8787
2018/09/22 11:39:56.466 INFO  123 A.cdc551499db0039f956e1d0666bfd1504.ca3aa6b2f13c2c1bc9c646f6abf33ed07 - Changing service from :0 to HOUMSEOSIFM007:8787
2018/09/22 11:42:16.041 INFO  7 Petex.OpenServerNET.IpmIntegration.IpmComponent.SetIpmFolder - 



/--------------- IPM Settings ---------------\
|                                            |
| Available IPM versions:                    |
|   10.0.211 (x64)                           |
|   10.0.211 (x86)                           |
|                                            |
| Requested IPM versions:                    |
|   10.0.158 (x64)                           |
|   11.0.94 (x64)                            |
|                                            |
| Selected IPM version:                      |
|  10.0.211 (x64)                            |
|                                            |
| IPM folder:                                |
|  C:\Program Files\Petroleum Experts\IPM 10 |
|                                            |
\--------------------------------------------/



2018/09/22 11:42:16.062 INFO  7 Petex.OpenServerNET.IpmIntegration.IpmComponent.SetUnitIpmFolder - Setting units folder to Units\IPM10.
2018/09/22 11:42:36.871 INFO  7 A.ca9303324ae27c9d224e829df918b1ee8.c6ae4a85f8bc1eee64ee593e8582f1fd3 - Get a Copy for model file : APC.IVMExtensions.VisualWorkflows.Math.dll folder id : 6 model file id : 1521 recursive at '9/22/2018 4:42:35 PM' ==> Started.
2018/09/22 11:42:38.205 INFO  7 A.ca9303324ae27c9d224e829df918b1ee8.c6ae4a85f8bc1eee64ee593e8582f1fd3 - Get a Copy for model file : APC.IVMExtensions.VisualWorkflows.Math.dll folder id : 6 model file id : 1521 recursive at '9/22/2018 4:42:35 PM' ==> Completed. Took 00:00:01.334
2018/09/22 11:42:38.266 INFO  7 A.ca9303324ae27c9d224e829df918b1ee8.c6ae4a85f8bc1eee64ee593e8582f1fd3 - Get a Copy for model file : IVMCustomGraphics.dll folder id : 6 model file id : 1524 recursive at '9/22/2018 4:42:35 PM' ==> Started.
2018/09/22 11:42:38.831 INFO  7 A.ca9303324ae27c9d224e829df918b1ee8.c6ae4a85f8bc1eee64ee593e8582f1fd3 - Get a Copy for model file : IVMCustomGraphics.dll folder id : 6 model file id : 1524 recursive at '9/22/2018 4:42:35 PM' ==> Completed. Took 00:00:00.564
2018/09/22 11:42:38.873 INFO  7 A.ca9303324ae27c9d224e829df918b1ee8.c6ae4a85f8bc1eee64ee593e8582f1fd3 - Get a Copy for model file : CarExampleCode.dll folder id : 6 model file id : 1604 recursive at '9/22/2018 4:42:35 PM' ==> Started.
2018/09/22 11:42:39.454 INFO  7 A.ca9303324ae27c9d224e829df918b1ee8.c6ae4a85f8bc1eee64ee593e8582f1fd3 - Get a Copy for model file : CarExampleCode.dll folder id : 6 model file id : 1604 recursive at '9/22/2018 4:42:35 PM' ==> Completed. Took 00:00:00.580
2018/09/22 11:42:39.505 INFO  7 A.ca9303324ae27c9d224e829df918b1ee8.c6ae4a85f8bc1eee64ee593e8582f1fd3 - Get a Copy for model file : Distance Between Coordinates.dll folder id : 6 model file id : 3179 recursive at '9/22/2018 4:42:35 PM' ==> Started.
2018/09/22 11:42:40.058 INFO  7 A.ca9303324ae27c9d224e829df918b1ee8.c6ae4a85f8bc1eee64ee593e8582f1fd3 - Get a Copy for model file : Distance Between Coordinates.dll folder id : 6 model file id : 3179 recursive at '9/22/2018 4:42:35 PM' ==> Completed. Took 00:00:00.552
2018/09/22 11:51:14.012 INFO  67 A.ca9303324ae27c9d224e829df918b1ee8.c6ae4a85f8bc1eee64ee593e8582f1fd3 - Get a Copy for model file : APC Loading Variables.vwk folder id : 7 model file id : 2020 recursive at '9/22/2018 4:51:03 PM' ==> Started.
2018/09/22 11:51:14.595 INFO  67 A.ca9303324ae27c9d224e829df918b1ee8.c6ae4a85f8bc1eee64ee593e8582f1fd3 - Get a Copy for model file : APC Loading Variables.vwk folder id : 7 model file id : 2020 recursive at '9/22/2018 4:51:03 PM' ==> Completed. Took 00:00:00.583
2018/09/22 11:51:15.783 INFO  5 A.ca9303324ae27c9d224e829df918b1ee8.c6ae4a85f8bc1eee64ee593e8582f1fd3 - Get a Copy for model file : APC Quick Aggregate.vwk folder id : 7 model file id : 1590 recursive at '9/22/2018 4:51:15 PM' ==> Started.
2018/09/22 11:51:16.352 INFO  5 A.ca9303324ae27c9d224e829df918b1ee8.c6ae4a85f8bc1eee64ee593e8582f1fd3 - Get a Copy for model file : APC Quick Aggregate.vwk folder id : 7 model file id : 1590 recursive at '9/22/2018 4:51:15 PM' ==> Completed. Took 00:00:00.568
2018/09/22 11:51:43.210 INFO  60 A.ca9303324ae27c9d224e829df918b1ee8.c6ae4a85f8bc1eee64ee593e8582f1fd3 - Get a Copy for model file : APC Acknowledged By.vwk folder id : 7 model file id : 1970 recursive at '9/22/2018 4:51:42 PM' ==> Started.
2018/09/22 11:51:43.831 INFO  60 A.ca9303324ae27c9d224e829df918b1ee8.c6ae4a85f8bc1eee64ee593e8582f1fd3 - Get a Copy for model file : APC Acknowledged By.vwk folder id : 7 model file id : 1970 recursive at '9/22/2018 4:51:42 PM' ==> Completed. Took 00:00:00.621
2018/09/22 11:51:44.757 INFO  79 A.ca9303324ae27c9d224e829df918b1ee8.c6ae4a85f8bc1eee64ee593e8582f1fd3 - Get a Copy for model file : APC Battery Ignore All.vwk folder id : 7 model file id : 2039 recursive at '9/22/2018 4:51:44 PM' ==> Started.
2018/09/22 11:51:45.334 INFO  79 A.ca9303324ae27c9d224e829df918b1ee8.c6ae4a85f8bc1eee64ee593e8582f1fd3 - Get a Copy for model file : APC Battery Ignore All.vwk folder id : 7 model file id : 2039 recursive at '9/22/2018 4:51:44 PM' ==> Completed. Took 00:00:00.577
2018/09/22 11:51:53.652 INFO  62 A.ca9303324ae27c9d224e829df918b1ee8.c6ae4a85f8bc1eee64ee593e8582f1fd3 - Get a Copy for model file : APC Choke Calc High Frequency.vwk folder id : 7 model file id : 3217 recursive at '9/22/2018 4:51:53 PM' ==> Started.
2018/09/22 11:51:54.226 INFO  62 A.ca9303324ae27c9d224e829df918b1ee8.c6ae4a85f8bc1eee64ee593e8582f1fd3 - Get a Copy for model file : APC Choke Calc High Frequency.vwk folder id : 7 model file id : 3217 recursive at '9/22/2018 4:51:53 PM' ==> Completed. Took 00:00:00.574
2018/09/22 11:56:47.849 INFO  69 A.ca9303324ae27c9d224e829df918b1ee8.c6ae4a85f8bc1eee64ee593e8582f1fd3 - Get a Copy for model file : APC Latch Valve Detection.vwk folder id : 7 model file id : 2000 recursive at '9/22/2018 4:56:47 PM' ==> Started.
2018/09/22 11:56:48.414 INFO  69 A.ca9303324ae27c9d224e829df918b1ee8.c6ae4a85f8bc1eee64ee593e8582f1fd3 - Get a Copy for model file : APC Latch Valve Detection.vwk folder id : 7 model file id : 2000 recursive at '9/22/2018 4:56:47 PM' ==> Completed. Took 00:00:00.564
2018/09/22 12:01:07.349 INFO  78 A.ca9303324ae27c9d224e829df918b1ee8.c6ae4a85f8bc1eee64ee593e8582f1fd3 - Get a Copy for model file : APC Delete Route Review Variables.vwk folder id : 7 model file id : 1618 recursive at '9/22/2018 5:01:06 PM' ==> Started.
2018/09/22 12:01:07.901 INFO  78 A.ca9303324ae27c9d224e829df918b1ee8.c6ae4a85f8bc1eee64ee593e8582f1fd3 - Get a Copy for model file : APC Delete Route Review Variables.vwk folder id : 7 model file id : 1618 recursive at '9/22/2018 5:01:06 PM' ==> Completed. Took 00:00:00.552
2018/09/22 12:01:08.677 INFO  54 A.ca9303324ae27c9d224e829df918b1ee8.c6ae4a85f8bc1eee64ee593e8582f1fd3 - Get a Copy for model file : APC Field Totals.vwk folder id : 7 model file id : 1528 recursive at '9/22/2018 5:01:08 PM' ==> Started.
2018/09/22 12:01:09.250 INFO  54 A.ca9303324ae27c9d224e829df918b1ee8.c6ae4a85f8bc1eee64ee593e8582f1fd3 - Get a Copy for model file : APC Field Totals.vwk folder id : 7 model file id : 1528 recursive at '9/22/2018 5:01:08 PM' ==> Completed. Took 00:00:00.573
2018/09/22 12:01:10.626 INFO  82 A.ca9303324ae27c9d224e829df918b1ee8.c6ae4a85f8bc1eee64ee593e8582f1fd3 - Get a Copy for model file : Petroleum Experts Filter - Well Data.vwk folder id : 7 model file id : 2015 recursive at '9/22/2018 5:01:09 PM' ==> Started.
2018/09/22 12:01:11.230 INFO  82 A.ca9303324ae27c9d224e829df918b1ee8.c6ae4a85f8bc1eee64ee593e8582f1fd3 - Get a Copy for model file : Petroleum Experts Filter - Well Data.vwk folder id : 7 model file id : 2015 recursive at '9/22/2018 5:01:09 PM' ==> Completed. Took 00:00:00.603
2018/09/22 12:01:19.071 INFO  98 A.ca9303324ae27c9d224e829df918b1ee8.c6ae4a85f8bc1eee64ee593e8582f1fd3 - Get a Copy for model file : Foreman Dashboard - East_West Aggregations.vwk folder id : 7 model file id : 2267 recursive at '9/22/2018 5:01:18 PM' ==> Started.
2018/09/22 12:01:19.657 INFO  98 A.ca9303324ae27c9d224e829df918b1ee8.c6ae4a85f8bc1eee64ee593e8582f1fd3 - Get a Copy for model file : Foreman Dashboard - East_West Aggregations.vwk folder id : 7 model file id : 2267 recursive at '9/22/2018 5:01:18 PM' ==> Completed. Took 00:00:00.585
2018/09/22 12:01:22.210 INFO  62 A.ca9303324ae27c9d224e829df918b1ee8.c6ae4a85f8bc1eee64ee593e8582f1fd3 - Get a Copy for model file : APC_Count_IVM_Historical_Rows.vwk folder id : 7 model file id : 2261 recursive at '9/22/2018 5:01:21 PM' ==> Started.
2018/09/22 12:01:22.798 INFO  62 A.ca9303324ae27c9d224e829df918b1ee8.c6ae4a85f8bc1eee64ee593e8582f1fd3 - Get a Copy for model file : APC_Count_IVM_Historical_Rows.vwk folder id : 7 model file id : 2261 recursive at '9/22/2018 5:01:21 PM' ==> Completed. Took 00:00:00.588
2018/09/22 12:02:50.851 INFO  54 A.ca9303324ae27c9d224e829df918b1ee8.c6ae4a85f8bc1eee64ee593e8582f1fd3 - Get a Copy for model file : APC Historize Exceptions3.vwk folder id : 7 model file id : 1968 recursive at '9/22/2018 5:02:50 PM' ==> Started.
2018/09/22 12:02:51.447 INFO  54 A.ca9303324ae27c9d224e829df918b1ee8.c6ae4a85f8bc1eee64ee593e8582f1fd3 - Get a Copy for model file : APC Historize Exceptions3.vwk folder id : 7 model file id : 1968 recursive at '9/22/2018 5:02:50 PM' ==> Completed. Took 00:00:00.594
2018/09/22 12:03:33.053 INFO  89 A.ca9303324ae27c9d224e829df918b1ee8.c6ae4a85f8bc1eee64ee593e8582f1fd3 - Get a Copy for model file : APC Downtime Now.vwk folder id : 7 model file id : 1988 recursive at '9/22/2018 5:03:32 PM' ==> Started.
2018/09/22 12:03:33.636 INFO  89 A.ca9303324ae27c9d224e829df918b1ee8.c6ae4a85f8bc1eee64ee593e8582f1fd3 - Get a Copy for model file : APC Downtime Now.vwk folder id : 7 model file id : 1988 recursive at '9/22/2018 5:03:32 PM' ==> Completed. Took 00:00:00.583
2018/09/22 12:03:37.443 INFO  59 A.ca9303324ae27c9d224e829df918b1ee8.c6ae4a85f8bc1eee64ee593e8582f1fd3 - Get a Copy for model file : APC Route Review Data.vwk folder id : 7 model file id : 1617 recursive at '9/22/2018 5:03:37 PM' ==> Started.
2018/09/22 12:03:38.005 INFO  59 A.ca9303324ae27c9d224e829df918b1ee8.c6ae4a85f8bc1eee64ee593e8582f1fd3 - Get a Copy for model file : APC Route Review Data.vwk folder id : 7 model file id : 1617 recursive at '9/22/2018 5:03:37 PM' ==> Completed. Took 00:00:00.561
2018/09/22 12:03:38.941 INFO  114 A.ca9303324ae27c9d224e829df918b1ee8.c6ae4a85f8bc1eee64ee593e8582f1fd3 - Get a Copy for model file : APC Route Review EXT Historize.vwk folder id : 7 model file id : 1972 recursive at '9/22/2018 5:03:38 PM' ==> Started.
2018/09/22 12:03:39.780 INFO  114 A.ca9303324ae27c9d224e829df918b1ee8.c6ae4a85f8bc1eee64ee593e8582f1fd3 - Get a Copy for model file : APC Route Review EXT Historize.vwk folder id : 7 model file id : 1972 recursive at '9/22/2018 5:03:38 PM' ==> Completed. Took 00:00:00.838
2018/09/22 12:03:45.371 INFO  96 A.ca9303324ae27c9d224e829df918b1ee8.c6ae4a85f8bc1eee64ee593e8582f1fd3 - Get a Copy for model file : APC Roll Up Comments to Battery.vwk folder id : 7 model file id : 1974 recursive at '9/22/2018 5:03:40 PM' ==> Started.
2018/09/22 12:03:45.981 INFO  96 A.ca9303324ae27c9d224e829df918b1ee8.c6ae4a85f8bc1eee64ee593e8582f1fd3 - Get a Copy for model file : APC Roll Up Comments to Battery.vwk folder id : 7 model file id : 1974 recursive at '9/22/2018 5:03:40 PM' ==> Completed. Took 00:00:00.610
2018/09/22 12:03:46.905 INFO  108 A.ca9303324ae27c9d224e829df918b1ee8.c6ae4a85f8bc1eee64ee593e8582f1fd3 - Get a Copy for model file : APC Route Review EXT Historize LongTerm.vwk folder id : 7 model file id : 1975 recursive at '9/22/2018 5:03:46 PM' ==> Started.
2018/09/22 12:03:47.511 INFO  108 A.ca9303324ae27c9d224e829df918b1ee8.c6ae4a85f8bc1eee64ee593e8582f1fd3 - Get a Copy for model file : APC Route Review EXT Historize LongTerm.vwk folder id : 7 model file id : 1975 recursive at '9/22/2018 5:03:46 PM' ==> Completed. Took 00:00:00.605
2018/09/22 12:03:59.522 INFO  112 A.ca9303324ae27c9d224e829df918b1ee8.c6ae4a85f8bc1eee64ee593e8582f1fd3 - Get a Copy for model file : APC QA Match Results.vwk folder id : 7 model file id : 3244 recursive at '9/22/2018 5:03:58 PM' ==> Started.
2018/09/22 12:04:00.135 INFO  112 A.ca9303324ae27c9d224e829df918b1ee8.c6ae4a85f8bc1eee64ee593e8582f1fd3 - Get a Copy for model file : APC QA Match Results.vwk folder id : 7 model file id : 3244 recursive at '9/22/2018 5:03:58 PM' ==> Completed. Took 00:00:00.612
2018/09/22 12:05:16.110 INFO  85 A.c1776daaf1a0c52f90159cf829747b6dc.c6c2a3e2eb81d363b150e12a32282ec91 - IFM CacheSetting:Default
2018/09/22 12:05:16.121 ERROR 85 A.c1776daaf1a0c52f90159cf829747b6dc.c6c2a3e2eb81d363b150e12a32282ec91 - System.InvalidOperationException: This value cannot be changed after the first ClientBase of type 'Petex.Service.RequestProcessor.IWcfBufferedProcessor' has been created.
   at System.ServiceModel.ClientBase`1.set_CacheSetting(CacheSetting value)
   at A.c1776daaf1a0c52f90159cf829747b6dc.c6c2a3e2eb81d363b150e12a32282ec91()
Details:
System.InvalidOperationException: This value cannot be changed after the first ClientBase of type 'Petex.Service.RequestProcessor.IWcfBufferedProcessor' has been created.
   at System.ServiceModel.ClientBase`1.set_CacheSetting(CacheSetting value)
   at A.c1776daaf1a0c52f90159cf829747b6dc.c6c2a3e2eb81d363b150e12a32282ec91()
2018/09/22 12:05:16.369 INFO  96 A.cdc551499db0039f956e1d0666bfd1504.ca3aa6b2f13c2c1bc9c646f6abf33ed07 - Changing service from :0 to HOUMSEOSIFM007:8787
2018/09/22 12:05:16.693 INFO  73 A.cdc551499db0039f956e1d0666bfd1504.ca3aa6b2f13c2c1bc9c646f6abf33ed07 - Changing service from :0 to HOUMSEOSIFM007:8787
2018/09/22 12:05:17.951 INFO  63 A.cdc551499db0039f956e1d0666bfd1504.ca3aa6b2f13c2c1bc9c646f6abf33ed07 - Changing service from :0 to HOUMSEOSIFM007:8787
2018/09/22 12:10:25.910 ERROR 118 A.cec9e090ae538d190220f059017b75b84.Process - System.TimeoutException: The request channel timed out while waiting for a reply after 00:04:56.0660061. Increase the timeout value passed to the call to Request or increase the SendTimeout value on the Binding. The time allotted to this operation may have been a portion of a longer timeout. ---> System.TimeoutException: The socket transfer timed out after 00:04:59.9940000. You have exceeded the timeout set on your binding. The time allotted to this operation may have been a portion of a longer timeout. ---> System.IO.IOException: The read operation failed, see inner exception. ---> System.TimeoutException: The socket transfer timed out after 00:04:59.9940000. You have exceeded the timeout set on your binding. The time allotted to this operation may have been a portion of a longer timeout. ---> System.Net.Sockets.SocketException: A connection attempt failed because the connected party did not properly respond after a period of time, or established connection failed because connected host has failed to respond
   at System.Net.Sockets.Socket.Receive(Byte[] buffer, Int32 offset, Int32 size, SocketFlags socketFlags)
   at System.ServiceModel.Channels.SocketConnection.ReadCore(Byte[] buffer, Int32 offset, Int32 size, TimeSpan timeout, Boolean closing)
   --- End of inner exception stack trace ---
   at System.ServiceModel.Channels.SocketConnection.ReadCore(Byte[] buffer, Int32 offset, Int32 size, TimeSpan timeout, Boolean closing)
   at System.ServiceModel.Channels.SocketConnection.Read(Byte[] buffer, Int32 offset, Int32 size, TimeSpan timeout)
   at System.ServiceModel.Channels.DelegatingConnection.Read(Byte[] buffer, Int32 offset, Int32 size, TimeSpan timeout)
   at System.ServiceModel.Channels.ConnectionStream.Read(Byte[] buffer, Int32 offset, Int32 count)
   at System.Net.FixedSizeReader.ReadPacket(Byte[] buffer, Int32 offset, Int32 count)
   at System.Net.Security.NegotiateStream.StartFrameHeader(Byte[] buffer, Int32 offset, Int32 count, AsyncProtocolRequest asyncRequest)
   at System.Net.Security.NegotiateStream.ProcessRead(Byte[] buffer, Int32 offset, Int32 count, AsyncProtocolRequest asyncRequest)
   --- End of inner exception stack trace ---
   at System.Net.Security.NegotiateStream.ProcessRead(Byte[] buffer, Int32 offset, Int32 count, AsyncProtocolRequest asyncRequest)
   at System.Net.Security.NegotiateStream.Read(Byte[] buffer, Int32 offset, Int32 count)
   at System.ServiceModel.Channels.StreamConnection.Read(Byte[] buffer, Int32 offset, Int32 size, TimeSpan timeout)
   --- End of inner exception stack trace ---
   at System.ServiceModel.Channels.StreamConnection.Read(Byte[] buffer, Int32 offset, Int32 size, TimeSpan timeout)
   at System.ServiceModel.Channels.SingletonConnectionReader.Receive(TimeSpan timeout)
   at System.ServiceModel.Channels.StreamedFramingRequestChannel.StreamedFramingRequest.WaitForReply(TimeSpan timeout)
   at System.ServiceModel.Channels.RequestChannel.Request(Message message, TimeSpan timeout)
   --- End of inner exception stack trace ---

Server stack trace: 
   at System.ServiceModel.Channels.RequestChannel.Request(Message message, TimeSpan timeout)
   at System.ServiceModel.Channels.TransactionRequestChannelGeneric`1.Request(Message message, TimeSpan timeout)
   at System.ServiceModel.Dispatcher.RequestChannelBinder.Request(Message message, TimeSpan timeout)
   at System.ServiceModel.Channels.ServiceChannel.Call(String action, Boolean oneway, ProxyOperationRuntime operation, Object[] ins, Object[] outs, TimeSpan timeout)
   at System.ServiceModel.Channels.ServiceChannelProxy.InvokeService(IMethodCallMessage methodCall, ProxyOperationRuntime operation)
   at System.ServiceModel.Channels.ServiceChannelProxy.Invoke(IMessage message)

Exception rethrown at [0]: 
   at System.Runtime.Remoting.Proxies.RealProxy.HandleReturnMessage(IMessage reqMsg, IMessage retMsg)
   at System.Runtime.Remoting.Proxies.RealProxy.PrivateInvoke(MessageData& msgData, Int32 type)
   at Petex.Service.RequestProcessor.IWcfStreamResponseProcessor.Process(MessageRequest request)
   at A.cec9e090ae538d190220f059017b75b84.Process(MessageRequest request)
Details:
System.TimeoutException: The request channel timed out while waiting for a reply after 00:04:56.0660061. Increase the timeout value passed to the call to Request or increase the SendTimeout value on the Binding. The time allotted to this operation may have been a portion of a longer timeout. ---> System.TimeoutException: The socket transfer timed out after 00:04:59.9940000. You have exceeded the timeout set on your binding. The time allotted to this operation may have been a portion of a longer timeout. ---> System.IO.IOException: The read operation failed, see inner exception. ---> System.TimeoutException: The socket transfer timed out after 00:04:59.9940000. You have exceeded the timeout set on your binding. The time allotted to this operation may have been a portion of a longer timeout. ---> System.Net.Sockets.SocketException: A connection attempt failed because the connected party did not properly respond after a period of time, or established connection failed because connected host has failed to respond
   at System.Net.Sockets.Socket.Receive(Byte[] buffer, Int32 offset, Int32 size, SocketFlags socketFlags)
   at System.ServiceModel.Channels.SocketConnection.ReadCore(Byte[] buffer, Int32 offset, Int32 size, TimeSpan timeout, Boolean closing)
   --- End of inner exception stack trace ---
   at System.ServiceModel.Channels.SocketConnection.ReadCore(Byte[] buffer, Int32 offset, Int32 size, TimeSpan timeout, Boolean closing)
   at System.ServiceModel.Channels.SocketConnection.Read(Byte[] buffer, Int32 offset, Int32 size, TimeSpan timeout)
   at System.ServiceModel.Channels.DelegatingConnection.Read(Byte[] buffer, Int32 offset, Int32 size, TimeSpan timeout)
   at System.ServiceModel.Channels.ConnectionStream.Read(Byte[] buffer, Int32 offset, Int32 count)
   at System.Net.FixedSizeReader.ReadPacket(Byte[] buffer, Int32 offset, Int32 count)
   at System.Net.Security.NegotiateStream.StartFrameHeader(Byte[] buffer, Int32 offset, Int32 count, AsyncProtocolRequest asyncRequest)
   at System.Net.Security.NegotiateStream.ProcessRead(Byte[] buffer, Int32 offset, Int32 count, AsyncProtocolRequest asyncRequest)
   --- End of inner exception stack trace ---
   at System.Net.Security.NegotiateStream.ProcessRead(Byte[] buffer, Int32 offset, Int32 count, AsyncProtocolRequest asyncRequest)
   at System.Net.Security.NegotiateStream.Read(Byte[] buffer, Int32 offset, Int32 count)
   at System.ServiceModel.Channels.StreamConnection.Read(Byte[] buffer, Int32 offset, Int32 size, TimeSpan timeout)
   --- End of inner exception stack trace ---
   at System.ServiceModel.Channels.StreamConnection.Read(Byte[] buffer, Int32 offset, Int32 size, TimeSpan timeout)
   at System.ServiceModel.Channels.SingletonConnectionReader.Receive(TimeSpan timeout)
   at System.ServiceModel.Channels.StreamedFramingRequestChannel.StreamedFramingRequest.WaitForReply(TimeSpan timeout)
   at System.ServiceModel.Channels.RequestChannel.Request(Message message, TimeSpan timeout)
   --- End of inner exception stack trace ---

Server stack trace: 
   at System.ServiceModel.Channels.RequestChannel.Request(Message message, TimeSpan timeout)
   at System.ServiceModel.Channels.TransactionRequestChannelGeneric`1.Request(Message message, TimeSpan timeout)
   at System.ServiceModel.Dispatcher.RequestChannelBinder.Request(Message message, TimeSpan timeout)
   at System.ServiceModel.Channels.ServiceChannel.Call(String action, Boolean oneway, ProxyOperationRuntime operation, Object[] ins, Object[] outs, TimeSpan timeout)
   at System.ServiceModel.Channels.ServiceChannelProxy.InvokeService(IMethodCallMessage methodCall, ProxyOperationRuntime operation)
   at System.ServiceModel.Channels.ServiceChannelProxy.Invoke(IMessage message)

Exception rethrown at [0]: 
   at System.Runtime.Remoting.Proxies.RealProxy.HandleReturnMessage(IMessage reqMsg, IMessage retMsg)
   at System.Runtime.Remoting.Proxies.RealProxy.PrivateInvoke(MessageData& msgData, Int32 type)
   at Petex.Service.RequestProcessor.IWcfStreamResponseProcessor.Process(MessageRequest request)
   at A.cec9e090ae538d190220f059017b75b84.Process(MessageRequest request)
2018/09/22 12:10:26.072 ERROR 118 A.cec9e090ae538d190220f059017b75b84 (Thread 118) ProcID (36972) - System.TimeoutException: The request channel timed out while waiting for a reply after 00:04:56.0660061. Increase the timeout value passed to the call to Request or increase the SendTimeout value on the Binding. The time allotted to this operation may have been a portion of a longer timeout. ---> System.TimeoutException: The socket transfer timed out after 00:04:59.9940000. You have exceeded the timeout set on your binding. The time allotted to this operation may have been a portion of a longer timeout. ---> System.IO.IOException: The read operation failed, see inner exception. ---> System.TimeoutException: The socket transfer timed out after 00:04:59.9940000. You have exceeded the timeout set on your binding. The time allotted to this operation may have been a portion of a longer timeout. ---> System.Net.Sockets.SocketException: A connection attempt failed because the connected party did not properly respond after a period of time, or established connection failed because connected host has failed to respond
   at System.Net.Sockets.Socket.Receive(Byte[] buffer, Int32 offset, Int32 size, SocketFlags socketFlags)
   at System.ServiceModel.Channels.SocketConnection.ReadCore(Byte[] buffer, Int32 offset, Int32 size, TimeSpan timeout, Boolean closing)
   --- End of inner exception stack trace ---
   at System.ServiceModel.Channels.SocketConnection.ReadCore(Byte[] buffer, Int32 offset, Int32 size, TimeSpan timeout, Boolean closing)
   at System.ServiceModel.Channels.SocketConnection.Read(Byte[] buffer, Int32 offset, Int32 size, TimeSpan timeout)
   at System.ServiceModel.Channels.DelegatingConnection.Read(Byte[] buffer, Int32 offset, Int32 size, TimeSpan timeout)
   at System.ServiceModel.Channels.ConnectionStream.Read(Byte[] buffer, Int32 offset, Int32 count)
   at System.Net.FixedSizeReader.ReadPacket(Byte[] buffer, Int32 offset, Int32 count)
   at System.Net.Security.NegotiateStream.StartFrameHeader(Byte[] buffer, Int32 offset, Int32 count, AsyncProtocolRequest asyncRequest)
   at System.Net.Security.NegotiateStream.ProcessRead(Byte[] buffer, Int32 offset, Int32 count, AsyncProtocolRequest asyncRequest)
   --- End of inner exception stack trace ---
   at System.Net.Security.NegotiateStream.ProcessRead(Byte[] buffer, Int32 offset, Int32 count, AsyncProtocolRequest asyncRequest)
   at System.Net.Security.NegotiateStream.Read(Byte[] buffer, Int32 offset, Int32 count)
   at System.ServiceModel.Channels.StreamConnection.Read(Byte[] buffer, Int32 offset, Int32 size, TimeSpan timeout)
   --- End of inner exception stack trace ---
   at System.ServiceModel.Channels.StreamConnection.Read(Byte[] buffer, Int32 offset, Int32 size, TimeSpan timeout)
   at System.ServiceModel.Channels.SingletonConnectionReader.Receive(TimeSpan timeout)
   at System.ServiceModel.Channels.StreamedFramingRequestChannel.StreamedFramingRequest.WaitForReply(TimeSpan timeout)
   at System.ServiceModel.Channels.RequestChannel.Request(Message message, TimeSpan timeout)
   --- End of inner exception stack trace ---

Server stack trace: 
   at System.ServiceModel.Channels.RequestChannel.Request(Message message, TimeSpan timeout)
   at System.ServiceModel.Channels.TransactionRequestChannelGeneric`1.Request(Message message, TimeSpan timeout)
   at System.ServiceModel.Dispatcher.RequestChannelBinder.Request(Message message, TimeSpan timeout)
   at System.ServiceModel.Channels.ServiceChannel.Call(String action, Boolean oneway, ProxyOperationRuntime operation, Object[] ins, Object[] outs, TimeSpan timeout)
   at System.ServiceModel.Channels.ServiceChannelProxy.InvokeService(IMethodCallMessage methodCall, ProxyOperationRuntime operation)
   at System.ServiceModel.Channels.ServiceChannelProxy.Invoke(IMessage message)

Exception rethrown at [0]: 
   at System.Runtime.Remoting.Proxies.RealProxy.HandleReturnMessage(IMessage reqMsg, IMessage retMsg)
   at System.Runtime.Remoting.Proxies.RealProxy.PrivateInvoke(MessageData& msgData, Int32 type)
   at Petex.Service.RequestProcessor.IWcfStreamResponseProcessor.Process(MessageRequest request)
   at A.cec9e090ae538d190220f059017b75b84.Process(MessageRequest request)

method : Process([Petex.Service.RequestProcessor.MessageRequest] request = Petex.Service.RequestProcessor.MessageRequest)

2018/09/22 12:10:26.111 ERROR 85 Petex.IFM.IVM.VisualWorkflowService.c1c13b709b3df317d725c923928032d5a - An error occurred while getting bulk results.
Details:
System.TimeoutException: The request channel timed out while waiting for a reply after 00:04:56.0660061. Increase the timeout value passed to the call to Request or increase the SendTimeout value on the Binding. The time allotted to this operation may have been a portion of a longer timeout. ---> System.TimeoutException: The socket transfer timed out after 00:04:59.9940000. You have exceeded the timeout set on your binding. The time allotted to this operation may have been a portion of a longer timeout. ---> System.IO.IOException: The read operation failed, see inner exception. ---> System.TimeoutException: The socket transfer timed out after 00:04:59.9940000. You have exceeded the timeout set on your binding. The time allotted to this operation may have been a portion of a longer timeout. ---> System.Net.Sockets.SocketException: A connection attempt failed because the connected party did not properly respond after a period of time, or established connection failed because connected host has failed to respond
   at System.Net.Sockets.Socket.Receive(Byte[] buffer, Int32 offset, Int32 size, SocketFlags socketFlags)
   at System.ServiceModel.Channels.SocketConnection.ReadCore(Byte[] buffer, Int32 offset, Int32 size, TimeSpan timeout, Boolean closing)
   --- End of inner exception stack trace ---
   at System.ServiceModel.Channels.SocketConnection.ReadCore(Byte[] buffer, Int32 offset, Int32 size, TimeSpan timeout, Boolean closing)
   at System.ServiceModel.Channels.SocketConnection.Read(Byte[] buffer, Int32 offset, Int32 size, TimeSpan timeout)
   at System.ServiceModel.Channels.DelegatingConnection.Read(Byte[] buffer, Int32 offset, Int32 size, TimeSpan timeout)
   at System.ServiceModel.Channels.ConnectionStream.Read(Byte[] buffer, Int32 offset, Int32 count)
   at System.Net.FixedSizeReader.ReadPacket(Byte[] buffer, Int32 offset, Int32 count)
   at System.Net.Security.NegotiateStream.StartFrameHeader(Byte[] buffer, Int32 offset, Int32 count, AsyncProtocolRequest asyncRequest)
   at System.Net.Security.NegotiateStream.ProcessRead(Byte[] buffer, Int32 offset, Int32 count, AsyncProtocolRequest asyncRequest)
   --- End of inner exception stack trace ---
   at System.Net.Security.NegotiateStream.ProcessRead(Byte[] buffer, Int32 offset, Int32 count, AsyncProtocolRequest asyncRequest)
   at System.Net.Security.NegotiateStream.Read(Byte[] buffer, Int32 offset, Int32 count)
   at System.ServiceModel.Channels.StreamConnection.Read(Byte[] buffer, Int32 offset, Int32 size, TimeSpan timeout)
   --- End of inner exception stack trace ---
   at System.ServiceModel.Channels.StreamConnection.Read(Byte[] buffer, Int32 offset, Int32 size, TimeSpan timeout)
   at System.ServiceModel.Channels.SingletonConnectionReader.Receive(TimeSpan timeout)
   at System.ServiceModel.Channels.StreamedFramingRequestChannel.StreamedFramingRequest.WaitForReply(TimeSpan timeout)
   at System.ServiceModel.Channels.RequestChannel.Request(Message message, TimeSpan timeout)
   --- End of inner exception stack trace ---

Server stack trace: 
   at System.ServiceModel.Channels.RequestChannel.Request(Message message, TimeSpan timeout)
   at System.ServiceModel.Channels.TransactionRequestChannelGeneric`1.Request(Message message, TimeSpan timeout)
   at System.ServiceModel.Dispatcher.RequestChannelBinder.Request(Message message, TimeSpan timeout)
   at System.ServiceModel.Channels.ServiceChannel.Call(String action, Boolean oneway, ProxyOperationRuntime operation, Object[] ins, Object[] outs, TimeSpan timeout)
   at System.ServiceModel.Channels.ServiceChannelProxy.InvokeService(IMethodCallMessage methodCall, ProxyOperationRuntime operation)
   at System.ServiceModel.Channels.ServiceChannelProxy.Invoke(IMessage message)

Exception rethrown at [0]: 
   at A.c22aefe7f39df3d678dba160428b769f4.c0c4ec95a682cbefc208f4f3eb80ff6ad[c5e2460f6ebc534efe90b3230b7797cb4](Func`1 c3c081f340dcdf79e192d50757bce0bee)
   at A.c42ccb3c762729e5c1ed9dd9fb21f7a51.c2a035223c95353a451d486528bb968ce(DateTime ca50651d185b346c217028862887f6062, List`1 c94623007ea3b221db43a7a5c991a9cac, Int32 c27485bd6dedf79f29eccbe33aefab814, DateTime cc0b7aac23bdedea569c99b9f01ab5798, DateTime ca917bd7d663d59239d097b255d937590)
   at Petex.IFM.IVM.VisualWorkflowService.c1c13b709b3df317d725c923928032d5a(c0a78f935034ea252425562b3db1ea988 cc462e40687a776088a0f60dcc4dee4c5, VisualWorkflowResultOptions c97464e7151b310fab45ca8e18c9bbc4d)
2018/09/22 12:10:34.521 INFO  85 A.cdc551499db0039f956e1d0666bfd1504.ca3aa6b2f13c2c1bc9c646f6abf33ed07 - Changing service from :0 to HOUMSEOSIFM007:8787
2018/09/22 12:13:43.691 INFO  53 A.ca9303324ae27c9d224e829df918b1ee8.c6ae4a85f8bc1eee64ee593e8582f1fd3 - Get a Copy for model file : APC Downtime Rollup.vwk folder id : 7 model file id : 1990 recursive at '9/22/2018 5:13:43 PM' ==> Started.
2018/09/22 12:13:44.266 INFO  53 A.ca9303324ae27c9d224e829df918b1ee8.c6ae4a85f8bc1eee64ee593e8582f1fd3 - Get a Copy for model file : APC Downtime Rollup.vwk folder id : 7 model file id : 1990 recursive at '9/22/2018 5:13:43 PM' ==> Completed. Took 00:00:00.575
2018/09/22 12:15:36.547 INFO  54 A.cdc551499db0039f956e1d0666bfd1504.ca3aa6b2f13c2c1bc9c646f6abf33ed07 - Changing service from :0 to HOUMSEOSIFM007:8787
2018/09/22 12:15:36.627 INFO  120 A.cdc551499db0039f956e1d0666bfd1504.ca3aa6b2f13c2c1bc9c646f6abf33ed07 - Changing service from :0 to HOUMSEOSIFM007:8787
2018/09/22 12:15:37.562 INFO  64 A.cdc551499db0039f956e1d0666bfd1504.ca3aa6b2f13c2c1bc9c646f6abf33ed07 - Changing service from :0 to HOUMSEOSIFM007:8787
2018/09/22 12:15:42.111 ERROR 86 A.cec9e090ae538d190220f059017b75b84.Process - System.TimeoutException: The request channel timed out while waiting for a reply after 00:04:56.0400253. Increase the timeout value passed to the call to Request or increase the SendTimeout value on the Binding. The time allotted to this operation may have been a portion of a longer timeout. ---> System.TimeoutException: The socket transfer timed out after 00:04:59.9920000. You have exceeded the timeout set on your binding. The time allotted to this operation may have been a portion of a longer timeout. ---> System.IO.IOException: The read operation failed, see inner exception. ---> System.TimeoutException: The socket transfer timed out after 00:04:59.9920000. You have exceeded the timeout set on your binding. The time allotted to this operation may have been a portion of a longer timeout. ---> System.Net.Sockets.SocketException: A connection attempt failed because the connected party did not properly respond after a period of time, or established connection failed because connected host has failed to respond
   at System.Net.Sockets.Socket.Receive(Byte[] buffer, Int32 offset, Int32 size, SocketFlags socketFlags)
   at System.ServiceModel.Channels.SocketConnection.ReadCore(Byte[] buffer, Int32 offset, Int32 size, TimeSpan timeout, Boolean closing)
   --- End of inner exception stack trace ---
   at System.ServiceModel.Channels.SocketConnection.ReadCore(Byte[] buffer, Int32 offset, Int32 size, TimeSpan timeout, Boolean closing)
   at System.ServiceModel.Channels.SocketConnection.Read(Byte[] buffer, Int32 offset, Int32 size, TimeSpan timeout)
   at System.ServiceModel.Channels.DelegatingConnection.Read(Byte[] buffer, Int32 offset, Int32 size, TimeSpan timeout)
   at System.ServiceModel.Channels.ConnectionStream.Read(Byte[] buffer, Int32 offset, Int32 count)
   at System.Net.FixedSizeReader.ReadPacket(Byte[] buffer, Int32 offset, Int32 count)
   at System.Net.Security.NegotiateStream.StartFrameHeader(Byte[] buffer, Int32 offset, Int32 count, AsyncProtocolRequest asyncRequest)
   at System.Net.Security.NegotiateStream.ProcessRead(Byte[] buffer, Int32 offset, Int32 count, AsyncProtocolRequest asyncRequest)
   --- End of inner exception stack trace ---
   at System.Net.Security.NegotiateStream.ProcessRead(Byte[] buffer, Int32 offset, Int32 count, AsyncProtocolRequest asyncRequest)
   at System.Net.Security.NegotiateStream.Read(Byte[] buffer, Int32 offset, Int32 count)
   at System.ServiceModel.Channels.StreamConnection.Read(Byte[] buffer, Int32 offset, Int32 size, TimeSpan timeout)
   --- End of inner exception stack trace ---
   at System.ServiceModel.Channels.StreamConnection.Read(Byte[] buffer, Int32 offset, Int32 size, TimeSpan timeout)
   at System.ServiceModel.Channels.SingletonConnectionReader.Receive(TimeSpan timeout)
   at System.ServiceModel.Channels.StreamedFramingRequestChannel.StreamedFramingRequest.WaitForReply(TimeSpan timeout)
   at System.ServiceModel.Channels.RequestChannel.Request(Message message, TimeSpan timeout)
   --- End of inner exception stack trace ---

Server stack trace: 
   at System.ServiceModel.Channels.RequestChannel.Request(Message message, TimeSpan timeout)
   at System.ServiceModel.Channels.TransactionRequestChannelGeneric`1.Request(Message message, TimeSpan timeout)
   at System.ServiceModel.Dispatcher.RequestChannelBinder.Request(Message message, TimeSpan timeout)
   at System.ServiceModel.Channels.ServiceChannel.Call(String action, Boolean oneway, ProxyOperationRuntime operation, Object[] ins, Object[] outs, TimeSpan timeout)
   at System.ServiceModel.Channels.ServiceChannelProxy.InvokeService(IMethodCallMessage methodCall, ProxyOperationRuntime operation)
   at System.ServiceModel.Channels.ServiceChannelProxy.Invoke(IMessage message)

Exception rethrown at [0]: 
   at System.Runtime.Remoting.Proxies.RealProxy.HandleReturnMessage(IMessage reqMsg, IMessage retMsg)
   at System.Runtime.Remoting.Proxies.RealProxy.PrivateInvoke(MessageData& msgData, Int32 type)
   at Petex.Service.RequestProcessor.IWcfStreamResponseProcessor.Process(MessageRequest request)
   at A.cec9e090ae538d190220f059017b75b84.Process(MessageRequest request)
Details:
System.TimeoutException: The request channel timed out while waiting for a reply after 00:04:56.0400253. Increase the timeout value passed to the call to Request or increase the SendTimeout value on the Binding. The time allotted to this operation may have been a portion of a longer timeout. ---> System.TimeoutException: The socket transfer timed out after 00:04:59.9920000. You have exceeded the timeout set on your binding. The time allotted to this operation may have been a portion of a longer timeout. ---> System.IO.IOException: The read operation failed, see inner exception. ---> System.TimeoutException: The socket transfer timed out after 00:04:59.9920000. You have exceeded the timeout set on your binding. The time allotted to this operation may have been a portion of a longer timeout. ---> System.Net.Sockets.SocketException: A connection attempt failed because the connected party did not properly respond after a period of time, or established connection failed because connected host has failed to respond
   at System.Net.Sockets.Socket.Receive(Byte[] buffer, Int32 offset, Int32 size, SocketFlags socketFlags)
   at System.ServiceModel.Channels.SocketConnection.ReadCore(Byte[] buffer, Int32 offset, Int32 size, TimeSpan timeout, Boolean closing)
   --- End of inner exception stack trace ---
   at System.ServiceModel.Channels.SocketConnection.ReadCore(Byte[] buffer, Int32 offset, Int32 size, TimeSpan timeout, Boolean closing)
   at System.ServiceModel.Channels.SocketConnection.Read(Byte[] buffer, Int32 offset, Int32 size, TimeSpan timeout)
   at System.ServiceModel.Channels.DelegatingConnection.Read(Byte[] buffer, Int32 offset, Int32 size, TimeSpan timeout)
   at System.ServiceModel.Channels.ConnectionStream.Read(Byte[] buffer, Int32 offset, Int32 count)
   at System.Net.FixedSizeReader.ReadPacket(Byte[] buffer, Int32 offset, Int32 count)
   at System.Net.Security.NegotiateStream.StartFrameHeader(Byte[] buffer, Int32 offset, Int32 count, AsyncProtocolRequest asyncRequest)
   at System.Net.Security.NegotiateStream.ProcessRead(Byte[] buffer, Int32 offset, Int32 count, AsyncProtocolRequest asyncRequest)
   --- End of inner exception stack trace ---
   at System.Net.Security.NegotiateStream.ProcessRead(Byte[] buffer, Int32 offset, Int32 count, AsyncProtocolRequest asyncRequest)
   at System.Net.Security.NegotiateStream.Read(Byte[] buffer, Int32 offset, Int32 count)
   at System.ServiceModel.Channels.StreamConnection.Read(Byte[] buffer, Int32 offset, Int32 size, TimeSpan timeout)
   --- End of inner exception stack trace ---
   at System.ServiceModel.Channels.StreamConnection.Read(Byte[] buffer, Int32 offset, Int32 size, TimeSpan timeout)
   at System.ServiceModel.Channels.SingletonConnectionReader.Receive(TimeSpan timeout)
   at System.ServiceModel.Channels.StreamedFramingRequestChannel.StreamedFramingRequest.WaitForReply(TimeSpan timeout)
   at System.ServiceModel.Channels.RequestChannel.Request(Message message, TimeSpan timeout)
   --- End of inner exception stack trace ---

Server stack trace: 
   at System.ServiceModel.Channels.RequestChannel.Request(Message message, TimeSpan timeout)
   at System.ServiceModel.Channels.TransactionRequestChannelGeneric`1.Request(Message message, TimeSpan timeout)
   at System.ServiceModel.Dispatcher.RequestChannelBinder.Request(Message message, TimeSpan timeout)
   at System.ServiceModel.Channels.ServiceChannel.Call(String action, Boolean oneway, ProxyOperationRuntime operation, Object[] ins, Object[] outs, TimeSpan timeout)
   at System.ServiceModel.Channels.ServiceChannelProxy.InvokeService(IMethodCallMessage methodCall, ProxyOperationRuntime operation)
   at System.ServiceModel.Channels.ServiceChannelProxy.Invoke(IMessage message)

Exception rethrown at [0]: 
   at System.Runtime.Remoting.Proxies.RealProxy.HandleReturnMessage(IMessage reqMsg, IMessage retMsg)
   at System.Runtime.Remoting.Proxies.RealProxy.PrivateInvoke(MessageData& msgData, Int32 type)
   at Petex.Service.RequestProcessor.IWcfStreamResponseProcessor.Process(MessageRequest request)
   at A.cec9e090ae538d190220f059017b75b84.Process(MessageRequest request)
2018/09/22 12:15:42.114 ERROR 86 A.cec9e090ae538d190220f059017b75b84 (Thread 86) ProcID (36972) - System.TimeoutException: The request channel timed out while waiting for a reply after 00:04:56.0400253. Increase the timeout value passed to the call to Request or increase the SendTimeout value on the Binding. The time allotted to this operation may have been a portion of a longer timeout. ---> System.TimeoutException: The socket transfer timed out after 00:04:59.9920000. You have exceeded the timeout set on your binding. The time allotted to this operation may have been a portion of a longer timeout. ---> System.IO.IOException: The read operation failed, see inner exception. ---> System.TimeoutException: The socket transfer timed out after 00:04:59.9920000. You have exceeded the timeout set on your binding. The time allotted to this operation may have been a portion of a longer timeout. ---> System.Net.Sockets.SocketException: A connection attempt failed because the connected party did not properly respond after a period of time, or established connection failed because connected host has failed to respond
   at System.Net.Sockets.Socket.Receive(Byte[] buffer, Int32 offset, Int32 size, SocketFlags socketFlags)
   at System.ServiceModel.Channels.SocketConnection.ReadCore(Byte[] buffer, Int32 offset, Int32 size, TimeSpan timeout, Boolean closing)
   --- End of inner exception stack trace ---
   at System.ServiceModel.Channels.SocketConnection.ReadCore(Byte[] buffer, Int32 offset, Int32 size, TimeSpan timeout, Boolean closing)
   at System.ServiceModel.Channels.SocketConnection.Read(Byte[] buffer, Int32 offset, Int32 size, TimeSpan timeout)
   at System.ServiceModel.Channels.DelegatingConnection.Read(Byte[] buffer, Int32 offset, Int32 size, TimeSpan timeout)
   at System.ServiceModel.Channels.ConnectionStream.Read(Byte[] buffer, Int32 offset, Int32 count)
   at System.Net.FixedSizeReader.ReadPacket(Byte[] buffer, Int32 offset, Int32 count)
   at System.Net.Security.NegotiateStream.StartFrameHeader(Byte[] buffer, Int32 offset, Int32 count, AsyncProtocolRequest asyncRequest)
   at System.Net.Security.NegotiateStream.ProcessRead(Byte[] buffer, Int32 offset, Int32 count, AsyncProtocolRequest asyncRequest)
   --- End of inner exception stack trace ---
   at System.Net.Security.NegotiateStream.ProcessRead(Byte[] buffer, Int32 offset, Int32 count, AsyncProtocolRequest asyncRequest)
   at System.Net.Security.NegotiateStream.Read(Byte[] buffer, Int32 offset, Int32 count)
   at System.ServiceModel.Channels.StreamConnection.Read(Byte[] buffer, Int32 offset, Int32 size, TimeSpan timeout)
   --- End of inner exception stack trace ---
   at System.ServiceModel.Channels.StreamConnection.Read(Byte[] buffer, Int32 offset, Int32 size, TimeSpan timeout)
   at System.ServiceModel.Channels.SingletonConnectionReader.Receive(TimeSpan timeout)
   at System.ServiceModel.Channels.StreamedFramingRequestChannel.StreamedFramingRequest.WaitForReply(TimeSpan timeout)
   at System.ServiceModel.Channels.RequestChannel.Request(Message message, TimeSpan timeout)
   --- End of inner exception stack trace ---

Server stack trace: 
   at System.ServiceModel.Channels.RequestChannel.Request(Message message, TimeSpan timeout)
   at System.ServiceModel.Channels.TransactionRequestChannelGeneric`1.Request(Message message, TimeSpan timeout)
   at System.ServiceModel.Dispatcher.RequestChannelBinder.Request(Message message, TimeSpan timeout)
   at System.ServiceModel.Channels.ServiceChannel.Call(String action, Boolean oneway, ProxyOperationRuntime operation, Object[] ins, Object[] outs, TimeSpan timeout)
   at System.ServiceModel.Channels.ServiceChannelProxy.InvokeService(IMethodCallMessage methodCall, ProxyOperationRuntime operation)
   at System.ServiceModel.Channels.ServiceChannelProxy.Invoke(IMessage message)

Exception rethrown at [0]: 
   at System.Runtime.Remoting.Proxies.RealProxy.HandleReturnMessage(IMessage reqMsg, IMessage retMsg)
   at System.Runtime.Remoting.Proxies.RealProxy.PrivateInvoke(MessageData& msgData, Int32 type)
   at Petex.Service.RequestProcessor.IWcfStreamResponseProcessor.Process(MessageRequest request)
   at A.cec9e090ae538d190220f059017b75b84.Process(MessageRequest request)

method : Process([Petex.Service.RequestProcessor.MessageRequest] request = Petex.Service.RequestProcessor.MessageRequest)

2018/09/22 12:15:42.115 ERROR 75 Petex.IFM.IVM.VisualWorkflowService.c1c13b709b3df317d725c923928032d5a - An error occurred while getting bulk results.
Details:
System.TimeoutException: The request channel timed out while waiting for a reply after 00:04:56.0400253. Increase the timeout value passed to the call to Request or increase the SendTimeout value on the Binding. The time allotted to this operation may have been a portion of a longer timeout. ---> System.TimeoutException: The socket transfer timed out after 00:04:59.9920000. You have exceeded the timeout set on your binding. The time allotted to this operation may have been a portion of a longer timeout. ---> System.IO.IOException: The read operation failed, see inner exception. ---> System.TimeoutException: The socket transfer timed out after 00:04:59.9920000. You have exceeded the timeout set on your binding. The time allotted to this operation may have been a portion of a longer timeout. ---> System.Net.Sockets.SocketException: A connection attempt failed because the connected party did not properly respond after a period of time, or established connection failed because connected host has failed to respond
   at System.Net.Sockets.Socket.Receive(Byte[] buffer, Int32 offset, Int32 size, SocketFlags socketFlags)
   at System.ServiceModel.Channels.SocketConnection.ReadCore(Byte[] buffer, Int32 offset, Int32 size, TimeSpan timeout, Boolean closing)
   --- End of inner exception stack trace ---
   at System.ServiceModel.Channels.SocketConnection.ReadCore(Byte[] buffer, Int32 offset, Int32 size, TimeSpan timeout, Boolean closing)
   at System.ServiceModel.Channels.SocketConnection.Read(Byte[] buffer, Int32 offset, Int32 size, TimeSpan timeout)
   at System.ServiceModel.Channels.DelegatingConnection.Read(Byte[] buffer, Int32 offset, Int32 size, TimeSpan timeout)
   at System.ServiceModel.Channels.ConnectionStream.Read(Byte[] buffer, Int32 offset, Int32 count)
   at System.Net.FixedSizeReader.ReadPacket(Byte[] buffer, Int32 offset, Int32 count)
   at System.Net.Security.NegotiateStream.StartFrameHeader(Byte[] buffer, Int32 offset, Int32 count, AsyncProtocolRequest asyncRequest)
   at System.Net.Security.NegotiateStream.ProcessRead(Byte[] buffer, Int32 offset, Int32 count, AsyncProtocolRequest asyncRequest)
   --- End of inner exception stack trace ---
   at System.Net.Security.NegotiateStream.ProcessRead(Byte[] buffer, Int32 offset, Int32 count, AsyncProtocolRequest asyncRequest)
   at System.Net.Security.NegotiateStream.Read(Byte[] buffer, Int32 offset, Int32 count)
   at System.ServiceModel.Channels.StreamConnection.Read(Byte[] buffer, Int32 offset, Int32 size, TimeSpan timeout)
   --- End of inner exception stack trace ---
   at System.ServiceModel.Channels.StreamConnection.Read(Byte[] buffer, Int32 offset, Int32 size, TimeSpan timeout)
   at System.ServiceModel.Channels.SingletonConnectionReader.Receive(TimeSpan timeout)
   at System.ServiceModel.Channels.StreamedFramingRequestChannel.StreamedFramingRequest.WaitForReply(TimeSpan timeout)
   at System.ServiceModel.Channels.RequestChannel.Request(Message message, TimeSpan timeout)
   --- End of inner exception stack trace ---

Server stack trace: 
   at System.ServiceModel.Channels.RequestChannel.Request(Message message, TimeSpan timeout)
   at System.ServiceModel.Channels.TransactionRequestChannelGeneric`1.Request(Message message, TimeSpan timeout)
   at System.ServiceModel.Dispatcher.RequestChannelBinder.Request(Message message, TimeSpan timeout)
   at System.ServiceModel.Channels.ServiceChannel.Call(String action, Boolean oneway, ProxyOperationRuntime operation, Object[] ins, Object[] outs, TimeSpan timeout)
   at System.ServiceModel.Channels.ServiceChannelProxy.InvokeService(IMethodCallMessage methodCall, ProxyOperationRuntime operation)
   at System.ServiceModel.Channels.ServiceChannelProxy.Invoke(IMessage message)

Exception rethrown at [0]: 
   at A.c22aefe7f39df3d678dba160428b769f4.c0c4ec95a682cbefc208f4f3eb80ff6ad[c5e2460f6ebc534efe90b3230b7797cb4](Func`1 c3c081f340dcdf79e192d50757bce0bee)
   at A.c42ccb3c762729e5c1ed9dd9fb21f7a51.c2a035223c95353a451d486528bb968ce(DateTime ca50651d185b346c217028862887f6062, List`1 c94623007ea3b221db43a7a5c991a9cac, Int32 c27485bd6dedf79f29eccbe33aefab814, DateTime cc0b7aac23bdedea569c99b9f01ab5798, DateTime ca917bd7d663d59239d097b255d937590)
   at Petex.IFM.IVM.VisualWorkflowService.c1c13b709b3df317d725c923928032d5a(c0a78f935034ea252425562b3db1ea988 cc462e40687a776088a0f60dcc4dee4c5, VisualWorkflowResultOptions c97464e7151b310fab45ca8e18c9bbc4d)
2018/09/22 12:15:44.629 INFO  120 A.ca9303324ae27c9d224e829df918b1ee8.c6ae4a85f8bc1eee64ee593e8582f1fd3 - Get a Copy for model file : Deviation Survey Error.vwk folder id : 7 model file id : 1771 recursive at '9/22/2018 5:15:39 PM' ==> Started.
2018/09/22 12:15:45.243 INFO  120 A.ca9303324ae27c9d224e829df918b1ee8.c6ae4a85f8bc1eee64ee593e8582f1fd3 - Get a Copy for model file : Deviation Survey Error.vwk folder id : 7 model file id : 1771 recursive at '9/22/2018 5:15:39 PM' ==> Completed. Took 00:00:00.613
2018/09/22 12:15:58.076 INFO  76 A.ca9303324ae27c9d224e829df918b1ee8.c6ae4a85f8bc1eee64ee593e8582f1fd3 - Get a Copy for model file : ___Clear_Variables.vwk folder id : 7 model file id : 1589 recursive at '9/22/2018 5:15:57 PM' ==> Started.
2018/09/22 12:15:58.677 INFO  76 A.ca9303324ae27c9d224e829df918b1ee8.c6ae4a85f8bc1eee64ee593e8582f1fd3 - Get a Copy for model file : ___Clear_Variables.vwk folder id : 7 model file id : 1589 recursive at '9/22/2018 5:15:57 PM' ==> Completed. Took 00:00:00.600
2018/09/22 12:17:29.814 INFO  117 A.ca9303324ae27c9d224e829df918b1ee8.c6ae4a85f8bc1eee64ee593e8582f1fd3 - Get a Copy for model file : APC Plunger Surveillance HF.vwk folder id : 7 model file id : 1522 recursive at '9/22/2018 5:17:29 PM' ==> Started.
2018/09/22 12:17:30.389 INFO  117 A.ca9303324ae27c9d224e829df918b1ee8.c6ae4a85f8bc1eee64ee593e8582f1fd3 - Get a Copy for model file : APC Plunger Surveillance HF.vwk folder id : 7 model file id : 1522 recursive at '9/22/2018 5:17:29 PM' ==> Completed. Took 00:00:00.574
2018/09/22 12:18:10.655 INFO  104 A.ca9303324ae27c9d224e829df918b1ee8.c6ae4a85f8bc1eee64ee593e8582f1fd3 - Get a Copy for model file : Petroleum Experts IVM Well Builder Data Validator.vwk folder id : 7 model file id : 1773 recursive at '9/22/2018 5:18:10 PM' ==> Started.
2018/09/22 12:18:11.206 INFO  104 A.ca9303324ae27c9d224e829df918b1ee8.c6ae4a85f8bc1eee64ee593e8582f1fd3 - Get a Copy for model file : Petroleum Experts IVM Well Builder Data Validator.vwk folder id : 7 model file id : 1773 recursive at '9/22/2018 5:18:10 PM' ==> Completed. Took 00:00:00.551
2018/09/22 12:20:47.014 ERROR 84 A.cec9e090ae538d190220f059017b75b84.Process - System.TimeoutException: The request channel timed out while waiting for a reply after 00:04:52.6020483. Increase the timeout value passed to the call to Request or increase the SendTimeout value on the Binding. The time allotted to this operation may have been a portion of a longer timeout. ---> System.TimeoutException: The socket transfer timed out after 00:04:59.9950000. You have exceeded the timeout set on your binding. The time allotted to this operation may have been a portion of a longer timeout. ---> System.IO.IOException: The read operation failed, see inner exception. ---> System.TimeoutException: The socket transfer timed out after 00:04:59.9950000. You have exceeded the timeout set on your binding. The time allotted to this operation may have been a portion of a longer timeout. ---> System.Net.Sockets.SocketException: A connection attempt failed because the connected party did not properly respond after a period of time, or established connection failed because connected host has failed to respond
   at System.Net.Sockets.Socket.Receive(Byte[] buffer, Int32 offset, Int32 size, SocketFlags socketFlags)
   at System.ServiceModel.Channels.SocketConnection.ReadCore(Byte[] buffer, Int32 offset, Int32 size, TimeSpan timeout, Boolean closing)
   --- End of inner exception stack trace ---
   at System.ServiceModel.Channels.SocketConnection.ReadCore(Byte[] buffer, Int32 offset, Int32 size, TimeSpan timeout, Boolean closing)
   at System.ServiceModel.Channels.SocketConnection.Read(Byte[] buffer, Int32 offset, Int32 size, TimeSpan timeout)
   at System.ServiceModel.Channels.DelegatingConnection.Read(Byte[] buffer, Int32 offset, Int32 size, TimeSpan timeout)
   at System.ServiceModel.Channels.ConnectionStream.Read(Byte[] buffer, Int32 offset, Int32 count)
   at System.Net.FixedSizeReader.ReadPacket(Byte[] buffer, Int32 offset, Int32 count)
   at System.Net.Security.NegotiateStream.StartFrameHeader(Byte[] buffer, Int32 offset, Int32 count, AsyncProtocolRequest asyncRequest)
   at System.Net.Security.NegotiateStream.ProcessRead(Byte[] buffer, Int32 offset, Int32 count, AsyncProtocolRequest asyncRequest)
   --- End of inner exception stack trace ---
   at System.Net.Security.NegotiateStream.ProcessRead(Byte[] buffer, Int32 offset, Int32 count, AsyncProtocolRequest asyncRequest)
   at System.Net.Security.NegotiateStream.Read(Byte[] buffer, Int32 offset, Int32 count)
   at System.ServiceModel.Channels.StreamConnection.Read(Byte[] buffer, Int32 offset, Int32 size, TimeSpan timeout)
   --- End of inner exception stack trace ---
   at System.ServiceModel.Channels.StreamConnection.Read(Byte[] buffer, Int32 offset, Int32 size, TimeSpan timeout)
   at System.ServiceModel.Channels.SingletonConnectionReader.Receive(TimeSpan timeout)
   at System.ServiceModel.Channels.StreamedFramingRequestChannel.StreamedFramingRequest.WaitForReply(TimeSpan timeout)
   at System.ServiceModel.Channels.RequestChannel.Request(Message message, TimeSpan timeout)
   --- End of inner exception stack trace ---

Server stack trace: 
   at System.ServiceModel.Channels.RequestChannel.Request(Message message, TimeSpan timeout)
   at System.ServiceModel.Channels.TransactionRequestChannelGeneric`1.Request(Message message, TimeSpan timeout)
   at System.ServiceModel.Dispatcher.RequestChannelBinder.Request(Message message, TimeSpan timeout)
   at System.ServiceModel.Channels.ServiceChannel.Call(String action, Boolean oneway, ProxyOperationRuntime operation, Object[] ins, Object[] outs, TimeSpan timeout)
   at System.ServiceModel.Channels.ServiceChannelProxy.InvokeService(IMethodCallMessage methodCall, ProxyOperationRuntime operation)
   at System.ServiceModel.Channels.ServiceChannelProxy.Invoke(IMessage message)

Exception rethrown at [0]: 
   at System.Runtime.Remoting.Proxies.RealProxy.HandleReturnMessage(IMessage reqMsg, IMessage retMsg)
   at System.Runtime.Remoting.Proxies.RealProxy.PrivateInvoke(MessageData& msgData, Int32 type)
   at Petex.Service.RequestProcessor.IWcfStreamResponseProcessor.Process(MessageRequest request)
   at A.cec9e090ae538d190220f059017b75b84.Process(MessageRequest request)
Details:
System.TimeoutException: The request channel timed out while waiting for a reply after 00:04:52.6020483. Increase the timeout value passed to the call to Request or increase the SendTimeout value on the Binding. The time allotted to this operation may have been a portion of a longer timeout. ---> System.TimeoutException: The socket transfer timed out after 00:04:59.9950000. You have exceeded the timeout set on your binding. The time allotted to this operation may have been a portion of a longer timeout. ---> System.IO.IOException: The read operation failed, see inner exception. ---> System.TimeoutException: The socket transfer timed out after 00:04:59.9950000. You have exceeded the timeout set on your binding. The time allotted to this operation may have been a portion of a longer timeout. ---> System.Net.Sockets.SocketException: A connection attempt failed because the connected party did not properly respond after a period of time, or established connection failed because connected host has failed to respond
   at System.Net.Sockets.Socket.Receive(Byte[] buffer, Int32 offset, Int32 size, SocketFlags socketFlags)
   at System.ServiceModel.Channels.SocketConnection.ReadCore(Byte[] buffer, Int32 offset, Int32 size, TimeSpan timeout, Boolean closing)
   --- End of inner exception stack trace ---
   at System.ServiceModel.Channels.SocketConnection.ReadCore(Byte[] buffer, Int32 offset, Int32 size, TimeSpan timeout, Boolean closing)
   at System.ServiceModel.Channels.SocketConnection.Read(Byte[] buffer, Int32 offset, Int32 size, TimeSpan timeout)
   at System.ServiceModel.Channels.DelegatingConnection.Read(Byte[] buffer, Int32 offset, Int32 size, TimeSpan timeout)
   at System.ServiceModel.Channels.ConnectionStream.Read(Byte[] buffer, Int32 offset, Int32 count)
   at System.Net.FixedSizeReader.ReadPacket(Byte[] buffer, Int32 offset, Int32 count)
   at System.Net.Security.NegotiateStream.StartFrameHeader(Byte[] buffer, Int32 offset, Int32 count, AsyncProtocolRequest asyncRequest)
   at System.Net.Security.NegotiateStream.ProcessRead(Byte[] buffer, Int32 offset, Int32 count, AsyncProtocolRequest asyncRequest)
   --- End of inner exception stack trace ---
   at System.Net.Security.NegotiateStream.ProcessRead(Byte[] buffer, Int32 offset, Int32 count, AsyncProtocolRequest asyncRequest)
   at System.Net.Security.NegotiateStream.Read(Byte[] buffer, Int32 offset, Int32 count)
   at System.ServiceModel.Channels.StreamConnection.Read(Byte[] buffer, Int32 offset, Int32 size, TimeSpan timeout)
   --- End of inner exception stack trace ---
   at System.ServiceModel.Channels.StreamConnection.Read(Byte[] buffer, Int32 offset, Int32 size, TimeSpan timeout)
   at System.ServiceModel.Channels.SingletonConnectionReader.Receive(TimeSpan timeout)
   at System.ServiceModel.Channels.StreamedFramingRequestChannel.StreamedFramingRequest.WaitForReply(TimeSpan timeout)
   at System.ServiceModel.Channels.RequestChannel.Request(Message message, TimeSpan timeout)
   --- End of inner exception stack trace ---

Server stack trace: 
   at System.ServiceModel.Channels.RequestChannel.Request(Message message, TimeSpan timeout)
   at System.ServiceModel.Channels.TransactionRequestChannelGeneric`1.Request(Message message, TimeSpan timeout)
   at System.ServiceModel.Dispatcher.RequestChannelBinder.Request(Message message, TimeSpan timeout)
   at System.ServiceModel.Channels.ServiceChannel.Call(String action, Boolean oneway, ProxyOperationRuntime operation, Object[] ins, Object[] outs, TimeSpan timeout)
   at System.ServiceModel.Channels.ServiceChannelProxy.InvokeService(IMethodCallMessage methodCall, ProxyOperationRuntime operation)
   at System.ServiceModel.Channels.ServiceChannelProxy.Invoke(IMessage message)

Exception rethrown at [0]: 
   at System.Runtime.Remoting.Proxies.RealProxy.HandleReturnMessage(IMessage reqMsg, IMessage retMsg)
   at System.Runtime.Remoting.Proxies.RealProxy.PrivateInvoke(MessageData& msgData, Int32 type)
   at Petex.Service.RequestProcessor.IWcfStreamResponseProcessor.Process(MessageRequest request)
   at A.cec9e090ae538d190220f059017b75b84.Process(MessageRequest request)
2018/09/22 12:20:47.016 ERROR 84 A.cec9e090ae538d190220f059017b75b84 (Thread 84) ProcID (36972) - System.TimeoutException: The request channel timed out while waiting for a reply after 00:04:52.6020483. Increase the timeout value passed to the call to Request or increase the SendTimeout value on the Binding. The time allotted to this operation may have been a portion of a longer timeout. ---> System.TimeoutException: The socket transfer timed out after 00:04:59.9950000. You have exceeded the timeout set on your binding. The time allotted to this operation may have been a portion of a longer timeout. ---> System.IO.IOException: The read operation failed, see inner exception. ---> System.TimeoutException: The socket transfer timed out after 00:04:59.9950000. You have exceeded the timeout set on your binding. The time allotted to this operation may have been a portion of a longer timeout. ---> System.Net.Sockets.SocketException: A connection attempt failed because the connected party did not properly respond after a period of time, or established connection failed because connected host has failed to respond
   at System.Net.Sockets.Socket.Receive(Byte[] buffer, Int32 offset, Int32 size, SocketFlags socketFlags)
   at System.ServiceModel.Channels.SocketConnection.ReadCore(Byte[] buffer, Int32 offset, Int32 size, TimeSpan timeout, Boolean closing)
   --- End of inner exception stack trace ---
   at System.ServiceModel.Channels.SocketConnection.ReadCore(Byte[] buffer, Int32 offset, Int32 size, TimeSpan timeout, Boolean closing)
   at System.ServiceModel.Channels.SocketConnection.Read(Byte[] buffer, Int32 offset, Int32 size, TimeSpan timeout)
   at System.ServiceModel.Channels.DelegatingConnection.Read(Byte[] buffer, Int32 offset, Int32 size, TimeSpan timeout)
   at System.ServiceModel.Channels.ConnectionStream.Read(Byte[] buffer, Int32 offset, Int32 count)
   at System.Net.FixedSizeReader.ReadPacket(Byte[] buffer, Int32 offset, Int32 count)
   at System.Net.Security.NegotiateStream.StartFrameHeader(Byte[] buffer, Int32 offset, Int32 count, AsyncProtocolRequest asyncRequest)
   at System.Net.Security.NegotiateStream.ProcessRead(Byte[] buffer, Int32 offset, Int32 count, AsyncProtocolRequest asyncRequest)
   --- End of inner exception stack trace ---
   at System.Net.Security.NegotiateStream.ProcessRead(Byte[] buffer, Int32 offset, Int32 count, AsyncProtocolRequest asyncRequest)
   at System.Net.Security.NegotiateStream.Read(Byte[] buffer, Int32 offset, Int32 count)
   at System.ServiceModel.Channels.StreamConnection.Read(Byte[] buffer, Int32 offset, Int32 size, TimeSpan timeout)
   --- End of inner exception stack trace ---
   at System.ServiceModel.Channels.StreamConnection.Read(Byte[] buffer, Int32 offset, Int32 size, TimeSpan timeout)
   at System.ServiceModel.Channels.SingletonConnectionReader.Receive(TimeSpan timeout)
   at System.ServiceModel.Channels.StreamedFramingRequestChannel.StreamedFramingRequest.WaitForReply(TimeSpan timeout)
   at System.ServiceModel.Channels.RequestChannel.Request(Message message, TimeSpan timeout)
   --- End of inner exception stack trace ---

Server stack trace: 
   at System.ServiceModel.Channels.RequestChannel.Request(Message message, TimeSpan timeout)
   at System.ServiceModel.Channels.TransactionRequestChannelGeneric`1.Request(Message message, TimeSpan timeout)
   at System.ServiceModel.Dispatcher.RequestChannelBinder.Request(Message message, TimeSpan timeout)
   at System.ServiceModel.Channels.ServiceChannel.Call(String action, Boolean oneway, ProxyOperationRuntime operation, Object[] ins, Object[] outs, TimeSpan timeout)
   at System.ServiceModel.Channels.ServiceChannelProxy.InvokeService(IMethodCallMessage methodCall, ProxyOperationRuntime operation)
   at System.ServiceModel.Channels.ServiceChannelProxy.Invoke(IMessage message)

Exception rethrown at [0]: 
   at System.Runtime.Remoting.Proxies.RealProxy.HandleReturnMessage(IMessage reqMsg, IMessage retMsg)
   at System.Runtime.Remoting.Proxies.RealProxy.PrivateInvoke(MessageData& msgData, Int32 type)
   at Petex.Service.RequestProcessor.IWcfStreamResponseProcessor.Process(MessageRequest request)
   at A.cec9e090ae538d190220f059017b75b84.Process(MessageRequest request)

method : Process([Petex.Service.RequestProcessor.MessageRequest] request = Petex.Service.RequestProcessor.MessageRequest)

2018/09/22 12:20:47.018 ERROR 8 Petex.IFM.IVM.VisualWorkflowService.c1c13b709b3df317d725c923928032d5a - An error occurred while getting bulk results.
Details:
System.TimeoutException: The request channel timed out while waiting for a reply after 00:04:52.6020483. Increase the timeout value passed to the call to Request or increase the SendTimeout value on the Binding. The time allotted to this operation may have been a portion of a longer timeout. ---> System.TimeoutException: The socket transfer timed out after 00:04:59.9950000. You have exceeded the timeout set on your binding. The time allotted to this operation may have been a portion of a longer timeout. ---> System.IO.IOException: The read operation failed, see inner exception. ---> System.TimeoutException: The socket transfer timed out after 00:04:59.9950000. You have exceeded the timeout set on your binding. The time allotted to this operation may have been a portion of a longer timeout. ---> System.Net.Sockets.SocketException: A connection attempt failed because the connected party did not properly respond after a period of time, or established connection failed because connected host has failed to respond
   at System.Net.Sockets.Socket.Receive(Byte[] buffer, Int32 offset, Int32 size, SocketFlags socketFlags)
   at System.ServiceModel.Channels.SocketConnection.ReadCore(Byte[] buffer, Int32 offset, Int32 size, TimeSpan timeout, Boolean closing)
   --- End of inner exception stack trace ---
   at System.ServiceModel.Channels.SocketConnection.ReadCore(Byte[] buffer, Int32 offset, Int32 size, TimeSpan timeout, Boolean closing)
   at System.ServiceModel.Channels.SocketConnection.Read(Byte[] buffer, Int32 offset, Int32 size, TimeSpan timeout)
   at System.ServiceModel.Channels.DelegatingConnection.Read(Byte[] buffer, Int32 offset, Int32 size, TimeSpan timeout)
   at System.ServiceModel.Channels.ConnectionStream.Read(Byte[] buffer, Int32 offset, Int32 count)
   at System.Net.FixedSizeReader.ReadPacket(Byte[] buffer, Int32 offset, Int32 count)
   at System.Net.Security.NegotiateStream.StartFrameHeader(Byte[] buffer, Int32 offset, Int32 count, AsyncProtocolRequest asyncRequest)
   at System.Net.Security.NegotiateStream.ProcessRead(Byte[] buffer, Int32 offset, Int32 count, AsyncProtocolRequest asyncRequest)
   --- End of inner exception stack trace ---
   at System.Net.Security.NegotiateStream.ProcessRead(Byte[] buffer, Int32 offset, Int32 count, AsyncProtocolRequest asyncRequest)
   at System.Net.Security.NegotiateStream.Read(Byte[] buffer, Int32 offset, Int32 count)
   at System.ServiceModel.Channels.StreamConnection.Read(Byte[] buffer, Int32 offset, Int32 size, TimeSpan timeout)
   --- End of inner exception stack trace ---
   at System.ServiceModel.Channels.StreamConnection.Read(Byte[] buffer, Int32 offset, Int32 size, TimeSpan timeout)
   at System.ServiceModel.Channels.SingletonConnectionReader.Receive(TimeSpan timeout)
   at System.ServiceModel.Channels.StreamedFramingRequestChannel.StreamedFramingRequest.WaitForReply(TimeSpan timeout)
   at System.ServiceModel.Channels.RequestChannel.Request(Message message, TimeSpan timeout)
   --- End of inner exception stack trace ---

Server stack trace: 
   at System.ServiceModel.Channels.RequestChannel.Request(Message message, TimeSpan timeout)
   at System.ServiceModel.Channels.TransactionRequestChannelGeneric`1.Request(Message message, TimeSpan timeout)
   at System.ServiceModel.Dispatcher.RequestChannelBinder.Request(Message message, TimeSpan timeout)
   at System.ServiceModel.Channels.ServiceChannel.Call(String action, Boolean oneway, ProxyOperationRuntime operation, Object[] ins, Object[] outs, TimeSpan timeout)
   at System.ServiceModel.Channels.ServiceChannelProxy.InvokeService(IMethodCallMessage methodCall, ProxyOperationRuntime operation)
   at System.ServiceModel.Channels.ServiceChannelProxy.Invoke(IMessage message)

Exception rethrown at [0]: 
   at A.c22aefe7f39df3d678dba160428b769f4.c0c4ec95a682cbefc208f4f3eb80ff6ad[c5e2460f6ebc534efe90b3230b7797cb4](Func`1 c3c081f340dcdf79e192d50757bce0bee)
   at A.c42ccb3c762729e5c1ed9dd9fb21f7a51.c2a035223c95353a451d486528bb968ce(DateTime ca50651d185b346c217028862887f6062, List`1 c94623007ea3b221db43a7a5c991a9cac, Int32 c27485bd6dedf79f29eccbe33aefab814, DateTime cc0b7aac23bdedea569c99b9f01ab5798, DateTime ca917bd7d663d59239d097b255d937590)
   at Petex.IFM.IVM.VisualWorkflowService.c1c13b709b3df317d725c923928032d5a(c0a78f935034ea252425562b3db1ea988 cc462e40687a776088a0f60dcc4dee4c5, VisualWorkflowResultOptions c97464e7151b310fab45ca8e18c9bbc4d)
2018/09/22 12:26:59.236 INFO  69 A.ca9303324ae27c9d224e829df918b1ee8.c6ae4a85f8bc1eee64ee593e8582f1fd3 - Get a Copy for model file : APC Production Today Tracker Clear Variables.vwk folder id : 7 model file id : 1602 recursive at '9/22/2018 5:26:58 PM' ==> Started.
2018/09/22 12:26:59.844 INFO  69 A.ca9303324ae27c9d224e829df918b1ee8.c6ae4a85f8bc1eee64ee593e8582f1fd3 - Get a Copy for model file : APC Production Today Tracker Clear Variables.vwk folder id : 7 model file id : 1602 recursive at '9/22/2018 5:26:58 PM' ==> Completed. Took 00:00:00.608
2018/09/22 12:28:30.496 INFO  119 A.ca9303324ae27c9d224e829df918b1ee8.c6ae4a85f8bc1eee64ee593e8582f1fd3 - Get a Copy for model file : APC Production Today Tracker.vwk folder id : 7 model file id : 1591 recursive at '9/22/2018 5:28:30 PM' ==> Started.
2018/09/22 12:28:31.080 INFO  119 A.ca9303324ae27c9d224e829df918b1ee8.c6ae4a85f8bc1eee64ee593e8582f1fd3 - Get a Copy for model file : APC Production Today Tracker.vwk folder id : 7 model file id : 1591 recursive at '9/22/2018 5:28:30 PM' ==> Completed. Took 00:00:00.584
2018/09/22 12:30:28.092 INFO  110 A.ca9303324ae27c9d224e829df918b1ee8.c6ae4a85f8bc1eee64ee593e8582f1fd3 - Get a Copy for model file : APC_Exception_Stats.vwk folder id : 7 model file id : 1530 recursive at '9/22/2018 5:30:27 PM' ==> Started.
2018/09/22 12:30:28.711 INFO  110 A.ca9303324ae27c9d224e829df918b1ee8.c6ae4a85f8bc1eee64ee593e8582f1fd3 - Get a Copy for model file : APC_Exception_Stats.vwk folder id : 7 model file id : 1530 recursive at '9/22/2018 5:30:27 PM' ==> Completed. Took 00:00:00.619
2018/09/22 12:30:29.730 INFO  5 A.ca9303324ae27c9d224e829df918b1ee8.c6ae4a85f8bc1eee64ee593e8582f1fd3 - Get a Copy for model file : Plunger Velocity Thresholds_Ogueri_v2.vwk folder id : 7 model file id : 2025 recursive at '9/22/2018 5:30:29 PM' ==> Started.
2018/09/22 12:30:30.322 INFO  5 A.ca9303324ae27c9d224e829df918b1ee8.c6ae4a85f8bc1eee64ee593e8582f1fd3 - Get a Copy for model file : Plunger Velocity Thresholds_Ogueri_v2.vwk folder id : 7 model file id : 2025 recursive at '9/22/2018 5:30:29 PM' ==> Completed. Took 00:00:00.592
2018/09/22 12:32:58.426 INFO  55 A.ca9303324ae27c9d224e829df918b1ee8.c6ae4a85f8bc1eee64ee593e8582f1fd3 - Get a Copy for model file : APC Latch Valve Failure Tracker.vwk folder id : 7 model file id : 1525 recursive at '9/22/2018 5:32:57 PM' ==> Started.
2018/09/22 12:32:59.015 INFO  55 A.ca9303324ae27c9d224e829df918b1ee8.c6ae4a85f8bc1eee64ee593e8582f1fd3 - Get a Copy for model file : APC Latch Valve Failure Tracker.vwk folder id : 7 model file id : 1525 recursive at '9/22/2018 5:32:57 PM' ==> Completed. Took 00:00:00.589
2018/09/22 12:35:11.885 INFO  121 A.ca9303324ae27c9d224e829df918b1ee8.c6ae4a85f8bc1eee64ee593e8582f1fd3 - Get a Copy for model file : APC_Coriolis_Surveillance_Analysis.vwk folder id : 7 model file id : 1531 recursive at '9/22/2018 5:35:11 PM' ==> Started.
2018/09/22 12:35:12.521 INFO  121 A.ca9303324ae27c9d224e829df918b1ee8.c6ae4a85f8bc1eee64ee593e8582f1fd3 - Get a Copy for model file : APC_Coriolis_Surveillance_Analysis.vwk folder id : 7 model file id : 1531 recursive at '9/22/2018 5:35:11 PM' ==> Completed. Took 00:00:00.635
2018/09/22 12:35:57.748 INFO  121 A.ca9303324ae27c9d224e829df918b1ee8.c6ae4a85f8bc1eee64ee593e8582f1fd3 - Get a Copy for model file : APC_Delete Flow Period2.vwk folder id : 7 model file id : 1532 recursive at '9/22/2018 5:35:57 PM' ==> Started.
2018/09/22 12:35:58.451 INFO  121 A.ca9303324ae27c9d224e829df918b1ee8.c6ae4a85f8bc1eee64ee593e8582f1fd3 - Get a Copy for model file : APC_Delete Flow Period2.vwk folder id : 7 model file id : 1532 recursive at '9/22/2018 5:35:57 PM' ==> Completed. Took 00:00:00.702
2018/09/22 12:36:45.918 INFO  128 A.ca9303324ae27c9d224e829df918b1ee8.c6ae4a85f8bc1eee64ee593e8582f1fd3 - Get a Copy for model file : APC_Flow_Period_Calc2.vwk folder id : 7 model file id : 1598 recursive at '9/22/2018 5:36:45 PM' ==> Started.
2018/09/22 12:36:46.464 INFO  128 A.ca9303324ae27c9d224e829df918b1ee8.c6ae4a85f8bc1eee64ee593e8582f1fd3 - Get a Copy for model file : APC_Flow_Period_Calc2.vwk folder id : 7 model file id : 1598 recursive at '9/22/2018 5:36:45 PM' ==> Completed. Took 00:00:00.546
2018/09/22 12:37:17.640 INFO  58 A.ca9303324ae27c9d224e829df918b1ee8.c6ae4a85f8bc1eee64ee593e8582f1fd3 - Get a Copy for model file : APC Valve Open No Flow.vwk folder id : 7 model file id : 1527 recursive at '9/22/2018 5:37:17 PM' ==> Started.
2018/09/22 12:37:18.229 INFO  58 A.ca9303324ae27c9d224e829df918b1ee8.c6ae4a85f8bc1eee64ee593e8582f1fd3 - Get a Copy for model file : APC Valve Open No Flow.vwk folder id : 7 model file id : 1527 recursive at '9/22/2018 5:37:17 PM' ==> Completed. Took 00:00:00.589
2018/09/22 12:43:20.564 INFO  90 A.ca9303324ae27c9d224e829df918b1ee8.c6ae4a85f8bc1eee64ee593e8582f1fd3 - Get a Copy for model file : APC HF Production Roll Up.vwk folder id : 7 model file id : 1606 recursive at '9/22/2018 5:43:13 PM' ==> Started.
2018/09/22 12:43:21.180 INFO  90 A.ca9303324ae27c9d224e829df918b1ee8.c6ae4a85f8bc1eee64ee593e8582f1fd3 - Get a Copy for model file : APC HF Production Roll Up.vwk folder id : 7 model file id : 1606 recursive at '9/22/2018 5:43:13 PM' ==> Completed. Took 00:00:00.615
2018/09/22 12:45:23.717 INFO  65 A.ca9303324ae27c9d224e829df918b1ee8.c6ae4a85f8bc1eee64ee593e8582f1fd3 - Get a Copy for model file : APC MV Times.vwk folder id : 7 model file id : 1533 recursive at '9/22/2018 5:45:23 PM' ==> Started.
2018/09/22 12:45:24.266 INFO  65 A.ca9303324ae27c9d224e829df918b1ee8.c6ae4a85f8bc1eee64ee593e8582f1fd3 - Get a Copy for model file : APC MV Times.vwk folder id : 7 model file id : 1533 recursive at '9/22/2018 5:45:23 PM' ==> Completed. Took 00:00:00.549
2018/09/22 12:45:59.818 INFO  119 A.ca9303324ae27c9d224e829df918b1ee8.c6ae4a85f8bc1eee64ee593e8582f1fd3 - Get a Copy for model file : APC Line Pressure Surveillance.vwk folder id : 7 model file id : 3221 recursive at '9/22/2018 5:45:59 PM' ==> Started.
2018/09/22 12:46:00.482 INFO  119 A.ca9303324ae27c9d224e829df918b1ee8.c6ae4a85f8bc1eee64ee593e8582f1fd3 - Get a Copy for model file : APC Line Pressure Surveillance.vwk folder id : 7 model file id : 3221 recursive at '9/22/2018 5:45:59 PM' ==> Completed. Took 00:00:00.664
2018/09/22 12:51:51.437 INFO  61 A.ca9303324ae27c9d224e829df918b1ee8.c6ae4a85f8bc1eee64ee593e8582f1fd3 - Get a Copy for model file : APC Output Production Today Projections.vwk folder id : 7 model file id : 1637 recursive at '9/22/2018 5:51:50 PM' ==> Started.
2018/09/22 12:51:52.011 INFO  61 A.ca9303324ae27c9d224e829df918b1ee8.c6ae4a85f8bc1eee64ee593e8582f1fd3 - Get a Copy for model file : APC Output Production Today Projections.vwk folder id : 7 model file id : 1637 recursive at '9/22/2018 5:51:50 PM' ==> Completed. Took 00:00:00.573
2018/09/22 12:51:57.176 INFO  60 A.ca9303324ae27c9d224e829df918b1ee8.c6ae4a85f8bc1eee64ee593e8582f1fd3 - Get a Copy for model file : APC Line Pressure Surveillance Gas Sales Pressure.vwk folder id : 7 model file id : 3375 recursive at '9/22/2018 5:51:55 PM' ==> Started.
2018/09/22 12:51:57.809 INFO  60 A.ca9303324ae27c9d224e829df918b1ee8.c6ae4a85f8bc1eee64ee593e8582f1fd3 - Get a Copy for model file : APC Line Pressure Surveillance Gas Sales Pressure.vwk folder id : 7 model file id : 3375 recursive at '9/22/2018 5:51:55 PM' ==> Completed. Took 00:00:00.633
2018/09/22 12:54:28.530 INFO  121 A.ca9303324ae27c9d224e829df918b1ee8.c6ae4a85f8bc1eee64ee593e8582f1fd3 - Get a Copy for model file : APC Production Tracker Roll Up - Micro.vwk folder id : 7 model file id : 1981 recursive at '9/22/2018 5:54:27 PM' ==> Started.
2018/09/22 12:54:29.130 INFO  121 A.ca9303324ae27c9d224e829df918b1ee8.c6ae4a85f8bc1eee64ee593e8582f1fd3 - Get a Copy for model file : APC Production Tracker Roll Up - Micro.vwk folder id : 7 model file id : 1981 recursive at '9/22/2018 5:54:27 PM' ==> Completed. Took 00:00:00.600
2018/09/22 12:56:13.994 INFO  131 A.ca9303324ae27c9d224e829df918b1ee8.c6ae4a85f8bc1eee64ee593e8582f1fd3 - Get a Copy for model file : APC Stacked Data Points Creator.vwk folder id : 7 model file id : 1985 recursive at '9/22/2018 5:56:13 PM' ==> Started.
2018/09/22 12:56:14.614 INFO  131 A.ca9303324ae27c9d224e829df918b1ee8.c6ae4a85f8bc1eee64ee593e8582f1fd3 - Get a Copy for model file : APC Stacked Data Points Creator.vwk folder id : 7 model file id : 1985 recursive at '9/22/2018 5:56:13 PM' ==> Completed. Took 00:00:00.620
2018/09/22 13:10:24.106 INFO  95 A.ca9303324ae27c9d224e829df918b1ee8.c6ae4a85f8bc1eee64ee593e8582f1fd3 - Get a Copy for model file : APC Negative Oil Rate Flag.vwk folder id : 7 model file id : 1772 recursive at '9/22/2018 6:10:22 PM' ==> Started.
2018/09/22 13:10:24.712 INFO  95 A.ca9303324ae27c9d224e829df918b1ee8.c6ae4a85f8bc1eee64ee593e8582f1fd3 - Get a Copy for model file : APC Negative Oil Rate Flag.vwk folder id : 7 model file id : 1772 recursive at '9/22/2018 6:10:22 PM' ==> Completed. Took 00:00:00.606
2018/09/22 13:24:50.832 INFO  104 A.ca9303324ae27c9d224e829df918b1ee8.c6ae4a85f8bc1eee64ee593e8582f1fd3 - Get a Copy for model file : APC Choke Schedule Backfill.vwk folder id : 7 model file id : 2288 recursive at '9/22/2018 6:24:50 PM' ==> Started.
2018/09/22 13:24:51.422 INFO  104 A.ca9303324ae27c9d224e829df918b1ee8.c6ae4a85f8bc1eee64ee593e8582f1fd3 - Get a Copy for model file : APC Choke Schedule Backfill.vwk folder id : 7 model file id : 2288 recursive at '9/22/2018 6:24:50 PM' ==> Completed. Took 00:00:00.590
2018/09/22 13:28:58.056 INFO  56 A.ca9303324ae27c9d224e829df918b1ee8.c6ae4a85f8bc1eee64ee593e8582f1fd3 - Get a Copy for model file : APC Choke Surveillance.vwk folder id : 7 model file id : 3164 recursive at '9/22/2018 6:28:57 PM' ==> Started.
2018/09/22 13:28:58.611 INFO  56 A.ca9303324ae27c9d224e829df918b1ee8.c6ae4a85f8bc1eee64ee593e8582f1fd3 - Get a Copy for model file : APC Choke Surveillance.vwk folder id : 7 model file id : 3164 recursive at '9/22/2018 6:28:57 PM' ==> Completed. Took 00:00:00.555
2018/09/22 13:30:26.090 INFO  54 A.ca9303324ae27c9d224e829df918b1ee8.c6ae4a85f8bc1eee64ee593e8582f1fd3 - Get a Copy for model file : APC_Recalc_Coriolis_Stats.vwk folder id : 7 model file id : 1536 recursive at '9/22/2018 6:30:25 PM' ==> Started.
2018/09/22 13:30:26.660 INFO  54 A.ca9303324ae27c9d224e829df918b1ee8.c6ae4a85f8bc1eee64ee593e8582f1fd3 - Get a Copy for model file : APC_Recalc_Coriolis_Stats.vwk folder id : 7 model file id : 1536 recursive at '9/22/2018 6:30:25 PM' ==> Completed. Took 00:00:00.570
2018/09/22 13:50:57.474 INFO  55 A.ca9303324ae27c9d224e829df918b1ee8.c6ae4a85f8bc1eee64ee593e8582f1fd3 - Get a Copy for model file : APC Surveillance Data Backfill.vwk folder id : 7 model file id : 2210 recursive at '9/22/2018 6:50:55 PM' ==> Started.
2018/09/22 13:50:58.069 INFO  55 A.ca9303324ae27c9d224e829df918b1ee8.c6ae4a85f8bc1eee64ee593e8582f1fd3 - Get a Copy for model file : APC Surveillance Data Backfill.vwk folder id : 7 model file id : 2210 recursive at '9/22/2018 6:50:55 PM' ==> Completed. Took 00:00:00.595
2018/09/22 23:00:07.186 INFO  118 A.ca9303324ae27c9d224e829df918b1ee8.c6ae4a85f8bc1eee64ee593e8582f1fd3 - Get a Copy for model file : APC Reset Exception Acknowledgements.vwk folder id : 7 model file id : 1537 recursive at '9/23/2018 4:00:06 AM' ==> Started.
2018/09/22 23:00:07.834 INFO  118 A.ca9303324ae27c9d224e829df918b1ee8.c6ae4a85f8bc1eee64ee593e8582f1fd3 - Get a Copy for model file : APC Reset Exception Acknowledgements.vwk folder id : 7 model file id : 1537 recursive at '9/23/2018 4:00:06 AM' ==> Completed. Took 00:00:00.648
2018/09/22 23:26:09.985 INFO  87 A.cdc551499db0039f956e1d0666bfd1504.ca3aa6b2f13c2c1bc9c646f6abf33ed07 - Changing service from :0 to HOUMSEOSIFM007:8787
2018/09/22 23:31:18.562 ERROR 64 A.cec9e090ae538d190220f059017b75b84.Process - System.TimeoutException: The request channel timed out while waiting for a reply after 00:04:55.1169993. Increase the timeout value passed to the call to Request or increase the SendTimeout value on the Binding. The time allotted to this operation may have been a portion of a longer timeout. ---> System.TimeoutException: The socket transfer timed out after 00:04:59.9950000. You have exceeded the timeout set on your binding. The time allotted to this operation may have been a portion of a longer timeout. ---> System.IO.IOException: The read operation failed, see inner exception. ---> System.TimeoutException: The socket transfer timed out after 00:04:59.9950000. You have exceeded the timeout set on your binding. The time allotted to this operation may have been a portion of a longer timeout. ---> System.Net.Sockets.SocketException: A connection attempt failed because the connected party did not properly respond after a period of time, or established connection failed because connected host has failed to respond
   at System.Net.Sockets.Socket.Receive(Byte[] buffer, Int32 offset, Int32 size, SocketFlags socketFlags)
   at System.ServiceModel.Channels.SocketConnection.ReadCore(Byte[] buffer, Int32 offset, Int32 size, TimeSpan timeout, Boolean closing)
   --- End of inner exception stack trace ---
   at System.ServiceModel.Channels.SocketConnection.ReadCore(Byte[] buffer, Int32 offset, Int32 size, TimeSpan timeout, Boolean closing)
   at System.ServiceModel.Channels.SocketConnection.Read(Byte[] buffer, Int32 offset, Int32 size, TimeSpan timeout)
   at System.ServiceModel.Channels.DelegatingConnection.Read(Byte[] buffer, Int32 offset, Int32 size, TimeSpan timeout)
   at System.ServiceModel.Channels.ConnectionStream.Read(Byte[] buffer, Int32 offset, Int32 count)
   at System.Net.FixedSizeReader.ReadPacket(Byte[] buffer, Int32 offset, Int32 count)
   at System.Net.Security.NegotiateStream.StartFrameHeader(Byte[] buffer, Int32 offset, Int32 count, AsyncProtocolRequest asyncRequest)
   at System.Net.Security.NegotiateStream.ProcessRead(Byte[] buffer, Int32 offset, Int32 count, AsyncProtocolRequest asyncRequest)
   --- End of inner exception stack trace ---
   at System.Net.Security.NegotiateStream.ProcessRead(Byte[] buffer, Int32 offset, Int32 count, AsyncProtocolRequest asyncRequest)
   at System.Net.Security.NegotiateStream.Read(Byte[] buffer, Int32 offset, Int32 count)
   at System.ServiceModel.Channels.StreamConnection.Read(Byte[] buffer, Int32 offset, Int32 size, TimeSpan timeout)
   --- End of inner exception stack trace ---
   at System.ServiceModel.Channels.StreamConnection.Read(Byte[] buffer, Int32 offset, Int32 size, TimeSpan timeout)
   at System.ServiceModel.Channels.SingletonConnectionReader.Receive(TimeSpan timeout)
   at System.ServiceModel.Channels.StreamedFramingRequestChannel.StreamedFramingRequest.WaitForReply(TimeSpan timeout)
   at System.ServiceModel.Channels.RequestChannel.Request(Message message, TimeSpan timeout)
   --- End of inner exception stack trace ---

Server stack trace: 
   at System.ServiceModel.Channels.RequestChannel.Request(Message message, TimeSpan timeout)
   at System.ServiceModel.Channels.TransactionRequestChannelGeneric`1.Request(Message message, TimeSpan timeout)
   at System.ServiceModel.Dispatcher.RequestChannelBinder.Request(Message message, TimeSpan timeout)
   at System.ServiceModel.Channels.ServiceChannel.Call(String action, Boolean oneway, ProxyOperationRuntime operation, Object[] ins, Object[] outs, TimeSpan timeout)
   at System.ServiceModel.Channels.ServiceChannelProxy.InvokeService(IMethodCallMessage methodCall, ProxyOperationRuntime operation)
   at System.ServiceModel.Channels.ServiceChannelProxy.Invoke(IMessage message)

Exception rethrown at [0]: 
   at System.Runtime.Remoting.Proxies.RealProxy.HandleReturnMessage(IMessage reqMsg, IMessage retMsg)
   at System.Runtime.Remoting.Proxies.RealProxy.PrivateInvoke(MessageData& msgData, Int32 type)
   at Petex.Service.RequestProcessor.IWcfStreamResponseProcessor.Process(MessageRequest request)
   at A.cec9e090ae538d190220f059017b75b84.Process(MessageRequest request)
Details:
System.TimeoutException: The request channel timed out while waiting for a reply after 00:04:55.1169993. Increase the timeout value passed to the call to Request or increase the SendTimeout value on the Binding. The time allotted to this operation may have been a portion of a longer timeout. ---> System.TimeoutException: The socket transfer timed out after 00:04:59.9950000. You have exceeded the timeout set on your binding. The time allotted to this operation may have been a portion of a longer timeout. ---> System.IO.IOException: The read operation failed, see inner exception. ---> System.TimeoutException: The socket transfer timed out after 00:04:59.9950000. You have exceeded the timeout set on your binding. The time allotted to this operation may have been a portion of a longer timeout. ---> System.Net.Sockets.SocketException: A connection attempt failed because the connected party did not properly respond after a period of time, or established connection failed because connected host has failed to respond
   at System.Net.Sockets.Socket.Receive(Byte[] buffer, Int32 offset, Int32 size, SocketFlags socketFlags)
   at System.ServiceModel.Channels.SocketConnection.ReadCore(Byte[] buffer, Int32 offset, Int32 size, TimeSpan timeout, Boolean closing)
   --- End of inner exception stack trace ---
   at System.ServiceModel.Channels.SocketConnection.ReadCore(Byte[] buffer, Int32 offset, Int32 size, TimeSpan timeout, Boolean closing)
   at System.ServiceModel.Channels.SocketConnection.Read(Byte[] buffer, Int32 offset, Int32 size, TimeSpan timeout)
   at System.ServiceModel.Channels.DelegatingConnection.Read(Byte[] buffer, Int32 offset, Int32 size, TimeSpan timeout)
   at System.ServiceModel.Channels.ConnectionStream.Read(Byte[] buffer, Int32 offset, Int32 count)
   at System.Net.FixedSizeReader.ReadPacket(Byte[] buffer, Int32 offset, Int32 count)
   at System.Net.Security.NegotiateStream.StartFrameHeader(Byte[] buffer, Int32 offset, Int32 count, AsyncProtocolRequest asyncRequest)
   at System.Net.Security.NegotiateStream.ProcessRead(Byte[] buffer, Int32 offset, Int32 count, AsyncProtocolRequest asyncRequest)
   --- End of inner exception stack trace ---
   at System.Net.Security.NegotiateStream.ProcessRead(Byte[] buffer, Int32 offset, Int32 count, AsyncProtocolRequest asyncRequest)
   at System.Net.Security.NegotiateStream.Read(Byte[] buffer, Int32 offset, Int32 count)
   at System.ServiceModel.Channels.StreamConnection.Read(Byte[] buffer, Int32 offset, Int32 size, TimeSpan timeout)
   --- End of inner exception stack trace ---
   at System.ServiceModel.Channels.StreamConnection.Read(Byte[] buffer, Int32 offset, Int32 size, TimeSpan timeout)
   at System.ServiceModel.Channels.SingletonConnectionReader.Receive(TimeSpan timeout)
   at System.ServiceModel.Channels.StreamedFramingRequestChannel.StreamedFramingRequest.WaitForReply(TimeSpan timeout)
   at System.ServiceModel.Channels.RequestChannel.Request(Message message, TimeSpan timeout)
   --- End of inner exception stack trace ---

Server stack trace: 
   at System.ServiceModel.Channels.RequestChannel.Request(Message message, TimeSpan timeout)
   at System.ServiceModel.Channels.TransactionRequestChannelGeneric`1.Request(Message message, TimeSpan timeout)
   at System.ServiceModel.Dispatcher.RequestChannelBinder.Request(Message message, TimeSpan timeout)
   at System.ServiceModel.Channels.ServiceChannel.Call(String action, Boolean oneway, ProxyOperationRuntime operation, Object[] ins, Object[] outs, TimeSpan timeout)
   at System.ServiceModel.Channels.ServiceChannelProxy.InvokeService(IMethodCallMessage methodCall, ProxyOperationRuntime operation)
   at System.ServiceModel.Channels.ServiceChannelProxy.Invoke(IMessage message)

Exception rethrown at [0]: 
   at System.Runtime.Remoting.Proxies.RealProxy.HandleReturnMessage(IMessage reqMsg, IMessage retMsg)
   at System.Runtime.Remoting.Proxies.RealProxy.PrivateInvoke(MessageData& msgData, Int32 type)
   at Petex.Service.RequestProcessor.IWcfStreamResponseProcessor.Process(MessageRequest request)
   at A.cec9e090ae538d190220f059017b75b84.Process(MessageRequest request)
2018/09/22 23:31:18.565 ERROR 64 A.cec9e090ae538d190220f059017b75b84 (Thread 64) ProcID (36972) - System.TimeoutException: The request channel timed out while waiting for a reply after 00:04:55.1169993. Increase the timeout value passed to the call to Request or increase the SendTimeout value on the Binding. The time allotted to this operation may have been a portion of a longer timeout. ---> System.TimeoutException: The socket transfer timed out after 00:04:59.9950000. You have exceeded the timeout set on your binding. The time allotted to this operation may have been a portion of a longer timeout. ---> System.IO.IOException: The read operation failed, see inner exception. ---> System.TimeoutException: The socket transfer timed out after 00:04:59.9950000. You have exceeded the timeout set on your binding. The time allotted to this operation may have been a portion of a longer timeout. ---> System.Net.Sockets.SocketException: A connection attempt failed because the connected party did not properly respond after a period of time, or established connection failed because connected host has failed to respond
   at System.Net.Sockets.Socket.Receive(Byte[] buffer, Int32 offset, Int32 size, SocketFlags socketFlags)
   at System.ServiceModel.Channels.SocketConnection.ReadCore(Byte[] buffer, Int32 offset, Int32 size, TimeSpan timeout, Boolean closing)
   --- End of inner exception stack trace ---
   at System.ServiceModel.Channels.SocketConnection.ReadCore(Byte[] buffer, Int32 offset, Int32 size, TimeSpan timeout, Boolean closing)
   at System.ServiceModel.Channels.SocketConnection.Read(Byte[] buffer, Int32 offset, Int32 size, TimeSpan timeout)
   at System.ServiceModel.Channels.DelegatingConnection.Read(Byte[] buffer, Int32 offset, Int32 size, TimeSpan timeout)
   at System.ServiceModel.Channels.ConnectionStream.Read(Byte[] buffer, Int32 offset, Int32 count)
   at System.Net.FixedSizeReader.ReadPacket(Byte[] buffer, Int32 offset, Int32 count)
   at System.Net.Security.NegotiateStream.StartFrameHeader(Byte[] buffer, Int32 offset, Int32 count, AsyncProtocolRequest asyncRequest)
   at System.Net.Security.NegotiateStream.ProcessRead(Byte[] buffer, Int32 offset, Int32 count, AsyncProtocolRequest asyncRequest)
   --- End of inner exception stack trace ---
   at System.Net.Security.NegotiateStream.ProcessRead(Byte[] buffer, Int32 offset, Int32 count, AsyncProtocolRequest asyncRequest)
   at System.Net.Security.NegotiateStream.Read(Byte[] buffer, Int32 offset, Int32 count)
   at System.ServiceModel.Channels.StreamConnection.Read(Byte[] buffer, Int32 offset, Int32 size, TimeSpan timeout)
   --- End of inner exception stack trace ---
   at System.ServiceModel.Channels.StreamConnection.Read(Byte[] buffer, Int32 offset, Int32 size, TimeSpan timeout)
   at System.ServiceModel.Channels.SingletonConnectionReader.Receive(TimeSpan timeout)
   at System.ServiceModel.Channels.StreamedFramingRequestChannel.StreamedFramingRequest.WaitForReply(TimeSpan timeout)
   at System.ServiceModel.Channels.RequestChannel.Request(Message message, TimeSpan timeout)
   --- End of inner exception stack trace ---

Server stack trace: 
   at System.ServiceModel.Channels.RequestChannel.Request(Message message, TimeSpan timeout)
   at System.ServiceModel.Channels.TransactionRequestChannelGeneric`1.Request(Message message, TimeSpan timeout)
   at System.ServiceModel.Dispatcher.RequestChannelBinder.Request(Message message, TimeSpan timeout)
   at System.ServiceModel.Channels.ServiceChannel.Call(String action, Boolean oneway, ProxyOperationRuntime operation, Object[] ins, Object[] outs, TimeSpan timeout)
   at System.ServiceModel.Channels.ServiceChannelProxy.InvokeService(IMethodCallMessage methodCall, ProxyOperationRuntime operation)
   at System.ServiceModel.Channels.ServiceChannelProxy.Invoke(IMessage message)

Exception rethrown at [0]: 
   at System.Runtime.Remoting.Proxies.RealProxy.HandleReturnMessage(IMessage reqMsg, IMessage retMsg)
   at System.Runtime.Remoting.Proxies.RealProxy.PrivateInvoke(MessageData& msgData, Int32 type)
   at Petex.Service.RequestProcessor.IWcfStreamResponseProcessor.Process(MessageRequest request)
   at A.cec9e090ae538d190220f059017b75b84.Process(MessageRequest request)

method : Process([Petex.Service.RequestProcessor.MessageRequest] request = Petex.Service.RequestProcessor.MessageRequest)

2018/09/22 23:31:18.567 ERROR 83 Petex.IFM.IVM.VisualWorkflowService.c1c13b709b3df317d725c923928032d5a - An error occurred while getting bulk results.
Details:
System.TimeoutException: The request channel timed out while waiting for a reply after 00:04:55.1169993. Increase the timeout value passed to the call to Request or increase the SendTimeout value on the Binding. The time allotted to this operation may have been a portion of a longer timeout. ---> System.TimeoutException: The socket transfer timed out after 00:04:59.9950000. You have exceeded the timeout set on your binding. The time allotted to this operation may have been a portion of a longer timeout. ---> System.IO.IOException: The read operation failed, see inner exception. ---> System.TimeoutException: The socket transfer timed out after 00:04:59.9950000. You have exceeded the timeout set on your binding. The time allotted to this operation may have been a portion of a longer timeout. ---> System.Net.Sockets.SocketException: A connection attempt failed because the connected party did not properly respond after a period of time, or established connection failed because connected host has failed to respond
   at System.Net.Sockets.Socket.Receive(Byte[] buffer, Int32 offset, Int32 size, SocketFlags socketFlags)
   at System.ServiceModel.Channels.SocketConnection.ReadCore(Byte[] buffer, Int32 offset, Int32 size, TimeSpan timeout, Boolean closing)
   --- End of inner exception stack trace ---
   at System.ServiceModel.Channels.SocketConnection.ReadCore(Byte[] buffer, Int32 offset, Int32 size, TimeSpan timeout, Boolean closing)
   at System.ServiceModel.Channels.SocketConnection.Read(Byte[] buffer, Int32 offset, Int32 size, TimeSpan timeout)
   at System.ServiceModel.Channels.DelegatingConnection.Read(Byte[] buffer, Int32 offset, Int32 size, TimeSpan timeout)
   at System.ServiceModel.Channels.ConnectionStream.Read(Byte[] buffer, Int32 offset, Int32 count)
   at System.Net.FixedSizeReader.ReadPacket(Byte[] buffer, Int32 offset, Int32 count)
   at System.Net.Security.NegotiateStream.StartFrameHeader(Byte[] buffer, Int32 offset, Int32 count, AsyncProtocolRequest asyncRequest)
   at System.Net.Security.NegotiateStream.ProcessRead(Byte[] buffer, Int32 offset, Int32 count, AsyncProtocolRequest asyncRequest)
   --- End of inner exception stack trace ---
   at System.Net.Security.NegotiateStream.ProcessRead(Byte[] buffer, Int32 offset, Int32 count, AsyncProtocolRequest asyncRequest)
   at System.Net.Security.NegotiateStream.Read(Byte[] buffer, Int32 offset, Int32 count)
   at System.ServiceModel.Channels.StreamConnection.Read(Byte[] buffer, Int32 offset, Int32 size, TimeSpan timeout)
   --- End of inner exception stack trace ---
   at System.ServiceModel.Channels.StreamConnection.Read(Byte[] buffer, Int32 offset, Int32 size, TimeSpan timeout)
   at System.ServiceModel.Channels.SingletonConnectionReader.Receive(TimeSpan timeout)
   at System.ServiceModel.Channels.StreamedFramingRequestChannel.StreamedFramingRequest.WaitForReply(TimeSpan timeout)
   at System.ServiceModel.Channels.RequestChannel.Request(Message message, TimeSpan timeout)
   --- End of inner exception stack trace ---

Server stack trace: 
   at System.ServiceModel.Channels.RequestChannel.Request(Message message, TimeSpan timeout)
   at System.ServiceModel.Channels.TransactionRequestChannelGeneric`1.Request(Message message, TimeSpan timeout)
   at System.ServiceModel.Dispatcher.RequestChannelBinder.Request(Message message, TimeSpan timeout)
   at System.ServiceModel.Channels.ServiceChannel.Call(String action, Boolean oneway, ProxyOperationRuntime operation, Object[] ins, Object[] outs, TimeSpan timeout)
   at System.ServiceModel.Channels.ServiceChannelProxy.InvokeService(IMethodCallMessage methodCall, ProxyOperationRuntime operation)
   at System.ServiceModel.Channels.ServiceChannelProxy.Invoke(IMessage message)

Exception rethrown at [0]: 
   at A.c22aefe7f39df3d678dba160428b769f4.c0c4ec95a682cbefc208f4f3eb80ff6ad[c5e2460f6ebc534efe90b3230b7797cb4](Func`1 c3c081f340dcdf79e192d50757bce0bee)
   at A.c42ccb3c762729e5c1ed9dd9fb21f7a51.c2a035223c95353a451d486528bb968ce(DateTime ca50651d185b346c217028862887f6062, List`1 c94623007ea3b221db43a7a5c991a9cac, Int32 c27485bd6dedf79f29eccbe33aefab814, DateTime cc0b7aac23bdedea569c99b9f01ab5798, DateTime ca917bd7d663d59239d097b255d937590)
   at Petex.IFM.IVM.VisualWorkflowService.c1c13b709b3df317d725c923928032d5a(c0a78f935034ea252425562b3db1ea988 cc462e40687a776088a0f60dcc4dee4c5, VisualWorkflowResultOptions c97464e7151b310fab45ca8e18c9bbc4d)
2018/09/22 23:35:32.615 INFO  90 A.cdc551499db0039f956e1d0666bfd1504.ca3aa6b2f13c2c1bc9c646f6abf33ed07 - Changing service from :0 to HOUMSEOSIFM007:8787
2018/09/22 23:35:32.719 INFO  131 A.cdc551499db0039f956e1d0666bfd1504.ca3aa6b2f13c2c1bc9c646f6abf33ed07 - Changing service from :0 to HOUMSEOSIFM007:8787
2018/09/22 23:35:34.045 INFO  118 A.cdc551499db0039f956e1d0666bfd1504.ca3aa6b2f13c2c1bc9c646f6abf33ed07 - Changing service from :0 to HOUMSEOSIFM007:8787
2018/09/22 23:38:32.819 INFO  74 A.cdc551499db0039f956e1d0666bfd1504.ca3aa6b2f13c2c1bc9c646f6abf33ed07 - Changing service from :0 to HOUMSEOSIFM007:8787
2018/09/22 23:42:39.731 INFO  72 A.cdc551499db0039f956e1d0666bfd1504.ca3aa6b2f13c2c1bc9c646f6abf33ed07 - Changing service from :0 to HOUMSEOSIFM007:8787
2018/09/22 23:44:09.765 INFO  134 A.cdc551499db0039f956e1d0666bfd1504.ca3aa6b2f13c2c1bc9c646f6abf33ed07 - Changing service from :0 to HOUMSEOSIFM007:8787
2018/09/22 23:45:40.078 INFO  80 A.cdc551499db0039f956e1d0666bfd1504.ca3aa6b2f13c2c1bc9c646f6abf33ed07 - Changing service from :0 to HOUMSEOSIFM007:8787
2018/09/22 23:47:40.078 INFO  5 A.cdc551499db0039f956e1d0666bfd1504.ca3aa6b2f13c2c1bc9c646f6abf33ed07 - Changing service from :0 to HOUMSEOSIFM007:8787
2018/09/22 23:49:40.057 INFO  73 A.cdc551499db0039f956e1d0666bfd1504.ca3aa6b2f13c2c1bc9c646f6abf33ed07 - Changing service from :0 to HOUMSEOSIFM007:8787
2018/09/22 23:52:10.100 INFO  74 A.cdc551499db0039f956e1d0666bfd1504.ca3aa6b2f13c2c1bc9c646f6abf33ed07 - Changing service from :0 to HOUMSEOSIFM007:8787
2018/09/22 23:55:10.097 INFO  122 A.cdc551499db0039f956e1d0666bfd1504.ca3aa6b2f13c2c1bc9c646f6abf33ed07 - Changing service from :0 to HOUMSEOSIFM007:8787
2018/09/22 23:57:10.109 INFO  134 A.cdc551499db0039f956e1d0666bfd1504.ca3aa6b2f13c2c1bc9c646f6abf33ed07 - Changing service from :0 to HOUMSEOSIFM007:8787
2018/09/22 23:59:10.090 INFO  94 A.cdc551499db0039f956e1d0666bfd1504.ca3aa6b2f13c2c1bc9c646f6abf33ed07 - Changing service from :0 to HOUMSEOSIFM007:8787
