2018/09/23 00:01:10.119 INFO  110 A.cdc551499db0039f956e1d0666bfd1504.ca3aa6b2f13c2c1bc9c646f6abf33ed07 - Changing service from :0 to HOUMSEOSIFM007:8787
2018/09/23 00:03:10.613 INFO  96 A.cdc551499db0039f956e1d0666bfd1504.ca3aa6b2f13c2c1bc9c646f6abf33ed07 - Changing service from :0 to HOUMSEOSIFM007:8787
2018/09/23 00:05:10.161 INFO  60 A.cdc551499db0039f956e1d0666bfd1504.ca3aa6b2f13c2c1bc9c646f6abf33ed07 - Changing service from :0 to HOUMSEOSIFM007:8787
2018/09/23 00:07:10.155 INFO  60 A.cdc551499db0039f956e1d0666bfd1504.ca3aa6b2f13c2c1bc9c646f6abf33ed07 - Changing service from :0 to HOUMSEOSIFM007:8787
2018/09/23 00:09:10.177 INFO  121 A.cdc551499db0039f956e1d0666bfd1504.ca3aa6b2f13c2c1bc9c646f6abf33ed07 - Changing service from :0 to HOUMSEOSIFM007:8787
2018/09/23 00:11:10.534 INFO  72 A.cdc551499db0039f956e1d0666bfd1504.ca3aa6b2f13c2c1bc9c646f6abf33ed07 - Changing service from :0 to HOUMSEOSIFM007:8787
2018/09/23 00:14:13.737 INFO  93 A.cdc551499db0039f956e1d0666bfd1504.ca3aa6b2f13c2c1bc9c646f6abf33ed07 - Changing service from :0 to HOUMSEOSIFM007:8787
2018/09/23 00:16:11.167 INFO  91 A.cdc551499db0039f956e1d0666bfd1504.ca3aa6b2f13c2c1bc9c646f6abf33ed07 - Changing service from :0 to HOUMSEOSIFM007:8787
2018/09/23 00:18:11.187 INFO  120 A.cdc551499db0039f956e1d0666bfd1504.ca3aa6b2f13c2c1bc9c646f6abf33ed07 - Changing service from :0 to HOUMSEOSIFM007:8787
2018/09/23 00:20:12.054 INFO  130 A.cdc551499db0039f956e1d0666bfd1504.ca3aa6b2f13c2c1bc9c646f6abf33ed07 - Changing service from :0 to HOUMSEOSIFM007:8787
2018/09/23 00:22:11.268 INFO  96 A.cdc551499db0039f956e1d0666bfd1504.ca3aa6b2f13c2c1bc9c646f6abf33ed07 - Changing service from :0 to HOUMSEOSIFM007:8787
2018/09/23 00:24:11.266 INFO  93 A.cdc551499db0039f956e1d0666bfd1504.ca3aa6b2f13c2c1bc9c646f6abf33ed07 - Changing service from :0 to HOUMSEOSIFM007:8787
2018/09/23 00:26:11.261 INFO  82 A.cdc551499db0039f956e1d0666bfd1504.ca3aa6b2f13c2c1bc9c646f6abf33ed07 - Changing service from :0 to HOUMSEOSIFM007:8787
2018/09/23 00:28:11.278 INFO  122 A.cdc551499db0039f956e1d0666bfd1504.ca3aa6b2f13c2c1bc9c646f6abf33ed07 - Changing service from :0 to HOUMSEOSIFM007:8787
2018/09/23 00:31:15.913 INFO  73 A.cdc551499db0039f956e1d0666bfd1504.ca3aa6b2f13c2c1bc9c646f6abf33ed07 - Changing service from :0 to HOUMSEOSIFM007:8787
2018/09/23 00:33:11.275 INFO  130 A.cdc551499db0039f956e1d0666bfd1504.ca3aa6b2f13c2c1bc9c646f6abf33ed07 - Changing service from :0 to HOUMSEOSIFM007:8787
2018/09/23 00:34:41.297 INFO  110 A.cdc551499db0039f956e1d0666bfd1504.ca3aa6b2f13c2c1bc9c646f6abf33ed07 - Changing service from :0 to HOUMSEOSIFM007:8787
2018/09/23 00:36:11.332 INFO  96 A.cdc551499db0039f956e1d0666bfd1504.ca3aa6b2f13c2c1bc9c646f6abf33ed07 - Changing service from :0 to HOUMSEOSIFM007:8787
2018/09/23 00:37:41.354 INFO  57 A.cdc551499db0039f956e1d0666bfd1504.ca3aa6b2f13c2c1bc9c646f6abf33ed07 - Changing service from :0 to HOUMSEOSIFM007:8787
2018/09/23 00:39:42.118 INFO  70 A.cdc551499db0039f956e1d0666bfd1504.ca3aa6b2f13c2c1bc9c646f6abf33ed07 - Changing service from :0 to HOUMSEOSIFM007:8787
2018/09/23 00:41:42.143 INFO  103 A.cdc551499db0039f956e1d0666bfd1504.ca3aa6b2f13c2c1bc9c646f6abf33ed07 - Changing service from :0 to HOUMSEOSIFM007:8787
2018/09/23 00:43:42.109 INFO  69 A.cdc551499db0039f956e1d0666bfd1504.ca3aa6b2f13c2c1bc9c646f6abf33ed07 - Changing service from :0 to HOUMSEOSIFM007:8787
2018/09/23 00:46:42.125 INFO  114 A.cdc551499db0039f956e1d0666bfd1504.ca3aa6b2f13c2c1bc9c646f6abf33ed07 - Changing service from :0 to HOUMSEOSIFM007:8787
2018/09/23 00:48:42.170 INFO  5 A.cdc551499db0039f956e1d0666bfd1504.ca3aa6b2f13c2c1bc9c646f6abf33ed07 - Changing service from :0 to HOUMSEOSIFM007:8787
2018/09/23 00:50:44.620 INFO  134 A.cdc551499db0039f956e1d0666bfd1504.ca3aa6b2f13c2c1bc9c646f6abf33ed07 - Changing service from :0 to HOUMSEOSIFM007:8787
2018/09/23 00:52:42.167 INFO  127 A.cdc551499db0039f956e1d0666bfd1504.ca3aa6b2f13c2c1bc9c646f6abf33ed07 - Changing service from :0 to HOUMSEOSIFM007:8787
2018/09/23 00:54:42.152 INFO  111 A.cdc551499db0039f956e1d0666bfd1504.ca3aa6b2f13c2c1bc9c646f6abf33ed07 - Changing service from :0 to HOUMSEOSIFM007:8787
2018/09/23 00:56:12.351 INFO  91 A.cdc551499db0039f956e1d0666bfd1504.ca3aa6b2f13c2c1bc9c646f6abf33ed07 - Changing service from :0 to HOUMSEOSIFM007:8787
2018/09/23 00:58:12.412 INFO  111 A.cdc551499db0039f956e1d0666bfd1504.ca3aa6b2f13c2c1bc9c646f6abf33ed07 - Changing service from :0 to HOUMSEOSIFM007:8787
2018/09/23 01:00:12.423 INFO  116 A.cdc551499db0039f956e1d0666bfd1504.ca3aa6b2f13c2c1bc9c646f6abf33ed07 - Changing service from :0 to HOUMSEOSIFM007:8787
2018/09/23 01:00:56.727 INFO  82 A.ca9303324ae27c9d224e829df918b1ee8.c6ae4a85f8bc1eee64ee593e8582f1fd3 - Get a Copy for model file : APC Historize Downtime.vwk folder id : 7 model file id : 1623 recursive at '9/23/2018 6:00:56 AM' ==> Started.
2018/09/23 01:00:57.337 INFO  82 A.ca9303324ae27c9d224e829df918b1ee8.c6ae4a85f8bc1eee64ee593e8582f1fd3 - Get a Copy for model file : APC Historize Downtime.vwk folder id : 7 model file id : 1623 recursive at '9/23/2018 6:00:56 AM' ==> Completed. Took 00:00:00.610
2018/09/23 01:01:01.821 INFO  114 A.ca9303324ae27c9d224e829df918b1ee8.c6ae4a85f8bc1eee64ee593e8582f1fd3 - Get a Copy for model file : APC Choke Default for Forecast.vwk folder id : 7 model file id : 3218 recursive at '9/23/2018 6:01:01 AM' ==> Started.
2018/09/23 01:01:02.448 INFO  114 A.ca9303324ae27c9d224e829df918b1ee8.c6ae4a85f8bc1eee64ee593e8582f1fd3 - Get a Copy for model file : APC Choke Default for Forecast.vwk folder id : 7 model file id : 3218 recursive at '9/23/2018 6:01:01 AM' ==> Completed. Took 00:00:00.627
2018/09/23 01:02:12.431 INFO  3 A.cdc551499db0039f956e1d0666bfd1504.ca3aa6b2f13c2c1bc9c646f6abf33ed07 - Changing service from :0 to HOUMSEOSIFM007:8787
2018/09/23 01:04:13.461 INFO  132 A.cdc551499db0039f956e1d0666bfd1504.ca3aa6b2f13c2c1bc9c646f6abf33ed07 - Changing service from :0 to HOUMSEOSIFM007:8787
2018/09/23 01:06:13.484 INFO  62 A.cdc551499db0039f956e1d0666bfd1504.ca3aa6b2f13c2c1bc9c646f6abf33ed07 - Changing service from :0 to HOUMSEOSIFM007:8787
2018/09/23 01:07:43.509 INFO  125 A.cdc551499db0039f956e1d0666bfd1504.ca3aa6b2f13c2c1bc9c646f6abf33ed07 - Changing service from :0 to HOUMSEOSIFM007:8787
2018/09/23 01:09:13.520 INFO  87 A.cdc551499db0039f956e1d0666bfd1504.ca3aa6b2f13c2c1bc9c646f6abf33ed07 - Changing service from :0 to HOUMSEOSIFM007:8787
2018/09/23 01:10:43.526 INFO  134 A.cdc551499db0039f956e1d0666bfd1504.ca3aa6b2f13c2c1bc9c646f6abf33ed07 - Changing service from :0 to HOUMSEOSIFM007:8787
2018/09/23 01:12:43.502 INFO  89 A.cdc551499db0039f956e1d0666bfd1504.ca3aa6b2f13c2c1bc9c646f6abf33ed07 - Changing service from :0 to HOUMSEOSIFM007:8787
2018/09/23 01:14:13.522 INFO  108 A.cdc551499db0039f956e1d0666bfd1504.ca3aa6b2f13c2c1bc9c646f6abf33ed07 - Changing service from :0 to HOUMSEOSIFM007:8787
2018/09/23 01:17:13.511 INFO  67 A.cdc551499db0039f956e1d0666bfd1504.ca3aa6b2f13c2c1bc9c646f6abf33ed07 - Changing service from :0 to HOUMSEOSIFM007:8787
2018/09/23 01:20:13.524 INFO  69 A.cdc551499db0039f956e1d0666bfd1504.ca3aa6b2f13c2c1bc9c646f6abf33ed07 - Changing service from :0 to HOUMSEOSIFM007:8787
2018/09/23 01:20:43.531 INFO  12 A.cdc551499db0039f956e1d0666bfd1504.ca3aa6b2f13c2c1bc9c646f6abf33ed07 - Changing service from :0 to HOUMSEOSIFM007:8787
2018/09/23 01:21:13.503 INFO  67 A.cdc551499db0039f956e1d0666bfd1504.ca3aa6b2f13c2c1bc9c646f6abf33ed07 - Changing service from :0 to HOUMSEOSIFM007:8787
2018/09/23 01:21:43.523 INFO  93 A.cdc551499db0039f956e1d0666bfd1504.ca3aa6b2f13c2c1bc9c646f6abf33ed07 - Changing service from :0 to HOUMSEOSIFM007:8787
2018/09/23 01:22:14.235 INFO  93 A.cdc551499db0039f956e1d0666bfd1504.ca3aa6b2f13c2c1bc9c646f6abf33ed07 - Changing service from :0 to HOUMSEOSIFM007:8787
2018/09/23 01:22:43.543 INFO  120 A.cdc551499db0039f956e1d0666bfd1504.ca3aa6b2f13c2c1bc9c646f6abf33ed07 - Changing service from :0 to HOUMSEOSIFM007:8787
2018/09/23 01:24:13.573 INFO  128 A.cdc551499db0039f956e1d0666bfd1504.ca3aa6b2f13c2c1bc9c646f6abf33ed07 - Changing service from :0 to HOUMSEOSIFM007:8787
2018/09/23 01:25:51.950 INFO  91 A.cdc551499db0039f956e1d0666bfd1504.ca3aa6b2f13c2c1bc9c646f6abf33ed07 - Changing service from :0 to HOUMSEOSIFM007:8787
2018/09/23 01:27:13.558 INFO  104 A.cdc551499db0039f956e1d0666bfd1504.ca3aa6b2f13c2c1bc9c646f6abf33ed07 - Changing service from :0 to HOUMSEOSIFM007:8787
2018/09/23 01:28:43.544 INFO  12 A.cdc551499db0039f956e1d0666bfd1504.ca3aa6b2f13c2c1bc9c646f6abf33ed07 - Changing service from :0 to HOUMSEOSIFM007:8787
2018/09/23 01:30:13.560 INFO  113 A.cdc551499db0039f956e1d0666bfd1504.ca3aa6b2f13c2c1bc9c646f6abf33ed07 - Changing service from :0 to HOUMSEOSIFM007:8787
2018/09/23 01:31:43.569 INFO  12 A.cdc551499db0039f956e1d0666bfd1504.ca3aa6b2f13c2c1bc9c646f6abf33ed07 - Changing service from :0 to HOUMSEOSIFM007:8787
2018/09/23 01:34:43.582 INFO  134 A.cdc551499db0039f956e1d0666bfd1504.ca3aa6b2f13c2c1bc9c646f6abf33ed07 - Changing service from :0 to HOUMSEOSIFM007:8787
2018/09/23 01:37:43.717 INFO  64 A.cdc551499db0039f956e1d0666bfd1504.ca3aa6b2f13c2c1bc9c646f6abf33ed07 - Changing service from :0 to HOUMSEOSIFM007:8787
2018/09/23 01:40:44.024 INFO  107 A.cdc551499db0039f956e1d0666bfd1504.ca3aa6b2f13c2c1bc9c646f6abf33ed07 - Changing service from :0 to HOUMSEOSIFM007:8787
2018/09/23 01:45:44.125 INFO  127 A.cdc551499db0039f956e1d0666bfd1504.ca3aa6b2f13c2c1bc9c646f6abf33ed07 - Changing service from :0 to HOUMSEOSIFM007:8787
2018/09/23 01:45:51.491 ERROR 64 A.cec9e090ae538d190220f059017b75b84.Process - System.TimeoutException: The request channel timed out while waiting for a reply after 00:04:55.6860154. Increase the timeout value passed to the call to Request or increase the SendTimeout value on the Binding. The time allotted to this operation may have been a portion of a longer timeout. ---> System.TimeoutException: The socket transfer timed out after 00:04:59.9960000. You have exceeded the timeout set on your binding. The time allotted to this operation may have been a portion of a longer timeout. ---> System.IO.IOException: The read operation failed, see inner exception. ---> System.TimeoutException: The socket transfer timed out after 00:04:59.9960000. You have exceeded the timeout set on your binding. The time allotted to this operation may have been a portion of a longer timeout. ---> System.Net.Sockets.SocketException: A connection attempt failed because the connected party did not properly respond after a period of time, or established connection failed because connected host has failed to respond
   at System.Net.Sockets.Socket.Receive(Byte[] buffer, Int32 offset, Int32 size, SocketFlags socketFlags)
   at System.ServiceModel.Channels.SocketConnection.ReadCore(Byte[] buffer, Int32 offset, Int32 size, TimeSpan timeout, Boolean closing)
   --- End of inner exception stack trace ---
   at System.ServiceModel.Channels.SocketConnection.ReadCore(Byte[] buffer, Int32 offset, Int32 size, TimeSpan timeout, Boolean closing)
   at System.ServiceModel.Channels.SocketConnection.Read(Byte[] buffer, Int32 offset, Int32 size, TimeSpan timeout)
   at System.ServiceModel.Channels.DelegatingConnection.Read(Byte[] buffer, Int32 offset, Int32 size, TimeSpan timeout)
   at System.ServiceModel.Channels.ConnectionStream.Read(Byte[] buffer, Int32 offset, Int32 count)
   at System.Net.FixedSizeReader.ReadPacket(Byte[] buffer, Int32 offset, Int32 count)
   at System.Net.Security.NegotiateStream.StartFrameHeader(Byte[] buffer, Int32 offset, Int32 count, AsyncProtocolRequest asyncRequest)
   at System.Net.Security.NegotiateStream.ProcessRead(Byte[] buffer, Int32 offset, Int32 count, AsyncProtocolRequest asyncRequest)
   --- End of inner exception stack trace ---
   at System.Net.Security.NegotiateStream.ProcessRead(Byte[] buffer, Int32 offset, Int32 count, AsyncProtocolRequest asyncRequest)
   at System.Net.Security.NegotiateStream.Read(Byte[] buffer, Int32 offset, Int32 count)
   at System.ServiceModel.Channels.StreamConnection.Read(Byte[] buffer, Int32 offset, Int32 size, TimeSpan timeout)
   --- End of inner exception stack trace ---
   at System.ServiceModel.Channels.StreamConnection.Read(Byte[] buffer, Int32 offset, Int32 size, TimeSpan timeout)
   at System.ServiceModel.Channels.SingletonConnectionReader.Receive(TimeSpan timeout)
   at System.ServiceModel.Channels.StreamedFramingRequestChannel.StreamedFramingRequest.WaitForReply(TimeSpan timeout)
   at System.ServiceModel.Channels.RequestChannel.Request(Message message, TimeSpan timeout)
   --- End of inner exception stack trace ---

Server stack trace: 
   at System.ServiceModel.Channels.RequestChannel.Request(Message message, TimeSpan timeout)
   at System.ServiceModel.Channels.TransactionRequestChannelGeneric`1.Request(Message message, TimeSpan timeout)
   at System.ServiceModel.Dispatcher.RequestChannelBinder.Request(Message message, TimeSpan timeout)
   at System.ServiceModel.Channels.ServiceChannel.Call(String action, Boolean oneway, ProxyOperationRuntime operation, Object[] ins, Object[] outs, TimeSpan timeout)
   at System.ServiceModel.Channels.ServiceChannelProxy.InvokeService(IMethodCallMessage methodCall, ProxyOperationRuntime operation)
   at System.ServiceModel.Channels.ServiceChannelProxy.Invoke(IMessage message)

Exception rethrown at [0]: 
   at System.Runtime.Remoting.Proxies.RealProxy.HandleReturnMessage(IMessage reqMsg, IMessage retMsg)
   at System.Runtime.Remoting.Proxies.RealProxy.PrivateInvoke(MessageData& msgData, Int32 type)
   at Petex.Service.RequestProcessor.IWcfStreamResponseProcessor.Process(MessageRequest request)
   at A.cec9e090ae538d190220f059017b75b84.Process(MessageRequest request)
Details:
System.TimeoutException: The request channel timed out while waiting for a reply after 00:04:55.6860154. Increase the timeout value passed to the call to Request or increase the SendTimeout value on the Binding. The time allotted to this operation may have been a portion of a longer timeout. ---> System.TimeoutException: The socket transfer timed out after 00:04:59.9960000. You have exceeded the timeout set on your binding. The time allotted to this operation may have been a portion of a longer timeout. ---> System.IO.IOException: The read operation failed, see inner exception. ---> System.TimeoutException: The socket transfer timed out after 00:04:59.9960000. You have exceeded the timeout set on your binding. The time allotted to this operation may have been a portion of a longer timeout. ---> System.Net.Sockets.SocketException: A connection attempt failed because the connected party did not properly respond after a period of time, or established connection failed because connected host has failed to respond
   at System.Net.Sockets.Socket.Receive(Byte[] buffer, Int32 offset, Int32 size, SocketFlags socketFlags)
   at System.ServiceModel.Channels.SocketConnection.ReadCore(Byte[] buffer, Int32 offset, Int32 size, TimeSpan timeout, Boolean closing)
   --- End of inner exception stack trace ---
   at System.ServiceModel.Channels.SocketConnection.ReadCore(Byte[] buffer, Int32 offset, Int32 size, TimeSpan timeout, Boolean closing)
   at System.ServiceModel.Channels.SocketConnection.Read(Byte[] buffer, Int32 offset, Int32 size, TimeSpan timeout)
   at System.ServiceModel.Channels.DelegatingConnection.Read(Byte[] buffer, Int32 offset, Int32 size, TimeSpan timeout)
   at System.ServiceModel.Channels.ConnectionStream.Read(Byte[] buffer, Int32 offset, Int32 count)
   at System.Net.FixedSizeReader.ReadPacket(Byte[] buffer, Int32 offset, Int32 count)
   at System.Net.Security.NegotiateStream.StartFrameHeader(Byte[] buffer, Int32 offset, Int32 count, AsyncProtocolRequest asyncRequest)
   at System.Net.Security.NegotiateStream.ProcessRead(Byte[] buffer, Int32 offset, Int32 count, AsyncProtocolRequest asyncRequest)
   --- End of inner exception stack trace ---
   at System.Net.Security.NegotiateStream.ProcessRead(Byte[] buffer, Int32 offset, Int32 count, AsyncProtocolRequest asyncRequest)
   at System.Net.Security.NegotiateStream.Read(Byte[] buffer, Int32 offset, Int32 count)
   at System.ServiceModel.Channels.StreamConnection.Read(Byte[] buffer, Int32 offset, Int32 size, TimeSpan timeout)
   --- End of inner exception stack trace ---
   at System.ServiceModel.Channels.StreamConnection.Read(Byte[] buffer, Int32 offset, Int32 size, TimeSpan timeout)
   at System.ServiceModel.Channels.SingletonConnectionReader.Receive(TimeSpan timeout)
   at System.ServiceModel.Channels.StreamedFramingRequestChannel.StreamedFramingRequest.WaitForReply(TimeSpan timeout)
   at System.ServiceModel.Channels.RequestChannel.Request(Message message, TimeSpan timeout)
   --- End of inner exception stack trace ---

Server stack trace: 
   at System.ServiceModel.Channels.RequestChannel.Request(Message message, TimeSpan timeout)
   at System.ServiceModel.Channels.TransactionRequestChannelGeneric`1.Request(Message message, TimeSpan timeout)
   at System.ServiceModel.Dispatcher.RequestChannelBinder.Request(Message message, TimeSpan timeout)
   at System.ServiceModel.Channels.ServiceChannel.Call(String action, Boolean oneway, ProxyOperationRuntime operation, Object[] ins, Object[] outs, TimeSpan timeout)
   at System.ServiceModel.Channels.ServiceChannelProxy.InvokeService(IMethodCallMessage methodCall, ProxyOperationRuntime operation)
   at System.ServiceModel.Channels.ServiceChannelProxy.Invoke(IMessage message)

Exception rethrown at [0]: 
   at System.Runtime.Remoting.Proxies.RealProxy.HandleReturnMessage(IMessage reqMsg, IMessage retMsg)
   at System.Runtime.Remoting.Proxies.RealProxy.PrivateInvoke(MessageData& msgData, Int32 type)
   at Petex.Service.RequestProcessor.IWcfStreamResponseProcessor.Process(MessageRequest request)
   at A.cec9e090ae538d190220f059017b75b84.Process(MessageRequest request)
2018/09/23 01:45:51.494 ERROR 64 A.cec9e090ae538d190220f059017b75b84 (Thread 64) ProcID (36972) - System.TimeoutException: The request channel timed out while waiting for a reply after 00:04:55.6860154. Increase the timeout value passed to the call to Request or increase the SendTimeout value on the Binding. The time allotted to this operation may have been a portion of a longer timeout. ---> System.TimeoutException: The socket transfer timed out after 00:04:59.9960000. You have exceeded the timeout set on your binding. The time allotted to this operation may have been a portion of a longer timeout. ---> System.IO.IOException: The read operation failed, see inner exception. ---> System.TimeoutException: The socket transfer timed out after 00:04:59.9960000. You have exceeded the timeout set on your binding. The time allotted to this operation may have been a portion of a longer timeout. ---> System.Net.Sockets.SocketException: A connection attempt failed because the connected party did not properly respond after a period of time, or established connection failed because connected host has failed to respond
   at System.Net.Sockets.Socket.Receive(Byte[] buffer, Int32 offset, Int32 size, SocketFlags socketFlags)
   at System.ServiceModel.Channels.SocketConnection.ReadCore(Byte[] buffer, Int32 offset, Int32 size, TimeSpan timeout, Boolean closing)
   --- End of inner exception stack trace ---
   at System.ServiceModel.Channels.SocketConnection.ReadCore(Byte[] buffer, Int32 offset, Int32 size, TimeSpan timeout, Boolean closing)
   at System.ServiceModel.Channels.SocketConnection.Read(Byte[] buffer, Int32 offset, Int32 size, TimeSpan timeout)
   at System.ServiceModel.Channels.DelegatingConnection.Read(Byte[] buffer, Int32 offset, Int32 size, TimeSpan timeout)
   at System.ServiceModel.Channels.ConnectionStream.Read(Byte[] buffer, Int32 offset, Int32 count)
   at System.Net.FixedSizeReader.ReadPacket(Byte[] buffer, Int32 offset, Int32 count)
   at System.Net.Security.NegotiateStream.StartFrameHeader(Byte[] buffer, Int32 offset, Int32 count, AsyncProtocolRequest asyncRequest)
   at System.Net.Security.NegotiateStream.ProcessRead(Byte[] buffer, Int32 offset, Int32 count, AsyncProtocolRequest asyncRequest)
   --- End of inner exception stack trace ---
   at System.Net.Security.NegotiateStream.ProcessRead(Byte[] buffer, Int32 offset, Int32 count, AsyncProtocolRequest asyncRequest)
   at System.Net.Security.NegotiateStream.Read(Byte[] buffer, Int32 offset, Int32 count)
   at System.ServiceModel.Channels.StreamConnection.Read(Byte[] buffer, Int32 offset, Int32 size, TimeSpan timeout)
   --- End of inner exception stack trace ---
   at System.ServiceModel.Channels.StreamConnection.Read(Byte[] buffer, Int32 offset, Int32 size, TimeSpan timeout)
   at System.ServiceModel.Channels.SingletonConnectionReader.Receive(TimeSpan timeout)
   at System.ServiceModel.Channels.StreamedFramingRequestChannel.StreamedFramingRequest.WaitForReply(TimeSpan timeout)
   at System.ServiceModel.Channels.RequestChannel.Request(Message message, TimeSpan timeout)
   --- End of inner exception stack trace ---

Server stack trace: 
   at System.ServiceModel.Channels.RequestChannel.Request(Message message, TimeSpan timeout)
   at System.ServiceModel.Channels.TransactionRequestChannelGeneric`1.Request(Message message, TimeSpan timeout)
   at System.ServiceModel.Dispatcher.RequestChannelBinder.Request(Message message, TimeSpan timeout)
   at System.ServiceModel.Channels.ServiceChannel.Call(String action, Boolean oneway, ProxyOperationRuntime operation, Object[] ins, Object[] outs, TimeSpan timeout)
   at System.ServiceModel.Channels.ServiceChannelProxy.InvokeService(IMethodCallMessage methodCall, ProxyOperationRuntime operation)
   at System.ServiceModel.Channels.ServiceChannelProxy.Invoke(IMessage message)

Exception rethrown at [0]: 
   at System.Runtime.Remoting.Proxies.RealProxy.HandleReturnMessage(IMessage reqMsg, IMessage retMsg)
   at System.Runtime.Remoting.Proxies.RealProxy.PrivateInvoke(MessageData& msgData, Int32 type)
   at Petex.Service.RequestProcessor.IWcfStreamResponseProcessor.Process(MessageRequest request)
   at A.cec9e090ae538d190220f059017b75b84.Process(MessageRequest request)

method : Process([Petex.Service.RequestProcessor.MessageRequest] request = Petex.Service.RequestProcessor.MessageRequest)

2018/09/23 01:45:51.495 ERROR 96 Petex.IFM.IVM.VisualWorkflowService.c1c13b709b3df317d725c923928032d5a - An error occurred while getting bulk results.
Details:
System.TimeoutException: The request channel timed out while waiting for a reply after 00:04:55.6860154. Increase the timeout value passed to the call to Request or increase the SendTimeout value on the Binding. The time allotted to this operation may have been a portion of a longer timeout. ---> System.TimeoutException: The socket transfer timed out after 00:04:59.9960000. You have exceeded the timeout set on your binding. The time allotted to this operation may have been a portion of a longer timeout. ---> System.IO.IOException: The read operation failed, see inner exception. ---> System.TimeoutException: The socket transfer timed out after 00:04:59.9960000. You have exceeded the timeout set on your binding. The time allotted to this operation may have been a portion of a longer timeout. ---> System.Net.Sockets.SocketException: A connection attempt failed because the connected party did not properly respond after a period of time, or established connection failed because connected host has failed to respond
   at System.Net.Sockets.Socket.Receive(Byte[] buffer, Int32 offset, Int32 size, SocketFlags socketFlags)
   at System.ServiceModel.Channels.SocketConnection.ReadCore(Byte[] buffer, Int32 offset, Int32 size, TimeSpan timeout, Boolean closing)
   --- End of inner exception stack trace ---
   at System.ServiceModel.Channels.SocketConnection.ReadCore(Byte[] buffer, Int32 offset, Int32 size, TimeSpan timeout, Boolean closing)
   at System.ServiceModel.Channels.SocketConnection.Read(Byte[] buffer, Int32 offset, Int32 size, TimeSpan timeout)
   at System.ServiceModel.Channels.DelegatingConnection.Read(Byte[] buffer, Int32 offset, Int32 size, TimeSpan timeout)
   at System.ServiceModel.Channels.ConnectionStream.Read(Byte[] buffer, Int32 offset, Int32 count)
   at System.Net.FixedSizeReader.ReadPacket(Byte[] buffer, Int32 offset, Int32 count)
   at System.Net.Security.NegotiateStream.StartFrameHeader(Byte[] buffer, Int32 offset, Int32 count, AsyncProtocolRequest asyncRequest)
   at System.Net.Security.NegotiateStream.ProcessRead(Byte[] buffer, Int32 offset, Int32 count, AsyncProtocolRequest asyncRequest)
   --- End of inner exception stack trace ---
   at System.Net.Security.NegotiateStream.ProcessRead(Byte[] buffer, Int32 offset, Int32 count, AsyncProtocolRequest asyncRequest)
   at System.Net.Security.NegotiateStream.Read(Byte[] buffer, Int32 offset, Int32 count)
   at System.ServiceModel.Channels.StreamConnection.Read(Byte[] buffer, Int32 offset, Int32 size, TimeSpan timeout)
   --- End of inner exception stack trace ---
   at System.ServiceModel.Channels.StreamConnection.Read(Byte[] buffer, Int32 offset, Int32 size, TimeSpan timeout)
   at System.ServiceModel.Channels.SingletonConnectionReader.Receive(TimeSpan timeout)
   at System.ServiceModel.Channels.StreamedFramingRequestChannel.StreamedFramingRequest.WaitForReply(TimeSpan timeout)
   at System.ServiceModel.Channels.RequestChannel.Request(Message message, TimeSpan timeout)
   --- End of inner exception stack trace ---

Server stack trace: 
   at System.ServiceModel.Channels.RequestChannel.Request(Message message, TimeSpan timeout)
   at System.ServiceModel.Channels.TransactionRequestChannelGeneric`1.Request(Message message, TimeSpan timeout)
   at System.ServiceModel.Dispatcher.RequestChannelBinder.Request(Message message, TimeSpan timeout)
   at System.ServiceModel.Channels.ServiceChannel.Call(String action, Boolean oneway, ProxyOperationRuntime operation, Object[] ins, Object[] outs, TimeSpan timeout)
   at System.ServiceModel.Channels.ServiceChannelProxy.InvokeService(IMethodCallMessage methodCall, ProxyOperationRuntime operation)
   at System.ServiceModel.Channels.ServiceChannelProxy.Invoke(IMessage message)

Exception rethrown at [0]: 
   at A.c22aefe7f39df3d678dba160428b769f4.c0c4ec95a682cbefc208f4f3eb80ff6ad[c5e2460f6ebc534efe90b3230b7797cb4](Func`1 c3c081f340dcdf79e192d50757bce0bee)
   at A.c42ccb3c762729e5c1ed9dd9fb21f7a51.c2a035223c95353a451d486528bb968ce(DateTime ca50651d185b346c217028862887f6062, List`1 c94623007ea3b221db43a7a5c991a9cac, Int32 c27485bd6dedf79f29eccbe33aefab814, DateTime cc0b7aac23bdedea569c99b9f01ab5798, DateTime ca917bd7d663d59239d097b255d937590)
   at Petex.IFM.IVM.VisualWorkflowService.c1c13b709b3df317d725c923928032d5a(c0a78f935034ea252425562b3db1ea988 cc462e40687a776088a0f60dcc4dee4c5, VisualWorkflowResultOptions c97464e7151b310fab45ca8e18c9bbc4d)
2018/09/23 01:50:44.587 INFO  53 A.cdc551499db0039f956e1d0666bfd1504.ca3aa6b2f13c2c1bc9c646f6abf33ed07 - Changing service from :0 to HOUMSEOSIFM007:8787
2018/09/23 01:50:51.733 ERROR 54 A.cec9e090ae538d190220f059017b75b84.Process - System.TimeoutException: The request channel timed out while waiting for a reply after 00:04:55.5810010. Increase the timeout value passed to the call to Request or increase the SendTimeout value on the Binding. The time allotted to this operation may have been a portion of a longer timeout. ---> System.TimeoutException: The socket transfer timed out after 00:04:59.9940000. You have exceeded the timeout set on your binding. The time allotted to this operation may have been a portion of a longer timeout. ---> System.IO.IOException: The read operation failed, see inner exception. ---> System.TimeoutException: The socket transfer timed out after 00:04:59.9940000. You have exceeded the timeout set on your binding. The time allotted to this operation may have been a portion of a longer timeout. ---> System.Net.Sockets.SocketException: A connection attempt failed because the connected party did not properly respond after a period of time, or established connection failed because connected host has failed to respond
   at System.Net.Sockets.Socket.Receive(Byte[] buffer, Int32 offset, Int32 size, SocketFlags socketFlags)
   at System.ServiceModel.Channels.SocketConnection.ReadCore(Byte[] buffer, Int32 offset, Int32 size, TimeSpan timeout, Boolean closing)
   --- End of inner exception stack trace ---
   at System.ServiceModel.Channels.SocketConnection.ReadCore(Byte[] buffer, Int32 offset, Int32 size, TimeSpan timeout, Boolean closing)
   at System.ServiceModel.Channels.SocketConnection.Read(Byte[] buffer, Int32 offset, Int32 size, TimeSpan timeout)
   at System.ServiceModel.Channels.DelegatingConnection.Read(Byte[] buffer, Int32 offset, Int32 size, TimeSpan timeout)
   at System.ServiceModel.Channels.ConnectionStream.Read(Byte[] buffer, Int32 offset, Int32 count)
   at System.Net.FixedSizeReader.ReadPacket(Byte[] buffer, Int32 offset, Int32 count)
   at System.Net.Security.NegotiateStream.StartFrameHeader(Byte[] buffer, Int32 offset, Int32 count, AsyncProtocolRequest asyncRequest)
   at System.Net.Security.NegotiateStream.ProcessRead(Byte[] buffer, Int32 offset, Int32 count, AsyncProtocolRequest asyncRequest)
   --- End of inner exception stack trace ---
   at System.Net.Security.NegotiateStream.ProcessRead(Byte[] buffer, Int32 offset, Int32 count, AsyncProtocolRequest asyncRequest)
   at System.Net.Security.NegotiateStream.Read(Byte[] buffer, Int32 offset, Int32 count)
   at System.ServiceModel.Channels.StreamConnection.Read(Byte[] buffer, Int32 offset, Int32 size, TimeSpan timeout)
   --- End of inner exception stack trace ---
   at System.ServiceModel.Channels.StreamConnection.Read(Byte[] buffer, Int32 offset, Int32 size, TimeSpan timeout)
   at System.ServiceModel.Channels.SingletonConnectionReader.Receive(TimeSpan timeout)
   at System.ServiceModel.Channels.StreamedFramingRequestChannel.StreamedFramingRequest.WaitForReply(TimeSpan timeout)
   at System.ServiceModel.Channels.RequestChannel.Request(Message message, TimeSpan timeout)
   --- End of inner exception stack trace ---

Server stack trace: 
   at System.ServiceModel.Channels.RequestChannel.Request(Message message, TimeSpan timeout)
   at System.ServiceModel.Channels.TransactionRequestChannelGeneric`1.Request(Message message, TimeSpan timeout)
   at System.ServiceModel.Dispatcher.RequestChannelBinder.Request(Message message, TimeSpan timeout)
   at System.ServiceModel.Channels.ServiceChannel.Call(String action, Boolean oneway, ProxyOperationRuntime operation, Object[] ins, Object[] outs, TimeSpan timeout)
   at System.ServiceModel.Channels.ServiceChannelProxy.InvokeService(IMethodCallMessage methodCall, ProxyOperationRuntime operation)
   at System.ServiceModel.Channels.ServiceChannelProxy.Invoke(IMessage message)

Exception rethrown at [0]: 
   at System.Runtime.Remoting.Proxies.RealProxy.HandleReturnMessage(IMessage reqMsg, IMessage retMsg)
   at System.Runtime.Remoting.Proxies.RealProxy.PrivateInvoke(MessageData& msgData, Int32 type)
   at Petex.Service.RequestProcessor.IWcfStreamResponseProcessor.Process(MessageRequest request)
   at A.cec9e090ae538d190220f059017b75b84.Process(MessageRequest request)
Details:
System.TimeoutException: The request channel timed out while waiting for a reply after 00:04:55.5810010. Increase the timeout value passed to the call to Request or increase the SendTimeout value on the Binding. The time allotted to this operation may have been a portion of a longer timeout. ---> System.TimeoutException: The socket transfer timed out after 00:04:59.9940000. You have exceeded the timeout set on your binding. The time allotted to this operation may have been a portion of a longer timeout. ---> System.IO.IOException: The read operation failed, see inner exception. ---> System.TimeoutException: The socket transfer timed out after 00:04:59.9940000. You have exceeded the timeout set on your binding. The time allotted to this operation may have been a portion of a longer timeout. ---> System.Net.Sockets.SocketException: A connection attempt failed because the connected party did not properly respond after a period of time, or established connection failed because connected host has failed to respond
   at System.Net.Sockets.Socket.Receive(Byte[] buffer, Int32 offset, Int32 size, SocketFlags socketFlags)
   at System.ServiceModel.Channels.SocketConnection.ReadCore(Byte[] buffer, Int32 offset, Int32 size, TimeSpan timeout, Boolean closing)
   --- End of inner exception stack trace ---
   at System.ServiceModel.Channels.SocketConnection.ReadCore(Byte[] buffer, Int32 offset, Int32 size, TimeSpan timeout, Boolean closing)
   at System.ServiceModel.Channels.SocketConnection.Read(Byte[] buffer, Int32 offset, Int32 size, TimeSpan timeout)
   at System.ServiceModel.Channels.DelegatingConnection.Read(Byte[] buffer, Int32 offset, Int32 size, TimeSpan timeout)
   at System.ServiceModel.Channels.ConnectionStream.Read(Byte[] buffer, Int32 offset, Int32 count)
   at System.Net.FixedSizeReader.ReadPacket(Byte[] buffer, Int32 offset, Int32 count)
   at System.Net.Security.NegotiateStream.StartFrameHeader(Byte[] buffer, Int32 offset, Int32 count, AsyncProtocolRequest asyncRequest)
   at System.Net.Security.NegotiateStream.ProcessRead(Byte[] buffer, Int32 offset, Int32 count, AsyncProtocolRequest asyncRequest)
   --- End of inner exception stack trace ---
   at System.Net.Security.NegotiateStream.ProcessRead(Byte[] buffer, Int32 offset, Int32 count, AsyncProtocolRequest asyncRequest)
   at System.Net.Security.NegotiateStream.Read(Byte[] buffer, Int32 offset, Int32 count)
   at System.ServiceModel.Channels.StreamConnection.Read(Byte[] buffer, Int32 offset, Int32 size, TimeSpan timeout)
   --- End of inner exception stack trace ---
   at System.ServiceModel.Channels.StreamConnection.Read(Byte[] buffer, Int32 offset, Int32 size, TimeSpan timeout)
   at System.ServiceModel.Channels.SingletonConnectionReader.Receive(TimeSpan timeout)
   at System.ServiceModel.Channels.StreamedFramingRequestChannel.StreamedFramingRequest.WaitForReply(TimeSpan timeout)
   at System.ServiceModel.Channels.RequestChannel.Request(Message message, TimeSpan timeout)
   --- End of inner exception stack trace ---

Server stack trace: 
   at System.ServiceModel.Channels.RequestChannel.Request(Message message, TimeSpan timeout)
   at System.ServiceModel.Channels.TransactionRequestChannelGeneric`1.Request(Message message, TimeSpan timeout)
   at System.ServiceModel.Dispatcher.RequestChannelBinder.Request(Message message, TimeSpan timeout)
   at System.ServiceModel.Channels.ServiceChannel.Call(String action, Boolean oneway, ProxyOperationRuntime operation, Object[] ins, Object[] outs, TimeSpan timeout)
   at System.ServiceModel.Channels.ServiceChannelProxy.InvokeService(IMethodCallMessage methodCall, ProxyOperationRuntime operation)
   at System.ServiceModel.Channels.ServiceChannelProxy.Invoke(IMessage message)

Exception rethrown at [0]: 
   at System.Runtime.Remoting.Proxies.RealProxy.HandleReturnMessage(IMessage reqMsg, IMessage retMsg)
   at System.Runtime.Remoting.Proxies.RealProxy.PrivateInvoke(MessageData& msgData, Int32 type)
   at Petex.Service.RequestProcessor.IWcfStreamResponseProcessor.Process(MessageRequest request)
   at A.cec9e090ae538d190220f059017b75b84.Process(MessageRequest request)
2018/09/23 01:50:51.735 ERROR 54 A.cec9e090ae538d190220f059017b75b84 (Thread 54) ProcID (36972) - System.TimeoutException: The request channel timed out while waiting for a reply after 00:04:55.5810010. Increase the timeout value passed to the call to Request or increase the SendTimeout value on the Binding. The time allotted to this operation may have been a portion of a longer timeout. ---> System.TimeoutException: The socket transfer timed out after 00:04:59.9940000. You have exceeded the timeout set on your binding. The time allotted to this operation may have been a portion of a longer timeout. ---> System.IO.IOException: The read operation failed, see inner exception. ---> System.TimeoutException: The socket transfer timed out after 00:04:59.9940000. You have exceeded the timeout set on your binding. The time allotted to this operation may have been a portion of a longer timeout. ---> System.Net.Sockets.SocketException: A connection attempt failed because the connected party did not properly respond after a period of time, or established connection failed because connected host has failed to respond
   at System.Net.Sockets.Socket.Receive(Byte[] buffer, Int32 offset, Int32 size, SocketFlags socketFlags)
   at System.ServiceModel.Channels.SocketConnection.ReadCore(Byte[] buffer, Int32 offset, Int32 size, TimeSpan timeout, Boolean closing)
   --- End of inner exception stack trace ---
   at System.ServiceModel.Channels.SocketConnection.ReadCore(Byte[] buffer, Int32 offset, Int32 size, TimeSpan timeout, Boolean closing)
   at System.ServiceModel.Channels.SocketConnection.Read(Byte[] buffer, Int32 offset, Int32 size, TimeSpan timeout)
   at System.ServiceModel.Channels.DelegatingConnection.Read(Byte[] buffer, Int32 offset, Int32 size, TimeSpan timeout)
   at System.ServiceModel.Channels.ConnectionStream.Read(Byte[] buffer, Int32 offset, Int32 count)
   at System.Net.FixedSizeReader.ReadPacket(Byte[] buffer, Int32 offset, Int32 count)
   at System.Net.Security.NegotiateStream.StartFrameHeader(Byte[] buffer, Int32 offset, Int32 count, AsyncProtocolRequest asyncRequest)
   at System.Net.Security.NegotiateStream.ProcessRead(Byte[] buffer, Int32 offset, Int32 count, AsyncProtocolRequest asyncRequest)
   --- End of inner exception stack trace ---
   at System.Net.Security.NegotiateStream.ProcessRead(Byte[] buffer, Int32 offset, Int32 count, AsyncProtocolRequest asyncRequest)
   at System.Net.Security.NegotiateStream.Read(Byte[] buffer, Int32 offset, Int32 count)
   at System.ServiceModel.Channels.StreamConnection.Read(Byte[] buffer, Int32 offset, Int32 size, TimeSpan timeout)
   --- End of inner exception stack trace ---
   at System.ServiceModel.Channels.StreamConnection.Read(Byte[] buffer, Int32 offset, Int32 size, TimeSpan timeout)
   at System.ServiceModel.Channels.SingletonConnectionReader.Receive(TimeSpan timeout)
   at System.ServiceModel.Channels.StreamedFramingRequestChannel.StreamedFramingRequest.WaitForReply(TimeSpan timeout)
   at System.ServiceModel.Channels.RequestChannel.Request(Message message, TimeSpan timeout)
   --- End of inner exception stack trace ---

Server stack trace: 
   at System.ServiceModel.Channels.RequestChannel.Request(Message message, TimeSpan timeout)
   at System.ServiceModel.Channels.TransactionRequestChannelGeneric`1.Request(Message message, TimeSpan timeout)
   at System.ServiceModel.Dispatcher.RequestChannelBinder.Request(Message message, TimeSpan timeout)
   at System.ServiceModel.Channels.ServiceChannel.Call(String action, Boolean oneway, ProxyOperationRuntime operation, Object[] ins, Object[] outs, TimeSpan timeout)
   at System.ServiceModel.Channels.ServiceChannelProxy.InvokeService(IMethodCallMessage methodCall, ProxyOperationRuntime operation)
   at System.ServiceModel.Channels.ServiceChannelProxy.Invoke(IMessage message)

Exception rethrown at [0]: 
   at System.Runtime.Remoting.Proxies.RealProxy.HandleReturnMessage(IMessage reqMsg, IMessage retMsg)
   at System.Runtime.Remoting.Proxies.RealProxy.PrivateInvoke(MessageData& msgData, Int32 type)
   at Petex.Service.RequestProcessor.IWcfStreamResponseProcessor.Process(MessageRequest request)
   at A.cec9e090ae538d190220f059017b75b84.Process(MessageRequest request)

method : Process([Petex.Service.RequestProcessor.MessageRequest] request = Petex.Service.RequestProcessor.MessageRequest)

2018/09/23 01:50:51.736 ERROR 66 Petex.IFM.IVM.VisualWorkflowService.c1c13b709b3df317d725c923928032d5a - An error occurred while getting bulk results.
Details:
System.TimeoutException: The request channel timed out while waiting for a reply after 00:04:55.5810010. Increase the timeout value passed to the call to Request or increase the SendTimeout value on the Binding. The time allotted to this operation may have been a portion of a longer timeout. ---> System.TimeoutException: The socket transfer timed out after 00:04:59.9940000. You have exceeded the timeout set on your binding. The time allotted to this operation may have been a portion of a longer timeout. ---> System.IO.IOException: The read operation failed, see inner exception. ---> System.TimeoutException: The socket transfer timed out after 00:04:59.9940000. You have exceeded the timeout set on your binding. The time allotted to this operation may have been a portion of a longer timeout. ---> System.Net.Sockets.SocketException: A connection attempt failed because the connected party did not properly respond after a period of time, or established connection failed because connected host has failed to respond
   at System.Net.Sockets.Socket.Receive(Byte[] buffer, Int32 offset, Int32 size, SocketFlags socketFlags)
   at System.ServiceModel.Channels.SocketConnection.ReadCore(Byte[] buffer, Int32 offset, Int32 size, TimeSpan timeout, Boolean closing)
   --- End of inner exception stack trace ---
   at System.ServiceModel.Channels.SocketConnection.ReadCore(Byte[] buffer, Int32 offset, Int32 size, TimeSpan timeout, Boolean closing)
   at System.ServiceModel.Channels.SocketConnection.Read(Byte[] buffer, Int32 offset, Int32 size, TimeSpan timeout)
   at System.ServiceModel.Channels.DelegatingConnection.Read(Byte[] buffer, Int32 offset, Int32 size, TimeSpan timeout)
   at System.ServiceModel.Channels.ConnectionStream.Read(Byte[] buffer, Int32 offset, Int32 count)
   at System.Net.FixedSizeReader.ReadPacket(Byte[] buffer, Int32 offset, Int32 count)
   at System.Net.Security.NegotiateStream.StartFrameHeader(Byte[] buffer, Int32 offset, Int32 count, AsyncProtocolRequest asyncRequest)
   at System.Net.Security.NegotiateStream.ProcessRead(Byte[] buffer, Int32 offset, Int32 count, AsyncProtocolRequest asyncRequest)
   --- End of inner exception stack trace ---
   at System.Net.Security.NegotiateStream.ProcessRead(Byte[] buffer, Int32 offset, Int32 count, AsyncProtocolRequest asyncRequest)
   at System.Net.Security.NegotiateStream.Read(Byte[] buffer, Int32 offset, Int32 count)
   at System.ServiceModel.Channels.StreamConnection.Read(Byte[] buffer, Int32 offset, Int32 size, TimeSpan timeout)
   --- End of inner exception stack trace ---
   at System.ServiceModel.Channels.StreamConnection.Read(Byte[] buffer, Int32 offset, Int32 size, TimeSpan timeout)
   at System.ServiceModel.Channels.SingletonConnectionReader.Receive(TimeSpan timeout)
   at System.ServiceModel.Channels.StreamedFramingRequestChannel.StreamedFramingRequest.WaitForReply(TimeSpan timeout)
   at System.ServiceModel.Channels.RequestChannel.Request(Message message, TimeSpan timeout)
   --- End of inner exception stack trace ---

Server stack trace: 
   at System.ServiceModel.Channels.RequestChannel.Request(Message message, TimeSpan timeout)
   at System.ServiceModel.Channels.TransactionRequestChannelGeneric`1.Request(Message message, TimeSpan timeout)
   at System.ServiceModel.Dispatcher.RequestChannelBinder.Request(Message message, TimeSpan timeout)
   at System.ServiceModel.Channels.ServiceChannel.Call(String action, Boolean oneway, ProxyOperationRuntime operation, Object[] ins, Object[] outs, TimeSpan timeout)
   at System.ServiceModel.Channels.ServiceChannelProxy.InvokeService(IMethodCallMessage methodCall, ProxyOperationRuntime operation)
   at System.ServiceModel.Channels.ServiceChannelProxy.Invoke(IMessage message)

Exception rethrown at [0]: 
   at A.c22aefe7f39df3d678dba160428b769f4.c0c4ec95a682cbefc208f4f3eb80ff6ad[c5e2460f6ebc534efe90b3230b7797cb4](Func`1 c3c081f340dcdf79e192d50757bce0bee)
   at A.c42ccb3c762729e5c1ed9dd9fb21f7a51.c2a035223c95353a451d486528bb968ce(DateTime ca50651d185b346c217028862887f6062, List`1 c94623007ea3b221db43a7a5c991a9cac, Int32 c27485bd6dedf79f29eccbe33aefab814, DateTime cc0b7aac23bdedea569c99b9f01ab5798, DateTime ca917bd7d663d59239d097b255d937590)
   at Petex.IFM.IVM.VisualWorkflowService.c1c13b709b3df317d725c923928032d5a(c0a78f935034ea252425562b3db1ea988 cc462e40687a776088a0f60dcc4dee4c5, VisualWorkflowResultOptions c97464e7151b310fab45ca8e18c9bbc4d)
2018/09/23 01:55:44.601 INFO  117 A.cdc551499db0039f956e1d0666bfd1504.ca3aa6b2f13c2c1bc9c646f6abf33ed07 - Changing service from :0 to HOUMSEOSIFM007:8787
2018/09/23 01:55:50.913 ERROR 96 A.cec9e090ae538d190220f059017b75b84.Process - System.TimeoutException: The request channel timed out while waiting for a reply after 00:04:56.0712166. Increase the timeout value passed to the call to Request or increase the SendTimeout value on the Binding. The time allotted to this operation may have been a portion of a longer timeout. ---> System.TimeoutException: The socket transfer timed out after 00:04:59.9950000. You have exceeded the timeout set on your binding. The time allotted to this operation may have been a portion of a longer timeout. ---> System.IO.IOException: The read operation failed, see inner exception. ---> System.TimeoutException: The socket transfer timed out after 00:04:59.9950000. You have exceeded the timeout set on your binding. The time allotted to this operation may have been a portion of a longer timeout. ---> System.Net.Sockets.SocketException: A connection attempt failed because the connected party did not properly respond after a period of time, or established connection failed because connected host has failed to respond
   at System.Net.Sockets.Socket.Receive(Byte[] buffer, Int32 offset, Int32 size, SocketFlags socketFlags)
   at System.ServiceModel.Channels.SocketConnection.ReadCore(Byte[] buffer, Int32 offset, Int32 size, TimeSpan timeout, Boolean closing)
   --- End of inner exception stack trace ---
   at System.ServiceModel.Channels.SocketConnection.ReadCore(Byte[] buffer, Int32 offset, Int32 size, TimeSpan timeout, Boolean closing)
   at System.ServiceModel.Channels.SocketConnection.Read(Byte[] buffer, Int32 offset, Int32 size, TimeSpan timeout)
   at System.ServiceModel.Channels.DelegatingConnection.Read(Byte[] buffer, Int32 offset, Int32 size, TimeSpan timeout)
   at System.ServiceModel.Channels.ConnectionStream.Read(Byte[] buffer, Int32 offset, Int32 count)
   at System.Net.FixedSizeReader.ReadPacket(Byte[] buffer, Int32 offset, Int32 count)
   at System.Net.Security.NegotiateStream.StartFrameHeader(Byte[] buffer, Int32 offset, Int32 count, AsyncProtocolRequest asyncRequest)
   at System.Net.Security.NegotiateStream.ProcessRead(Byte[] buffer, Int32 offset, Int32 count, AsyncProtocolRequest asyncRequest)
   --- End of inner exception stack trace ---
   at System.Net.Security.NegotiateStream.ProcessRead(Byte[] buffer, Int32 offset, Int32 count, AsyncProtocolRequest asyncRequest)
   at System.Net.Security.NegotiateStream.Read(Byte[] buffer, Int32 offset, Int32 count)
   at System.ServiceModel.Channels.StreamConnection.Read(Byte[] buffer, Int32 offset, Int32 size, TimeSpan timeout)
   --- End of inner exception stack trace ---
   at System.ServiceModel.Channels.StreamConnection.Read(Byte[] buffer, Int32 offset, Int32 size, TimeSpan timeout)
   at System.ServiceModel.Channels.SingletonConnectionReader.Receive(TimeSpan timeout)
   at System.ServiceModel.Channels.StreamedFramingRequestChannel.StreamedFramingRequest.WaitForReply(TimeSpan timeout)
   at System.ServiceModel.Channels.RequestChannel.Request(Message message, TimeSpan timeout)
   --- End of inner exception stack trace ---

Server stack trace: 
   at System.ServiceModel.Channels.RequestChannel.Request(Message message, TimeSpan timeout)
   at System.ServiceModel.Channels.TransactionRequestChannelGeneric`1.Request(Message message, TimeSpan timeout)
   at System.ServiceModel.Dispatcher.RequestChannelBinder.Request(Message message, TimeSpan timeout)
   at System.ServiceModel.Channels.ServiceChannel.Call(String action, Boolean oneway, ProxyOperationRuntime operation, Object[] ins, Object[] outs, TimeSpan timeout)
   at System.ServiceModel.Channels.ServiceChannelProxy.InvokeService(IMethodCallMessage methodCall, ProxyOperationRuntime operation)
   at System.ServiceModel.Channels.ServiceChannelProxy.Invoke(IMessage message)

Exception rethrown at [0]: 
   at System.Runtime.Remoting.Proxies.RealProxy.HandleReturnMessage(IMessage reqMsg, IMessage retMsg)
   at System.Runtime.Remoting.Proxies.RealProxy.PrivateInvoke(MessageData& msgData, Int32 type)
   at Petex.Service.RequestProcessor.IWcfStreamResponseProcessor.Process(MessageRequest request)
   at A.cec9e090ae538d190220f059017b75b84.Process(MessageRequest request)
Details:
System.TimeoutException: The request channel timed out while waiting for a reply after 00:04:56.0712166. Increase the timeout value passed to the call to Request or increase the SendTimeout value on the Binding. The time allotted to this operation may have been a portion of a longer timeout. ---> System.TimeoutException: The socket transfer timed out after 00:04:59.9950000. You have exceeded the timeout set on your binding. The time allotted to this operation may have been a portion of a longer timeout. ---> System.IO.IOException: The read operation failed, see inner exception. ---> System.TimeoutException: The socket transfer timed out after 00:04:59.9950000. You have exceeded the timeout set on your binding. The time allotted to this operation may have been a portion of a longer timeout. ---> System.Net.Sockets.SocketException: A connection attempt failed because the connected party did not properly respond after a period of time, or established connection failed because connected host has failed to respond
   at System.Net.Sockets.Socket.Receive(Byte[] buffer, Int32 offset, Int32 size, SocketFlags socketFlags)
   at System.ServiceModel.Channels.SocketConnection.ReadCore(Byte[] buffer, Int32 offset, Int32 size, TimeSpan timeout, Boolean closing)
   --- End of inner exception stack trace ---
   at System.ServiceModel.Channels.SocketConnection.ReadCore(Byte[] buffer, Int32 offset, Int32 size, TimeSpan timeout, Boolean closing)
   at System.ServiceModel.Channels.SocketConnection.Read(Byte[] buffer, Int32 offset, Int32 size, TimeSpan timeout)
   at System.ServiceModel.Channels.DelegatingConnection.Read(Byte[] buffer, Int32 offset, Int32 size, TimeSpan timeout)
   at System.ServiceModel.Channels.ConnectionStream.Read(Byte[] buffer, Int32 offset, Int32 count)
   at System.Net.FixedSizeReader.ReadPacket(Byte[] buffer, Int32 offset, Int32 count)
   at System.Net.Security.NegotiateStream.StartFrameHeader(Byte[] buffer, Int32 offset, Int32 count, AsyncProtocolRequest asyncRequest)
   at System.Net.Security.NegotiateStream.ProcessRead(Byte[] buffer, Int32 offset, Int32 count, AsyncProtocolRequest asyncRequest)
   --- End of inner exception stack trace ---
   at System.Net.Security.NegotiateStream.ProcessRead(Byte[] buffer, Int32 offset, Int32 count, AsyncProtocolRequest asyncRequest)
   at System.Net.Security.NegotiateStream.Read(Byte[] buffer, Int32 offset, Int32 count)
   at System.ServiceModel.Channels.StreamConnection.Read(Byte[] buffer, Int32 offset, Int32 size, TimeSpan timeout)
   --- End of inner exception stack trace ---
   at System.ServiceModel.Channels.StreamConnection.Read(Byte[] buffer, Int32 offset, Int32 size, TimeSpan timeout)
   at System.ServiceModel.Channels.SingletonConnectionReader.Receive(TimeSpan timeout)
   at System.ServiceModel.Channels.StreamedFramingRequestChannel.StreamedFramingRequest.WaitForReply(TimeSpan timeout)
   at System.ServiceModel.Channels.RequestChannel.Request(Message message, TimeSpan timeout)
   --- End of inner exception stack trace ---

Server stack trace: 
   at System.ServiceModel.Channels.RequestChannel.Request(Message message, TimeSpan timeout)
   at System.ServiceModel.Channels.TransactionRequestChannelGeneric`1.Request(Message message, TimeSpan timeout)
   at System.ServiceModel.Dispatcher.RequestChannelBinder.Request(Message message, TimeSpan timeout)
   at System.ServiceModel.Channels.ServiceChannel.Call(String action, Boolean oneway, ProxyOperationRuntime operation, Object[] ins, Object[] outs, TimeSpan timeout)
   at System.ServiceModel.Channels.ServiceChannelProxy.InvokeService(IMethodCallMessage methodCall, ProxyOperationRuntime operation)
   at System.ServiceModel.Channels.ServiceChannelProxy.Invoke(IMessage message)

Exception rethrown at [0]: 
   at System.Runtime.Remoting.Proxies.RealProxy.HandleReturnMessage(IMessage reqMsg, IMessage retMsg)
   at System.Runtime.Remoting.Proxies.RealProxy.PrivateInvoke(MessageData& msgData, Int32 type)
   at Petex.Service.RequestProcessor.IWcfStreamResponseProcessor.Process(MessageRequest request)
   at A.cec9e090ae538d190220f059017b75b84.Process(MessageRequest request)
2018/09/23 01:55:50.916 ERROR 96 A.cec9e090ae538d190220f059017b75b84 (Thread 96) ProcID (36972) - System.TimeoutException: The request channel timed out while waiting for a reply after 00:04:56.0712166. Increase the timeout value passed to the call to Request or increase the SendTimeout value on the Binding. The time allotted to this operation may have been a portion of a longer timeout. ---> System.TimeoutException: The socket transfer timed out after 00:04:59.9950000. You have exceeded the timeout set on your binding. The time allotted to this operation may have been a portion of a longer timeout. ---> System.IO.IOException: The read operation failed, see inner exception. ---> System.TimeoutException: The socket transfer timed out after 00:04:59.9950000. You have exceeded the timeout set on your binding. The time allotted to this operation may have been a portion of a longer timeout. ---> System.Net.Sockets.SocketException: A connection attempt failed because the connected party did not properly respond after a period of time, or established connection failed because connected host has failed to respond
   at System.Net.Sockets.Socket.Receive(Byte[] buffer, Int32 offset, Int32 size, SocketFlags socketFlags)
   at System.ServiceModel.Channels.SocketConnection.ReadCore(Byte[] buffer, Int32 offset, Int32 size, TimeSpan timeout, Boolean closing)
   --- End of inner exception stack trace ---
   at System.ServiceModel.Channels.SocketConnection.ReadCore(Byte[] buffer, Int32 offset, Int32 size, TimeSpan timeout, Boolean closing)
   at System.ServiceModel.Channels.SocketConnection.Read(Byte[] buffer, Int32 offset, Int32 size, TimeSpan timeout)
   at System.ServiceModel.Channels.DelegatingConnection.Read(Byte[] buffer, Int32 offset, Int32 size, TimeSpan timeout)
   at System.ServiceModel.Channels.ConnectionStream.Read(Byte[] buffer, Int32 offset, Int32 count)
   at System.Net.FixedSizeReader.ReadPacket(Byte[] buffer, Int32 offset, Int32 count)
   at System.Net.Security.NegotiateStream.StartFrameHeader(Byte[] buffer, Int32 offset, Int32 count, AsyncProtocolRequest asyncRequest)
   at System.Net.Security.NegotiateStream.ProcessRead(Byte[] buffer, Int32 offset, Int32 count, AsyncProtocolRequest asyncRequest)
   --- End of inner exception stack trace ---
   at System.Net.Security.NegotiateStream.ProcessRead(Byte[] buffer, Int32 offset, Int32 count, AsyncProtocolRequest asyncRequest)
   at System.Net.Security.NegotiateStream.Read(Byte[] buffer, Int32 offset, Int32 count)
   at System.ServiceModel.Channels.StreamConnection.Read(Byte[] buffer, Int32 offset, Int32 size, TimeSpan timeout)
   --- End of inner exception stack trace ---
   at System.ServiceModel.Channels.StreamConnection.Read(Byte[] buffer, Int32 offset, Int32 size, TimeSpan timeout)
   at System.ServiceModel.Channels.SingletonConnectionReader.Receive(TimeSpan timeout)
   at System.ServiceModel.Channels.StreamedFramingRequestChannel.StreamedFramingRequest.WaitForReply(TimeSpan timeout)
   at System.ServiceModel.Channels.RequestChannel.Request(Message message, TimeSpan timeout)
   --- End of inner exception stack trace ---

Server stack trace: 
   at System.ServiceModel.Channels.RequestChannel.Request(Message message, TimeSpan timeout)
   at System.ServiceModel.Channels.TransactionRequestChannelGeneric`1.Request(Message message, TimeSpan timeout)
   at System.ServiceModel.Dispatcher.RequestChannelBinder.Request(Message message, TimeSpan timeout)
   at System.ServiceModel.Channels.ServiceChannel.Call(String action, Boolean oneway, ProxyOperationRuntime operation, Object[] ins, Object[] outs, TimeSpan timeout)
   at System.ServiceModel.Channels.ServiceChannelProxy.InvokeService(IMethodCallMessage methodCall, ProxyOperationRuntime operation)
   at System.ServiceModel.Channels.ServiceChannelProxy.Invoke(IMessage message)

Exception rethrown at [0]: 
   at System.Runtime.Remoting.Proxies.RealProxy.HandleReturnMessage(IMessage reqMsg, IMessage retMsg)
   at System.Runtime.Remoting.Proxies.RealProxy.PrivateInvoke(MessageData& msgData, Int32 type)
   at Petex.Service.RequestProcessor.IWcfStreamResponseProcessor.Process(MessageRequest request)
   at A.cec9e090ae538d190220f059017b75b84.Process(MessageRequest request)

method : Process([Petex.Service.RequestProcessor.MessageRequest] request = Petex.Service.RequestProcessor.MessageRequest)

2018/09/23 01:55:50.918 ERROR 110 Petex.IFM.IVM.VisualWorkflowService.c1c13b709b3df317d725c923928032d5a - An error occurred while getting bulk results.
Details:
System.TimeoutException: The request channel timed out while waiting for a reply after 00:04:56.0712166. Increase the timeout value passed to the call to Request or increase the SendTimeout value on the Binding. The time allotted to this operation may have been a portion of a longer timeout. ---> System.TimeoutException: The socket transfer timed out after 00:04:59.9950000. You have exceeded the timeout set on your binding. The time allotted to this operation may have been a portion of a longer timeout. ---> System.IO.IOException: The read operation failed, see inner exception. ---> System.TimeoutException: The socket transfer timed out after 00:04:59.9950000. You have exceeded the timeout set on your binding. The time allotted to this operation may have been a portion of a longer timeout. ---> System.Net.Sockets.SocketException: A connection attempt failed because the connected party did not properly respond after a period of time, or established connection failed because connected host has failed to respond
   at System.Net.Sockets.Socket.Receive(Byte[] buffer, Int32 offset, Int32 size, SocketFlags socketFlags)
   at System.ServiceModel.Channels.SocketConnection.ReadCore(Byte[] buffer, Int32 offset, Int32 size, TimeSpan timeout, Boolean closing)
   --- End of inner exception stack trace ---
   at System.ServiceModel.Channels.SocketConnection.ReadCore(Byte[] buffer, Int32 offset, Int32 size, TimeSpan timeout, Boolean closing)
   at System.ServiceModel.Channels.SocketConnection.Read(Byte[] buffer, Int32 offset, Int32 size, TimeSpan timeout)
   at System.ServiceModel.Channels.DelegatingConnection.Read(Byte[] buffer, Int32 offset, Int32 size, TimeSpan timeout)
   at System.ServiceModel.Channels.ConnectionStream.Read(Byte[] buffer, Int32 offset, Int32 count)
   at System.Net.FixedSizeReader.ReadPacket(Byte[] buffer, Int32 offset, Int32 count)
   at System.Net.Security.NegotiateStream.StartFrameHeader(Byte[] buffer, Int32 offset, Int32 count, AsyncProtocolRequest asyncRequest)
   at System.Net.Security.NegotiateStream.ProcessRead(Byte[] buffer, Int32 offset, Int32 count, AsyncProtocolRequest asyncRequest)
   --- End of inner exception stack trace ---
   at System.Net.Security.NegotiateStream.ProcessRead(Byte[] buffer, Int32 offset, Int32 count, AsyncProtocolRequest asyncRequest)
   at System.Net.Security.NegotiateStream.Read(Byte[] buffer, Int32 offset, Int32 count)
   at System.ServiceModel.Channels.StreamConnection.Read(Byte[] buffer, Int32 offset, Int32 size, TimeSpan timeout)
   --- End of inner exception stack trace ---
   at System.ServiceModel.Channels.StreamConnection.Read(Byte[] buffer, Int32 offset, Int32 size, TimeSpan timeout)
   at System.ServiceModel.Channels.SingletonConnectionReader.Receive(TimeSpan timeout)
   at System.ServiceModel.Channels.StreamedFramingRequestChannel.StreamedFramingRequest.WaitForReply(TimeSpan timeout)
   at System.ServiceModel.Channels.RequestChannel.Request(Message message, TimeSpan timeout)
   --- End of inner exception stack trace ---

Server stack trace: 
   at System.ServiceModel.Channels.RequestChannel.Request(Message message, TimeSpan timeout)
   at System.ServiceModel.Channels.TransactionRequestChannelGeneric`1.Request(Message message, TimeSpan timeout)
   at System.ServiceModel.Dispatcher.RequestChannelBinder.Request(Message message, TimeSpan timeout)
   at System.ServiceModel.Channels.ServiceChannel.Call(String action, Boolean oneway, ProxyOperationRuntime operation, Object[] ins, Object[] outs, TimeSpan timeout)
   at System.ServiceModel.Channels.ServiceChannelProxy.InvokeService(IMethodCallMessage methodCall, ProxyOperationRuntime operation)
   at System.ServiceModel.Channels.ServiceChannelProxy.Invoke(IMessage message)

Exception rethrown at [0]: 
   at A.c22aefe7f39df3d678dba160428b769f4.c0c4ec95a682cbefc208f4f3eb80ff6ad[c5e2460f6ebc534efe90b3230b7797cb4](Func`1 c3c081f340dcdf79e192d50757bce0bee)
   at A.c42ccb3c762729e5c1ed9dd9fb21f7a51.c2a035223c95353a451d486528bb968ce(DateTime ca50651d185b346c217028862887f6062, List`1 c94623007ea3b221db43a7a5c991a9cac, Int32 c27485bd6dedf79f29eccbe33aefab814, DateTime cc0b7aac23bdedea569c99b9f01ab5798, DateTime ca917bd7d663d59239d097b255d937590)
   at Petex.IFM.IVM.VisualWorkflowService.c1c13b709b3df317d725c923928032d5a(c0a78f935034ea252425562b3db1ea988 cc462e40687a776088a0f60dcc4dee4c5, VisualWorkflowResultOptions c97464e7151b310fab45ca8e18c9bbc4d)
2018/09/23 02:00:44.677 INFO  127 A.cdc551499db0039f956e1d0666bfd1504.ca3aa6b2f13c2c1bc9c646f6abf33ed07 - Changing service from :0 to HOUMSEOSIFM007:8787
2018/09/23 02:00:52.444 ERROR 74 A.cec9e090ae538d190220f059017b75b84.Process - System.TimeoutException: The request channel timed out while waiting for a reply after 00:04:56.1480074. Increase the timeout value passed to the call to Request or increase the SendTimeout value on the Binding. The time allotted to this operation may have been a portion of a longer timeout. ---> System.TimeoutException: The socket transfer timed out after 00:04:59.9930000. You have exceeded the timeout set on your binding. The time allotted to this operation may have been a portion of a longer timeout. ---> System.IO.IOException: The read operation failed, see inner exception. ---> System.TimeoutException: The socket transfer timed out after 00:04:59.9930000. You have exceeded the timeout set on your binding. The time allotted to this operation may have been a portion of a longer timeout. ---> System.Net.Sockets.SocketException: A connection attempt failed because the connected party did not properly respond after a period of time, or established connection failed because connected host has failed to respond
   at System.Net.Sockets.Socket.Receive(Byte[] buffer, Int32 offset, Int32 size, SocketFlags socketFlags)
   at System.ServiceModel.Channels.SocketConnection.ReadCore(Byte[] buffer, Int32 offset, Int32 size, TimeSpan timeout, Boolean closing)
   --- End of inner exception stack trace ---
   at System.ServiceModel.Channels.SocketConnection.ReadCore(Byte[] buffer, Int32 offset, Int32 size, TimeSpan timeout, Boolean closing)
   at System.ServiceModel.Channels.SocketConnection.Read(Byte[] buffer, Int32 offset, Int32 size, TimeSpan timeout)
   at System.ServiceModel.Channels.DelegatingConnection.Read(Byte[] buffer, Int32 offset, Int32 size, TimeSpan timeout)
   at System.ServiceModel.Channels.ConnectionStream.Read(Byte[] buffer, Int32 offset, Int32 count)
   at System.Net.FixedSizeReader.ReadPacket(Byte[] buffer, Int32 offset, Int32 count)
   at System.Net.Security.NegotiateStream.StartFrameHeader(Byte[] buffer, Int32 offset, Int32 count, AsyncProtocolRequest asyncRequest)
   at System.Net.Security.NegotiateStream.ProcessRead(Byte[] buffer, Int32 offset, Int32 count, AsyncProtocolRequest asyncRequest)
   --- End of inner exception stack trace ---
   at System.Net.Security.NegotiateStream.ProcessRead(Byte[] buffer, Int32 offset, Int32 count, AsyncProtocolRequest asyncRequest)
   at System.Net.Security.NegotiateStream.Read(Byte[] buffer, Int32 offset, Int32 count)
   at System.ServiceModel.Channels.StreamConnection.Read(Byte[] buffer, Int32 offset, Int32 size, TimeSpan timeout)
   --- End of inner exception stack trace ---
   at System.ServiceModel.Channels.StreamConnection.Read(Byte[] buffer, Int32 offset, Int32 size, TimeSpan timeout)
   at System.ServiceModel.Channels.SingletonConnectionReader.Receive(TimeSpan timeout)
   at System.ServiceModel.Channels.StreamedFramingRequestChannel.StreamedFramingRequest.WaitForReply(TimeSpan timeout)
   at System.ServiceModel.Channels.RequestChannel.Request(Message message, TimeSpan timeout)
   --- End of inner exception stack trace ---

Server stack trace: 
   at System.ServiceModel.Channels.RequestChannel.Request(Message message, TimeSpan timeout)
   at System.ServiceModel.Channels.TransactionRequestChannelGeneric`1.Request(Message message, TimeSpan timeout)
   at System.ServiceModel.Dispatcher.RequestChannelBinder.Request(Message message, TimeSpan timeout)
   at System.ServiceModel.Channels.ServiceChannel.Call(String action, Boolean oneway, ProxyOperationRuntime operation, Object[] ins, Object[] outs, TimeSpan timeout)
   at System.ServiceModel.Channels.ServiceChannelProxy.InvokeService(IMethodCallMessage methodCall, ProxyOperationRuntime operation)
   at System.ServiceModel.Channels.ServiceChannelProxy.Invoke(IMessage message)

Exception rethrown at [0]: 
   at System.Runtime.Remoting.Proxies.RealProxy.HandleReturnMessage(IMessage reqMsg, IMessage retMsg)
   at System.Runtime.Remoting.Proxies.RealProxy.PrivateInvoke(MessageData& msgData, Int32 type)
   at Petex.Service.RequestProcessor.IWcfStreamResponseProcessor.Process(MessageRequest request)
   at A.cec9e090ae538d190220f059017b75b84.Process(MessageRequest request)
Details:
System.TimeoutException: The request channel timed out while waiting for a reply after 00:04:56.1480074. Increase the timeout value passed to the call to Request or increase the SendTimeout value on the Binding. The time allotted to this operation may have been a portion of a longer timeout. ---> System.TimeoutException: The socket transfer timed out after 00:04:59.9930000. You have exceeded the timeout set on your binding. The time allotted to this operation may have been a portion of a longer timeout. ---> System.IO.IOException: The read operation failed, see inner exception. ---> System.TimeoutException: The socket transfer timed out after 00:04:59.9930000. You have exceeded the timeout set on your binding. The time allotted to this operation may have been a portion of a longer timeout. ---> System.Net.Sockets.SocketException: A connection attempt failed because the connected party did not properly respond after a period of time, or established connection failed because connected host has failed to respond
   at System.Net.Sockets.Socket.Receive(Byte[] buffer, Int32 offset, Int32 size, SocketFlags socketFlags)
   at System.ServiceModel.Channels.SocketConnection.ReadCore(Byte[] buffer, Int32 offset, Int32 size, TimeSpan timeout, Boolean closing)
   --- End of inner exception stack trace ---
   at System.ServiceModel.Channels.SocketConnection.ReadCore(Byte[] buffer, Int32 offset, Int32 size, TimeSpan timeout, Boolean closing)
   at System.ServiceModel.Channels.SocketConnection.Read(Byte[] buffer, Int32 offset, Int32 size, TimeSpan timeout)
   at System.ServiceModel.Channels.DelegatingConnection.Read(Byte[] buffer, Int32 offset, Int32 size, TimeSpan timeout)
   at System.ServiceModel.Channels.ConnectionStream.Read(Byte[] buffer, Int32 offset, Int32 count)
   at System.Net.FixedSizeReader.ReadPacket(Byte[] buffer, Int32 offset, Int32 count)
   at System.Net.Security.NegotiateStream.StartFrameHeader(Byte[] buffer, Int32 offset, Int32 count, AsyncProtocolRequest asyncRequest)
   at System.Net.Security.NegotiateStream.ProcessRead(Byte[] buffer, Int32 offset, Int32 count, AsyncProtocolRequest asyncRequest)
   --- End of inner exception stack trace ---
   at System.Net.Security.NegotiateStream.ProcessRead(Byte[] buffer, Int32 offset, Int32 count, AsyncProtocolRequest asyncRequest)
   at System.Net.Security.NegotiateStream.Read(Byte[] buffer, Int32 offset, Int32 count)
   at System.ServiceModel.Channels.StreamConnection.Read(Byte[] buffer, Int32 offset, Int32 size, TimeSpan timeout)
   --- End of inner exception stack trace ---
   at System.ServiceModel.Channels.StreamConnection.Read(Byte[] buffer, Int32 offset, Int32 size, TimeSpan timeout)
   at System.ServiceModel.Channels.SingletonConnectionReader.Receive(TimeSpan timeout)
   at System.ServiceModel.Channels.StreamedFramingRequestChannel.StreamedFramingRequest.WaitForReply(TimeSpan timeout)
   at System.ServiceModel.Channels.RequestChannel.Request(Message message, TimeSpan timeout)
   --- End of inner exception stack trace ---

Server stack trace: 
   at System.ServiceModel.Channels.RequestChannel.Request(Message message, TimeSpan timeout)
   at System.ServiceModel.Channels.TransactionRequestChannelGeneric`1.Request(Message message, TimeSpan timeout)
   at System.ServiceModel.Dispatcher.RequestChannelBinder.Request(Message message, TimeSpan timeout)
   at System.ServiceModel.Channels.ServiceChannel.Call(String action, Boolean oneway, ProxyOperationRuntime operation, Object[] ins, Object[] outs, TimeSpan timeout)
   at System.ServiceModel.Channels.ServiceChannelProxy.InvokeService(IMethodCallMessage methodCall, ProxyOperationRuntime operation)
   at System.ServiceModel.Channels.ServiceChannelProxy.Invoke(IMessage message)

Exception rethrown at [0]: 
   at System.Runtime.Remoting.Proxies.RealProxy.HandleReturnMessage(IMessage reqMsg, IMessage retMsg)
   at System.Runtime.Remoting.Proxies.RealProxy.PrivateInvoke(MessageData& msgData, Int32 type)
   at Petex.Service.RequestProcessor.IWcfStreamResponseProcessor.Process(MessageRequest request)
   at A.cec9e090ae538d190220f059017b75b84.Process(MessageRequest request)
2018/09/23 02:00:52.446 ERROR 74 A.cec9e090ae538d190220f059017b75b84 (Thread 74) ProcID (36972) - System.TimeoutException: The request channel timed out while waiting for a reply after 00:04:56.1480074. Increase the timeout value passed to the call to Request or increase the SendTimeout value on the Binding. The time allotted to this operation may have been a portion of a longer timeout. ---> System.TimeoutException: The socket transfer timed out after 00:04:59.9930000. You have exceeded the timeout set on your binding. The time allotted to this operation may have been a portion of a longer timeout. ---> System.IO.IOException: The read operation failed, see inner exception. ---> System.TimeoutException: The socket transfer timed out after 00:04:59.9930000. You have exceeded the timeout set on your binding. The time allotted to this operation may have been a portion of a longer timeout. ---> System.Net.Sockets.SocketException: A connection attempt failed because the connected party did not properly respond after a period of time, or established connection failed because connected host has failed to respond
   at System.Net.Sockets.Socket.Receive(Byte[] buffer, Int32 offset, Int32 size, SocketFlags socketFlags)
   at System.ServiceModel.Channels.SocketConnection.ReadCore(Byte[] buffer, Int32 offset, Int32 size, TimeSpan timeout, Boolean closing)
   --- End of inner exception stack trace ---
   at System.ServiceModel.Channels.SocketConnection.ReadCore(Byte[] buffer, Int32 offset, Int32 size, TimeSpan timeout, Boolean closing)
   at System.ServiceModel.Channels.SocketConnection.Read(Byte[] buffer, Int32 offset, Int32 size, TimeSpan timeout)
   at System.ServiceModel.Channels.DelegatingConnection.Read(Byte[] buffer, Int32 offset, Int32 size, TimeSpan timeout)
   at System.ServiceModel.Channels.ConnectionStream.Read(Byte[] buffer, Int32 offset, Int32 count)
   at System.Net.FixedSizeReader.ReadPacket(Byte[] buffer, Int32 offset, Int32 count)
   at System.Net.Security.NegotiateStream.StartFrameHeader(Byte[] buffer, Int32 offset, Int32 count, AsyncProtocolRequest asyncRequest)
   at System.Net.Security.NegotiateStream.ProcessRead(Byte[] buffer, Int32 offset, Int32 count, AsyncProtocolRequest asyncRequest)
   --- End of inner exception stack trace ---
   at System.Net.Security.NegotiateStream.ProcessRead(Byte[] buffer, Int32 offset, Int32 count, AsyncProtocolRequest asyncRequest)
   at System.Net.Security.NegotiateStream.Read(Byte[] buffer, Int32 offset, Int32 count)
   at System.ServiceModel.Channels.StreamConnection.Read(Byte[] buffer, Int32 offset, Int32 size, TimeSpan timeout)
   --- End of inner exception stack trace ---
   at System.ServiceModel.Channels.StreamConnection.Read(Byte[] buffer, Int32 offset, Int32 size, TimeSpan timeout)
   at System.ServiceModel.Channels.SingletonConnectionReader.Receive(TimeSpan timeout)
   at System.ServiceModel.Channels.StreamedFramingRequestChannel.StreamedFramingRequest.WaitForReply(TimeSpan timeout)
   at System.ServiceModel.Channels.RequestChannel.Request(Message message, TimeSpan timeout)
   --- End of inner exception stack trace ---

Server stack trace: 
   at System.ServiceModel.Channels.RequestChannel.Request(Message message, TimeSpan timeout)
   at System.ServiceModel.Channels.TransactionRequestChannelGeneric`1.Request(Message message, TimeSpan timeout)
   at System.ServiceModel.Dispatcher.RequestChannelBinder.Request(Message message, TimeSpan timeout)
   at System.ServiceModel.Channels.ServiceChannel.Call(String action, Boolean oneway, ProxyOperationRuntime operation, Object[] ins, Object[] outs, TimeSpan timeout)
   at System.ServiceModel.Channels.ServiceChannelProxy.InvokeService(IMethodCallMessage methodCall, ProxyOperationRuntime operation)
   at System.ServiceModel.Channels.ServiceChannelProxy.Invoke(IMessage message)

Exception rethrown at [0]: 
   at System.Runtime.Remoting.Proxies.RealProxy.HandleReturnMessage(IMessage reqMsg, IMessage retMsg)
   at System.Runtime.Remoting.Proxies.RealProxy.PrivateInvoke(MessageData& msgData, Int32 type)
   at Petex.Service.RequestProcessor.IWcfStreamResponseProcessor.Process(MessageRequest request)
   at A.cec9e090ae538d190220f059017b75b84.Process(MessageRequest request)

method : Process([Petex.Service.RequestProcessor.MessageRequest] request = Petex.Service.RequestProcessor.MessageRequest)

2018/09/23 02:00:52.452 ERROR 91 Petex.IFM.IVM.VisualWorkflowService.c1c13b709b3df317d725c923928032d5a - An error occurred while getting bulk results.
Details:
System.TimeoutException: The request channel timed out while waiting for a reply after 00:04:56.1480074. Increase the timeout value passed to the call to Request or increase the SendTimeout value on the Binding. The time allotted to this operation may have been a portion of a longer timeout. ---> System.TimeoutException: The socket transfer timed out after 00:04:59.9930000. You have exceeded the timeout set on your binding. The time allotted to this operation may have been a portion of a longer timeout. ---> System.IO.IOException: The read operation failed, see inner exception. ---> System.TimeoutException: The socket transfer timed out after 00:04:59.9930000. You have exceeded the timeout set on your binding. The time allotted to this operation may have been a portion of a longer timeout. ---> System.Net.Sockets.SocketException: A connection attempt failed because the connected party did not properly respond after a period of time, or established connection failed because connected host has failed to respond
   at System.Net.Sockets.Socket.Receive(Byte[] buffer, Int32 offset, Int32 size, SocketFlags socketFlags)
   at System.ServiceModel.Channels.SocketConnection.ReadCore(Byte[] buffer, Int32 offset, Int32 size, TimeSpan timeout, Boolean closing)
   --- End of inner exception stack trace ---
   at System.ServiceModel.Channels.SocketConnection.ReadCore(Byte[] buffer, Int32 offset, Int32 size, TimeSpan timeout, Boolean closing)
   at System.ServiceModel.Channels.SocketConnection.Read(Byte[] buffer, Int32 offset, Int32 size, TimeSpan timeout)
   at System.ServiceModel.Channels.DelegatingConnection.Read(Byte[] buffer, Int32 offset, Int32 size, TimeSpan timeout)
   at System.ServiceModel.Channels.ConnectionStream.Read(Byte[] buffer, Int32 offset, Int32 count)
   at System.Net.FixedSizeReader.ReadPacket(Byte[] buffer, Int32 offset, Int32 count)
   at System.Net.Security.NegotiateStream.StartFrameHeader(Byte[] buffer, Int32 offset, Int32 count, AsyncProtocolRequest asyncRequest)
   at System.Net.Security.NegotiateStream.ProcessRead(Byte[] buffer, Int32 offset, Int32 count, AsyncProtocolRequest asyncRequest)
   --- End of inner exception stack trace ---
   at System.Net.Security.NegotiateStream.ProcessRead(Byte[] buffer, Int32 offset, Int32 count, AsyncProtocolRequest asyncRequest)
   at System.Net.Security.NegotiateStream.Read(Byte[] buffer, Int32 offset, Int32 count)
   at System.ServiceModel.Channels.StreamConnection.Read(Byte[] buffer, Int32 offset, Int32 size, TimeSpan timeout)
   --- End of inner exception stack trace ---
   at System.ServiceModel.Channels.StreamConnection.Read(Byte[] buffer, Int32 offset, Int32 size, TimeSpan timeout)
   at System.ServiceModel.Channels.SingletonConnectionReader.Receive(TimeSpan timeout)
   at System.ServiceModel.Channels.StreamedFramingRequestChannel.StreamedFramingRequest.WaitForReply(TimeSpan timeout)
   at System.ServiceModel.Channels.RequestChannel.Request(Message message, TimeSpan timeout)
   --- End of inner exception stack trace ---

Server stack trace: 
   at System.ServiceModel.Channels.RequestChannel.Request(Message message, TimeSpan timeout)
   at System.ServiceModel.Channels.TransactionRequestChannelGeneric`1.Request(Message message, TimeSpan timeout)
   at System.ServiceModel.Dispatcher.RequestChannelBinder.Request(Message message, TimeSpan timeout)
   at System.ServiceModel.Channels.ServiceChannel.Call(String action, Boolean oneway, ProxyOperationRuntime operation, Object[] ins, Object[] outs, TimeSpan timeout)
   at System.ServiceModel.Channels.ServiceChannelProxy.InvokeService(IMethodCallMessage methodCall, ProxyOperationRuntime operation)
   at System.ServiceModel.Channels.ServiceChannelProxy.Invoke(IMessage message)

Exception rethrown at [0]: 
   at A.c22aefe7f39df3d678dba160428b769f4.c0c4ec95a682cbefc208f4f3eb80ff6ad[c5e2460f6ebc534efe90b3230b7797cb4](Func`1 c3c081f340dcdf79e192d50757bce0bee)
   at A.c42ccb3c762729e5c1ed9dd9fb21f7a51.c2a035223c95353a451d486528bb968ce(DateTime ca50651d185b346c217028862887f6062, List`1 c94623007ea3b221db43a7a5c991a9cac, Int32 c27485bd6dedf79f29eccbe33aefab814, DateTime cc0b7aac23bdedea569c99b9f01ab5798, DateTime ca917bd7d663d59239d097b255d937590)
   at Petex.IFM.IVM.VisualWorkflowService.c1c13b709b3df317d725c923928032d5a(c0a78f935034ea252425562b3db1ea988 cc462e40687a776088a0f60dcc4dee4c5, VisualWorkflowResultOptions c97464e7151b310fab45ca8e18c9bbc4d)
2018/09/23 02:02:20.058 INFO  66 A.ca9303324ae27c9d224e829df918b1ee8.c6ae4a85f8bc1eee64ee593e8582f1fd3 - Get a Copy for model file : PDB Choke Calc - Gilbert2.vwk folder id : 7 model file id : 1539 recursive at '9/23/2018 7:02:14 AM' ==> Started.
2018/09/23 02:02:20.730 INFO  66 A.ca9303324ae27c9d224e829df918b1ee8.c6ae4a85f8bc1eee64ee593e8582f1fd3 - Get a Copy for model file : PDB Choke Calc - Gilbert2.vwk folder id : 7 model file id : 1539 recursive at '9/23/2018 7:02:14 AM' ==> Completed. Took 00:00:00.671
2018/09/23 02:02:57.569 INFO  86 A.ca9303324ae27c9d224e829df918b1ee8.c6ae4a85f8bc1eee64ee593e8582f1fd3 - Get a Copy for model file : APC Recalculate Water.vwk folder id : 7 model file id : 1971 recursive at '9/23/2018 7:02:57 AM' ==> Started.
2018/09/23 02:02:58.212 INFO  86 A.ca9303324ae27c9d224e829df918b1ee8.c6ae4a85f8bc1eee64ee593e8582f1fd3 - Get a Copy for model file : APC Recalculate Water.vwk folder id : 7 model file id : 1971 recursive at '9/23/2018 7:02:57 AM' ==> Completed. Took 00:00:00.643
2018/09/23 02:03:02.720 INFO  97 A.ca9303324ae27c9d224e829df918b1ee8.c6ae4a85f8bc1eee64ee593e8582f1fd3 - Get a Copy for model file : Cum Gas Volume Monthly Rollup.vwk folder id : 7 model file id : 2284 recursive at '9/23/2018 7:03:02 AM' ==> Started.
2018/09/23 02:03:03.336 INFO  97 A.ca9303324ae27c9d224e829df918b1ee8.c6ae4a85f8bc1eee64ee593e8582f1fd3 - Get a Copy for model file : Cum Gas Volume Monthly Rollup.vwk folder id : 7 model file id : 2284 recursive at '9/23/2018 7:03:02 AM' ==> Completed. Took 00:00:00.615
2018/09/23 02:04:50.250 INFO  122 A.ca9303324ae27c9d224e829df918b1ee8.c6ae4a85f8bc1eee64ee593e8582f1fd3 - Get a Copy for model file : APC Fix MBX.vwk folder id : 7 model file id : 1989 recursive at '9/23/2018 7:04:49 AM' ==> Started.
2018/09/23 02:04:50.861 INFO  122 A.ca9303324ae27c9d224e829df918b1ee8.c6ae4a85f8bc1eee64ee593e8582f1fd3 - Get a Copy for model file : APC Fix MBX.vwk folder id : 7 model file id : 1989 recursive at '9/23/2018 7:04:49 AM' ==> Completed. Took 00:00:00.611
2018/09/23 02:05:52.686 ERROR 72 A.cec9e090ae538d190220f059017b75b84.Process - System.TimeoutException: The request channel timed out while waiting for a reply after 00:04:55.6597415. Increase the timeout value passed to the call to Request or increase the SendTimeout value on the Binding. The time allotted to this operation may have been a portion of a longer timeout. ---> System.TimeoutException: The socket transfer timed out after 00:04:59.9930000. You have exceeded the timeout set on your binding. The time allotted to this operation may have been a portion of a longer timeout. ---> System.IO.IOException: The read operation failed, see inner exception. ---> System.TimeoutException: The socket transfer timed out after 00:04:59.9930000. You have exceeded the timeout set on your binding. The time allotted to this operation may have been a portion of a longer timeout. ---> System.Net.Sockets.SocketException: A connection attempt failed because the connected party did not properly respond after a period of time, or established connection failed because connected host has failed to respond
   at System.Net.Sockets.Socket.Receive(Byte[] buffer, Int32 offset, Int32 size, SocketFlags socketFlags)
   at System.ServiceModel.Channels.SocketConnection.ReadCore(Byte[] buffer, Int32 offset, Int32 size, TimeSpan timeout, Boolean closing)
   --- End of inner exception stack trace ---
   at System.ServiceModel.Channels.SocketConnection.ReadCore(Byte[] buffer, Int32 offset, Int32 size, TimeSpan timeout, Boolean closing)
   at System.ServiceModel.Channels.SocketConnection.Read(Byte[] buffer, Int32 offset, Int32 size, TimeSpan timeout)
   at System.ServiceModel.Channels.DelegatingConnection.Read(Byte[] buffer, Int32 offset, Int32 size, TimeSpan timeout)
   at System.ServiceModel.Channels.ConnectionStream.Read(Byte[] buffer, Int32 offset, Int32 count)
   at System.Net.FixedSizeReader.ReadPacket(Byte[] buffer, Int32 offset, Int32 count)
   at System.Net.Security.NegotiateStream.StartFrameHeader(Byte[] buffer, Int32 offset, Int32 count, AsyncProtocolRequest asyncRequest)
   at System.Net.Security.NegotiateStream.ProcessRead(Byte[] buffer, Int32 offset, Int32 count, AsyncProtocolRequest asyncRequest)
   --- End of inner exception stack trace ---
   at System.Net.Security.NegotiateStream.ProcessRead(Byte[] buffer, Int32 offset, Int32 count, AsyncProtocolRequest asyncRequest)
   at System.Net.Security.NegotiateStream.Read(Byte[] buffer, Int32 offset, Int32 count)
   at System.ServiceModel.Channels.StreamConnection.Read(Byte[] buffer, Int32 offset, Int32 size, TimeSpan timeout)
   --- End of inner exception stack trace ---
   at System.ServiceModel.Channels.StreamConnection.Read(Byte[] buffer, Int32 offset, Int32 size, TimeSpan timeout)
   at System.ServiceModel.Channels.SingletonConnectionReader.Receive(TimeSpan timeout)
   at System.ServiceModel.Channels.StreamedFramingRequestChannel.StreamedFramingRequest.WaitForReply(TimeSpan timeout)
   at System.ServiceModel.Channels.RequestChannel.Request(Message message, TimeSpan timeout)
   --- End of inner exception stack trace ---

Server stack trace: 
   at System.ServiceModel.Channels.RequestChannel.Request(Message message, TimeSpan timeout)
   at System.ServiceModel.Channels.TransactionRequestChannelGeneric`1.Request(Message message, TimeSpan timeout)
   at System.ServiceModel.Dispatcher.RequestChannelBinder.Request(Message message, TimeSpan timeout)
   at System.ServiceModel.Channels.ServiceChannel.Call(String action, Boolean oneway, ProxyOperationRuntime operation, Object[] ins, Object[] outs, TimeSpan timeout)
   at System.ServiceModel.Channels.ServiceChannelProxy.InvokeService(IMethodCallMessage methodCall, ProxyOperationRuntime operation)
   at System.ServiceModel.Channels.ServiceChannelProxy.Invoke(IMessage message)

Exception rethrown at [0]: 
   at System.Runtime.Remoting.Proxies.RealProxy.HandleReturnMessage(IMessage reqMsg, IMessage retMsg)
   at System.Runtime.Remoting.Proxies.RealProxy.PrivateInvoke(MessageData& msgData, Int32 type)
   at Petex.Service.RequestProcessor.IWcfStreamResponseProcessor.Process(MessageRequest request)
   at A.cec9e090ae538d190220f059017b75b84.Process(MessageRequest request)
Details:
System.TimeoutException: The request channel timed out while waiting for a reply after 00:04:55.6597415. Increase the timeout value passed to the call to Request or increase the SendTimeout value on the Binding. The time allotted to this operation may have been a portion of a longer timeout. ---> System.TimeoutException: The socket transfer timed out after 00:04:59.9930000. You have exceeded the timeout set on your binding. The time allotted to this operation may have been a portion of a longer timeout. ---> System.IO.IOException: The read operation failed, see inner exception. ---> System.TimeoutException: The socket transfer timed out after 00:04:59.9930000. You have exceeded the timeout set on your binding. The time allotted to this operation may have been a portion of a longer timeout. ---> System.Net.Sockets.SocketException: A connection attempt failed because the connected party did not properly respond after a period of time, or established connection failed because connected host has failed to respond
   at System.Net.Sockets.Socket.Receive(Byte[] buffer, Int32 offset, Int32 size, SocketFlags socketFlags)
   at System.ServiceModel.Channels.SocketConnection.ReadCore(Byte[] buffer, Int32 offset, Int32 size, TimeSpan timeout, Boolean closing)
   --- End of inner exception stack trace ---
   at System.ServiceModel.Channels.SocketConnection.ReadCore(Byte[] buffer, Int32 offset, Int32 size, TimeSpan timeout, Boolean closing)
   at System.ServiceModel.Channels.SocketConnection.Read(Byte[] buffer, Int32 offset, Int32 size, TimeSpan timeout)
   at System.ServiceModel.Channels.DelegatingConnection.Read(Byte[] buffer, Int32 offset, Int32 size, TimeSpan timeout)
   at System.ServiceModel.Channels.ConnectionStream.Read(Byte[] buffer, Int32 offset, Int32 count)
   at System.Net.FixedSizeReader.ReadPacket(Byte[] buffer, Int32 offset, Int32 count)
   at System.Net.Security.NegotiateStream.StartFrameHeader(Byte[] buffer, Int32 offset, Int32 count, AsyncProtocolRequest asyncRequest)
   at System.Net.Security.NegotiateStream.ProcessRead(Byte[] buffer, Int32 offset, Int32 count, AsyncProtocolRequest asyncRequest)
   --- End of inner exception stack trace ---
   at System.Net.Security.NegotiateStream.ProcessRead(Byte[] buffer, Int32 offset, Int32 count, AsyncProtocolRequest asyncRequest)
   at System.Net.Security.NegotiateStream.Read(Byte[] buffer, Int32 offset, Int32 count)
   at System.ServiceModel.Channels.StreamConnection.Read(Byte[] buffer, Int32 offset, Int32 size, TimeSpan timeout)
   --- End of inner exception stack trace ---
   at System.ServiceModel.Channels.StreamConnection.Read(Byte[] buffer, Int32 offset, Int32 size, TimeSpan timeout)
   at System.ServiceModel.Channels.SingletonConnectionReader.Receive(TimeSpan timeout)
   at System.ServiceModel.Channels.StreamedFramingRequestChannel.StreamedFramingRequest.WaitForReply(TimeSpan timeout)
   at System.ServiceModel.Channels.RequestChannel.Request(Message message, TimeSpan timeout)
   --- End of inner exception stack trace ---

Server stack trace: 
   at System.ServiceModel.Channels.RequestChannel.Request(Message message, TimeSpan timeout)
   at System.ServiceModel.Channels.TransactionRequestChannelGeneric`1.Request(Message message, TimeSpan timeout)
   at System.ServiceModel.Dispatcher.RequestChannelBinder.Request(Message message, TimeSpan timeout)
   at System.ServiceModel.Channels.ServiceChannel.Call(String action, Boolean oneway, ProxyOperationRuntime operation, Object[] ins, Object[] outs, TimeSpan timeout)
   at System.ServiceModel.Channels.ServiceChannelProxy.InvokeService(IMethodCallMessage methodCall, ProxyOperationRuntime operation)
   at System.ServiceModel.Channels.ServiceChannelProxy.Invoke(IMessage message)

Exception rethrown at [0]: 
   at System.Runtime.Remoting.Proxies.RealProxy.HandleReturnMessage(IMessage reqMsg, IMessage retMsg)
   at System.Runtime.Remoting.Proxies.RealProxy.PrivateInvoke(MessageData& msgData, Int32 type)
   at Petex.Service.RequestProcessor.IWcfStreamResponseProcessor.Process(MessageRequest request)
   at A.cec9e090ae538d190220f059017b75b84.Process(MessageRequest request)
2018/09/23 02:05:52.689 ERROR 72 A.cec9e090ae538d190220f059017b75b84 (Thread 72) ProcID (36972) - System.TimeoutException: The request channel timed out while waiting for a reply after 00:04:55.6597415. Increase the timeout value passed to the call to Request or increase the SendTimeout value on the Binding. The time allotted to this operation may have been a portion of a longer timeout. ---> System.TimeoutException: The socket transfer timed out after 00:04:59.9930000. You have exceeded the timeout set on your binding. The time allotted to this operation may have been a portion of a longer timeout. ---> System.IO.IOException: The read operation failed, see inner exception. ---> System.TimeoutException: The socket transfer timed out after 00:04:59.9930000. You have exceeded the timeout set on your binding. The time allotted to this operation may have been a portion of a longer timeout. ---> System.Net.Sockets.SocketException: A connection attempt failed because the connected party did not properly respond after a period of time, or established connection failed because connected host has failed to respond
   at System.Net.Sockets.Socket.Receive(Byte[] buffer, Int32 offset, Int32 size, SocketFlags socketFlags)
   at System.ServiceModel.Channels.SocketConnection.ReadCore(Byte[] buffer, Int32 offset, Int32 size, TimeSpan timeout, Boolean closing)
   --- End of inner exception stack trace ---
   at System.ServiceModel.Channels.SocketConnection.ReadCore(Byte[] buffer, Int32 offset, Int32 size, TimeSpan timeout, Boolean closing)
   at System.ServiceModel.Channels.SocketConnection.Read(Byte[] buffer, Int32 offset, Int32 size, TimeSpan timeout)
   at System.ServiceModel.Channels.DelegatingConnection.Read(Byte[] buffer, Int32 offset, Int32 size, TimeSpan timeout)
   at System.ServiceModel.Channels.ConnectionStream.Read(Byte[] buffer, Int32 offset, Int32 count)
   at System.Net.FixedSizeReader.ReadPacket(Byte[] buffer, Int32 offset, Int32 count)
   at System.Net.Security.NegotiateStream.StartFrameHeader(Byte[] buffer, Int32 offset, Int32 count, AsyncProtocolRequest asyncRequest)
   at System.Net.Security.NegotiateStream.ProcessRead(Byte[] buffer, Int32 offset, Int32 count, AsyncProtocolRequest asyncRequest)
   --- End of inner exception stack trace ---
   at System.Net.Security.NegotiateStream.ProcessRead(Byte[] buffer, Int32 offset, Int32 count, AsyncProtocolRequest asyncRequest)
   at System.Net.Security.NegotiateStream.Read(Byte[] buffer, Int32 offset, Int32 count)
   at System.ServiceModel.Channels.StreamConnection.Read(Byte[] buffer, Int32 offset, Int32 size, TimeSpan timeout)
   --- End of inner exception stack trace ---
   at System.ServiceModel.Channels.StreamConnection.Read(Byte[] buffer, Int32 offset, Int32 size, TimeSpan timeout)
   at System.ServiceModel.Channels.SingletonConnectionReader.Receive(TimeSpan timeout)
   at System.ServiceModel.Channels.StreamedFramingRequestChannel.StreamedFramingRequest.WaitForReply(TimeSpan timeout)
   at System.ServiceModel.Channels.RequestChannel.Request(Message message, TimeSpan timeout)
   --- End of inner exception stack trace ---

Server stack trace: 
   at System.ServiceModel.Channels.RequestChannel.Request(Message message, TimeSpan timeout)
   at System.ServiceModel.Channels.TransactionRequestChannelGeneric`1.Request(Message message, TimeSpan timeout)
   at System.ServiceModel.Dispatcher.RequestChannelBinder.Request(Message message, TimeSpan timeout)
   at System.ServiceModel.Channels.ServiceChannel.Call(String action, Boolean oneway, ProxyOperationRuntime operation, Object[] ins, Object[] outs, TimeSpan timeout)
   at System.ServiceModel.Channels.ServiceChannelProxy.InvokeService(IMethodCallMessage methodCall, ProxyOperationRuntime operation)
   at System.ServiceModel.Channels.ServiceChannelProxy.Invoke(IMessage message)

Exception rethrown at [0]: 
   at System.Runtime.Remoting.Proxies.RealProxy.HandleReturnMessage(IMessage reqMsg, IMessage retMsg)
   at System.Runtime.Remoting.Proxies.RealProxy.PrivateInvoke(MessageData& msgData, Int32 type)
   at Petex.Service.RequestProcessor.IWcfStreamResponseProcessor.Process(MessageRequest request)
   at A.cec9e090ae538d190220f059017b75b84.Process(MessageRequest request)

method : Process([Petex.Service.RequestProcessor.MessageRequest] request = Petex.Service.RequestProcessor.MessageRequest)

2018/09/23 02:05:52.691 ERROR 53 Petex.IFM.IVM.VisualWorkflowService.c1c13b709b3df317d725c923928032d5a - An error occurred while getting bulk results.
Details:
System.TimeoutException: The request channel timed out while waiting for a reply after 00:04:55.6597415. Increase the timeout value passed to the call to Request or increase the SendTimeout value on the Binding. The time allotted to this operation may have been a portion of a longer timeout. ---> System.TimeoutException: The socket transfer timed out after 00:04:59.9930000. You have exceeded the timeout set on your binding. The time allotted to this operation may have been a portion of a longer timeout. ---> System.IO.IOException: The read operation failed, see inner exception. ---> System.TimeoutException: The socket transfer timed out after 00:04:59.9930000. You have exceeded the timeout set on your binding. The time allotted to this operation may have been a portion of a longer timeout. ---> System.Net.Sockets.SocketException: A connection attempt failed because the connected party did not properly respond after a period of time, or established connection failed because connected host has failed to respond
   at System.Net.Sockets.Socket.Receive(Byte[] buffer, Int32 offset, Int32 size, SocketFlags socketFlags)
   at System.ServiceModel.Channels.SocketConnection.ReadCore(Byte[] buffer, Int32 offset, Int32 size, TimeSpan timeout, Boolean closing)
   --- End of inner exception stack trace ---
   at System.ServiceModel.Channels.SocketConnection.ReadCore(Byte[] buffer, Int32 offset, Int32 size, TimeSpan timeout, Boolean closing)
   at System.ServiceModel.Channels.SocketConnection.Read(Byte[] buffer, Int32 offset, Int32 size, TimeSpan timeout)
   at System.ServiceModel.Channels.DelegatingConnection.Read(Byte[] buffer, Int32 offset, Int32 size, TimeSpan timeout)
   at System.ServiceModel.Channels.ConnectionStream.Read(Byte[] buffer, Int32 offset, Int32 count)
   at System.Net.FixedSizeReader.ReadPacket(Byte[] buffer, Int32 offset, Int32 count)
   at System.Net.Security.NegotiateStream.StartFrameHeader(Byte[] buffer, Int32 offset, Int32 count, AsyncProtocolRequest asyncRequest)
   at System.Net.Security.NegotiateStream.ProcessRead(Byte[] buffer, Int32 offset, Int32 count, AsyncProtocolRequest asyncRequest)
   --- End of inner exception stack trace ---
   at System.Net.Security.NegotiateStream.ProcessRead(Byte[] buffer, Int32 offset, Int32 count, AsyncProtocolRequest asyncRequest)
   at System.Net.Security.NegotiateStream.Read(Byte[] buffer, Int32 offset, Int32 count)
   at System.ServiceModel.Channels.StreamConnection.Read(Byte[] buffer, Int32 offset, Int32 size, TimeSpan timeout)
   --- End of inner exception stack trace ---
   at System.ServiceModel.Channels.StreamConnection.Read(Byte[] buffer, Int32 offset, Int32 size, TimeSpan timeout)
   at System.ServiceModel.Channels.SingletonConnectionReader.Receive(TimeSpan timeout)
   at System.ServiceModel.Channels.StreamedFramingRequestChannel.StreamedFramingRequest.WaitForReply(TimeSpan timeout)
   at System.ServiceModel.Channels.RequestChannel.Request(Message message, TimeSpan timeout)
   --- End of inner exception stack trace ---

Server stack trace: 
   at System.ServiceModel.Channels.RequestChannel.Request(Message message, TimeSpan timeout)
   at System.ServiceModel.Channels.TransactionRequestChannelGeneric`1.Request(Message message, TimeSpan timeout)
   at System.ServiceModel.Dispatcher.RequestChannelBinder.Request(Message message, TimeSpan timeout)
   at System.ServiceModel.Channels.ServiceChannel.Call(String action, Boolean oneway, ProxyOperationRuntime operation, Object[] ins, Object[] outs, TimeSpan timeout)
   at System.ServiceModel.Channels.ServiceChannelProxy.InvokeService(IMethodCallMessage methodCall, ProxyOperationRuntime operation)
   at System.ServiceModel.Channels.ServiceChannelProxy.Invoke(IMessage message)

Exception rethrown at [0]: 
   at A.c22aefe7f39df3d678dba160428b769f4.c0c4ec95a682cbefc208f4f3eb80ff6ad[c5e2460f6ebc534efe90b3230b7797cb4](Func`1 c3c081f340dcdf79e192d50757bce0bee)
   at A.c42ccb3c762729e5c1ed9dd9fb21f7a51.c2a035223c95353a451d486528bb968ce(DateTime ca50651d185b346c217028862887f6062, List`1 c94623007ea3b221db43a7a5c991a9cac, Int32 c27485bd6dedf79f29eccbe33aefab814, DateTime cc0b7aac23bdedea569c99b9f01ab5798, DateTime ca917bd7d663d59239d097b255d937590)
   at Petex.IFM.IVM.VisualWorkflowService.c1c13b709b3df317d725c923928032d5a(c0a78f935034ea252425562b3db1ea988 cc462e40687a776088a0f60dcc4dee4c5, VisualWorkflowResultOptions c97464e7151b310fab45ca8e18c9bbc4d)
2018/09/23 02:06:14.700 INFO  133 A.cdc551499db0039f956e1d0666bfd1504.ca3aa6b2f13c2c1bc9c646f6abf33ed07 - Changing service from :0 to HOUMSEOSIFM007:8787
2018/09/23 02:06:49.947 INFO  94 A.ca9303324ae27c9d224e829df918b1ee8.c6ae4a85f8bc1eee64ee593e8582f1fd3 - Get a Copy for model file : APC Cum Volume Monthly Rollup.vwk folder id : 7 model file id : 1991 recursive at '9/23/2018 7:06:49 AM' ==> Started.
2018/09/23 02:06:50.607 INFO  94 A.ca9303324ae27c9d224e829df918b1ee8.c6ae4a85f8bc1eee64ee593e8582f1fd3 - Get a Copy for model file : APC Cum Volume Monthly Rollup.vwk folder id : 7 model file id : 1991 recursive at '9/23/2018 7:06:49 AM' ==> Completed. Took 00:00:00.660
2018/09/23 02:08:02.492 INFO  72 A.ca9303324ae27c9d224e829df918b1ee8.c6ae4a85f8bc1eee64ee593e8582f1fd3 - Get a Copy for model file : APC Plunger Settings Rollup2.vwk folder id : 7 model file id : 2035 recursive at '9/23/2018 7:08:01 AM' ==> Started.
2018/09/23 02:08:03.119 INFO  72 A.ca9303324ae27c9d224e829df918b1ee8.c6ae4a85f8bc1eee64ee593e8582f1fd3 - Get a Copy for model file : APC Plunger Settings Rollup2.vwk folder id : 7 model file id : 2035 recursive at '9/23/2018 7:08:01 AM' ==> Completed. Took 00:00:00.627
2018/09/23 02:09:07.726 INFO  109 A.ca9303324ae27c9d224e829df918b1ee8.c6ae4a85f8bc1eee64ee593e8582f1fd3 - Get a Copy for model file : APC Close Time Cycle Time Averages.vwk folder id : 7 model file id : 2026 recursive at '9/23/2018 7:09:07 AM' ==> Started.
2018/09/23 02:09:08.320 INFO  109 A.ca9303324ae27c9d224e829df918b1ee8.c6ae4a85f8bc1eee64ee593e8582f1fd3 - Get a Copy for model file : APC Close Time Cycle Time Averages.vwk folder id : 7 model file id : 2026 recursive at '9/23/2018 7:09:07 AM' ==> Completed. Took 00:00:00.594
2018/09/23 02:11:23.309 ERROR 116 A.cec9e090ae538d190220f059017b75b84.Process - System.TimeoutException: The request channel timed out while waiting for a reply after 00:04:54.9820127. Increase the timeout value passed to the call to Request or increase the SendTimeout value on the Binding. The time allotted to this operation may have been a portion of a longer timeout. ---> System.TimeoutException: The socket transfer timed out after 00:04:59.9930000. You have exceeded the timeout set on your binding. The time allotted to this operation may have been a portion of a longer timeout. ---> System.IO.IOException: The read operation failed, see inner exception. ---> System.TimeoutException: The socket transfer timed out after 00:04:59.9930000. You have exceeded the timeout set on your binding. The time allotted to this operation may have been a portion of a longer timeout. ---> System.Net.Sockets.SocketException: A connection attempt failed because the connected party did not properly respond after a period of time, or established connection failed because connected host has failed to respond
   at System.Net.Sockets.Socket.Receive(Byte[] buffer, Int32 offset, Int32 size, SocketFlags socketFlags)
   at System.ServiceModel.Channels.SocketConnection.ReadCore(Byte[] buffer, Int32 offset, Int32 size, TimeSpan timeout, Boolean closing)
   --- End of inner exception stack trace ---
   at System.ServiceModel.Channels.SocketConnection.ReadCore(Byte[] buffer, Int32 offset, Int32 size, TimeSpan timeout, Boolean closing)
   at System.ServiceModel.Channels.SocketConnection.Read(Byte[] buffer, Int32 offset, Int32 size, TimeSpan timeout)
   at System.ServiceModel.Channels.DelegatingConnection.Read(Byte[] buffer, Int32 offset, Int32 size, TimeSpan timeout)
   at System.ServiceModel.Channels.ConnectionStream.Read(Byte[] buffer, Int32 offset, Int32 count)
   at System.Net.FixedSizeReader.ReadPacket(Byte[] buffer, Int32 offset, Int32 count)
   at System.Net.Security.NegotiateStream.StartFrameHeader(Byte[] buffer, Int32 offset, Int32 count, AsyncProtocolRequest asyncRequest)
   at System.Net.Security.NegotiateStream.ProcessRead(Byte[] buffer, Int32 offset, Int32 count, AsyncProtocolRequest asyncRequest)
   --- End of inner exception stack trace ---
   at System.Net.Security.NegotiateStream.ProcessRead(Byte[] buffer, Int32 offset, Int32 count, AsyncProtocolRequest asyncRequest)
   at System.Net.Security.NegotiateStream.Read(Byte[] buffer, Int32 offset, Int32 count)
   at System.ServiceModel.Channels.StreamConnection.Read(Byte[] buffer, Int32 offset, Int32 size, TimeSpan timeout)
   --- End of inner exception stack trace ---
   at System.ServiceModel.Channels.StreamConnection.Read(Byte[] buffer, Int32 offset, Int32 size, TimeSpan timeout)
   at System.ServiceModel.Channels.SingletonConnectionReader.Receive(TimeSpan timeout)
   at System.ServiceModel.Channels.StreamedFramingRequestChannel.StreamedFramingRequest.WaitForReply(TimeSpan timeout)
   at System.ServiceModel.Channels.RequestChannel.Request(Message message, TimeSpan timeout)
   --- End of inner exception stack trace ---

Server stack trace: 
   at System.ServiceModel.Channels.RequestChannel.Request(Message message, TimeSpan timeout)
   at System.ServiceModel.Channels.TransactionRequestChannelGeneric`1.Request(Message message, TimeSpan timeout)
   at System.ServiceModel.Dispatcher.RequestChannelBinder.Request(Message message, TimeSpan timeout)
   at System.ServiceModel.Channels.ServiceChannel.Call(String action, Boolean oneway, ProxyOperationRuntime operation, Object[] ins, Object[] outs, TimeSpan timeout)
   at System.ServiceModel.Channels.ServiceChannelProxy.InvokeService(IMethodCallMessage methodCall, ProxyOperationRuntime operation)
   at System.ServiceModel.Channels.ServiceChannelProxy.Invoke(IMessage message)

Exception rethrown at [0]: 
   at System.Runtime.Remoting.Proxies.RealProxy.HandleReturnMessage(IMessage reqMsg, IMessage retMsg)
   at System.Runtime.Remoting.Proxies.RealProxy.PrivateInvoke(MessageData& msgData, Int32 type)
   at Petex.Service.RequestProcessor.IWcfStreamResponseProcessor.Process(MessageRequest request)
   at A.cec9e090ae538d190220f059017b75b84.Process(MessageRequest request)
Details:
System.TimeoutException: The request channel timed out while waiting for a reply after 00:04:54.9820127. Increase the timeout value passed to the call to Request or increase the SendTimeout value on the Binding. The time allotted to this operation may have been a portion of a longer timeout. ---> System.TimeoutException: The socket transfer timed out after 00:04:59.9930000. You have exceeded the timeout set on your binding. The time allotted to this operation may have been a portion of a longer timeout. ---> System.IO.IOException: The read operation failed, see inner exception. ---> System.TimeoutException: The socket transfer timed out after 00:04:59.9930000. You have exceeded the timeout set on your binding. The time allotted to this operation may have been a portion of a longer timeout. ---> System.Net.Sockets.SocketException: A connection attempt failed because the connected party did not properly respond after a period of time, or established connection failed because connected host has failed to respond
   at System.Net.Sockets.Socket.Receive(Byte[] buffer, Int32 offset, Int32 size, SocketFlags socketFlags)
   at System.ServiceModel.Channels.SocketConnection.ReadCore(Byte[] buffer, Int32 offset, Int32 size, TimeSpan timeout, Boolean closing)
   --- End of inner exception stack trace ---
   at System.ServiceModel.Channels.SocketConnection.ReadCore(Byte[] buffer, Int32 offset, Int32 size, TimeSpan timeout, Boolean closing)
   at System.ServiceModel.Channels.SocketConnection.Read(Byte[] buffer, Int32 offset, Int32 size, TimeSpan timeout)
   at System.ServiceModel.Channels.DelegatingConnection.Read(Byte[] buffer, Int32 offset, Int32 size, TimeSpan timeout)
   at System.ServiceModel.Channels.ConnectionStream.Read(Byte[] buffer, Int32 offset, Int32 count)
   at System.Net.FixedSizeReader.ReadPacket(Byte[] buffer, Int32 offset, Int32 count)
   at System.Net.Security.NegotiateStream.StartFrameHeader(Byte[] buffer, Int32 offset, Int32 count, AsyncProtocolRequest asyncRequest)
   at System.Net.Security.NegotiateStream.ProcessRead(Byte[] buffer, Int32 offset, Int32 count, AsyncProtocolRequest asyncRequest)
   --- End of inner exception stack trace ---
   at System.Net.Security.NegotiateStream.ProcessRead(Byte[] buffer, Int32 offset, Int32 count, AsyncProtocolRequest asyncRequest)
   at System.Net.Security.NegotiateStream.Read(Byte[] buffer, Int32 offset, Int32 count)
   at System.ServiceModel.Channels.StreamConnection.Read(Byte[] buffer, Int32 offset, Int32 size, TimeSpan timeout)
   --- End of inner exception stack trace ---
   at System.ServiceModel.Channels.StreamConnection.Read(Byte[] buffer, Int32 offset, Int32 size, TimeSpan timeout)
   at System.ServiceModel.Channels.SingletonConnectionReader.Receive(TimeSpan timeout)
   at System.ServiceModel.Channels.StreamedFramingRequestChannel.StreamedFramingRequest.WaitForReply(TimeSpan timeout)
   at System.ServiceModel.Channels.RequestChannel.Request(Message message, TimeSpan timeout)
   --- End of inner exception stack trace ---

Server stack trace: 
   at System.ServiceModel.Channels.RequestChannel.Request(Message message, TimeSpan timeout)
   at System.ServiceModel.Channels.TransactionRequestChannelGeneric`1.Request(Message message, TimeSpan timeout)
   at System.ServiceModel.Dispatcher.RequestChannelBinder.Request(Message message, TimeSpan timeout)
   at System.ServiceModel.Channels.ServiceChannel.Call(String action, Boolean oneway, ProxyOperationRuntime operation, Object[] ins, Object[] outs, TimeSpan timeout)
   at System.ServiceModel.Channels.ServiceChannelProxy.InvokeService(IMethodCallMessage methodCall, ProxyOperationRuntime operation)
   at System.ServiceModel.Channels.ServiceChannelProxy.Invoke(IMessage message)

Exception rethrown at [0]: 
   at System.Runtime.Remoting.Proxies.RealProxy.HandleReturnMessage(IMessage reqMsg, IMessage retMsg)
   at System.Runtime.Remoting.Proxies.RealProxy.PrivateInvoke(MessageData& msgData, Int32 type)
   at Petex.Service.RequestProcessor.IWcfStreamResponseProcessor.Process(MessageRequest request)
   at A.cec9e090ae538d190220f059017b75b84.Process(MessageRequest request)
2018/09/23 02:11:23.311 ERROR 116 A.cec9e090ae538d190220f059017b75b84 (Thread 116) ProcID (36972) - System.TimeoutException: The request channel timed out while waiting for a reply after 00:04:54.9820127. Increase the timeout value passed to the call to Request or increase the SendTimeout value on the Binding. The time allotted to this operation may have been a portion of a longer timeout. ---> System.TimeoutException: The socket transfer timed out after 00:04:59.9930000. You have exceeded the timeout set on your binding. The time allotted to this operation may have been a portion of a longer timeout. ---> System.IO.IOException: The read operation failed, see inner exception. ---> System.TimeoutException: The socket transfer timed out after 00:04:59.9930000. You have exceeded the timeout set on your binding. The time allotted to this operation may have been a portion of a longer timeout. ---> System.Net.Sockets.SocketException: A connection attempt failed because the connected party did not properly respond after a period of time, or established connection failed because connected host has failed to respond
   at System.Net.Sockets.Socket.Receive(Byte[] buffer, Int32 offset, Int32 size, SocketFlags socketFlags)
   at System.ServiceModel.Channels.SocketConnection.ReadCore(Byte[] buffer, Int32 offset, Int32 size, TimeSpan timeout, Boolean closing)
   --- End of inner exception stack trace ---
   at System.ServiceModel.Channels.SocketConnection.ReadCore(Byte[] buffer, Int32 offset, Int32 size, TimeSpan timeout, Boolean closing)
   at System.ServiceModel.Channels.SocketConnection.Read(Byte[] buffer, Int32 offset, Int32 size, TimeSpan timeout)
   at System.ServiceModel.Channels.DelegatingConnection.Read(Byte[] buffer, Int32 offset, Int32 size, TimeSpan timeout)
   at System.ServiceModel.Channels.ConnectionStream.Read(Byte[] buffer, Int32 offset, Int32 count)
   at System.Net.FixedSizeReader.ReadPacket(Byte[] buffer, Int32 offset, Int32 count)
   at System.Net.Security.NegotiateStream.StartFrameHeader(Byte[] buffer, Int32 offset, Int32 count, AsyncProtocolRequest asyncRequest)
   at System.Net.Security.NegotiateStream.ProcessRead(Byte[] buffer, Int32 offset, Int32 count, AsyncProtocolRequest asyncRequest)
   --- End of inner exception stack trace ---
   at System.Net.Security.NegotiateStream.ProcessRead(Byte[] buffer, Int32 offset, Int32 count, AsyncProtocolRequest asyncRequest)
   at System.Net.Security.NegotiateStream.Read(Byte[] buffer, Int32 offset, Int32 count)
   at System.ServiceModel.Channels.StreamConnection.Read(Byte[] buffer, Int32 offset, Int32 size, TimeSpan timeout)
   --- End of inner exception stack trace ---
   at System.ServiceModel.Channels.StreamConnection.Read(Byte[] buffer, Int32 offset, Int32 size, TimeSpan timeout)
   at System.ServiceModel.Channels.SingletonConnectionReader.Receive(TimeSpan timeout)
   at System.ServiceModel.Channels.StreamedFramingRequestChannel.StreamedFramingRequest.WaitForReply(TimeSpan timeout)
   at System.ServiceModel.Channels.RequestChannel.Request(Message message, TimeSpan timeout)
   --- End of inner exception stack trace ---

Server stack trace: 
   at System.ServiceModel.Channels.RequestChannel.Request(Message message, TimeSpan timeout)
   at System.ServiceModel.Channels.TransactionRequestChannelGeneric`1.Request(Message message, TimeSpan timeout)
   at System.ServiceModel.Dispatcher.RequestChannelBinder.Request(Message message, TimeSpan timeout)
   at System.ServiceModel.Channels.ServiceChannel.Call(String action, Boolean oneway, ProxyOperationRuntime operation, Object[] ins, Object[] outs, TimeSpan timeout)
   at System.ServiceModel.Channels.ServiceChannelProxy.InvokeService(IMethodCallMessage methodCall, ProxyOperationRuntime operation)
   at System.ServiceModel.Channels.ServiceChannelProxy.Invoke(IMessage message)

Exception rethrown at [0]: 
   at System.Runtime.Remoting.Proxies.RealProxy.HandleReturnMessage(IMessage reqMsg, IMessage retMsg)
   at System.Runtime.Remoting.Proxies.RealProxy.PrivateInvoke(MessageData& msgData, Int32 type)
   at Petex.Service.RequestProcessor.IWcfStreamResponseProcessor.Process(MessageRequest request)
   at A.cec9e090ae538d190220f059017b75b84.Process(MessageRequest request)

method : Process([Petex.Service.RequestProcessor.MessageRequest] request = Petex.Service.RequestProcessor.MessageRequest)

2018/09/23 02:11:23.312 ERROR 120 Petex.IFM.IVM.VisualWorkflowService.c1c13b709b3df317d725c923928032d5a - An error occurred while getting bulk results.
Details:
System.TimeoutException: The request channel timed out while waiting for a reply after 00:04:54.9820127. Increase the timeout value passed to the call to Request or increase the SendTimeout value on the Binding. The time allotted to this operation may have been a portion of a longer timeout. ---> System.TimeoutException: The socket transfer timed out after 00:04:59.9930000. You have exceeded the timeout set on your binding. The time allotted to this operation may have been a portion of a longer timeout. ---> System.IO.IOException: The read operation failed, see inner exception. ---> System.TimeoutException: The socket transfer timed out after 00:04:59.9930000. You have exceeded the timeout set on your binding. The time allotted to this operation may have been a portion of a longer timeout. ---> System.Net.Sockets.SocketException: A connection attempt failed because the connected party did not properly respond after a period of time, or established connection failed because connected host has failed to respond
   at System.Net.Sockets.Socket.Receive(Byte[] buffer, Int32 offset, Int32 size, SocketFlags socketFlags)
   at System.ServiceModel.Channels.SocketConnection.ReadCore(Byte[] buffer, Int32 offset, Int32 size, TimeSpan timeout, Boolean closing)
   --- End of inner exception stack trace ---
   at System.ServiceModel.Channels.SocketConnection.ReadCore(Byte[] buffer, Int32 offset, Int32 size, TimeSpan timeout, Boolean closing)
   at System.ServiceModel.Channels.SocketConnection.Read(Byte[] buffer, Int32 offset, Int32 size, TimeSpan timeout)
   at System.ServiceModel.Channels.DelegatingConnection.Read(Byte[] buffer, Int32 offset, Int32 size, TimeSpan timeout)
   at System.ServiceModel.Channels.ConnectionStream.Read(Byte[] buffer, Int32 offset, Int32 count)
   at System.Net.FixedSizeReader.ReadPacket(Byte[] buffer, Int32 offset, Int32 count)
   at System.Net.Security.NegotiateStream.StartFrameHeader(Byte[] buffer, Int32 offset, Int32 count, AsyncProtocolRequest asyncRequest)
   at System.Net.Security.NegotiateStream.ProcessRead(Byte[] buffer, Int32 offset, Int32 count, AsyncProtocolRequest asyncRequest)
   --- End of inner exception stack trace ---
   at System.Net.Security.NegotiateStream.ProcessRead(Byte[] buffer, Int32 offset, Int32 count, AsyncProtocolRequest asyncRequest)
   at System.Net.Security.NegotiateStream.Read(Byte[] buffer, Int32 offset, Int32 count)
   at System.ServiceModel.Channels.StreamConnection.Read(Byte[] buffer, Int32 offset, Int32 size, TimeSpan timeout)
   --- End of inner exception stack trace ---
   at System.ServiceModel.Channels.StreamConnection.Read(Byte[] buffer, Int32 offset, Int32 size, TimeSpan timeout)
   at System.ServiceModel.Channels.SingletonConnectionReader.Receive(TimeSpan timeout)
   at System.ServiceModel.Channels.StreamedFramingRequestChannel.StreamedFramingRequest.WaitForReply(TimeSpan timeout)
   at System.ServiceModel.Channels.RequestChannel.Request(Message message, TimeSpan timeout)
   --- End of inner exception stack trace ---

Server stack trace: 
   at System.ServiceModel.Channels.RequestChannel.Request(Message message, TimeSpan timeout)
   at System.ServiceModel.Channels.TransactionRequestChannelGeneric`1.Request(Message message, TimeSpan timeout)
   at System.ServiceModel.Dispatcher.RequestChannelBinder.Request(Message message, TimeSpan timeout)
   at System.ServiceModel.Channels.ServiceChannel.Call(String action, Boolean oneway, ProxyOperationRuntime operation, Object[] ins, Object[] outs, TimeSpan timeout)
   at System.ServiceModel.Channels.ServiceChannelProxy.InvokeService(IMethodCallMessage methodCall, ProxyOperationRuntime operation)
   at System.ServiceModel.Channels.ServiceChannelProxy.Invoke(IMessage message)

Exception rethrown at [0]: 
   at A.c22aefe7f39df3d678dba160428b769f4.c0c4ec95a682cbefc208f4f3eb80ff6ad[c5e2460f6ebc534efe90b3230b7797cb4](Func`1 c3c081f340dcdf79e192d50757bce0bee)
   at A.c42ccb3c762729e5c1ed9dd9fb21f7a51.c2a035223c95353a451d486528bb968ce(DateTime ca50651d185b346c217028862887f6062, List`1 c94623007ea3b221db43a7a5c991a9cac, Int32 c27485bd6dedf79f29eccbe33aefab814, DateTime cc0b7aac23bdedea569c99b9f01ab5798, DateTime ca917bd7d663d59239d097b255d937590)
   at Petex.IFM.IVM.VisualWorkflowService.c1c13b709b3df317d725c923928032d5a(c0a78f935034ea252425562b3db1ea988 cc462e40687a776088a0f60dcc4dee4c5, VisualWorkflowResultOptions c97464e7151b310fab45ca8e18c9bbc4d)
2018/09/23 02:11:44.700 INFO  87 A.cdc551499db0039f956e1d0666bfd1504.ca3aa6b2f13c2c1bc9c646f6abf33ed07 - Changing service from :0 to HOUMSEOSIFM007:8787
2018/09/23 02:16:52.480 ERROR 70 A.cec9e090ae538d190220f059017b75b84.Process - System.TimeoutException: The request channel timed out while waiting for a reply after 00:04:55.7720361. Increase the timeout value passed to the call to Request or increase the SendTimeout value on the Binding. The time allotted to this operation may have been a portion of a longer timeout. ---> System.TimeoutException: The socket transfer timed out after 00:04:59.9930000. You have exceeded the timeout set on your binding. The time allotted to this operation may have been a portion of a longer timeout. ---> System.IO.IOException: The read operation failed, see inner exception. ---> System.TimeoutException: The socket transfer timed out after 00:04:59.9930000. You have exceeded the timeout set on your binding. The time allotted to this operation may have been a portion of a longer timeout. ---> System.Net.Sockets.SocketException: A connection attempt failed because the connected party did not properly respond after a period of time, or established connection failed because connected host has failed to respond
   at System.Net.Sockets.Socket.Receive(Byte[] buffer, Int32 offset, Int32 size, SocketFlags socketFlags)
   at System.ServiceModel.Channels.SocketConnection.ReadCore(Byte[] buffer, Int32 offset, Int32 size, TimeSpan timeout, Boolean closing)
   --- End of inner exception stack trace ---
   at System.ServiceModel.Channels.SocketConnection.ReadCore(Byte[] buffer, Int32 offset, Int32 size, TimeSpan timeout, Boolean closing)
   at System.ServiceModel.Channels.SocketConnection.Read(Byte[] buffer, Int32 offset, Int32 size, TimeSpan timeout)
   at System.ServiceModel.Channels.DelegatingConnection.Read(Byte[] buffer, Int32 offset, Int32 size, TimeSpan timeout)
   at System.ServiceModel.Channels.ConnectionStream.Read(Byte[] buffer, Int32 offset, Int32 count)
   at System.Net.FixedSizeReader.ReadPacket(Byte[] buffer, Int32 offset, Int32 count)
   at System.Net.Security.NegotiateStream.StartFrameHeader(Byte[] buffer, Int32 offset, Int32 count, AsyncProtocolRequest asyncRequest)
   at System.Net.Security.NegotiateStream.ProcessRead(Byte[] buffer, Int32 offset, Int32 count, AsyncProtocolRequest asyncRequest)
   --- End of inner exception stack trace ---
   at System.Net.Security.NegotiateStream.ProcessRead(Byte[] buffer, Int32 offset, Int32 count, AsyncProtocolRequest asyncRequest)
   at System.Net.Security.NegotiateStream.Read(Byte[] buffer, Int32 offset, Int32 count)
   at System.ServiceModel.Channels.StreamConnection.Read(Byte[] buffer, Int32 offset, Int32 size, TimeSpan timeout)
   --- End of inner exception stack trace ---
   at System.ServiceModel.Channels.StreamConnection.Read(Byte[] buffer, Int32 offset, Int32 size, TimeSpan timeout)
   at System.ServiceModel.Channels.SingletonConnectionReader.Receive(TimeSpan timeout)
   at System.ServiceModel.Channels.StreamedFramingRequestChannel.StreamedFramingRequest.WaitForReply(TimeSpan timeout)
   at System.ServiceModel.Channels.RequestChannel.Request(Message message, TimeSpan timeout)
   --- End of inner exception stack trace ---

Server stack trace: 
   at System.ServiceModel.Channels.RequestChannel.Request(Message message, TimeSpan timeout)
   at System.ServiceModel.Channels.TransactionRequestChannelGeneric`1.Request(Message message, TimeSpan timeout)
   at System.ServiceModel.Dispatcher.RequestChannelBinder.Request(Message message, TimeSpan timeout)
   at System.ServiceModel.Channels.ServiceChannel.Call(String action, Boolean oneway, ProxyOperationRuntime operation, Object[] ins, Object[] outs, TimeSpan timeout)
   at System.ServiceModel.Channels.ServiceChannelProxy.InvokeService(IMethodCallMessage methodCall, ProxyOperationRuntime operation)
   at System.ServiceModel.Channels.ServiceChannelProxy.Invoke(IMessage message)

Exception rethrown at [0]: 
   at System.Runtime.Remoting.Proxies.RealProxy.HandleReturnMessage(IMessage reqMsg, IMessage retMsg)
   at System.Runtime.Remoting.Proxies.RealProxy.PrivateInvoke(MessageData& msgData, Int32 type)
   at Petex.Service.RequestProcessor.IWcfStreamResponseProcessor.Process(MessageRequest request)
   at A.cec9e090ae538d190220f059017b75b84.Process(MessageRequest request)
Details:
System.TimeoutException: The request channel timed out while waiting for a reply after 00:04:55.7720361. Increase the timeout value passed to the call to Request or increase the SendTimeout value on the Binding. The time allotted to this operation may have been a portion of a longer timeout. ---> System.TimeoutException: The socket transfer timed out after 00:04:59.9930000. You have exceeded the timeout set on your binding. The time allotted to this operation may have been a portion of a longer timeout. ---> System.IO.IOException: The read operation failed, see inner exception. ---> System.TimeoutException: The socket transfer timed out after 00:04:59.9930000. You have exceeded the timeout set on your binding. The time allotted to this operation may have been a portion of a longer timeout. ---> System.Net.Sockets.SocketException: A connection attempt failed because the connected party did not properly respond after a period of time, or established connection failed because connected host has failed to respond
   at System.Net.Sockets.Socket.Receive(Byte[] buffer, Int32 offset, Int32 size, SocketFlags socketFlags)
   at System.ServiceModel.Channels.SocketConnection.ReadCore(Byte[] buffer, Int32 offset, Int32 size, TimeSpan timeout, Boolean closing)
   --- End of inner exception stack trace ---
   at System.ServiceModel.Channels.SocketConnection.ReadCore(Byte[] buffer, Int32 offset, Int32 size, TimeSpan timeout, Boolean closing)
   at System.ServiceModel.Channels.SocketConnection.Read(Byte[] buffer, Int32 offset, Int32 size, TimeSpan timeout)
   at System.ServiceModel.Channels.DelegatingConnection.Read(Byte[] buffer, Int32 offset, Int32 size, TimeSpan timeout)
   at System.ServiceModel.Channels.ConnectionStream.Read(Byte[] buffer, Int32 offset, Int32 count)
   at System.Net.FixedSizeReader.ReadPacket(Byte[] buffer, Int32 offset, Int32 count)
   at System.Net.Security.NegotiateStream.StartFrameHeader(Byte[] buffer, Int32 offset, Int32 count, AsyncProtocolRequest asyncRequest)
   at System.Net.Security.NegotiateStream.ProcessRead(Byte[] buffer, Int32 offset, Int32 count, AsyncProtocolRequest asyncRequest)
   --- End of inner exception stack trace ---
   at System.Net.Security.NegotiateStream.ProcessRead(Byte[] buffer, Int32 offset, Int32 count, AsyncProtocolRequest asyncRequest)
   at System.Net.Security.NegotiateStream.Read(Byte[] buffer, Int32 offset, Int32 count)
   at System.ServiceModel.Channels.StreamConnection.Read(Byte[] buffer, Int32 offset, Int32 size, TimeSpan timeout)
   --- End of inner exception stack trace ---
   at System.ServiceModel.Channels.StreamConnection.Read(Byte[] buffer, Int32 offset, Int32 size, TimeSpan timeout)
   at System.ServiceModel.Channels.SingletonConnectionReader.Receive(TimeSpan timeout)
   at System.ServiceModel.Channels.StreamedFramingRequestChannel.StreamedFramingRequest.WaitForReply(TimeSpan timeout)
   at System.ServiceModel.Channels.RequestChannel.Request(Message message, TimeSpan timeout)
   --- End of inner exception stack trace ---

Server stack trace: 
   at System.ServiceModel.Channels.RequestChannel.Request(Message message, TimeSpan timeout)
   at System.ServiceModel.Channels.TransactionRequestChannelGeneric`1.Request(Message message, TimeSpan timeout)
   at System.ServiceModel.Dispatcher.RequestChannelBinder.Request(Message message, TimeSpan timeout)
   at System.ServiceModel.Channels.ServiceChannel.Call(String action, Boolean oneway, ProxyOperationRuntime operation, Object[] ins, Object[] outs, TimeSpan timeout)
   at System.ServiceModel.Channels.ServiceChannelProxy.InvokeService(IMethodCallMessage methodCall, ProxyOperationRuntime operation)
   at System.ServiceModel.Channels.ServiceChannelProxy.Invoke(IMessage message)

Exception rethrown at [0]: 
   at System.Runtime.Remoting.Proxies.RealProxy.HandleReturnMessage(IMessage reqMsg, IMessage retMsg)
   at System.Runtime.Remoting.Proxies.RealProxy.PrivateInvoke(MessageData& msgData, Int32 type)
   at Petex.Service.RequestProcessor.IWcfStreamResponseProcessor.Process(MessageRequest request)
   at A.cec9e090ae538d190220f059017b75b84.Process(MessageRequest request)
2018/09/23 02:16:52.484 ERROR 70 A.cec9e090ae538d190220f059017b75b84 (Thread 70) ProcID (36972) - System.TimeoutException: The request channel timed out while waiting for a reply after 00:04:55.7720361. Increase the timeout value passed to the call to Request or increase the SendTimeout value on the Binding. The time allotted to this operation may have been a portion of a longer timeout. ---> System.TimeoutException: The socket transfer timed out after 00:04:59.9930000. You have exceeded the timeout set on your binding. The time allotted to this operation may have been a portion of a longer timeout. ---> System.IO.IOException: The read operation failed, see inner exception. ---> System.TimeoutException: The socket transfer timed out after 00:04:59.9930000. You have exceeded the timeout set on your binding. The time allotted to this operation may have been a portion of a longer timeout. ---> System.Net.Sockets.SocketException: A connection attempt failed because the connected party did not properly respond after a period of time, or established connection failed because connected host has failed to respond
   at System.Net.Sockets.Socket.Receive(Byte[] buffer, Int32 offset, Int32 size, SocketFlags socketFlags)
   at System.ServiceModel.Channels.SocketConnection.ReadCore(Byte[] buffer, Int32 offset, Int32 size, TimeSpan timeout, Boolean closing)
   --- End of inner exception stack trace ---
   at System.ServiceModel.Channels.SocketConnection.ReadCore(Byte[] buffer, Int32 offset, Int32 size, TimeSpan timeout, Boolean closing)
   at System.ServiceModel.Channels.SocketConnection.Read(Byte[] buffer, Int32 offset, Int32 size, TimeSpan timeout)
   at System.ServiceModel.Channels.DelegatingConnection.Read(Byte[] buffer, Int32 offset, Int32 size, TimeSpan timeout)
   at System.ServiceModel.Channels.ConnectionStream.Read(Byte[] buffer, Int32 offset, Int32 count)
   at System.Net.FixedSizeReader.ReadPacket(Byte[] buffer, Int32 offset, Int32 count)
   at System.Net.Security.NegotiateStream.StartFrameHeader(Byte[] buffer, Int32 offset, Int32 count, AsyncProtocolRequest asyncRequest)
   at System.Net.Security.NegotiateStream.ProcessRead(Byte[] buffer, Int32 offset, Int32 count, AsyncProtocolRequest asyncRequest)
   --- End of inner exception stack trace ---
   at System.Net.Security.NegotiateStream.ProcessRead(Byte[] buffer, Int32 offset, Int32 count, AsyncProtocolRequest asyncRequest)
   at System.Net.Security.NegotiateStream.Read(Byte[] buffer, Int32 offset, Int32 count)
   at System.ServiceModel.Channels.StreamConnection.Read(Byte[] buffer, Int32 offset, Int32 size, TimeSpan timeout)
   --- End of inner exception stack trace ---
   at System.ServiceModel.Channels.StreamConnection.Read(Byte[] buffer, Int32 offset, Int32 size, TimeSpan timeout)
   at System.ServiceModel.Channels.SingletonConnectionReader.Receive(TimeSpan timeout)
   at System.ServiceModel.Channels.StreamedFramingRequestChannel.StreamedFramingRequest.WaitForReply(TimeSpan timeout)
   at System.ServiceModel.Channels.RequestChannel.Request(Message message, TimeSpan timeout)
   --- End of inner exception stack trace ---

Server stack trace: 
   at System.ServiceModel.Channels.RequestChannel.Request(Message message, TimeSpan timeout)
   at System.ServiceModel.Channels.TransactionRequestChannelGeneric`1.Request(Message message, TimeSpan timeout)
   at System.ServiceModel.Dispatcher.RequestChannelBinder.Request(Message message, TimeSpan timeout)
   at System.ServiceModel.Channels.ServiceChannel.Call(String action, Boolean oneway, ProxyOperationRuntime operation, Object[] ins, Object[] outs, TimeSpan timeout)
   at System.ServiceModel.Channels.ServiceChannelProxy.InvokeService(IMethodCallMessage methodCall, ProxyOperationRuntime operation)
   at System.ServiceModel.Channels.ServiceChannelProxy.Invoke(IMessage message)

Exception rethrown at [0]: 
   at System.Runtime.Remoting.Proxies.RealProxy.HandleReturnMessage(IMessage reqMsg, IMessage retMsg)
   at System.Runtime.Remoting.Proxies.RealProxy.PrivateInvoke(MessageData& msgData, Int32 type)
   at Petex.Service.RequestProcessor.IWcfStreamResponseProcessor.Process(MessageRequest request)
   at A.cec9e090ae538d190220f059017b75b84.Process(MessageRequest request)

method : Process([Petex.Service.RequestProcessor.MessageRequest] request = Petex.Service.RequestProcessor.MessageRequest)

2018/09/23 02:16:52.485 ERROR 69 Petex.IFM.IVM.VisualWorkflowService.c1c13b709b3df317d725c923928032d5a - An error occurred while getting bulk results.
Details:
System.TimeoutException: The request channel timed out while waiting for a reply after 00:04:55.7720361. Increase the timeout value passed to the call to Request or increase the SendTimeout value on the Binding. The time allotted to this operation may have been a portion of a longer timeout. ---> System.TimeoutException: The socket transfer timed out after 00:04:59.9930000. You have exceeded the timeout set on your binding. The time allotted to this operation may have been a portion of a longer timeout. ---> System.IO.IOException: The read operation failed, see inner exception. ---> System.TimeoutException: The socket transfer timed out after 00:04:59.9930000. You have exceeded the timeout set on your binding. The time allotted to this operation may have been a portion of a longer timeout. ---> System.Net.Sockets.SocketException: A connection attempt failed because the connected party did not properly respond after a period of time, or established connection failed because connected host has failed to respond
   at System.Net.Sockets.Socket.Receive(Byte[] buffer, Int32 offset, Int32 size, SocketFlags socketFlags)
   at System.ServiceModel.Channels.SocketConnection.ReadCore(Byte[] buffer, Int32 offset, Int32 size, TimeSpan timeout, Boolean closing)
   --- End of inner exception stack trace ---
   at System.ServiceModel.Channels.SocketConnection.ReadCore(Byte[] buffer, Int32 offset, Int32 size, TimeSpan timeout, Boolean closing)
   at System.ServiceModel.Channels.SocketConnection.Read(Byte[] buffer, Int32 offset, Int32 size, TimeSpan timeout)
   at System.ServiceModel.Channels.DelegatingConnection.Read(Byte[] buffer, Int32 offset, Int32 size, TimeSpan timeout)
   at System.ServiceModel.Channels.ConnectionStream.Read(Byte[] buffer, Int32 offset, Int32 count)
   at System.Net.FixedSizeReader.ReadPacket(Byte[] buffer, Int32 offset, Int32 count)
   at System.Net.Security.NegotiateStream.StartFrameHeader(Byte[] buffer, Int32 offset, Int32 count, AsyncProtocolRequest asyncRequest)
   at System.Net.Security.NegotiateStream.ProcessRead(Byte[] buffer, Int32 offset, Int32 count, AsyncProtocolRequest asyncRequest)
   --- End of inner exception stack trace ---
   at System.Net.Security.NegotiateStream.ProcessRead(Byte[] buffer, Int32 offset, Int32 count, AsyncProtocolRequest asyncRequest)
   at System.Net.Security.NegotiateStream.Read(Byte[] buffer, Int32 offset, Int32 count)
   at System.ServiceModel.Channels.StreamConnection.Read(Byte[] buffer, Int32 offset, Int32 size, TimeSpan timeout)
   --- End of inner exception stack trace ---
   at System.ServiceModel.Channels.StreamConnection.Read(Byte[] buffer, Int32 offset, Int32 size, TimeSpan timeout)
   at System.ServiceModel.Channels.SingletonConnectionReader.Receive(TimeSpan timeout)
   at System.ServiceModel.Channels.StreamedFramingRequestChannel.StreamedFramingRequest.WaitForReply(TimeSpan timeout)
   at System.ServiceModel.Channels.RequestChannel.Request(Message message, TimeSpan timeout)
   --- End of inner exception stack trace ---

Server stack trace: 
   at System.ServiceModel.Channels.RequestChannel.Request(Message message, TimeSpan timeout)
   at System.ServiceModel.Channels.TransactionRequestChannelGeneric`1.Request(Message message, TimeSpan timeout)
   at System.ServiceModel.Dispatcher.RequestChannelBinder.Request(Message message, TimeSpan timeout)
   at System.ServiceModel.Channels.ServiceChannel.Call(String action, Boolean oneway, ProxyOperationRuntime operation, Object[] ins, Object[] outs, TimeSpan timeout)
   at System.ServiceModel.Channels.ServiceChannelProxy.InvokeService(IMethodCallMessage methodCall, ProxyOperationRuntime operation)
   at System.ServiceModel.Channels.ServiceChannelProxy.Invoke(IMessage message)

Exception rethrown at [0]: 
   at A.c22aefe7f39df3d678dba160428b769f4.c0c4ec95a682cbefc208f4f3eb80ff6ad[c5e2460f6ebc534efe90b3230b7797cb4](Func`1 c3c081f340dcdf79e192d50757bce0bee)
   at A.c42ccb3c762729e5c1ed9dd9fb21f7a51.c2a035223c95353a451d486528bb968ce(DateTime ca50651d185b346c217028862887f6062, List`1 c94623007ea3b221db43a7a5c991a9cac, Int32 c27485bd6dedf79f29eccbe33aefab814, DateTime cc0b7aac23bdedea569c99b9f01ab5798, DateTime ca917bd7d663d59239d097b255d937590)
   at Petex.IFM.IVM.VisualWorkflowService.c1c13b709b3df317d725c923928032d5a(c0a78f935034ea252425562b3db1ea988 cc462e40687a776088a0f60dcc4dee4c5, VisualWorkflowResultOptions c97464e7151b310fab45ca8e18c9bbc4d)
2018/09/23 02:17:14.714 INFO  83 A.cdc551499db0039f956e1d0666bfd1504.ca3aa6b2f13c2c1bc9c646f6abf33ed07 - Changing service from :0 to HOUMSEOSIFM007:8787
2018/09/23 02:18:40.702 INFO  132 A.ca9303324ae27c9d224e829df918b1ee8.c6ae4a85f8bc1eee64ee593e8582f1fd3 - Get a Copy for model file : APC Initial Pressure Estimator.vwk folder id : 7 model file id : 1993 recursive at '9/23/2018 7:18:39 AM' ==> Started.
2018/09/23 02:18:41.438 INFO  132 A.ca9303324ae27c9d224e829df918b1ee8.c6ae4a85f8bc1eee64ee593e8582f1fd3 - Get a Copy for model file : APC Initial Pressure Estimator.vwk folder id : 7 model file id : 1993 recursive at '9/23/2018 7:18:39 AM' ==> Completed. Took 00:00:00.736
2018/09/23 02:22:01.356 INFO  127 A.ca9303324ae27c9d224e829df918b1ee8.c6ae4a85f8bc1eee64ee593e8582f1fd3 - Get a Copy for model file : APC First WHP Date.vwk folder id : 7 model file id : 3026 recursive at '9/23/2018 7:22:00 AM' ==> Started.
2018/09/23 02:22:01.982 INFO  127 A.ca9303324ae27c9d224e829df918b1ee8.c6ae4a85f8bc1eee64ee593e8582f1fd3 - Get a Copy for model file : APC First WHP Date.vwk folder id : 7 model file id : 3026 recursive at '9/23/2018 7:22:00 AM' ==> Completed. Took 00:00:00.626
2018/09/23 02:22:22.385 ERROR 130 A.cec9e090ae538d190220f059017b75b84.Process - System.TimeoutException: The request channel timed out while waiting for a reply after 00:04:55.8810080. Increase the timeout value passed to the call to Request or increase the SendTimeout value on the Binding. The time allotted to this operation may have been a portion of a longer timeout. ---> System.TimeoutException: The socket transfer timed out after 00:04:59.9850000. You have exceeded the timeout set on your binding. The time allotted to this operation may have been a portion of a longer timeout. ---> System.IO.IOException: The read operation failed, see inner exception. ---> System.TimeoutException: The socket transfer timed out after 00:04:59.9850000. You have exceeded the timeout set on your binding. The time allotted to this operation may have been a portion of a longer timeout. ---> System.Net.Sockets.SocketException: A connection attempt failed because the connected party did not properly respond after a period of time, or established connection failed because connected host has failed to respond
   at System.Net.Sockets.Socket.Receive(Byte[] buffer, Int32 offset, Int32 size, SocketFlags socketFlags)
   at System.ServiceModel.Channels.SocketConnection.ReadCore(Byte[] buffer, Int32 offset, Int32 size, TimeSpan timeout, Boolean closing)
   --- End of inner exception stack trace ---
   at System.ServiceModel.Channels.SocketConnection.ReadCore(Byte[] buffer, Int32 offset, Int32 size, TimeSpan timeout, Boolean closing)
   at System.ServiceModel.Channels.SocketConnection.Read(Byte[] buffer, Int32 offset, Int32 size, TimeSpan timeout)
   at System.ServiceModel.Channels.DelegatingConnection.Read(Byte[] buffer, Int32 offset, Int32 size, TimeSpan timeout)
   at System.ServiceModel.Channels.ConnectionStream.Read(Byte[] buffer, Int32 offset, Int32 count)
   at System.Net.FixedSizeReader.ReadPacket(Byte[] buffer, Int32 offset, Int32 count)
   at System.Net.Security.NegotiateStream.StartFrameHeader(Byte[] buffer, Int32 offset, Int32 count, AsyncProtocolRequest asyncRequest)
   at System.Net.Security.NegotiateStream.ProcessRead(Byte[] buffer, Int32 offset, Int32 count, AsyncProtocolRequest asyncRequest)
   --- End of inner exception stack trace ---
   at System.Net.Security.NegotiateStream.ProcessRead(Byte[] buffer, Int32 offset, Int32 count, AsyncProtocolRequest asyncRequest)
   at System.Net.Security.NegotiateStream.Read(Byte[] buffer, Int32 offset, Int32 count)
   at System.ServiceModel.Channels.StreamConnection.Read(Byte[] buffer, Int32 offset, Int32 size, TimeSpan timeout)
   --- End of inner exception stack trace ---
   at System.ServiceModel.Channels.StreamConnection.Read(Byte[] buffer, Int32 offset, Int32 size, TimeSpan timeout)
   at System.ServiceModel.Channels.SingletonConnectionReader.Receive(TimeSpan timeout)
   at System.ServiceModel.Channels.StreamedFramingRequestChannel.StreamedFramingRequest.WaitForReply(TimeSpan timeout)
   at System.ServiceModel.Channels.RequestChannel.Request(Message message, TimeSpan timeout)
   --- End of inner exception stack trace ---

Server stack trace: 
   at System.ServiceModel.Channels.RequestChannel.Request(Message message, TimeSpan timeout)
   at System.ServiceModel.Channels.TransactionRequestChannelGeneric`1.Request(Message message, TimeSpan timeout)
   at System.ServiceModel.Dispatcher.RequestChannelBinder.Request(Message message, TimeSpan timeout)
   at System.ServiceModel.Channels.ServiceChannel.Call(String action, Boolean oneway, ProxyOperationRuntime operation, Object[] ins, Object[] outs, TimeSpan timeout)
   at System.ServiceModel.Channels.ServiceChannelProxy.InvokeService(IMethodCallMessage methodCall, ProxyOperationRuntime operation)
   at System.ServiceModel.Channels.ServiceChannelProxy.Invoke(IMessage message)

Exception rethrown at [0]: 
   at System.Runtime.Remoting.Proxies.RealProxy.HandleReturnMessage(IMessage reqMsg, IMessage retMsg)
   at System.Runtime.Remoting.Proxies.RealProxy.PrivateInvoke(MessageData& msgData, Int32 type)
   at Petex.Service.RequestProcessor.IWcfStreamResponseProcessor.Process(MessageRequest request)
   at A.cec9e090ae538d190220f059017b75b84.Process(MessageRequest request)
Details:
System.TimeoutException: The request channel timed out while waiting for a reply after 00:04:55.8810080. Increase the timeout value passed to the call to Request or increase the SendTimeout value on the Binding. The time allotted to this operation may have been a portion of a longer timeout. ---> System.TimeoutException: The socket transfer timed out after 00:04:59.9850000. You have exceeded the timeout set on your binding. The time allotted to this operation may have been a portion of a longer timeout. ---> System.IO.IOException: The read operation failed, see inner exception. ---> System.TimeoutException: The socket transfer timed out after 00:04:59.9850000. You have exceeded the timeout set on your binding. The time allotted to this operation may have been a portion of a longer timeout. ---> System.Net.Sockets.SocketException: A connection attempt failed because the connected party did not properly respond after a period of time, or established connection failed because connected host has failed to respond
   at System.Net.Sockets.Socket.Receive(Byte[] buffer, Int32 offset, Int32 size, SocketFlags socketFlags)
   at System.ServiceModel.Channels.SocketConnection.ReadCore(Byte[] buffer, Int32 offset, Int32 size, TimeSpan timeout, Boolean closing)
   --- End of inner exception stack trace ---
   at System.ServiceModel.Channels.SocketConnection.ReadCore(Byte[] buffer, Int32 offset, Int32 size, TimeSpan timeout, Boolean closing)
   at System.ServiceModel.Channels.SocketConnection.Read(Byte[] buffer, Int32 offset, Int32 size, TimeSpan timeout)
   at System.ServiceModel.Channels.DelegatingConnection.Read(Byte[] buffer, Int32 offset, Int32 size, TimeSpan timeout)
   at System.ServiceModel.Channels.ConnectionStream.Read(Byte[] buffer, Int32 offset, Int32 count)
   at System.Net.FixedSizeReader.ReadPacket(Byte[] buffer, Int32 offset, Int32 count)
   at System.Net.Security.NegotiateStream.StartFrameHeader(Byte[] buffer, Int32 offset, Int32 count, AsyncProtocolRequest asyncRequest)
   at System.Net.Security.NegotiateStream.ProcessRead(Byte[] buffer, Int32 offset, Int32 count, AsyncProtocolRequest asyncRequest)
   --- End of inner exception stack trace ---
   at System.Net.Security.NegotiateStream.ProcessRead(Byte[] buffer, Int32 offset, Int32 count, AsyncProtocolRequest asyncRequest)
   at System.Net.Security.NegotiateStream.Read(Byte[] buffer, Int32 offset, Int32 count)
   at System.ServiceModel.Channels.StreamConnection.Read(Byte[] buffer, Int32 offset, Int32 size, TimeSpan timeout)
   --- End of inner exception stack trace ---
   at System.ServiceModel.Channels.StreamConnection.Read(Byte[] buffer, Int32 offset, Int32 size, TimeSpan timeout)
   at System.ServiceModel.Channels.SingletonConnectionReader.Receive(TimeSpan timeout)
   at System.ServiceModel.Channels.StreamedFramingRequestChannel.StreamedFramingRequest.WaitForReply(TimeSpan timeout)
   at System.ServiceModel.Channels.RequestChannel.Request(Message message, TimeSpan timeout)
   --- End of inner exception stack trace ---

Server stack trace: 
   at System.ServiceModel.Channels.RequestChannel.Request(Message message, TimeSpan timeout)
   at System.ServiceModel.Channels.TransactionRequestChannelGeneric`1.Request(Message message, TimeSpan timeout)
   at System.ServiceModel.Dispatcher.RequestChannelBinder.Request(Message message, TimeSpan timeout)
   at System.ServiceModel.Channels.ServiceChannel.Call(String action, Boolean oneway, ProxyOperationRuntime operation, Object[] ins, Object[] outs, TimeSpan timeout)
   at System.ServiceModel.Channels.ServiceChannelProxy.InvokeService(IMethodCallMessage methodCall, ProxyOperationRuntime operation)
   at System.ServiceModel.Channels.ServiceChannelProxy.Invoke(IMessage message)

Exception rethrown at [0]: 
   at System.Runtime.Remoting.Proxies.RealProxy.HandleReturnMessage(IMessage reqMsg, IMessage retMsg)
   at System.Runtime.Remoting.Proxies.RealProxy.PrivateInvoke(MessageData& msgData, Int32 type)
   at Petex.Service.RequestProcessor.IWcfStreamResponseProcessor.Process(MessageRequest request)
   at A.cec9e090ae538d190220f059017b75b84.Process(MessageRequest request)
2018/09/23 02:22:22.387 ERROR 130 A.cec9e090ae538d190220f059017b75b84 (Thread 130) ProcID (36972) - System.TimeoutException: The request channel timed out while waiting for a reply after 00:04:55.8810080. Increase the timeout value passed to the call to Request or increase the SendTimeout value on the Binding. The time allotted to this operation may have been a portion of a longer timeout. ---> System.TimeoutException: The socket transfer timed out after 00:04:59.9850000. You have exceeded the timeout set on your binding. The time allotted to this operation may have been a portion of a longer timeout. ---> System.IO.IOException: The read operation failed, see inner exception. ---> System.TimeoutException: The socket transfer timed out after 00:04:59.9850000. You have exceeded the timeout set on your binding. The time allotted to this operation may have been a portion of a longer timeout. ---> System.Net.Sockets.SocketException: A connection attempt failed because the connected party did not properly respond after a period of time, or established connection failed because connected host has failed to respond
   at System.Net.Sockets.Socket.Receive(Byte[] buffer, Int32 offset, Int32 size, SocketFlags socketFlags)
   at System.ServiceModel.Channels.SocketConnection.ReadCore(Byte[] buffer, Int32 offset, Int32 size, TimeSpan timeout, Boolean closing)
   --- End of inner exception stack trace ---
   at System.ServiceModel.Channels.SocketConnection.ReadCore(Byte[] buffer, Int32 offset, Int32 size, TimeSpan timeout, Boolean closing)
   at System.ServiceModel.Channels.SocketConnection.Read(Byte[] buffer, Int32 offset, Int32 size, TimeSpan timeout)
   at System.ServiceModel.Channels.DelegatingConnection.Read(Byte[] buffer, Int32 offset, Int32 size, TimeSpan timeout)
   at System.ServiceModel.Channels.ConnectionStream.Read(Byte[] buffer, Int32 offset, Int32 count)
   at System.Net.FixedSizeReader.ReadPacket(Byte[] buffer, Int32 offset, Int32 count)
   at System.Net.Security.NegotiateStream.StartFrameHeader(Byte[] buffer, Int32 offset, Int32 count, AsyncProtocolRequest asyncRequest)
   at System.Net.Security.NegotiateStream.ProcessRead(Byte[] buffer, Int32 offset, Int32 count, AsyncProtocolRequest asyncRequest)
   --- End of inner exception stack trace ---
   at System.Net.Security.NegotiateStream.ProcessRead(Byte[] buffer, Int32 offset, Int32 count, AsyncProtocolRequest asyncRequest)
   at System.Net.Security.NegotiateStream.Read(Byte[] buffer, Int32 offset, Int32 count)
   at System.ServiceModel.Channels.StreamConnection.Read(Byte[] buffer, Int32 offset, Int32 size, TimeSpan timeout)
   --- End of inner exception stack trace ---
   at System.ServiceModel.Channels.StreamConnection.Read(Byte[] buffer, Int32 offset, Int32 size, TimeSpan timeout)
   at System.ServiceModel.Channels.SingletonConnectionReader.Receive(TimeSpan timeout)
   at System.ServiceModel.Channels.StreamedFramingRequestChannel.StreamedFramingRequest.WaitForReply(TimeSpan timeout)
   at System.ServiceModel.Channels.RequestChannel.Request(Message message, TimeSpan timeout)
   --- End of inner exception stack trace ---

Server stack trace: 
   at System.ServiceModel.Channels.RequestChannel.Request(Message message, TimeSpan timeout)
   at System.ServiceModel.Channels.TransactionRequestChannelGeneric`1.Request(Message message, TimeSpan timeout)
   at System.ServiceModel.Dispatcher.RequestChannelBinder.Request(Message message, TimeSpan timeout)
   at System.ServiceModel.Channels.ServiceChannel.Call(String action, Boolean oneway, ProxyOperationRuntime operation, Object[] ins, Object[] outs, TimeSpan timeout)
   at System.ServiceModel.Channels.ServiceChannelProxy.InvokeService(IMethodCallMessage methodCall, ProxyOperationRuntime operation)
   at System.ServiceModel.Channels.ServiceChannelProxy.Invoke(IMessage message)

Exception rethrown at [0]: 
   at System.Runtime.Remoting.Proxies.RealProxy.HandleReturnMessage(IMessage reqMsg, IMessage retMsg)
   at System.Runtime.Remoting.Proxies.RealProxy.PrivateInvoke(MessageData& msgData, Int32 type)
   at Petex.Service.RequestProcessor.IWcfStreamResponseProcessor.Process(MessageRequest request)
   at A.cec9e090ae538d190220f059017b75b84.Process(MessageRequest request)

method : Process([Petex.Service.RequestProcessor.MessageRequest] request = Petex.Service.RequestProcessor.MessageRequest)

2018/09/23 02:22:22.388 ERROR 125 Petex.IFM.IVM.VisualWorkflowService.c1c13b709b3df317d725c923928032d5a - An error occurred while getting bulk results.
Details:
System.TimeoutException: The request channel timed out while waiting for a reply after 00:04:55.8810080. Increase the timeout value passed to the call to Request or increase the SendTimeout value on the Binding. The time allotted to this operation may have been a portion of a longer timeout. ---> System.TimeoutException: The socket transfer timed out after 00:04:59.9850000. You have exceeded the timeout set on your binding. The time allotted to this operation may have been a portion of a longer timeout. ---> System.IO.IOException: The read operation failed, see inner exception. ---> System.TimeoutException: The socket transfer timed out after 00:04:59.9850000. You have exceeded the timeout set on your binding. The time allotted to this operation may have been a portion of a longer timeout. ---> System.Net.Sockets.SocketException: A connection attempt failed because the connected party did not properly respond after a period of time, or established connection failed because connected host has failed to respond
   at System.Net.Sockets.Socket.Receive(Byte[] buffer, Int32 offset, Int32 size, SocketFlags socketFlags)
   at System.ServiceModel.Channels.SocketConnection.ReadCore(Byte[] buffer, Int32 offset, Int32 size, TimeSpan timeout, Boolean closing)
   --- End of inner exception stack trace ---
   at System.ServiceModel.Channels.SocketConnection.ReadCore(Byte[] buffer, Int32 offset, Int32 size, TimeSpan timeout, Boolean closing)
   at System.ServiceModel.Channels.SocketConnection.Read(Byte[] buffer, Int32 offset, Int32 size, TimeSpan timeout)
   at System.ServiceModel.Channels.DelegatingConnection.Read(Byte[] buffer, Int32 offset, Int32 size, TimeSpan timeout)
   at System.ServiceModel.Channels.ConnectionStream.Read(Byte[] buffer, Int32 offset, Int32 count)
   at System.Net.FixedSizeReader.ReadPacket(Byte[] buffer, Int32 offset, Int32 count)
   at System.Net.Security.NegotiateStream.StartFrameHeader(Byte[] buffer, Int32 offset, Int32 count, AsyncProtocolRequest asyncRequest)
   at System.Net.Security.NegotiateStream.ProcessRead(Byte[] buffer, Int32 offset, Int32 count, AsyncProtocolRequest asyncRequest)
   --- End of inner exception stack trace ---
   at System.Net.Security.NegotiateStream.ProcessRead(Byte[] buffer, Int32 offset, Int32 count, AsyncProtocolRequest asyncRequest)
   at System.Net.Security.NegotiateStream.Read(Byte[] buffer, Int32 offset, Int32 count)
   at System.ServiceModel.Channels.StreamConnection.Read(Byte[] buffer, Int32 offset, Int32 size, TimeSpan timeout)
   --- End of inner exception stack trace ---
   at System.ServiceModel.Channels.StreamConnection.Read(Byte[] buffer, Int32 offset, Int32 size, TimeSpan timeout)
   at System.ServiceModel.Channels.SingletonConnectionReader.Receive(TimeSpan timeout)
   at System.ServiceModel.Channels.StreamedFramingRequestChannel.StreamedFramingRequest.WaitForReply(TimeSpan timeout)
   at System.ServiceModel.Channels.RequestChannel.Request(Message message, TimeSpan timeout)
   --- End of inner exception stack trace ---

Server stack trace: 
   at System.ServiceModel.Channels.RequestChannel.Request(Message message, TimeSpan timeout)
   at System.ServiceModel.Channels.TransactionRequestChannelGeneric`1.Request(Message message, TimeSpan timeout)
   at System.ServiceModel.Dispatcher.RequestChannelBinder.Request(Message message, TimeSpan timeout)
   at System.ServiceModel.Channels.ServiceChannel.Call(String action, Boolean oneway, ProxyOperationRuntime operation, Object[] ins, Object[] outs, TimeSpan timeout)
   at System.ServiceModel.Channels.ServiceChannelProxy.InvokeService(IMethodCallMessage methodCall, ProxyOperationRuntime operation)
   at System.ServiceModel.Channels.ServiceChannelProxy.Invoke(IMessage message)

Exception rethrown at [0]: 
   at A.c22aefe7f39df3d678dba160428b769f4.c0c4ec95a682cbefc208f4f3eb80ff6ad[c5e2460f6ebc534efe90b3230b7797cb4](Func`1 c3c081f340dcdf79e192d50757bce0bee)
   at A.c42ccb3c762729e5c1ed9dd9fb21f7a51.c2a035223c95353a451d486528bb968ce(DateTime ca50651d185b346c217028862887f6062, List`1 c94623007ea3b221db43a7a5c991a9cac, Int32 c27485bd6dedf79f29eccbe33aefab814, DateTime cc0b7aac23bdedea569c99b9f01ab5798, DateTime ca917bd7d663d59239d097b255d937590)
   at Petex.IFM.IVM.VisualWorkflowService.c1c13b709b3df317d725c923928032d5a(c0a78f935034ea252425562b3db1ea988 cc462e40687a776088a0f60dcc4dee4c5, VisualWorkflowResultOptions c97464e7151b310fab45ca8e18c9bbc4d)
2018/09/23 02:22:44.729 INFO  145 A.cdc551499db0039f956e1d0666bfd1504.ca3aa6b2f13c2c1bc9c646f6abf33ed07 - Changing service from :0 to HOUMSEOSIFM007:8787
2018/09/23 02:27:45.698 INFO  83 A.cdc551499db0039f956e1d0666bfd1504.ca3aa6b2f13c2c1bc9c646f6abf33ed07 - Changing service from :0 to HOUMSEOSIFM007:8787
2018/09/23 02:27:59.049 ERROR 110 A.cec9e090ae538d190220f059017b75b84.Process - System.TimeoutException: The request channel timed out while waiting for a reply after 00:04:49.2390002. Increase the timeout value passed to the call to Request or increase the SendTimeout value on the Binding. The time allotted to this operation may have been a portion of a longer timeout. ---> System.TimeoutException: The socket transfer timed out after 00:04:59.9930000. You have exceeded the timeout set on your binding. The time allotted to this operation may have been a portion of a longer timeout. ---> System.IO.IOException: The read operation failed, see inner exception. ---> System.TimeoutException: The socket transfer timed out after 00:04:59.9930000. You have exceeded the timeout set on your binding. The time allotted to this operation may have been a portion of a longer timeout. ---> System.Net.Sockets.SocketException: A connection attempt failed because the connected party did not properly respond after a period of time, or established connection failed because connected host has failed to respond
   at System.Net.Sockets.Socket.Receive(Byte[] buffer, Int32 offset, Int32 size, SocketFlags socketFlags)
   at System.ServiceModel.Channels.SocketConnection.ReadCore(Byte[] buffer, Int32 offset, Int32 size, TimeSpan timeout, Boolean closing)
   --- End of inner exception stack trace ---
   at System.ServiceModel.Channels.SocketConnection.ReadCore(Byte[] buffer, Int32 offset, Int32 size, TimeSpan timeout, Boolean closing)
   at System.ServiceModel.Channels.SocketConnection.Read(Byte[] buffer, Int32 offset, Int32 size, TimeSpan timeout)
   at System.ServiceModel.Channels.DelegatingConnection.Read(Byte[] buffer, Int32 offset, Int32 size, TimeSpan timeout)
   at System.ServiceModel.Channels.ConnectionStream.Read(Byte[] buffer, Int32 offset, Int32 count)
   at System.Net.FixedSizeReader.ReadPacket(Byte[] buffer, Int32 offset, Int32 count)
   at System.Net.Security.NegotiateStream.StartFrameHeader(Byte[] buffer, Int32 offset, Int32 count, AsyncProtocolRequest asyncRequest)
   at System.Net.Security.NegotiateStream.ProcessRead(Byte[] buffer, Int32 offset, Int32 count, AsyncProtocolRequest asyncRequest)
   --- End of inner exception stack trace ---
   at System.Net.Security.NegotiateStream.ProcessRead(Byte[] buffer, Int32 offset, Int32 count, AsyncProtocolRequest asyncRequest)
   at System.Net.Security.NegotiateStream.Read(Byte[] buffer, Int32 offset, Int32 count)
   at System.ServiceModel.Channels.StreamConnection.Read(Byte[] buffer, Int32 offset, Int32 size, TimeSpan timeout)
   --- End of inner exception stack trace ---
   at System.ServiceModel.Channels.StreamConnection.Read(Byte[] buffer, Int32 offset, Int32 size, TimeSpan timeout)
   at System.ServiceModel.Channels.SingletonConnectionReader.Receive(TimeSpan timeout)
   at System.ServiceModel.Channels.StreamedFramingRequestChannel.StreamedFramingRequest.WaitForReply(TimeSpan timeout)
   at System.ServiceModel.Channels.RequestChannel.Request(Message message, TimeSpan timeout)
   --- End of inner exception stack trace ---

Server stack trace: 
   at System.ServiceModel.Channels.RequestChannel.Request(Message message, TimeSpan timeout)
   at System.ServiceModel.Channels.TransactionRequestChannelGeneric`1.Request(Message message, TimeSpan timeout)
   at System.ServiceModel.Dispatcher.RequestChannelBinder.Request(Message message, TimeSpan timeout)
   at System.ServiceModel.Channels.ServiceChannel.Call(String action, Boolean oneway, ProxyOperationRuntime operation, Object[] ins, Object[] outs, TimeSpan timeout)
   at System.ServiceModel.Channels.ServiceChannelProxy.InvokeService(IMethodCallMessage methodCall, ProxyOperationRuntime operation)
   at System.ServiceModel.Channels.ServiceChannelProxy.Invoke(IMessage message)

Exception rethrown at [0]: 
   at System.Runtime.Remoting.Proxies.RealProxy.HandleReturnMessage(IMessage reqMsg, IMessage retMsg)
   at System.Runtime.Remoting.Proxies.RealProxy.PrivateInvoke(MessageData& msgData, Int32 type)
   at Petex.Service.RequestProcessor.IWcfStreamResponseProcessor.Process(MessageRequest request)
   at A.cec9e090ae538d190220f059017b75b84.Process(MessageRequest request)
Details:
System.TimeoutException: The request channel timed out while waiting for a reply after 00:04:49.2390002. Increase the timeout value passed to the call to Request or increase the SendTimeout value on the Binding. The time allotted to this operation may have been a portion of a longer timeout. ---> System.TimeoutException: The socket transfer timed out after 00:04:59.9930000. You have exceeded the timeout set on your binding. The time allotted to this operation may have been a portion of a longer timeout. ---> System.IO.IOException: The read operation failed, see inner exception. ---> System.TimeoutException: The socket transfer timed out after 00:04:59.9930000. You have exceeded the timeout set on your binding. The time allotted to this operation may have been a portion of a longer timeout. ---> System.Net.Sockets.SocketException: A connection attempt failed because the connected party did not properly respond after a period of time, or established connection failed because connected host has failed to respond
   at System.Net.Sockets.Socket.Receive(Byte[] buffer, Int32 offset, Int32 size, SocketFlags socketFlags)
   at System.ServiceModel.Channels.SocketConnection.ReadCore(Byte[] buffer, Int32 offset, Int32 size, TimeSpan timeout, Boolean closing)
   --- End of inner exception stack trace ---
   at System.ServiceModel.Channels.SocketConnection.ReadCore(Byte[] buffer, Int32 offset, Int32 size, TimeSpan timeout, Boolean closing)
   at System.ServiceModel.Channels.SocketConnection.Read(Byte[] buffer, Int32 offset, Int32 size, TimeSpan timeout)
   at System.ServiceModel.Channels.DelegatingConnection.Read(Byte[] buffer, Int32 offset, Int32 size, TimeSpan timeout)
   at System.ServiceModel.Channels.ConnectionStream.Read(Byte[] buffer, Int32 offset, Int32 count)
   at System.Net.FixedSizeReader.ReadPacket(Byte[] buffer, Int32 offset, Int32 count)
   at System.Net.Security.NegotiateStream.StartFrameHeader(Byte[] buffer, Int32 offset, Int32 count, AsyncProtocolRequest asyncRequest)
   at System.Net.Security.NegotiateStream.ProcessRead(Byte[] buffer, Int32 offset, Int32 count, AsyncProtocolRequest asyncRequest)
   --- End of inner exception stack trace ---
   at System.Net.Security.NegotiateStream.ProcessRead(Byte[] buffer, Int32 offset, Int32 count, AsyncProtocolRequest asyncRequest)
   at System.Net.Security.NegotiateStream.Read(Byte[] buffer, Int32 offset, Int32 count)
   at System.ServiceModel.Channels.StreamConnection.Read(Byte[] buffer, Int32 offset, Int32 size, TimeSpan timeout)
   --- End of inner exception stack trace ---
   at System.ServiceModel.Channels.StreamConnection.Read(Byte[] buffer, Int32 offset, Int32 size, TimeSpan timeout)
   at System.ServiceModel.Channels.SingletonConnectionReader.Receive(TimeSpan timeout)
   at System.ServiceModel.Channels.StreamedFramingRequestChannel.StreamedFramingRequest.WaitForReply(TimeSpan timeout)
   at System.ServiceModel.Channels.RequestChannel.Request(Message message, TimeSpan timeout)
   --- End of inner exception stack trace ---

Server stack trace: 
   at System.ServiceModel.Channels.RequestChannel.Request(Message message, TimeSpan timeout)
   at System.ServiceModel.Channels.TransactionRequestChannelGeneric`1.Request(Message message, TimeSpan timeout)
   at System.ServiceModel.Dispatcher.RequestChannelBinder.Request(Message message, TimeSpan timeout)
   at System.ServiceModel.Channels.ServiceChannel.Call(String action, Boolean oneway, ProxyOperationRuntime operation, Object[] ins, Object[] outs, TimeSpan timeout)
   at System.ServiceModel.Channels.ServiceChannelProxy.InvokeService(IMethodCallMessage methodCall, ProxyOperationRuntime operation)
   at System.ServiceModel.Channels.ServiceChannelProxy.Invoke(IMessage message)

Exception rethrown at [0]: 
   at System.Runtime.Remoting.Proxies.RealProxy.HandleReturnMessage(IMessage reqMsg, IMessage retMsg)
   at System.Runtime.Remoting.Proxies.RealProxy.PrivateInvoke(MessageData& msgData, Int32 type)
   at Petex.Service.RequestProcessor.IWcfStreamResponseProcessor.Process(MessageRequest request)
   at A.cec9e090ae538d190220f059017b75b84.Process(MessageRequest request)
2018/09/23 02:27:59.051 ERROR 110 A.cec9e090ae538d190220f059017b75b84 (Thread 110) ProcID (36972) - System.TimeoutException: The request channel timed out while waiting for a reply after 00:04:49.2390002. Increase the timeout value passed to the call to Request or increase the SendTimeout value on the Binding. The time allotted to this operation may have been a portion of a longer timeout. ---> System.TimeoutException: The socket transfer timed out after 00:04:59.9930000. You have exceeded the timeout set on your binding. The time allotted to this operation may have been a portion of a longer timeout. ---> System.IO.IOException: The read operation failed, see inner exception. ---> System.TimeoutException: The socket transfer timed out after 00:04:59.9930000. You have exceeded the timeout set on your binding. The time allotted to this operation may have been a portion of a longer timeout. ---> System.Net.Sockets.SocketException: A connection attempt failed because the connected party did not properly respond after a period of time, or established connection failed because connected host has failed to respond
   at System.Net.Sockets.Socket.Receive(Byte[] buffer, Int32 offset, Int32 size, SocketFlags socketFlags)
   at System.ServiceModel.Channels.SocketConnection.ReadCore(Byte[] buffer, Int32 offset, Int32 size, TimeSpan timeout, Boolean closing)
   --- End of inner exception stack trace ---
   at System.ServiceModel.Channels.SocketConnection.ReadCore(Byte[] buffer, Int32 offset, Int32 size, TimeSpan timeout, Boolean closing)
   at System.ServiceModel.Channels.SocketConnection.Read(Byte[] buffer, Int32 offset, Int32 size, TimeSpan timeout)
   at System.ServiceModel.Channels.DelegatingConnection.Read(Byte[] buffer, Int32 offset, Int32 size, TimeSpan timeout)
   at System.ServiceModel.Channels.ConnectionStream.Read(Byte[] buffer, Int32 offset, Int32 count)
   at System.Net.FixedSizeReader.ReadPacket(Byte[] buffer, Int32 offset, Int32 count)
   at System.Net.Security.NegotiateStream.StartFrameHeader(Byte[] buffer, Int32 offset, Int32 count, AsyncProtocolRequest asyncRequest)
   at System.Net.Security.NegotiateStream.ProcessRead(Byte[] buffer, Int32 offset, Int32 count, AsyncProtocolRequest asyncRequest)
   --- End of inner exception stack trace ---
   at System.Net.Security.NegotiateStream.ProcessRead(Byte[] buffer, Int32 offset, Int32 count, AsyncProtocolRequest asyncRequest)
   at System.Net.Security.NegotiateStream.Read(Byte[] buffer, Int32 offset, Int32 count)
   at System.ServiceModel.Channels.StreamConnection.Read(Byte[] buffer, Int32 offset, Int32 size, TimeSpan timeout)
   --- End of inner exception stack trace ---
   at System.ServiceModel.Channels.StreamConnection.Read(Byte[] buffer, Int32 offset, Int32 size, TimeSpan timeout)
   at System.ServiceModel.Channels.SingletonConnectionReader.Receive(TimeSpan timeout)
   at System.ServiceModel.Channels.StreamedFramingRequestChannel.StreamedFramingRequest.WaitForReply(TimeSpan timeout)
   at System.ServiceModel.Channels.RequestChannel.Request(Message message, TimeSpan timeout)
   --- End of inner exception stack trace ---

Server stack trace: 
   at System.ServiceModel.Channels.RequestChannel.Request(Message message, TimeSpan timeout)
   at System.ServiceModel.Channels.TransactionRequestChannelGeneric`1.Request(Message message, TimeSpan timeout)
   at System.ServiceModel.Dispatcher.RequestChannelBinder.Request(Message message, TimeSpan timeout)
   at System.ServiceModel.Channels.ServiceChannel.Call(String action, Boolean oneway, ProxyOperationRuntime operation, Object[] ins, Object[] outs, TimeSpan timeout)
   at System.ServiceModel.Channels.ServiceChannelProxy.InvokeService(IMethodCallMessage methodCall, ProxyOperationRuntime operation)
   at System.ServiceModel.Channels.ServiceChannelProxy.Invoke(IMessage message)

Exception rethrown at [0]: 
   at System.Runtime.Remoting.Proxies.RealProxy.HandleReturnMessage(IMessage reqMsg, IMessage retMsg)
   at System.Runtime.Remoting.Proxies.RealProxy.PrivateInvoke(MessageData& msgData, Int32 type)
   at Petex.Service.RequestProcessor.IWcfStreamResponseProcessor.Process(MessageRequest request)
   at A.cec9e090ae538d190220f059017b75b84.Process(MessageRequest request)

method : Process([Petex.Service.RequestProcessor.MessageRequest] request = Petex.Service.RequestProcessor.MessageRequest)

2018/09/23 02:27:59.052 ERROR 130 Petex.IFM.IVM.VisualWorkflowService.c1c13b709b3df317d725c923928032d5a - An error occurred while getting bulk results.
Details:
System.TimeoutException: The request channel timed out while waiting for a reply after 00:04:49.2390002. Increase the timeout value passed to the call to Request or increase the SendTimeout value on the Binding. The time allotted to this operation may have been a portion of a longer timeout. ---> System.TimeoutException: The socket transfer timed out after 00:04:59.9930000. You have exceeded the timeout set on your binding. The time allotted to this operation may have been a portion of a longer timeout. ---> System.IO.IOException: The read operation failed, see inner exception. ---> System.TimeoutException: The socket transfer timed out after 00:04:59.9930000. You have exceeded the timeout set on your binding. The time allotted to this operation may have been a portion of a longer timeout. ---> System.Net.Sockets.SocketException: A connection attempt failed because the connected party did not properly respond after a period of time, or established connection failed because connected host has failed to respond
   at System.Net.Sockets.Socket.Receive(Byte[] buffer, Int32 offset, Int32 size, SocketFlags socketFlags)
   at System.ServiceModel.Channels.SocketConnection.ReadCore(Byte[] buffer, Int32 offset, Int32 size, TimeSpan timeout, Boolean closing)
   --- End of inner exception stack trace ---
   at System.ServiceModel.Channels.SocketConnection.ReadCore(Byte[] buffer, Int32 offset, Int32 size, TimeSpan timeout, Boolean closing)
   at System.ServiceModel.Channels.SocketConnection.Read(Byte[] buffer, Int32 offset, Int32 size, TimeSpan timeout)
   at System.ServiceModel.Channels.DelegatingConnection.Read(Byte[] buffer, Int32 offset, Int32 size, TimeSpan timeout)
   at System.ServiceModel.Channels.ConnectionStream.Read(Byte[] buffer, Int32 offset, Int32 count)
   at System.Net.FixedSizeReader.ReadPacket(Byte[] buffer, Int32 offset, Int32 count)
   at System.Net.Security.NegotiateStream.StartFrameHeader(Byte[] buffer, Int32 offset, Int32 count, AsyncProtocolRequest asyncRequest)
   at System.Net.Security.NegotiateStream.ProcessRead(Byte[] buffer, Int32 offset, Int32 count, AsyncProtocolRequest asyncRequest)
   --- End of inner exception stack trace ---
   at System.Net.Security.NegotiateStream.ProcessRead(Byte[] buffer, Int32 offset, Int32 count, AsyncProtocolRequest asyncRequest)
   at System.Net.Security.NegotiateStream.Read(Byte[] buffer, Int32 offset, Int32 count)
   at System.ServiceModel.Channels.StreamConnection.Read(Byte[] buffer, Int32 offset, Int32 size, TimeSpan timeout)
   --- End of inner exception stack trace ---
   at System.ServiceModel.Channels.StreamConnection.Read(Byte[] buffer, Int32 offset, Int32 size, TimeSpan timeout)
   at System.ServiceModel.Channels.SingletonConnectionReader.Receive(TimeSpan timeout)
   at System.ServiceModel.Channels.StreamedFramingRequestChannel.StreamedFramingRequest.WaitForReply(TimeSpan timeout)
   at System.ServiceModel.Channels.RequestChannel.Request(Message message, TimeSpan timeout)
   --- End of inner exception stack trace ---

Server stack trace: 
   at System.ServiceModel.Channels.RequestChannel.Request(Message message, TimeSpan timeout)
   at System.ServiceModel.Channels.TransactionRequestChannelGeneric`1.Request(Message message, TimeSpan timeout)
   at System.ServiceModel.Dispatcher.RequestChannelBinder.Request(Message message, TimeSpan timeout)
   at System.ServiceModel.Channels.ServiceChannel.Call(String action, Boolean oneway, ProxyOperationRuntime operation, Object[] ins, Object[] outs, TimeSpan timeout)
   at System.ServiceModel.Channels.ServiceChannelProxy.InvokeService(IMethodCallMessage methodCall, ProxyOperationRuntime operation)
   at System.ServiceModel.Channels.ServiceChannelProxy.Invoke(IMessage message)

Exception rethrown at [0]: 
   at A.c22aefe7f39df3d678dba160428b769f4.c0c4ec95a682cbefc208f4f3eb80ff6ad[c5e2460f6ebc534efe90b3230b7797cb4](Func`1 c3c081f340dcdf79e192d50757bce0bee)
   at A.c42ccb3c762729e5c1ed9dd9fb21f7a51.c2a035223c95353a451d486528bb968ce(DateTime ca50651d185b346c217028862887f6062, List`1 c94623007ea3b221db43a7a5c991a9cac, Int32 c27485bd6dedf79f29eccbe33aefab814, DateTime cc0b7aac23bdedea569c99b9f01ab5798, DateTime ca917bd7d663d59239d097b255d937590)
   at Petex.IFM.IVM.VisualWorkflowService.c1c13b709b3df317d725c923928032d5a(c0a78f935034ea252425562b3db1ea988 cc462e40687a776088a0f60dcc4dee4c5, VisualWorkflowResultOptions c97464e7151b310fab45ca8e18c9bbc4d)
2018/09/23 02:32:45.389 INFO  77 A.cdc551499db0039f956e1d0666bfd1504.ca3aa6b2f13c2c1bc9c646f6abf33ed07 - Changing service from :0 to HOUMSEOSIFM007:8787
2018/09/23 02:33:00.018 ERROR 83 A.cec9e090ae538d190220f059017b75b84.Process - System.TimeoutException: The request channel timed out while waiting for a reply after 00:04:56.1099943. Increase the timeout value passed to the call to Request or increase the SendTimeout value on the Binding. The time allotted to this operation may have been a portion of a longer timeout. ---> System.TimeoutException: The socket transfer timed out after 00:04:59.9930000. You have exceeded the timeout set on your binding. The time allotted to this operation may have been a portion of a longer timeout. ---> System.IO.IOException: The read operation failed, see inner exception. ---> System.TimeoutException: The socket transfer timed out after 00:04:59.9930000. You have exceeded the timeout set on your binding. The time allotted to this operation may have been a portion of a longer timeout. ---> System.Net.Sockets.SocketException: A connection attempt failed because the connected party did not properly respond after a period of time, or established connection failed because connected host has failed to respond
   at System.Net.Sockets.Socket.Receive(Byte[] buffer, Int32 offset, Int32 size, SocketFlags socketFlags)
   at System.ServiceModel.Channels.SocketConnection.ReadCore(Byte[] buffer, Int32 offset, Int32 size, TimeSpan timeout, Boolean closing)
   --- End of inner exception stack trace ---
   at System.ServiceModel.Channels.SocketConnection.ReadCore(Byte[] buffer, Int32 offset, Int32 size, TimeSpan timeout, Boolean closing)
   at System.ServiceModel.Channels.SocketConnection.Read(Byte[] buffer, Int32 offset, Int32 size, TimeSpan timeout)
   at System.ServiceModel.Channels.DelegatingConnection.Read(Byte[] buffer, Int32 offset, Int32 size, TimeSpan timeout)
   at System.ServiceModel.Channels.ConnectionStream.Read(Byte[] buffer, Int32 offset, Int32 count)
   at System.Net.FixedSizeReader.ReadPacket(Byte[] buffer, Int32 offset, Int32 count)
   at System.Net.Security.NegotiateStream.StartFrameHeader(Byte[] buffer, Int32 offset, Int32 count, AsyncProtocolRequest asyncRequest)
   at System.Net.Security.NegotiateStream.ProcessRead(Byte[] buffer, Int32 offset, Int32 count, AsyncProtocolRequest asyncRequest)
   --- End of inner exception stack trace ---
   at System.Net.Security.NegotiateStream.ProcessRead(Byte[] buffer, Int32 offset, Int32 count, AsyncProtocolRequest asyncRequest)
   at System.Net.Security.NegotiateStream.Read(Byte[] buffer, Int32 offset, Int32 count)
   at System.ServiceModel.Channels.StreamConnection.Read(Byte[] buffer, Int32 offset, Int32 size, TimeSpan timeout)
   --- End of inner exception stack trace ---
   at System.ServiceModel.Channels.StreamConnection.Read(Byte[] buffer, Int32 offset, Int32 size, TimeSpan timeout)
   at System.ServiceModel.Channels.SingletonConnectionReader.Receive(TimeSpan timeout)
   at System.ServiceModel.Channels.StreamedFramingRequestChannel.StreamedFramingRequest.WaitForReply(TimeSpan timeout)
   at System.ServiceModel.Channels.RequestChannel.Request(Message message, TimeSpan timeout)
   --- End of inner exception stack trace ---

Server stack trace: 
   at System.ServiceModel.Channels.RequestChannel.Request(Message message, TimeSpan timeout)
   at System.ServiceModel.Channels.TransactionRequestChannelGeneric`1.Request(Message message, TimeSpan timeout)
   at System.ServiceModel.Dispatcher.RequestChannelBinder.Request(Message message, TimeSpan timeout)
   at System.ServiceModel.Channels.ServiceChannel.Call(String action, Boolean oneway, ProxyOperationRuntime operation, Object[] ins, Object[] outs, TimeSpan timeout)
   at System.ServiceModel.Channels.ServiceChannelProxy.InvokeService(IMethodCallMessage methodCall, ProxyOperationRuntime operation)
   at System.ServiceModel.Channels.ServiceChannelProxy.Invoke(IMessage message)

Exception rethrown at [0]: 
   at System.Runtime.Remoting.Proxies.RealProxy.HandleReturnMessage(IMessage reqMsg, IMessage retMsg)
   at System.Runtime.Remoting.Proxies.RealProxy.PrivateInvoke(MessageData& msgData, Int32 type)
   at Petex.Service.RequestProcessor.IWcfStreamResponseProcessor.Process(MessageRequest request)
   at A.cec9e090ae538d190220f059017b75b84.Process(MessageRequest request)
Details:
System.TimeoutException: The request channel timed out while waiting for a reply after 00:04:56.1099943. Increase the timeout value passed to the call to Request or increase the SendTimeout value on the Binding. The time allotted to this operation may have been a portion of a longer timeout. ---> System.TimeoutException: The socket transfer timed out after 00:04:59.9930000. You have exceeded the timeout set on your binding. The time allotted to this operation may have been a portion of a longer timeout. ---> System.IO.IOException: The read operation failed, see inner exception. ---> System.TimeoutException: The socket transfer timed out after 00:04:59.9930000. You have exceeded the timeout set on your binding. The time allotted to this operation may have been a portion of a longer timeout. ---> System.Net.Sockets.SocketException: A connection attempt failed because the connected party did not properly respond after a period of time, or established connection failed because connected host has failed to respond
   at System.Net.Sockets.Socket.Receive(Byte[] buffer, Int32 offset, Int32 size, SocketFlags socketFlags)
   at System.ServiceModel.Channels.SocketConnection.ReadCore(Byte[] buffer, Int32 offset, Int32 size, TimeSpan timeout, Boolean closing)
   --- End of inner exception stack trace ---
   at System.ServiceModel.Channels.SocketConnection.ReadCore(Byte[] buffer, Int32 offset, Int32 size, TimeSpan timeout, Boolean closing)
   at System.ServiceModel.Channels.SocketConnection.Read(Byte[] buffer, Int32 offset, Int32 size, TimeSpan timeout)
   at System.ServiceModel.Channels.DelegatingConnection.Read(Byte[] buffer, Int32 offset, Int32 size, TimeSpan timeout)
   at System.ServiceModel.Channels.ConnectionStream.Read(Byte[] buffer, Int32 offset, Int32 count)
   at System.Net.FixedSizeReader.ReadPacket(Byte[] buffer, Int32 offset, Int32 count)
   at System.Net.Security.NegotiateStream.StartFrameHeader(Byte[] buffer, Int32 offset, Int32 count, AsyncProtocolRequest asyncRequest)
   at System.Net.Security.NegotiateStream.ProcessRead(Byte[] buffer, Int32 offset, Int32 count, AsyncProtocolRequest asyncRequest)
   --- End of inner exception stack trace ---
   at System.Net.Security.NegotiateStream.ProcessRead(Byte[] buffer, Int32 offset, Int32 count, AsyncProtocolRequest asyncRequest)
   at System.Net.Security.NegotiateStream.Read(Byte[] buffer, Int32 offset, Int32 count)
   at System.ServiceModel.Channels.StreamConnection.Read(Byte[] buffer, Int32 offset, Int32 size, TimeSpan timeout)
   --- End of inner exception stack trace ---
   at System.ServiceModel.Channels.StreamConnection.Read(Byte[] buffer, Int32 offset, Int32 size, TimeSpan timeout)
   at System.ServiceModel.Channels.SingletonConnectionReader.Receive(TimeSpan timeout)
   at System.ServiceModel.Channels.StreamedFramingRequestChannel.StreamedFramingRequest.WaitForReply(TimeSpan timeout)
   at System.ServiceModel.Channels.RequestChannel.Request(Message message, TimeSpan timeout)
   --- End of inner exception stack trace ---

Server stack trace: 
   at System.ServiceModel.Channels.RequestChannel.Request(Message message, TimeSpan timeout)
   at System.ServiceModel.Channels.TransactionRequestChannelGeneric`1.Request(Message message, TimeSpan timeout)
   at System.ServiceModel.Dispatcher.RequestChannelBinder.Request(Message message, TimeSpan timeout)
   at System.ServiceModel.Channels.ServiceChannel.Call(String action, Boolean oneway, ProxyOperationRuntime operation, Object[] ins, Object[] outs, TimeSpan timeout)
   at System.ServiceModel.Channels.ServiceChannelProxy.InvokeService(IMethodCallMessage methodCall, ProxyOperationRuntime operation)
   at System.ServiceModel.Channels.ServiceChannelProxy.Invoke(IMessage message)

Exception rethrown at [0]: 
   at System.Runtime.Remoting.Proxies.RealProxy.HandleReturnMessage(IMessage reqMsg, IMessage retMsg)
   at System.Runtime.Remoting.Proxies.RealProxy.PrivateInvoke(MessageData& msgData, Int32 type)
   at Petex.Service.RequestProcessor.IWcfStreamResponseProcessor.Process(MessageRequest request)
   at A.cec9e090ae538d190220f059017b75b84.Process(MessageRequest request)
2018/09/23 02:33:00.020 ERROR 83 A.cec9e090ae538d190220f059017b75b84 (Thread 83) ProcID (36972) - System.TimeoutException: The request channel timed out while waiting for a reply after 00:04:56.1099943. Increase the timeout value passed to the call to Request or increase the SendTimeout value on the Binding. The time allotted to this operation may have been a portion of a longer timeout. ---> System.TimeoutException: The socket transfer timed out after 00:04:59.9930000. You have exceeded the timeout set on your binding. The time allotted to this operation may have been a portion of a longer timeout. ---> System.IO.IOException: The read operation failed, see inner exception. ---> System.TimeoutException: The socket transfer timed out after 00:04:59.9930000. You have exceeded the timeout set on your binding. The time allotted to this operation may have been a portion of a longer timeout. ---> System.Net.Sockets.SocketException: A connection attempt failed because the connected party did not properly respond after a period of time, or established connection failed because connected host has failed to respond
   at System.Net.Sockets.Socket.Receive(Byte[] buffer, Int32 offset, Int32 size, SocketFlags socketFlags)
   at System.ServiceModel.Channels.SocketConnection.ReadCore(Byte[] buffer, Int32 offset, Int32 size, TimeSpan timeout, Boolean closing)
   --- End of inner exception stack trace ---
   at System.ServiceModel.Channels.SocketConnection.ReadCore(Byte[] buffer, Int32 offset, Int32 size, TimeSpan timeout, Boolean closing)
   at System.ServiceModel.Channels.SocketConnection.Read(Byte[] buffer, Int32 offset, Int32 size, TimeSpan timeout)
   at System.ServiceModel.Channels.DelegatingConnection.Read(Byte[] buffer, Int32 offset, Int32 size, TimeSpan timeout)
   at System.ServiceModel.Channels.ConnectionStream.Read(Byte[] buffer, Int32 offset, Int32 count)
   at System.Net.FixedSizeReader.ReadPacket(Byte[] buffer, Int32 offset, Int32 count)
   at System.Net.Security.NegotiateStream.StartFrameHeader(Byte[] buffer, Int32 offset, Int32 count, AsyncProtocolRequest asyncRequest)
   at System.Net.Security.NegotiateStream.ProcessRead(Byte[] buffer, Int32 offset, Int32 count, AsyncProtocolRequest asyncRequest)
   --- End of inner exception stack trace ---
   at System.Net.Security.NegotiateStream.ProcessRead(Byte[] buffer, Int32 offset, Int32 count, AsyncProtocolRequest asyncRequest)
   at System.Net.Security.NegotiateStream.Read(Byte[] buffer, Int32 offset, Int32 count)
   at System.ServiceModel.Channels.StreamConnection.Read(Byte[] buffer, Int32 offset, Int32 size, TimeSpan timeout)
   --- End of inner exception stack trace ---
   at System.ServiceModel.Channels.StreamConnection.Read(Byte[] buffer, Int32 offset, Int32 size, TimeSpan timeout)
   at System.ServiceModel.Channels.SingletonConnectionReader.Receive(TimeSpan timeout)
   at System.ServiceModel.Channels.StreamedFramingRequestChannel.StreamedFramingRequest.WaitForReply(TimeSpan timeout)
   at System.ServiceModel.Channels.RequestChannel.Request(Message message, TimeSpan timeout)
   --- End of inner exception stack trace ---

Server stack trace: 
   at System.ServiceModel.Channels.RequestChannel.Request(Message message, TimeSpan timeout)
   at System.ServiceModel.Channels.TransactionRequestChannelGeneric`1.Request(Message message, TimeSpan timeout)
   at System.ServiceModel.Dispatcher.RequestChannelBinder.Request(Message message, TimeSpan timeout)
   at System.ServiceModel.Channels.ServiceChannel.Call(String action, Boolean oneway, ProxyOperationRuntime operation, Object[] ins, Object[] outs, TimeSpan timeout)
   at System.ServiceModel.Channels.ServiceChannelProxy.InvokeService(IMethodCallMessage methodCall, ProxyOperationRuntime operation)
   at System.ServiceModel.Channels.ServiceChannelProxy.Invoke(IMessage message)

Exception rethrown at [0]: 
   at System.Runtime.Remoting.Proxies.RealProxy.HandleReturnMessage(IMessage reqMsg, IMessage retMsg)
   at System.Runtime.Remoting.Proxies.RealProxy.PrivateInvoke(MessageData& msgData, Int32 type)
   at Petex.Service.RequestProcessor.IWcfStreamResponseProcessor.Process(MessageRequest request)
   at A.cec9e090ae538d190220f059017b75b84.Process(MessageRequest request)

method : Process([Petex.Service.RequestProcessor.MessageRequest] request = Petex.Service.RequestProcessor.MessageRequest)

2018/09/23 02:33:00.022 ERROR 127 Petex.IFM.IVM.VisualWorkflowService.c1c13b709b3df317d725c923928032d5a - An error occurred while getting bulk results.
Details:
System.TimeoutException: The request channel timed out while waiting for a reply after 00:04:56.1099943. Increase the timeout value passed to the call to Request or increase the SendTimeout value on the Binding. The time allotted to this operation may have been a portion of a longer timeout. ---> System.TimeoutException: The socket transfer timed out after 00:04:59.9930000. You have exceeded the timeout set on your binding. The time allotted to this operation may have been a portion of a longer timeout. ---> System.IO.IOException: The read operation failed, see inner exception. ---> System.TimeoutException: The socket transfer timed out after 00:04:59.9930000. You have exceeded the timeout set on your binding. The time allotted to this operation may have been a portion of a longer timeout. ---> System.Net.Sockets.SocketException: A connection attempt failed because the connected party did not properly respond after a period of time, or established connection failed because connected host has failed to respond
   at System.Net.Sockets.Socket.Receive(Byte[] buffer, Int32 offset, Int32 size, SocketFlags socketFlags)
   at System.ServiceModel.Channels.SocketConnection.ReadCore(Byte[] buffer, Int32 offset, Int32 size, TimeSpan timeout, Boolean closing)
   --- End of inner exception stack trace ---
   at System.ServiceModel.Channels.SocketConnection.ReadCore(Byte[] buffer, Int32 offset, Int32 size, TimeSpan timeout, Boolean closing)
   at System.ServiceModel.Channels.SocketConnection.Read(Byte[] buffer, Int32 offset, Int32 size, TimeSpan timeout)
   at System.ServiceModel.Channels.DelegatingConnection.Read(Byte[] buffer, Int32 offset, Int32 size, TimeSpan timeout)
   at System.ServiceModel.Channels.ConnectionStream.Read(Byte[] buffer, Int32 offset, Int32 count)
   at System.Net.FixedSizeReader.ReadPacket(Byte[] buffer, Int32 offset, Int32 count)
   at System.Net.Security.NegotiateStream.StartFrameHeader(Byte[] buffer, Int32 offset, Int32 count, AsyncProtocolRequest asyncRequest)
   at System.Net.Security.NegotiateStream.ProcessRead(Byte[] buffer, Int32 offset, Int32 count, AsyncProtocolRequest asyncRequest)
   --- End of inner exception stack trace ---
   at System.Net.Security.NegotiateStream.ProcessRead(Byte[] buffer, Int32 offset, Int32 count, AsyncProtocolRequest asyncRequest)
   at System.Net.Security.NegotiateStream.Read(Byte[] buffer, Int32 offset, Int32 count)
   at System.ServiceModel.Channels.StreamConnection.Read(Byte[] buffer, Int32 offset, Int32 size, TimeSpan timeout)
   --- End of inner exception stack trace ---
   at System.ServiceModel.Channels.StreamConnection.Read(Byte[] buffer, Int32 offset, Int32 size, TimeSpan timeout)
   at System.ServiceModel.Channels.SingletonConnectionReader.Receive(TimeSpan timeout)
   at System.ServiceModel.Channels.StreamedFramingRequestChannel.StreamedFramingRequest.WaitForReply(TimeSpan timeout)
   at System.ServiceModel.Channels.RequestChannel.Request(Message message, TimeSpan timeout)
   --- End of inner exception stack trace ---

Server stack trace: 
   at System.ServiceModel.Channels.RequestChannel.Request(Message message, TimeSpan timeout)
   at System.ServiceModel.Channels.TransactionRequestChannelGeneric`1.Request(Message message, TimeSpan timeout)
   at System.ServiceModel.Dispatcher.RequestChannelBinder.Request(Message message, TimeSpan timeout)
   at System.ServiceModel.Channels.ServiceChannel.Call(String action, Boolean oneway, ProxyOperationRuntime operation, Object[] ins, Object[] outs, TimeSpan timeout)
   at System.ServiceModel.Channels.ServiceChannelProxy.InvokeService(IMethodCallMessage methodCall, ProxyOperationRuntime operation)
   at System.ServiceModel.Channels.ServiceChannelProxy.Invoke(IMessage message)

Exception rethrown at [0]: 
   at A.c22aefe7f39df3d678dba160428b769f4.c0c4ec95a682cbefc208f4f3eb80ff6ad[c5e2460f6ebc534efe90b3230b7797cb4](Func`1 c3c081f340dcdf79e192d50757bce0bee)
   at A.c42ccb3c762729e5c1ed9dd9fb21f7a51.c2a035223c95353a451d486528bb968ce(DateTime ca50651d185b346c217028862887f6062, List`1 c94623007ea3b221db43a7a5c991a9cac, Int32 c27485bd6dedf79f29eccbe33aefab814, DateTime cc0b7aac23bdedea569c99b9f01ab5798, DateTime ca917bd7d663d59239d097b255d937590)
   at Petex.IFM.IVM.VisualWorkflowService.c1c13b709b3df317d725c923928032d5a(c0a78f935034ea252425562b3db1ea988 cc462e40687a776088a0f60dcc4dee4c5, VisualWorkflowResultOptions c97464e7151b310fab45ca8e18c9bbc4d)
2018/09/23 02:37:48.797 INFO  55 A.cdc551499db0039f956e1d0666bfd1504.ca3aa6b2f13c2c1bc9c646f6abf33ed07 - Changing service from :0 to HOUMSEOSIFM007:8787
2018/09/23 02:37:53.424 ERROR 61 A.cec9e090ae538d190220f059017b75b84.Process - System.TimeoutException: The request channel timed out while waiting for a reply after 00:04:55.7069995. Increase the timeout value passed to the call to Request or increase the SendTimeout value on the Binding. The time allotted to this operation may have been a portion of a longer timeout. ---> System.TimeoutException: The socket transfer timed out after 00:04:59.9920000. You have exceeded the timeout set on your binding. The time allotted to this operation may have been a portion of a longer timeout. ---> System.IO.IOException: The read operation failed, see inner exception. ---> System.TimeoutException: The socket transfer timed out after 00:04:59.9920000. You have exceeded the timeout set on your binding. The time allotted to this operation may have been a portion of a longer timeout. ---> System.Net.Sockets.SocketException: A connection attempt failed because the connected party did not properly respond after a period of time, or established connection failed because connected host has failed to respond
   at System.Net.Sockets.Socket.Receive(Byte[] buffer, Int32 offset, Int32 size, SocketFlags socketFlags)
   at System.ServiceModel.Channels.SocketConnection.ReadCore(Byte[] buffer, Int32 offset, Int32 size, TimeSpan timeout, Boolean closing)
   --- End of inner exception stack trace ---
   at System.ServiceModel.Channels.SocketConnection.ReadCore(Byte[] buffer, Int32 offset, Int32 size, TimeSpan timeout, Boolean closing)
   at System.ServiceModel.Channels.SocketConnection.Read(Byte[] buffer, Int32 offset, Int32 size, TimeSpan timeout)
   at System.ServiceModel.Channels.DelegatingConnection.Read(Byte[] buffer, Int32 offset, Int32 size, TimeSpan timeout)
   at System.ServiceModel.Channels.ConnectionStream.Read(Byte[] buffer, Int32 offset, Int32 count)
   at System.Net.FixedSizeReader.ReadPacket(Byte[] buffer, Int32 offset, Int32 count)
   at System.Net.Security.NegotiateStream.StartFrameHeader(Byte[] buffer, Int32 offset, Int32 count, AsyncProtocolRequest asyncRequest)
   at System.Net.Security.NegotiateStream.ProcessRead(Byte[] buffer, Int32 offset, Int32 count, AsyncProtocolRequest asyncRequest)
   --- End of inner exception stack trace ---
   at System.Net.Security.NegotiateStream.ProcessRead(Byte[] buffer, Int32 offset, Int32 count, AsyncProtocolRequest asyncRequest)
   at System.Net.Security.NegotiateStream.Read(Byte[] buffer, Int32 offset, Int32 count)
   at System.ServiceModel.Channels.StreamConnection.Read(Byte[] buffer, Int32 offset, Int32 size, TimeSpan timeout)
   --- End of inner exception stack trace ---
   at System.ServiceModel.Channels.StreamConnection.Read(Byte[] buffer, Int32 offset, Int32 size, TimeSpan timeout)
   at System.ServiceModel.Channels.SingletonConnectionReader.Receive(TimeSpan timeout)
   at System.ServiceModel.Channels.StreamedFramingRequestChannel.StreamedFramingRequest.WaitForReply(TimeSpan timeout)
   at System.ServiceModel.Channels.RequestChannel.Request(Message message, TimeSpan timeout)
   --- End of inner exception stack trace ---

Server stack trace: 
   at System.ServiceModel.Channels.RequestChannel.Request(Message message, TimeSpan timeout)
   at System.ServiceModel.Channels.TransactionRequestChannelGeneric`1.Request(Message message, TimeSpan timeout)
   at System.ServiceModel.Dispatcher.RequestChannelBinder.Request(Message message, TimeSpan timeout)
   at System.ServiceModel.Channels.ServiceChannel.Call(String action, Boolean oneway, ProxyOperationRuntime operation, Object[] ins, Object[] outs, TimeSpan timeout)
   at System.ServiceModel.Channels.ServiceChannelProxy.InvokeService(IMethodCallMessage methodCall, ProxyOperationRuntime operation)
   at System.ServiceModel.Channels.ServiceChannelProxy.Invoke(IMessage message)

Exception rethrown at [0]: 
   at System.Runtime.Remoting.Proxies.RealProxy.HandleReturnMessage(IMessage reqMsg, IMessage retMsg)
   at System.Runtime.Remoting.Proxies.RealProxy.PrivateInvoke(MessageData& msgData, Int32 type)
   at Petex.Service.RequestProcessor.IWcfStreamResponseProcessor.Process(MessageRequest request)
   at A.cec9e090ae538d190220f059017b75b84.Process(MessageRequest request)
Details:
System.TimeoutException: The request channel timed out while waiting for a reply after 00:04:55.7069995. Increase the timeout value passed to the call to Request or increase the SendTimeout value on the Binding. The time allotted to this operation may have been a portion of a longer timeout. ---> System.TimeoutException: The socket transfer timed out after 00:04:59.9920000. You have exceeded the timeout set on your binding. The time allotted to this operation may have been a portion of a longer timeout. ---> System.IO.IOException: The read operation failed, see inner exception. ---> System.TimeoutException: The socket transfer timed out after 00:04:59.9920000. You have exceeded the timeout set on your binding. The time allotted to this operation may have been a portion of a longer timeout. ---> System.Net.Sockets.SocketException: A connection attempt failed because the connected party did not properly respond after a period of time, or established connection failed because connected host has failed to respond
   at System.Net.Sockets.Socket.Receive(Byte[] buffer, Int32 offset, Int32 size, SocketFlags socketFlags)
   at System.ServiceModel.Channels.SocketConnection.ReadCore(Byte[] buffer, Int32 offset, Int32 size, TimeSpan timeout, Boolean closing)
   --- End of inner exception stack trace ---
   at System.ServiceModel.Channels.SocketConnection.ReadCore(Byte[] buffer, Int32 offset, Int32 size, TimeSpan timeout, Boolean closing)
   at System.ServiceModel.Channels.SocketConnection.Read(Byte[] buffer, Int32 offset, Int32 size, TimeSpan timeout)
   at System.ServiceModel.Channels.DelegatingConnection.Read(Byte[] buffer, Int32 offset, Int32 size, TimeSpan timeout)
   at System.ServiceModel.Channels.ConnectionStream.Read(Byte[] buffer, Int32 offset, Int32 count)
   at System.Net.FixedSizeReader.ReadPacket(Byte[] buffer, Int32 offset, Int32 count)
   at System.Net.Security.NegotiateStream.StartFrameHeader(Byte[] buffer, Int32 offset, Int32 count, AsyncProtocolRequest asyncRequest)
   at System.Net.Security.NegotiateStream.ProcessRead(Byte[] buffer, Int32 offset, Int32 count, AsyncProtocolRequest asyncRequest)
   --- End of inner exception stack trace ---
   at System.Net.Security.NegotiateStream.ProcessRead(Byte[] buffer, Int32 offset, Int32 count, AsyncProtocolRequest asyncRequest)
   at System.Net.Security.NegotiateStream.Read(Byte[] buffer, Int32 offset, Int32 count)
   at System.ServiceModel.Channels.StreamConnection.Read(Byte[] buffer, Int32 offset, Int32 size, TimeSpan timeout)
   --- End of inner exception stack trace ---
   at System.ServiceModel.Channels.StreamConnection.Read(Byte[] buffer, Int32 offset, Int32 size, TimeSpan timeout)
   at System.ServiceModel.Channels.SingletonConnectionReader.Receive(TimeSpan timeout)
   at System.ServiceModel.Channels.StreamedFramingRequestChannel.StreamedFramingRequest.WaitForReply(TimeSpan timeout)
   at System.ServiceModel.Channels.RequestChannel.Request(Message message, TimeSpan timeout)
   --- End of inner exception stack trace ---

Server stack trace: 
   at System.ServiceModel.Channels.RequestChannel.Request(Message message, TimeSpan timeout)
   at System.ServiceModel.Channels.TransactionRequestChannelGeneric`1.Request(Message message, TimeSpan timeout)
   at System.ServiceModel.Dispatcher.RequestChannelBinder.Request(Message message, TimeSpan timeout)
   at System.ServiceModel.Channels.ServiceChannel.Call(String action, Boolean oneway, ProxyOperationRuntime operation, Object[] ins, Object[] outs, TimeSpan timeout)
   at System.ServiceModel.Channels.ServiceChannelProxy.InvokeService(IMethodCallMessage methodCall, ProxyOperationRuntime operation)
   at System.ServiceModel.Channels.ServiceChannelProxy.Invoke(IMessage message)

Exception rethrown at [0]: 
   at System.Runtime.Remoting.Proxies.RealProxy.HandleReturnMessage(IMessage reqMsg, IMessage retMsg)
   at System.Runtime.Remoting.Proxies.RealProxy.PrivateInvoke(MessageData& msgData, Int32 type)
   at Petex.Service.RequestProcessor.IWcfStreamResponseProcessor.Process(MessageRequest request)
   at A.cec9e090ae538d190220f059017b75b84.Process(MessageRequest request)
2018/09/23 02:37:53.426 ERROR 61 A.cec9e090ae538d190220f059017b75b84 (Thread 61) ProcID (36972) - System.TimeoutException: The request channel timed out while waiting for a reply after 00:04:55.7069995. Increase the timeout value passed to the call to Request or increase the SendTimeout value on the Binding. The time allotted to this operation may have been a portion of a longer timeout. ---> System.TimeoutException: The socket transfer timed out after 00:04:59.9920000. You have exceeded the timeout set on your binding. The time allotted to this operation may have been a portion of a longer timeout. ---> System.IO.IOException: The read operation failed, see inner exception. ---> System.TimeoutException: The socket transfer timed out after 00:04:59.9920000. You have exceeded the timeout set on your binding. The time allotted to this operation may have been a portion of a longer timeout. ---> System.Net.Sockets.SocketException: A connection attempt failed because the connected party did not properly respond after a period of time, or established connection failed because connected host has failed to respond
   at System.Net.Sockets.Socket.Receive(Byte[] buffer, Int32 offset, Int32 size, SocketFlags socketFlags)
   at System.ServiceModel.Channels.SocketConnection.ReadCore(Byte[] buffer, Int32 offset, Int32 size, TimeSpan timeout, Boolean closing)
   --- End of inner exception stack trace ---
   at System.ServiceModel.Channels.SocketConnection.ReadCore(Byte[] buffer, Int32 offset, Int32 size, TimeSpan timeout, Boolean closing)
   at System.ServiceModel.Channels.SocketConnection.Read(Byte[] buffer, Int32 offset, Int32 size, TimeSpan timeout)
   at System.ServiceModel.Channels.DelegatingConnection.Read(Byte[] buffer, Int32 offset, Int32 size, TimeSpan timeout)
   at System.ServiceModel.Channels.ConnectionStream.Read(Byte[] buffer, Int32 offset, Int32 count)
   at System.Net.FixedSizeReader.ReadPacket(Byte[] buffer, Int32 offset, Int32 count)
   at System.Net.Security.NegotiateStream.StartFrameHeader(Byte[] buffer, Int32 offset, Int32 count, AsyncProtocolRequest asyncRequest)
   at System.Net.Security.NegotiateStream.ProcessRead(Byte[] buffer, Int32 offset, Int32 count, AsyncProtocolRequest asyncRequest)
   --- End of inner exception stack trace ---
   at System.Net.Security.NegotiateStream.ProcessRead(Byte[] buffer, Int32 offset, Int32 count, AsyncProtocolRequest asyncRequest)
   at System.Net.Security.NegotiateStream.Read(Byte[] buffer, Int32 offset, Int32 count)
   at System.ServiceModel.Channels.StreamConnection.Read(Byte[] buffer, Int32 offset, Int32 size, TimeSpan timeout)
   --- End of inner exception stack trace ---
   at System.ServiceModel.Channels.StreamConnection.Read(Byte[] buffer, Int32 offset, Int32 size, TimeSpan timeout)
   at System.ServiceModel.Channels.SingletonConnectionReader.Receive(TimeSpan timeout)
   at System.ServiceModel.Channels.StreamedFramingRequestChannel.StreamedFramingRequest.WaitForReply(TimeSpan timeout)
   at System.ServiceModel.Channels.RequestChannel.Request(Message message, TimeSpan timeout)
   --- End of inner exception stack trace ---

Server stack trace: 
   at System.ServiceModel.Channels.RequestChannel.Request(Message message, TimeSpan timeout)
   at System.ServiceModel.Channels.TransactionRequestChannelGeneric`1.Request(Message message, TimeSpan timeout)
   at System.ServiceModel.Dispatcher.RequestChannelBinder.Request(Message message, TimeSpan timeout)
   at System.ServiceModel.Channels.ServiceChannel.Call(String action, Boolean oneway, ProxyOperationRuntime operation, Object[] ins, Object[] outs, TimeSpan timeout)
   at System.ServiceModel.Channels.ServiceChannelProxy.InvokeService(IMethodCallMessage methodCall, ProxyOperationRuntime operation)
   at System.ServiceModel.Channels.ServiceChannelProxy.Invoke(IMessage message)

Exception rethrown at [0]: 
   at System.Runtime.Remoting.Proxies.RealProxy.HandleReturnMessage(IMessage reqMsg, IMessage retMsg)
   at System.Runtime.Remoting.Proxies.RealProxy.PrivateInvoke(MessageData& msgData, Int32 type)
   at Petex.Service.RequestProcessor.IWcfStreamResponseProcessor.Process(MessageRequest request)
   at A.cec9e090ae538d190220f059017b75b84.Process(MessageRequest request)

method : Process([Petex.Service.RequestProcessor.MessageRequest] request = Petex.Service.RequestProcessor.MessageRequest)

2018/09/23 02:37:53.429 ERROR 117 Petex.IFM.IVM.VisualWorkflowService.c1c13b709b3df317d725c923928032d5a - An error occurred while getting bulk results.
Details:
System.TimeoutException: The request channel timed out while waiting for a reply after 00:04:55.7069995. Increase the timeout value passed to the call to Request or increase the SendTimeout value on the Binding. The time allotted to this operation may have been a portion of a longer timeout. ---> System.TimeoutException: The socket transfer timed out after 00:04:59.9920000. You have exceeded the timeout set on your binding. The time allotted to this operation may have been a portion of a longer timeout. ---> System.IO.IOException: The read operation failed, see inner exception. ---> System.TimeoutException: The socket transfer timed out after 00:04:59.9920000. You have exceeded the timeout set on your binding. The time allotted to this operation may have been a portion of a longer timeout. ---> System.Net.Sockets.SocketException: A connection attempt failed because the connected party did not properly respond after a period of time, or established connection failed because connected host has failed to respond
   at System.Net.Sockets.Socket.Receive(Byte[] buffer, Int32 offset, Int32 size, SocketFlags socketFlags)
   at System.ServiceModel.Channels.SocketConnection.ReadCore(Byte[] buffer, Int32 offset, Int32 size, TimeSpan timeout, Boolean closing)
   --- End of inner exception stack trace ---
   at System.ServiceModel.Channels.SocketConnection.ReadCore(Byte[] buffer, Int32 offset, Int32 size, TimeSpan timeout, Boolean closing)
   at System.ServiceModel.Channels.SocketConnection.Read(Byte[] buffer, Int32 offset, Int32 size, TimeSpan timeout)
   at System.ServiceModel.Channels.DelegatingConnection.Read(Byte[] buffer, Int32 offset, Int32 size, TimeSpan timeout)
   at System.ServiceModel.Channels.ConnectionStream.Read(Byte[] buffer, Int32 offset, Int32 count)
   at System.Net.FixedSizeReader.ReadPacket(Byte[] buffer, Int32 offset, Int32 count)
   at System.Net.Security.NegotiateStream.StartFrameHeader(Byte[] buffer, Int32 offset, Int32 count, AsyncProtocolRequest asyncRequest)
   at System.Net.Security.NegotiateStream.ProcessRead(Byte[] buffer, Int32 offset, Int32 count, AsyncProtocolRequest asyncRequest)
   --- End of inner exception stack trace ---
   at System.Net.Security.NegotiateStream.ProcessRead(Byte[] buffer, Int32 offset, Int32 count, AsyncProtocolRequest asyncRequest)
   at System.Net.Security.NegotiateStream.Read(Byte[] buffer, Int32 offset, Int32 count)
   at System.ServiceModel.Channels.StreamConnection.Read(Byte[] buffer, Int32 offset, Int32 size, TimeSpan timeout)
   --- End of inner exception stack trace ---
   at System.ServiceModel.Channels.StreamConnection.Read(Byte[] buffer, Int32 offset, Int32 size, TimeSpan timeout)
   at System.ServiceModel.Channels.SingletonConnectionReader.Receive(TimeSpan timeout)
   at System.ServiceModel.Channels.StreamedFramingRequestChannel.StreamedFramingRequest.WaitForReply(TimeSpan timeout)
   at System.ServiceModel.Channels.RequestChannel.Request(Message message, TimeSpan timeout)
   --- End of inner exception stack trace ---

Server stack trace: 
   at System.ServiceModel.Channels.RequestChannel.Request(Message message, TimeSpan timeout)
   at System.ServiceModel.Channels.TransactionRequestChannelGeneric`1.Request(Message message, TimeSpan timeout)
   at System.ServiceModel.Dispatcher.RequestChannelBinder.Request(Message message, TimeSpan timeout)
   at System.ServiceModel.Channels.ServiceChannel.Call(String action, Boolean oneway, ProxyOperationRuntime operation, Object[] ins, Object[] outs, TimeSpan timeout)
   at System.ServiceModel.Channels.ServiceChannelProxy.InvokeService(IMethodCallMessage methodCall, ProxyOperationRuntime operation)
   at System.ServiceModel.Channels.ServiceChannelProxy.Invoke(IMessage message)

Exception rethrown at [0]: 
   at A.c22aefe7f39df3d678dba160428b769f4.c0c4ec95a682cbefc208f4f3eb80ff6ad[c5e2460f6ebc534efe90b3230b7797cb4](Func`1 c3c081f340dcdf79e192d50757bce0bee)
   at A.c42ccb3c762729e5c1ed9dd9fb21f7a51.c2a035223c95353a451d486528bb968ce(DateTime ca50651d185b346c217028862887f6062, List`1 c94623007ea3b221db43a7a5c991a9cac, Int32 c27485bd6dedf79f29eccbe33aefab814, DateTime cc0b7aac23bdedea569c99b9f01ab5798, DateTime ca917bd7d663d59239d097b255d937590)
   at Petex.IFM.IVM.VisualWorkflowService.c1c13b709b3df317d725c923928032d5a(c0a78f935034ea252425562b3db1ea988 cc462e40687a776088a0f60dcc4dee4c5, VisualWorkflowResultOptions c97464e7151b310fab45ca8e18c9bbc4d)
2018/09/23 02:42:48.769 INFO  5 A.cdc551499db0039f956e1d0666bfd1504.ca3aa6b2f13c2c1bc9c646f6abf33ed07 - Changing service from :0 to HOUMSEOSIFM007:8787
2018/09/23 02:42:56.792 ERROR 7 A.cec9e090ae538d190220f059017b75b84.Process - System.TimeoutException: The request channel timed out while waiting for a reply after 00:04:55.7479974. Increase the timeout value passed to the call to Request or increase the SendTimeout value on the Binding. The time allotted to this operation may have been a portion of a longer timeout. ---> System.TimeoutException: The socket transfer timed out after 00:04:59.9940000. You have exceeded the timeout set on your binding. The time allotted to this operation may have been a portion of a longer timeout. ---> System.IO.IOException: The read operation failed, see inner exception. ---> System.TimeoutException: The socket transfer timed out after 00:04:59.9940000. You have exceeded the timeout set on your binding. The time allotted to this operation may have been a portion of a longer timeout. ---> System.Net.Sockets.SocketException: A connection attempt failed because the connected party did not properly respond after a period of time, or established connection failed because connected host has failed to respond
   at System.Net.Sockets.Socket.Receive(Byte[] buffer, Int32 offset, Int32 size, SocketFlags socketFlags)
   at System.ServiceModel.Channels.SocketConnection.ReadCore(Byte[] buffer, Int32 offset, Int32 size, TimeSpan timeout, Boolean closing)
   --- End of inner exception stack trace ---
   at System.ServiceModel.Channels.SocketConnection.ReadCore(Byte[] buffer, Int32 offset, Int32 size, TimeSpan timeout, Boolean closing)
   at System.ServiceModel.Channels.SocketConnection.Read(Byte[] buffer, Int32 offset, Int32 size, TimeSpan timeout)
   at System.ServiceModel.Channels.DelegatingConnection.Read(Byte[] buffer, Int32 offset, Int32 size, TimeSpan timeout)
   at System.ServiceModel.Channels.ConnectionStream.Read(Byte[] buffer, Int32 offset, Int32 count)
   at System.Net.FixedSizeReader.ReadPacket(Byte[] buffer, Int32 offset, Int32 count)
   at System.Net.Security.NegotiateStream.StartFrameHeader(Byte[] buffer, Int32 offset, Int32 count, AsyncProtocolRequest asyncRequest)
   at System.Net.Security.NegotiateStream.ProcessRead(Byte[] buffer, Int32 offset, Int32 count, AsyncProtocolRequest asyncRequest)
   --- End of inner exception stack trace ---
   at System.Net.Security.NegotiateStream.ProcessRead(Byte[] buffer, Int32 offset, Int32 count, AsyncProtocolRequest asyncRequest)
   at System.Net.Security.NegotiateStream.Read(Byte[] buffer, Int32 offset, Int32 count)
   at System.ServiceModel.Channels.StreamConnection.Read(Byte[] buffer, Int32 offset, Int32 size, TimeSpan timeout)
   --- End of inner exception stack trace ---
   at System.ServiceModel.Channels.StreamConnection.Read(Byte[] buffer, Int32 offset, Int32 size, TimeSpan timeout)
   at System.ServiceModel.Channels.SingletonConnectionReader.Receive(TimeSpan timeout)
   at System.ServiceModel.Channels.StreamedFramingRequestChannel.StreamedFramingRequest.WaitForReply(TimeSpan timeout)
   at System.ServiceModel.Channels.RequestChannel.Request(Message message, TimeSpan timeout)
   --- End of inner exception stack trace ---

Server stack trace: 
   at System.ServiceModel.Channels.RequestChannel.Request(Message message, TimeSpan timeout)
   at System.ServiceModel.Channels.TransactionRequestChannelGeneric`1.Request(Message message, TimeSpan timeout)
   at System.ServiceModel.Dispatcher.RequestChannelBinder.Request(Message message, TimeSpan timeout)
   at System.ServiceModel.Channels.ServiceChannel.Call(String action, Boolean oneway, ProxyOperationRuntime operation, Object[] ins, Object[] outs, TimeSpan timeout)
   at System.ServiceModel.Channels.ServiceChannelProxy.InvokeService(IMethodCallMessage methodCall, ProxyOperationRuntime operation)
   at System.ServiceModel.Channels.ServiceChannelProxy.Invoke(IMessage message)

Exception rethrown at [0]: 
   at System.Runtime.Remoting.Proxies.RealProxy.HandleReturnMessage(IMessage reqMsg, IMessage retMsg)
   at System.Runtime.Remoting.Proxies.RealProxy.PrivateInvoke(MessageData& msgData, Int32 type)
   at Petex.Service.RequestProcessor.IWcfStreamResponseProcessor.Process(MessageRequest request)
   at A.cec9e090ae538d190220f059017b75b84.Process(MessageRequest request)
Details:
System.TimeoutException: The request channel timed out while waiting for a reply after 00:04:55.7479974. Increase the timeout value passed to the call to Request or increase the SendTimeout value on the Binding. The time allotted to this operation may have been a portion of a longer timeout. ---> System.TimeoutException: The socket transfer timed out after 00:04:59.9940000. You have exceeded the timeout set on your binding. The time allotted to this operation may have been a portion of a longer timeout. ---> System.IO.IOException: The read operation failed, see inner exception. ---> System.TimeoutException: The socket transfer timed out after 00:04:59.9940000. You have exceeded the timeout set on your binding. The time allotted to this operation may have been a portion of a longer timeout. ---> System.Net.Sockets.SocketException: A connection attempt failed because the connected party did not properly respond after a period of time, or established connection failed because connected host has failed to respond
   at System.Net.Sockets.Socket.Receive(Byte[] buffer, Int32 offset, Int32 size, SocketFlags socketFlags)
   at System.ServiceModel.Channels.SocketConnection.ReadCore(Byte[] buffer, Int32 offset, Int32 size, TimeSpan timeout, Boolean closing)
   --- End of inner exception stack trace ---
   at System.ServiceModel.Channels.SocketConnection.ReadCore(Byte[] buffer, Int32 offset, Int32 size, TimeSpan timeout, Boolean closing)
   at System.ServiceModel.Channels.SocketConnection.Read(Byte[] buffer, Int32 offset, Int32 size, TimeSpan timeout)
   at System.ServiceModel.Channels.DelegatingConnection.Read(Byte[] buffer, Int32 offset, Int32 size, TimeSpan timeout)
   at System.ServiceModel.Channels.ConnectionStream.Read(Byte[] buffer, Int32 offset, Int32 count)
   at System.Net.FixedSizeReader.ReadPacket(Byte[] buffer, Int32 offset, Int32 count)
   at System.Net.Security.NegotiateStream.StartFrameHeader(Byte[] buffer, Int32 offset, Int32 count, AsyncProtocolRequest asyncRequest)
   at System.Net.Security.NegotiateStream.ProcessRead(Byte[] buffer, Int32 offset, Int32 count, AsyncProtocolRequest asyncRequest)
   --- End of inner exception stack trace ---
   at System.Net.Security.NegotiateStream.ProcessRead(Byte[] buffer, Int32 offset, Int32 count, AsyncProtocolRequest asyncRequest)
   at System.Net.Security.NegotiateStream.Read(Byte[] buffer, Int32 offset, Int32 count)
   at System.ServiceModel.Channels.StreamConnection.Read(Byte[] buffer, Int32 offset, Int32 size, TimeSpan timeout)
   --- End of inner exception stack trace ---
   at System.ServiceModel.Channels.StreamConnection.Read(Byte[] buffer, Int32 offset, Int32 size, TimeSpan timeout)
   at System.ServiceModel.Channels.SingletonConnectionReader.Receive(TimeSpan timeout)
   at System.ServiceModel.Channels.StreamedFramingRequestChannel.StreamedFramingRequest.WaitForReply(TimeSpan timeout)
   at System.ServiceModel.Channels.RequestChannel.Request(Message message, TimeSpan timeout)
   --- End of inner exception stack trace ---

Server stack trace: 
   at System.ServiceModel.Channels.RequestChannel.Request(Message message, TimeSpan timeout)
   at System.ServiceModel.Channels.TransactionRequestChannelGeneric`1.Request(Message message, TimeSpan timeout)
   at System.ServiceModel.Dispatcher.RequestChannelBinder.Request(Message message, TimeSpan timeout)
   at System.ServiceModel.Channels.ServiceChannel.Call(String action, Boolean oneway, ProxyOperationRuntime operation, Object[] ins, Object[] outs, TimeSpan timeout)
   at System.ServiceModel.Channels.ServiceChannelProxy.InvokeService(IMethodCallMessage methodCall, ProxyOperationRuntime operation)
   at System.ServiceModel.Channels.ServiceChannelProxy.Invoke(IMessage message)

Exception rethrown at [0]: 
   at System.Runtime.Remoting.Proxies.RealProxy.HandleReturnMessage(IMessage reqMsg, IMessage retMsg)
   at System.Runtime.Remoting.Proxies.RealProxy.PrivateInvoke(MessageData& msgData, Int32 type)
   at Petex.Service.RequestProcessor.IWcfStreamResponseProcessor.Process(MessageRequest request)
   at A.cec9e090ae538d190220f059017b75b84.Process(MessageRequest request)
2018/09/23 02:42:56.794 ERROR 7 A.cec9e090ae538d190220f059017b75b84 (Thread 7) ProcID (36972) - System.TimeoutException: The request channel timed out while waiting for a reply after 00:04:55.7479974. Increase the timeout value passed to the call to Request or increase the SendTimeout value on the Binding. The time allotted to this operation may have been a portion of a longer timeout. ---> System.TimeoutException: The socket transfer timed out after 00:04:59.9940000. You have exceeded the timeout set on your binding. The time allotted to this operation may have been a portion of a longer timeout. ---> System.IO.IOException: The read operation failed, see inner exception. ---> System.TimeoutException: The socket transfer timed out after 00:04:59.9940000. You have exceeded the timeout set on your binding. The time allotted to this operation may have been a portion of a longer timeout. ---> System.Net.Sockets.SocketException: A connection attempt failed because the connected party did not properly respond after a period of time, or established connection failed because connected host has failed to respond
   at System.Net.Sockets.Socket.Receive(Byte[] buffer, Int32 offset, Int32 size, SocketFlags socketFlags)
   at System.ServiceModel.Channels.SocketConnection.ReadCore(Byte[] buffer, Int32 offset, Int32 size, TimeSpan timeout, Boolean closing)
   --- End of inner exception stack trace ---
   at System.ServiceModel.Channels.SocketConnection.ReadCore(Byte[] buffer, Int32 offset, Int32 size, TimeSpan timeout, Boolean closing)
   at System.ServiceModel.Channels.SocketConnection.Read(Byte[] buffer, Int32 offset, Int32 size, TimeSpan timeout)
   at System.ServiceModel.Channels.DelegatingConnection.Read(Byte[] buffer, Int32 offset, Int32 size, TimeSpan timeout)
   at System.ServiceModel.Channels.ConnectionStream.Read(Byte[] buffer, Int32 offset, Int32 count)
   at System.Net.FixedSizeReader.ReadPacket(Byte[] buffer, Int32 offset, Int32 count)
   at System.Net.Security.NegotiateStream.StartFrameHeader(Byte[] buffer, Int32 offset, Int32 count, AsyncProtocolRequest asyncRequest)
   at System.Net.Security.NegotiateStream.ProcessRead(Byte[] buffer, Int32 offset, Int32 count, AsyncProtocolRequest asyncRequest)
   --- End of inner exception stack trace ---
   at System.Net.Security.NegotiateStream.ProcessRead(Byte[] buffer, Int32 offset, Int32 count, AsyncProtocolRequest asyncRequest)
   at System.Net.Security.NegotiateStream.Read(Byte[] buffer, Int32 offset, Int32 count)
   at System.ServiceModel.Channels.StreamConnection.Read(Byte[] buffer, Int32 offset, Int32 size, TimeSpan timeout)
   --- End of inner exception stack trace ---
   at System.ServiceModel.Channels.StreamConnection.Read(Byte[] buffer, Int32 offset, Int32 size, TimeSpan timeout)
   at System.ServiceModel.Channels.SingletonConnectionReader.Receive(TimeSpan timeout)
   at System.ServiceModel.Channels.StreamedFramingRequestChannel.StreamedFramingRequest.WaitForReply(TimeSpan timeout)
   at System.ServiceModel.Channels.RequestChannel.Request(Message message, TimeSpan timeout)
   --- End of inner exception stack trace ---

Server stack trace: 
   at System.ServiceModel.Channels.RequestChannel.Request(Message message, TimeSpan timeout)
   at System.ServiceModel.Channels.TransactionRequestChannelGeneric`1.Request(Message message, TimeSpan timeout)
   at System.ServiceModel.Dispatcher.RequestChannelBinder.Request(Message message, TimeSpan timeout)
   at System.ServiceModel.Channels.ServiceChannel.Call(String action, Boolean oneway, ProxyOperationRuntime operation, Object[] ins, Object[] outs, TimeSpan timeout)
   at System.ServiceModel.Channels.ServiceChannelProxy.InvokeService(IMethodCallMessage methodCall, ProxyOperationRuntime operation)
   at System.ServiceModel.Channels.ServiceChannelProxy.Invoke(IMessage message)

Exception rethrown at [0]: 
   at System.Runtime.Remoting.Proxies.RealProxy.HandleReturnMessage(IMessage reqMsg, IMessage retMsg)
   at System.Runtime.Remoting.Proxies.RealProxy.PrivateInvoke(MessageData& msgData, Int32 type)
   at Petex.Service.RequestProcessor.IWcfStreamResponseProcessor.Process(MessageRequest request)
   at A.cec9e090ae538d190220f059017b75b84.Process(MessageRequest request)

method : Process([Petex.Service.RequestProcessor.MessageRequest] request = Petex.Service.RequestProcessor.MessageRequest)

2018/09/23 02:42:56.796 ERROR 84 Petex.IFM.IVM.VisualWorkflowService.c1c13b709b3df317d725c923928032d5a - An error occurred while getting bulk results.
Details:
System.TimeoutException: The request channel timed out while waiting for a reply after 00:04:55.7479974. Increase the timeout value passed to the call to Request or increase the SendTimeout value on the Binding. The time allotted to this operation may have been a portion of a longer timeout. ---> System.TimeoutException: The socket transfer timed out after 00:04:59.9940000. You have exceeded the timeout set on your binding. The time allotted to this operation may have been a portion of a longer timeout. ---> System.IO.IOException: The read operation failed, see inner exception. ---> System.TimeoutException: The socket transfer timed out after 00:04:59.9940000. You have exceeded the timeout set on your binding. The time allotted to this operation may have been a portion of a longer timeout. ---> System.Net.Sockets.SocketException: A connection attempt failed because the connected party did not properly respond after a period of time, or established connection failed because connected host has failed to respond
   at System.Net.Sockets.Socket.Receive(Byte[] buffer, Int32 offset, Int32 size, SocketFlags socketFlags)
   at System.ServiceModel.Channels.SocketConnection.ReadCore(Byte[] buffer, Int32 offset, Int32 size, TimeSpan timeout, Boolean closing)
   --- End of inner exception stack trace ---
   at System.ServiceModel.Channels.SocketConnection.ReadCore(Byte[] buffer, Int32 offset, Int32 size, TimeSpan timeout, Boolean closing)
   at System.ServiceModel.Channels.SocketConnection.Read(Byte[] buffer, Int32 offset, Int32 size, TimeSpan timeout)
   at System.ServiceModel.Channels.DelegatingConnection.Read(Byte[] buffer, Int32 offset, Int32 size, TimeSpan timeout)
   at System.ServiceModel.Channels.ConnectionStream.Read(Byte[] buffer, Int32 offset, Int32 count)
   at System.Net.FixedSizeReader.ReadPacket(Byte[] buffer, Int32 offset, Int32 count)
   at System.Net.Security.NegotiateStream.StartFrameHeader(Byte[] buffer, Int32 offset, Int32 count, AsyncProtocolRequest asyncRequest)
   at System.Net.Security.NegotiateStream.ProcessRead(Byte[] buffer, Int32 offset, Int32 count, AsyncProtocolRequest asyncRequest)
   --- End of inner exception stack trace ---
   at System.Net.Security.NegotiateStream.ProcessRead(Byte[] buffer, Int32 offset, Int32 count, AsyncProtocolRequest asyncRequest)
   at System.Net.Security.NegotiateStream.Read(Byte[] buffer, Int32 offset, Int32 count)
   at System.ServiceModel.Channels.StreamConnection.Read(Byte[] buffer, Int32 offset, Int32 size, TimeSpan timeout)
   --- End of inner exception stack trace ---
   at System.ServiceModel.Channels.StreamConnection.Read(Byte[] buffer, Int32 offset, Int32 size, TimeSpan timeout)
   at System.ServiceModel.Channels.SingletonConnectionReader.Receive(TimeSpan timeout)
   at System.ServiceModel.Channels.StreamedFramingRequestChannel.StreamedFramingRequest.WaitForReply(TimeSpan timeout)
   at System.ServiceModel.Channels.RequestChannel.Request(Message message, TimeSpan timeout)
   --- End of inner exception stack trace ---

Server stack trace: 
   at System.ServiceModel.Channels.RequestChannel.Request(Message message, TimeSpan timeout)
   at System.ServiceModel.Channels.TransactionRequestChannelGeneric`1.Request(Message message, TimeSpan timeout)
   at System.ServiceModel.Dispatcher.RequestChannelBinder.Request(Message message, TimeSpan timeout)
   at System.ServiceModel.Channels.ServiceChannel.Call(String action, Boolean oneway, ProxyOperationRuntime operation, Object[] ins, Object[] outs, TimeSpan timeout)
   at System.ServiceModel.Channels.ServiceChannelProxy.InvokeService(IMethodCallMessage methodCall, ProxyOperationRuntime operation)
   at System.ServiceModel.Channels.ServiceChannelProxy.Invoke(IMessage message)

Exception rethrown at [0]: 
   at A.c22aefe7f39df3d678dba160428b769f4.c0c4ec95a682cbefc208f4f3eb80ff6ad[c5e2460f6ebc534efe90b3230b7797cb4](Func`1 c3c081f340dcdf79e192d50757bce0bee)
   at A.c42ccb3c762729e5c1ed9dd9fb21f7a51.c2a035223c95353a451d486528bb968ce(DateTime ca50651d185b346c217028862887f6062, List`1 c94623007ea3b221db43a7a5c991a9cac, Int32 c27485bd6dedf79f29eccbe33aefab814, DateTime cc0b7aac23bdedea569c99b9f01ab5798, DateTime ca917bd7d663d59239d097b255d937590)
   at Petex.IFM.IVM.VisualWorkflowService.c1c13b709b3df317d725c923928032d5a(c0a78f935034ea252425562b3db1ea988 cc462e40687a776088a0f60dcc4dee4c5, VisualWorkflowResultOptions c97464e7151b310fab45ca8e18c9bbc4d)
2018/09/23 02:47:48.947 INFO  67 A.cdc551499db0039f956e1d0666bfd1504.ca3aa6b2f13c2c1bc9c646f6abf33ed07 - Changing service from :0 to HOUMSEOSIFM007:8787
2018/09/23 02:47:55.908 ERROR 79 A.cec9e090ae538d190220f059017b75b84.Process - System.TimeoutException: The request channel timed out while waiting for a reply after 00:04:55.9529679. Increase the timeout value passed to the call to Request or increase the SendTimeout value on the Binding. The time allotted to this operation may have been a portion of a longer timeout. ---> System.TimeoutException: The socket transfer timed out after 00:04:59.9920000. You have exceeded the timeout set on your binding. The time allotted to this operation may have been a portion of a longer timeout. ---> System.IO.IOException: The read operation failed, see inner exception. ---> System.TimeoutException: The socket transfer timed out after 00:04:59.9920000. You have exceeded the timeout set on your binding. The time allotted to this operation may have been a portion of a longer timeout. ---> System.Net.Sockets.SocketException: A connection attempt failed because the connected party did not properly respond after a period of time, or established connection failed because connected host has failed to respond
   at System.Net.Sockets.Socket.Receive(Byte[] buffer, Int32 offset, Int32 size, SocketFlags socketFlags)
   at System.ServiceModel.Channels.SocketConnection.ReadCore(Byte[] buffer, Int32 offset, Int32 size, TimeSpan timeout, Boolean closing)
   --- End of inner exception stack trace ---
   at System.ServiceModel.Channels.SocketConnection.ReadCore(Byte[] buffer, Int32 offset, Int32 size, TimeSpan timeout, Boolean closing)
   at System.ServiceModel.Channels.SocketConnection.Read(Byte[] buffer, Int32 offset, Int32 size, TimeSpan timeout)
   at System.ServiceModel.Channels.DelegatingConnection.Read(Byte[] buffer, Int32 offset, Int32 size, TimeSpan timeout)
   at System.ServiceModel.Channels.ConnectionStream.Read(Byte[] buffer, Int32 offset, Int32 count)
   at System.Net.FixedSizeReader.ReadPacket(Byte[] buffer, Int32 offset, Int32 count)
   at System.Net.Security.NegotiateStream.StartFrameHeader(Byte[] buffer, Int32 offset, Int32 count, AsyncProtocolRequest asyncRequest)
   at System.Net.Security.NegotiateStream.ProcessRead(Byte[] buffer, Int32 offset, Int32 count, AsyncProtocolRequest asyncRequest)
   --- End of inner exception stack trace ---
   at System.Net.Security.NegotiateStream.ProcessRead(Byte[] buffer, Int32 offset, Int32 count, AsyncProtocolRequest asyncRequest)
   at System.Net.Security.NegotiateStream.Read(Byte[] buffer, Int32 offset, Int32 count)
   at System.ServiceModel.Channels.StreamConnection.Read(Byte[] buffer, Int32 offset, Int32 size, TimeSpan timeout)
   --- End of inner exception stack trace ---
   at System.ServiceModel.Channels.StreamConnection.Read(Byte[] buffer, Int32 offset, Int32 size, TimeSpan timeout)
   at System.ServiceModel.Channels.SingletonConnectionReader.Receive(TimeSpan timeout)
   at System.ServiceModel.Channels.StreamedFramingRequestChannel.StreamedFramingRequest.WaitForReply(TimeSpan timeout)
   at System.ServiceModel.Channels.RequestChannel.Request(Message message, TimeSpan timeout)
   --- End of inner exception stack trace ---

Server stack trace: 
   at System.ServiceModel.Channels.RequestChannel.Request(Message message, TimeSpan timeout)
   at System.ServiceModel.Channels.TransactionRequestChannelGeneric`1.Request(Message message, TimeSpan timeout)
   at System.ServiceModel.Dispatcher.RequestChannelBinder.Request(Message message, TimeSpan timeout)
   at System.ServiceModel.Channels.ServiceChannel.Call(String action, Boolean oneway, ProxyOperationRuntime operation, Object[] ins, Object[] outs, TimeSpan timeout)
   at System.ServiceModel.Channels.ServiceChannelProxy.InvokeService(IMethodCallMessage methodCall, ProxyOperationRuntime operation)
   at System.ServiceModel.Channels.ServiceChannelProxy.Invoke(IMessage message)

Exception rethrown at [0]: 
   at System.Runtime.Remoting.Proxies.RealProxy.HandleReturnMessage(IMessage reqMsg, IMessage retMsg)
   at System.Runtime.Remoting.Proxies.RealProxy.PrivateInvoke(MessageData& msgData, Int32 type)
   at Petex.Service.RequestProcessor.IWcfStreamResponseProcessor.Process(MessageRequest request)
   at A.cec9e090ae538d190220f059017b75b84.Process(MessageRequest request)
Details:
System.TimeoutException: The request channel timed out while waiting for a reply after 00:04:55.9529679. Increase the timeout value passed to the call to Request or increase the SendTimeout value on the Binding. The time allotted to this operation may have been a portion of a longer timeout. ---> System.TimeoutException: The socket transfer timed out after 00:04:59.9920000. You have exceeded the timeout set on your binding. The time allotted to this operation may have been a portion of a longer timeout. ---> System.IO.IOException: The read operation failed, see inner exception. ---> System.TimeoutException: The socket transfer timed out after 00:04:59.9920000. You have exceeded the timeout set on your binding. The time allotted to this operation may have been a portion of a longer timeout. ---> System.Net.Sockets.SocketException: A connection attempt failed because the connected party did not properly respond after a period of time, or established connection failed because connected host has failed to respond
   at System.Net.Sockets.Socket.Receive(Byte[] buffer, Int32 offset, Int32 size, SocketFlags socketFlags)
   at System.ServiceModel.Channels.SocketConnection.ReadCore(Byte[] buffer, Int32 offset, Int32 size, TimeSpan timeout, Boolean closing)
   --- End of inner exception stack trace ---
   at System.ServiceModel.Channels.SocketConnection.ReadCore(Byte[] buffer, Int32 offset, Int32 size, TimeSpan timeout, Boolean closing)
   at System.ServiceModel.Channels.SocketConnection.Read(Byte[] buffer, Int32 offset, Int32 size, TimeSpan timeout)
   at System.ServiceModel.Channels.DelegatingConnection.Read(Byte[] buffer, Int32 offset, Int32 size, TimeSpan timeout)
   at System.ServiceModel.Channels.ConnectionStream.Read(Byte[] buffer, Int32 offset, Int32 count)
   at System.Net.FixedSizeReader.ReadPacket(Byte[] buffer, Int32 offset, Int32 count)
   at System.Net.Security.NegotiateStream.StartFrameHeader(Byte[] buffer, Int32 offset, Int32 count, AsyncProtocolRequest asyncRequest)
   at System.Net.Security.NegotiateStream.ProcessRead(Byte[] buffer, Int32 offset, Int32 count, AsyncProtocolRequest asyncRequest)
   --- End of inner exception stack trace ---
   at System.Net.Security.NegotiateStream.ProcessRead(Byte[] buffer, Int32 offset, Int32 count, AsyncProtocolRequest asyncRequest)
   at System.Net.Security.NegotiateStream.Read(Byte[] buffer, Int32 offset, Int32 count)
   at System.ServiceModel.Channels.StreamConnection.Read(Byte[] buffer, Int32 offset, Int32 size, TimeSpan timeout)
   --- End of inner exception stack trace ---
   at System.ServiceModel.Channels.StreamConnection.Read(Byte[] buffer, Int32 offset, Int32 size, TimeSpan timeout)
   at System.ServiceModel.Channels.SingletonConnectionReader.Receive(TimeSpan timeout)
   at System.ServiceModel.Channels.StreamedFramingRequestChannel.StreamedFramingRequest.WaitForReply(TimeSpan timeout)
   at System.ServiceModel.Channels.RequestChannel.Request(Message message, TimeSpan timeout)
   --- End of inner exception stack trace ---

Server stack trace: 
   at System.ServiceModel.Channels.RequestChannel.Request(Message message, TimeSpan timeout)
   at System.ServiceModel.Channels.TransactionRequestChannelGeneric`1.Request(Message message, TimeSpan timeout)
   at System.ServiceModel.Dispatcher.RequestChannelBinder.Request(Message message, TimeSpan timeout)
   at System.ServiceModel.Channels.ServiceChannel.Call(String action, Boolean oneway, ProxyOperationRuntime operation, Object[] ins, Object[] outs, TimeSpan timeout)
   at System.ServiceModel.Channels.ServiceChannelProxy.InvokeService(IMethodCallMessage methodCall, ProxyOperationRuntime operation)
   at System.ServiceModel.Channels.ServiceChannelProxy.Invoke(IMessage message)

Exception rethrown at [0]: 
   at System.Runtime.Remoting.Proxies.RealProxy.HandleReturnMessage(IMessage reqMsg, IMessage retMsg)
   at System.Runtime.Remoting.Proxies.RealProxy.PrivateInvoke(MessageData& msgData, Int32 type)
   at Petex.Service.RequestProcessor.IWcfStreamResponseProcessor.Process(MessageRequest request)
   at A.cec9e090ae538d190220f059017b75b84.Process(MessageRequest request)
2018/09/23 02:47:55.910 ERROR 79 A.cec9e090ae538d190220f059017b75b84 (Thread 79) ProcID (36972) - System.TimeoutException: The request channel timed out while waiting for a reply after 00:04:55.9529679. Increase the timeout value passed to the call to Request or increase the SendTimeout value on the Binding. The time allotted to this operation may have been a portion of a longer timeout. ---> System.TimeoutException: The socket transfer timed out after 00:04:59.9920000. You have exceeded the timeout set on your binding. The time allotted to this operation may have been a portion of a longer timeout. ---> System.IO.IOException: The read operation failed, see inner exception. ---> System.TimeoutException: The socket transfer timed out after 00:04:59.9920000. You have exceeded the timeout set on your binding. The time allotted to this operation may have been a portion of a longer timeout. ---> System.Net.Sockets.SocketException: A connection attempt failed because the connected party did not properly respond after a period of time, or established connection failed because connected host has failed to respond
   at System.Net.Sockets.Socket.Receive(Byte[] buffer, Int32 offset, Int32 size, SocketFlags socketFlags)
   at System.ServiceModel.Channels.SocketConnection.ReadCore(Byte[] buffer, Int32 offset, Int32 size, TimeSpan timeout, Boolean closing)
   --- End of inner exception stack trace ---
   at System.ServiceModel.Channels.SocketConnection.ReadCore(Byte[] buffer, Int32 offset, Int32 size, TimeSpan timeout, Boolean closing)
   at System.ServiceModel.Channels.SocketConnection.Read(Byte[] buffer, Int32 offset, Int32 size, TimeSpan timeout)
   at System.ServiceModel.Channels.DelegatingConnection.Read(Byte[] buffer, Int32 offset, Int32 size, TimeSpan timeout)
   at System.ServiceModel.Channels.ConnectionStream.Read(Byte[] buffer, Int32 offset, Int32 count)
   at System.Net.FixedSizeReader.ReadPacket(Byte[] buffer, Int32 offset, Int32 count)
   at System.Net.Security.NegotiateStream.StartFrameHeader(Byte[] buffer, Int32 offset, Int32 count, AsyncProtocolRequest asyncRequest)
   at System.Net.Security.NegotiateStream.ProcessRead(Byte[] buffer, Int32 offset, Int32 count, AsyncProtocolRequest asyncRequest)
   --- End of inner exception stack trace ---
   at System.Net.Security.NegotiateStream.ProcessRead(Byte[] buffer, Int32 offset, Int32 count, AsyncProtocolRequest asyncRequest)
   at System.Net.Security.NegotiateStream.Read(Byte[] buffer, Int32 offset, Int32 count)
   at System.ServiceModel.Channels.StreamConnection.Read(Byte[] buffer, Int32 offset, Int32 size, TimeSpan timeout)
   --- End of inner exception stack trace ---
   at System.ServiceModel.Channels.StreamConnection.Read(Byte[] buffer, Int32 offset, Int32 size, TimeSpan timeout)
   at System.ServiceModel.Channels.SingletonConnectionReader.Receive(TimeSpan timeout)
   at System.ServiceModel.Channels.StreamedFramingRequestChannel.StreamedFramingRequest.WaitForReply(TimeSpan timeout)
   at System.ServiceModel.Channels.RequestChannel.Request(Message message, TimeSpan timeout)
   --- End of inner exception stack trace ---

Server stack trace: 
   at System.ServiceModel.Channels.RequestChannel.Request(Message message, TimeSpan timeout)
   at System.ServiceModel.Channels.TransactionRequestChannelGeneric`1.Request(Message message, TimeSpan timeout)
   at System.ServiceModel.Dispatcher.RequestChannelBinder.Request(Message message, TimeSpan timeout)
   at System.ServiceModel.Channels.ServiceChannel.Call(String action, Boolean oneway, ProxyOperationRuntime operation, Object[] ins, Object[] outs, TimeSpan timeout)
   at System.ServiceModel.Channels.ServiceChannelProxy.InvokeService(IMethodCallMessage methodCall, ProxyOperationRuntime operation)
   at System.ServiceModel.Channels.ServiceChannelProxy.Invoke(IMessage message)

Exception rethrown at [0]: 
   at System.Runtime.Remoting.Proxies.RealProxy.HandleReturnMessage(IMessage reqMsg, IMessage retMsg)
   at System.Runtime.Remoting.Proxies.RealProxy.PrivateInvoke(MessageData& msgData, Int32 type)
   at Petex.Service.RequestProcessor.IWcfStreamResponseProcessor.Process(MessageRequest request)
   at A.cec9e090ae538d190220f059017b75b84.Process(MessageRequest request)

method : Process([Petex.Service.RequestProcessor.MessageRequest] request = Petex.Service.RequestProcessor.MessageRequest)

2018/09/23 02:47:55.912 ERROR 131 Petex.IFM.IVM.VisualWorkflowService.c1c13b709b3df317d725c923928032d5a - An error occurred while getting bulk results.
Details:
System.TimeoutException: The request channel timed out while waiting for a reply after 00:04:55.9529679. Increase the timeout value passed to the call to Request or increase the SendTimeout value on the Binding. The time allotted to this operation may have been a portion of a longer timeout. ---> System.TimeoutException: The socket transfer timed out after 00:04:59.9920000. You have exceeded the timeout set on your binding. The time allotted to this operation may have been a portion of a longer timeout. ---> System.IO.IOException: The read operation failed, see inner exception. ---> System.TimeoutException: The socket transfer timed out after 00:04:59.9920000. You have exceeded the timeout set on your binding. The time allotted to this operation may have been a portion of a longer timeout. ---> System.Net.Sockets.SocketException: A connection attempt failed because the connected party did not properly respond after a period of time, or established connection failed because connected host has failed to respond
   at System.Net.Sockets.Socket.Receive(Byte[] buffer, Int32 offset, Int32 size, SocketFlags socketFlags)
   at System.ServiceModel.Channels.SocketConnection.ReadCore(Byte[] buffer, Int32 offset, Int32 size, TimeSpan timeout, Boolean closing)
   --- End of inner exception stack trace ---
   at System.ServiceModel.Channels.SocketConnection.ReadCore(Byte[] buffer, Int32 offset, Int32 size, TimeSpan timeout, Boolean closing)
   at System.ServiceModel.Channels.SocketConnection.Read(Byte[] buffer, Int32 offset, Int32 size, TimeSpan timeout)
   at System.ServiceModel.Channels.DelegatingConnection.Read(Byte[] buffer, Int32 offset, Int32 size, TimeSpan timeout)
   at System.ServiceModel.Channels.ConnectionStream.Read(Byte[] buffer, Int32 offset, Int32 count)
   at System.Net.FixedSizeReader.ReadPacket(Byte[] buffer, Int32 offset, Int32 count)
   at System.Net.Security.NegotiateStream.StartFrameHeader(Byte[] buffer, Int32 offset, Int32 count, AsyncProtocolRequest asyncRequest)
   at System.Net.Security.NegotiateStream.ProcessRead(Byte[] buffer, Int32 offset, Int32 count, AsyncProtocolRequest asyncRequest)
   --- End of inner exception stack trace ---
   at System.Net.Security.NegotiateStream.ProcessRead(Byte[] buffer, Int32 offset, Int32 count, AsyncProtocolRequest asyncRequest)
   at System.Net.Security.NegotiateStream.Read(Byte[] buffer, Int32 offset, Int32 count)
   at System.ServiceModel.Channels.StreamConnection.Read(Byte[] buffer, Int32 offset, Int32 size, TimeSpan timeout)
   --- End of inner exception stack trace ---
   at System.ServiceModel.Channels.StreamConnection.Read(Byte[] buffer, Int32 offset, Int32 size, TimeSpan timeout)
   at System.ServiceModel.Channels.SingletonConnectionReader.Receive(TimeSpan timeout)
   at System.ServiceModel.Channels.StreamedFramingRequestChannel.StreamedFramingRequest.WaitForReply(TimeSpan timeout)
   at System.ServiceModel.Channels.RequestChannel.Request(Message message, TimeSpan timeout)
   --- End of inner exception stack trace ---

Server stack trace: 
   at System.ServiceModel.Channels.RequestChannel.Request(Message message, TimeSpan timeout)
   at System.ServiceModel.Channels.TransactionRequestChannelGeneric`1.Request(Message message, TimeSpan timeout)
   at System.ServiceModel.Dispatcher.RequestChannelBinder.Request(Message message, TimeSpan timeout)
   at System.ServiceModel.Channels.ServiceChannel.Call(String action, Boolean oneway, ProxyOperationRuntime operation, Object[] ins, Object[] outs, TimeSpan timeout)
   at System.ServiceModel.Channels.ServiceChannelProxy.InvokeService(IMethodCallMessage methodCall, ProxyOperationRuntime operation)
   at System.ServiceModel.Channels.ServiceChannelProxy.Invoke(IMessage message)

Exception rethrown at [0]: 
   at A.c22aefe7f39df3d678dba160428b769f4.c0c4ec95a682cbefc208f4f3eb80ff6ad[c5e2460f6ebc534efe90b3230b7797cb4](Func`1 c3c081f340dcdf79e192d50757bce0bee)
   at A.c42ccb3c762729e5c1ed9dd9fb21f7a51.c2a035223c95353a451d486528bb968ce(DateTime ca50651d185b346c217028862887f6062, List`1 c94623007ea3b221db43a7a5c991a9cac, Int32 c27485bd6dedf79f29eccbe33aefab814, DateTime cc0b7aac23bdedea569c99b9f01ab5798, DateTime ca917bd7d663d59239d097b255d937590)
   at Petex.IFM.IVM.VisualWorkflowService.c1c13b709b3df317d725c923928032d5a(c0a78f935034ea252425562b3db1ea988 cc462e40687a776088a0f60dcc4dee4c5, VisualWorkflowResultOptions c97464e7151b310fab45ca8e18c9bbc4d)
2018/09/23 02:52:49.521 INFO  107 A.cdc551499db0039f956e1d0666bfd1504.ca3aa6b2f13c2c1bc9c646f6abf33ed07 - Changing service from :0 to HOUMSEOSIFM007:8787
2018/09/23 02:52:56.758 ERROR 123 A.cec9e090ae538d190220f059017b75b84.Process - System.TimeoutException: The request channel timed out while waiting for a reply after 00:04:55.6409996. Increase the timeout value passed to the call to Request or increase the SendTimeout value on the Binding. The time allotted to this operation may have been a portion of a longer timeout. ---> System.TimeoutException: The socket transfer timed out after 00:04:59.9940000. You have exceeded the timeout set on your binding. The time allotted to this operation may have been a portion of a longer timeout. ---> System.IO.IOException: The read operation failed, see inner exception. ---> System.TimeoutException: The socket transfer timed out after 00:04:59.9940000. You have exceeded the timeout set on your binding. The time allotted to this operation may have been a portion of a longer timeout. ---> System.Net.Sockets.SocketException: A connection attempt failed because the connected party did not properly respond after a period of time, or established connection failed because connected host has failed to respond
   at System.Net.Sockets.Socket.Receive(Byte[] buffer, Int32 offset, Int32 size, SocketFlags socketFlags)
   at System.ServiceModel.Channels.SocketConnection.ReadCore(Byte[] buffer, Int32 offset, Int32 size, TimeSpan timeout, Boolean closing)
   --- End of inner exception stack trace ---
   at System.ServiceModel.Channels.SocketConnection.ReadCore(Byte[] buffer, Int32 offset, Int32 size, TimeSpan timeout, Boolean closing)
   at System.ServiceModel.Channels.SocketConnection.Read(Byte[] buffer, Int32 offset, Int32 size, TimeSpan timeout)
   at System.ServiceModel.Channels.DelegatingConnection.Read(Byte[] buffer, Int32 offset, Int32 size, TimeSpan timeout)
   at System.ServiceModel.Channels.ConnectionStream.Read(Byte[] buffer, Int32 offset, Int32 count)
   at System.Net.FixedSizeReader.ReadPacket(Byte[] buffer, Int32 offset, Int32 count)
   at System.Net.Security.NegotiateStream.StartFrameHeader(Byte[] buffer, Int32 offset, Int32 count, AsyncProtocolRequest asyncRequest)
   at System.Net.Security.NegotiateStream.ProcessRead(Byte[] buffer, Int32 offset, Int32 count, AsyncProtocolRequest asyncRequest)
   --- End of inner exception stack trace ---
   at System.Net.Security.NegotiateStream.ProcessRead(Byte[] buffer, Int32 offset, Int32 count, AsyncProtocolRequest asyncRequest)
   at System.Net.Security.NegotiateStream.Read(Byte[] buffer, Int32 offset, Int32 count)
   at System.ServiceModel.Channels.StreamConnection.Read(Byte[] buffer, Int32 offset, Int32 size, TimeSpan timeout)
   --- End of inner exception stack trace ---
   at System.ServiceModel.Channels.StreamConnection.Read(Byte[] buffer, Int32 offset, Int32 size, TimeSpan timeout)
   at System.ServiceModel.Channels.SingletonConnectionReader.Receive(TimeSpan timeout)
   at System.ServiceModel.Channels.StreamedFramingRequestChannel.StreamedFramingRequest.WaitForReply(TimeSpan timeout)
   at System.ServiceModel.Channels.RequestChannel.Request(Message message, TimeSpan timeout)
   --- End of inner exception stack trace ---

Server stack trace: 
   at System.ServiceModel.Channels.RequestChannel.Request(Message message, TimeSpan timeout)
   at System.ServiceModel.Channels.TransactionRequestChannelGeneric`1.Request(Message message, TimeSpan timeout)
   at System.ServiceModel.Dispatcher.RequestChannelBinder.Request(Message message, TimeSpan timeout)
   at System.ServiceModel.Channels.ServiceChannel.Call(String action, Boolean oneway, ProxyOperationRuntime operation, Object[] ins, Object[] outs, TimeSpan timeout)
   at System.ServiceModel.Channels.ServiceChannelProxy.InvokeService(IMethodCallMessage methodCall, ProxyOperationRuntime operation)
   at System.ServiceModel.Channels.ServiceChannelProxy.Invoke(IMessage message)

Exception rethrown at [0]: 
   at System.Runtime.Remoting.Proxies.RealProxy.HandleReturnMessage(IMessage reqMsg, IMessage retMsg)
   at System.Runtime.Remoting.Proxies.RealProxy.PrivateInvoke(MessageData& msgData, Int32 type)
   at Petex.Service.RequestProcessor.IWcfStreamResponseProcessor.Process(MessageRequest request)
   at A.cec9e090ae538d190220f059017b75b84.Process(MessageRequest request)
Details:
System.TimeoutException: The request channel timed out while waiting for a reply after 00:04:55.6409996. Increase the timeout value passed to the call to Request or increase the SendTimeout value on the Binding. The time allotted to this operation may have been a portion of a longer timeout. ---> System.TimeoutException: The socket transfer timed out after 00:04:59.9940000. You have exceeded the timeout set on your binding. The time allotted to this operation may have been a portion of a longer timeout. ---> System.IO.IOException: The read operation failed, see inner exception. ---> System.TimeoutException: The socket transfer timed out after 00:04:59.9940000. You have exceeded the timeout set on your binding. The time allotted to this operation may have been a portion of a longer timeout. ---> System.Net.Sockets.SocketException: A connection attempt failed because the connected party did not properly respond after a period of time, or established connection failed because connected host has failed to respond
   at System.Net.Sockets.Socket.Receive(Byte[] buffer, Int32 offset, Int32 size, SocketFlags socketFlags)
   at System.ServiceModel.Channels.SocketConnection.ReadCore(Byte[] buffer, Int32 offset, Int32 size, TimeSpan timeout, Boolean closing)
   --- End of inner exception stack trace ---
   at System.ServiceModel.Channels.SocketConnection.ReadCore(Byte[] buffer, Int32 offset, Int32 size, TimeSpan timeout, Boolean closing)
   at System.ServiceModel.Channels.SocketConnection.Read(Byte[] buffer, Int32 offset, Int32 size, TimeSpan timeout)
   at System.ServiceModel.Channels.DelegatingConnection.Read(Byte[] buffer, Int32 offset, Int32 size, TimeSpan timeout)
   at System.ServiceModel.Channels.ConnectionStream.Read(Byte[] buffer, Int32 offset, Int32 count)
   at System.Net.FixedSizeReader.ReadPacket(Byte[] buffer, Int32 offset, Int32 count)
   at System.Net.Security.NegotiateStream.StartFrameHeader(Byte[] buffer, Int32 offset, Int32 count, AsyncProtocolRequest asyncRequest)
   at System.Net.Security.NegotiateStream.ProcessRead(Byte[] buffer, Int32 offset, Int32 count, AsyncProtocolRequest asyncRequest)
   --- End of inner exception stack trace ---
   at System.Net.Security.NegotiateStream.ProcessRead(Byte[] buffer, Int32 offset, Int32 count, AsyncProtocolRequest asyncRequest)
   at System.Net.Security.NegotiateStream.Read(Byte[] buffer, Int32 offset, Int32 count)
   at System.ServiceModel.Channels.StreamConnection.Read(Byte[] buffer, Int32 offset, Int32 size, TimeSpan timeout)
   --- End of inner exception stack trace ---
   at System.ServiceModel.Channels.StreamConnection.Read(Byte[] buffer, Int32 offset, Int32 size, TimeSpan timeout)
   at System.ServiceModel.Channels.SingletonConnectionReader.Receive(TimeSpan timeout)
   at System.ServiceModel.Channels.StreamedFramingRequestChannel.StreamedFramingRequest.WaitForReply(TimeSpan timeout)
   at System.ServiceModel.Channels.RequestChannel.Request(Message message, TimeSpan timeout)
   --- End of inner exception stack trace ---

Server stack trace: 
   at System.ServiceModel.Channels.RequestChannel.Request(Message message, TimeSpan timeout)
   at System.ServiceModel.Channels.TransactionRequestChannelGeneric`1.Request(Message message, TimeSpan timeout)
   at System.ServiceModel.Dispatcher.RequestChannelBinder.Request(Message message, TimeSpan timeout)
   at System.ServiceModel.Channels.ServiceChannel.Call(String action, Boolean oneway, ProxyOperationRuntime operation, Object[] ins, Object[] outs, TimeSpan timeout)
   at System.ServiceModel.Channels.ServiceChannelProxy.InvokeService(IMethodCallMessage methodCall, ProxyOperationRuntime operation)
   at System.ServiceModel.Channels.ServiceChannelProxy.Invoke(IMessage message)

Exception rethrown at [0]: 
   at System.Runtime.Remoting.Proxies.RealProxy.HandleReturnMessage(IMessage reqMsg, IMessage retMsg)
   at System.Runtime.Remoting.Proxies.RealProxy.PrivateInvoke(MessageData& msgData, Int32 type)
   at Petex.Service.RequestProcessor.IWcfStreamResponseProcessor.Process(MessageRequest request)
   at A.cec9e090ae538d190220f059017b75b84.Process(MessageRequest request)
2018/09/23 02:52:56.761 ERROR 123 A.cec9e090ae538d190220f059017b75b84 (Thread 123) ProcID (36972) - System.TimeoutException: The request channel timed out while waiting for a reply after 00:04:55.6409996. Increase the timeout value passed to the call to Request or increase the SendTimeout value on the Binding. The time allotted to this operation may have been a portion of a longer timeout. ---> System.TimeoutException: The socket transfer timed out after 00:04:59.9940000. You have exceeded the timeout set on your binding. The time allotted to this operation may have been a portion of a longer timeout. ---> System.IO.IOException: The read operation failed, see inner exception. ---> System.TimeoutException: The socket transfer timed out after 00:04:59.9940000. You have exceeded the timeout set on your binding. The time allotted to this operation may have been a portion of a longer timeout. ---> System.Net.Sockets.SocketException: A connection attempt failed because the connected party did not properly respond after a period of time, or established connection failed because connected host has failed to respond
   at System.Net.Sockets.Socket.Receive(Byte[] buffer, Int32 offset, Int32 size, SocketFlags socketFlags)
   at System.ServiceModel.Channels.SocketConnection.ReadCore(Byte[] buffer, Int32 offset, Int32 size, TimeSpan timeout, Boolean closing)
   --- End of inner exception stack trace ---
   at System.ServiceModel.Channels.SocketConnection.ReadCore(Byte[] buffer, Int32 offset, Int32 size, TimeSpan timeout, Boolean closing)
   at System.ServiceModel.Channels.SocketConnection.Read(Byte[] buffer, Int32 offset, Int32 size, TimeSpan timeout)
   at System.ServiceModel.Channels.DelegatingConnection.Read(Byte[] buffer, Int32 offset, Int32 size, TimeSpan timeout)
   at System.ServiceModel.Channels.ConnectionStream.Read(Byte[] buffer, Int32 offset, Int32 count)
   at System.Net.FixedSizeReader.ReadPacket(Byte[] buffer, Int32 offset, Int32 count)
   at System.Net.Security.NegotiateStream.StartFrameHeader(Byte[] buffer, Int32 offset, Int32 count, AsyncProtocolRequest asyncRequest)
   at System.Net.Security.NegotiateStream.ProcessRead(Byte[] buffer, Int32 offset, Int32 count, AsyncProtocolRequest asyncRequest)
   --- End of inner exception stack trace ---
   at System.Net.Security.NegotiateStream.ProcessRead(Byte[] buffer, Int32 offset, Int32 count, AsyncProtocolRequest asyncRequest)
   at System.Net.Security.NegotiateStream.Read(Byte[] buffer, Int32 offset, Int32 count)
   at System.ServiceModel.Channels.StreamConnection.Read(Byte[] buffer, Int32 offset, Int32 size, TimeSpan timeout)
   --- End of inner exception stack trace ---
   at System.ServiceModel.Channels.StreamConnection.Read(Byte[] buffer, Int32 offset, Int32 size, TimeSpan timeout)
   at System.ServiceModel.Channels.SingletonConnectionReader.Receive(TimeSpan timeout)
   at System.ServiceModel.Channels.StreamedFramingRequestChannel.StreamedFramingRequest.WaitForReply(TimeSpan timeout)
   at System.ServiceModel.Channels.RequestChannel.Request(Message message, TimeSpan timeout)
   --- End of inner exception stack trace ---

Server stack trace: 
   at System.ServiceModel.Channels.RequestChannel.Request(Message message, TimeSpan timeout)
   at System.ServiceModel.Channels.TransactionRequestChannelGeneric`1.Request(Message message, TimeSpan timeout)
   at System.ServiceModel.Dispatcher.RequestChannelBinder.Request(Message message, TimeSpan timeout)
   at System.ServiceModel.Channels.ServiceChannel.Call(String action, Boolean oneway, ProxyOperationRuntime operation, Object[] ins, Object[] outs, TimeSpan timeout)
   at System.ServiceModel.Channels.ServiceChannelProxy.InvokeService(IMethodCallMessage methodCall, ProxyOperationRuntime operation)
   at System.ServiceModel.Channels.ServiceChannelProxy.Invoke(IMessage message)

Exception rethrown at [0]: 
   at System.Runtime.Remoting.Proxies.RealProxy.HandleReturnMessage(IMessage reqMsg, IMessage retMsg)
   at System.Runtime.Remoting.Proxies.RealProxy.PrivateInvoke(MessageData& msgData, Int32 type)
   at Petex.Service.RequestProcessor.IWcfStreamResponseProcessor.Process(MessageRequest request)
   at A.cec9e090ae538d190220f059017b75b84.Process(MessageRequest request)

method : Process([Petex.Service.RequestProcessor.MessageRequest] request = Petex.Service.RequestProcessor.MessageRequest)

2018/09/23 02:52:56.762 ERROR 96 Petex.IFM.IVM.VisualWorkflowService.c1c13b709b3df317d725c923928032d5a - An error occurred while getting bulk results.
Details:
System.TimeoutException: The request channel timed out while waiting for a reply after 00:04:55.6409996. Increase the timeout value passed to the call to Request or increase the SendTimeout value on the Binding. The time allotted to this operation may have been a portion of a longer timeout. ---> System.TimeoutException: The socket transfer timed out after 00:04:59.9940000. You have exceeded the timeout set on your binding. The time allotted to this operation may have been a portion of a longer timeout. ---> System.IO.IOException: The read operation failed, see inner exception. ---> System.TimeoutException: The socket transfer timed out after 00:04:59.9940000. You have exceeded the timeout set on your binding. The time allotted to this operation may have been a portion of a longer timeout. ---> System.Net.Sockets.SocketException: A connection attempt failed because the connected party did not properly respond after a period of time, or established connection failed because connected host has failed to respond
   at System.Net.Sockets.Socket.Receive(Byte[] buffer, Int32 offset, Int32 size, SocketFlags socketFlags)
   at System.ServiceModel.Channels.SocketConnection.ReadCore(Byte[] buffer, Int32 offset, Int32 size, TimeSpan timeout, Boolean closing)
   --- End of inner exception stack trace ---
   at System.ServiceModel.Channels.SocketConnection.ReadCore(Byte[] buffer, Int32 offset, Int32 size, TimeSpan timeout, Boolean closing)
   at System.ServiceModel.Channels.SocketConnection.Read(Byte[] buffer, Int32 offset, Int32 size, TimeSpan timeout)
   at System.ServiceModel.Channels.DelegatingConnection.Read(Byte[] buffer, Int32 offset, Int32 size, TimeSpan timeout)
   at System.ServiceModel.Channels.ConnectionStream.Read(Byte[] buffer, Int32 offset, Int32 count)
   at System.Net.FixedSizeReader.ReadPacket(Byte[] buffer, Int32 offset, Int32 count)
   at System.Net.Security.NegotiateStream.StartFrameHeader(Byte[] buffer, Int32 offset, Int32 count, AsyncProtocolRequest asyncRequest)
   at System.Net.Security.NegotiateStream.ProcessRead(Byte[] buffer, Int32 offset, Int32 count, AsyncProtocolRequest asyncRequest)
   --- End of inner exception stack trace ---
   at System.Net.Security.NegotiateStream.ProcessRead(Byte[] buffer, Int32 offset, Int32 count, AsyncProtocolRequest asyncRequest)
   at System.Net.Security.NegotiateStream.Read(Byte[] buffer, Int32 offset, Int32 count)
   at System.ServiceModel.Channels.StreamConnection.Read(Byte[] buffer, Int32 offset, Int32 size, TimeSpan timeout)
   --- End of inner exception stack trace ---
   at System.ServiceModel.Channels.StreamConnection.Read(Byte[] buffer, Int32 offset, Int32 size, TimeSpan timeout)
   at System.ServiceModel.Channels.SingletonConnectionReader.Receive(TimeSpan timeout)
   at System.ServiceModel.Channels.StreamedFramingRequestChannel.StreamedFramingRequest.WaitForReply(TimeSpan timeout)
   at System.ServiceModel.Channels.RequestChannel.Request(Message message, TimeSpan timeout)
   --- End of inner exception stack trace ---

Server stack trace: 
   at System.ServiceModel.Channels.RequestChannel.Request(Message message, TimeSpan timeout)
   at System.ServiceModel.Channels.TransactionRequestChannelGeneric`1.Request(Message message, TimeSpan timeout)
   at System.ServiceModel.Dispatcher.RequestChannelBinder.Request(Message message, TimeSpan timeout)
   at System.ServiceModel.Channels.ServiceChannel.Call(String action, Boolean oneway, ProxyOperationRuntime operation, Object[] ins, Object[] outs, TimeSpan timeout)
   at System.ServiceModel.Channels.ServiceChannelProxy.InvokeService(IMethodCallMessage methodCall, ProxyOperationRuntime operation)
   at System.ServiceModel.Channels.ServiceChannelProxy.Invoke(IMessage message)

Exception rethrown at [0]: 
   at A.c22aefe7f39df3d678dba160428b769f4.c0c4ec95a682cbefc208f4f3eb80ff6ad[c5e2460f6ebc534efe90b3230b7797cb4](Func`1 c3c081f340dcdf79e192d50757bce0bee)
   at A.c42ccb3c762729e5c1ed9dd9fb21f7a51.c2a035223c95353a451d486528bb968ce(DateTime ca50651d185b346c217028862887f6062, List`1 c94623007ea3b221db43a7a5c991a9cac, Int32 c27485bd6dedf79f29eccbe33aefab814, DateTime cc0b7aac23bdedea569c99b9f01ab5798, DateTime ca917bd7d663d59239d097b255d937590)
   at Petex.IFM.IVM.VisualWorkflowService.c1c13b709b3df317d725c923928032d5a(c0a78f935034ea252425562b3db1ea988 cc462e40687a776088a0f60dcc4dee4c5, VisualWorkflowResultOptions c97464e7151b310fab45ca8e18c9bbc4d)
2018/09/23 02:57:58.446 ERROR 64 A.cec9e090ae538d190220f059017b75b84.Process - System.TimeoutException: The request channel timed out while waiting for a reply after 00:04:55.9659996. Increase the timeout value passed to the call to Request or increase the SendTimeout value on the Binding. The time allotted to this operation may have been a portion of a longer timeout. ---> System.TimeoutException: The socket transfer timed out after 00:04:59.9940000. You have exceeded the timeout set on your binding. The time allotted to this operation may have been a portion of a longer timeout. ---> System.IO.IOException: The read operation failed, see inner exception. ---> System.TimeoutException: The socket transfer timed out after 00:04:59.9940000. You have exceeded the timeout set on your binding. The time allotted to this operation may have been a portion of a longer timeout. ---> System.Net.Sockets.SocketException: A connection attempt failed because the connected party did not properly respond after a period of time, or established connection failed because connected host has failed to respond
   at System.Net.Sockets.Socket.Receive(Byte[] buffer, Int32 offset, Int32 size, SocketFlags socketFlags)
   at System.ServiceModel.Channels.SocketConnection.ReadCore(Byte[] buffer, Int32 offset, Int32 size, TimeSpan timeout, Boolean closing)
   --- End of inner exception stack trace ---
   at System.ServiceModel.Channels.SocketConnection.ReadCore(Byte[] buffer, Int32 offset, Int32 size, TimeSpan timeout, Boolean closing)
   at System.ServiceModel.Channels.SocketConnection.Read(Byte[] buffer, Int32 offset, Int32 size, TimeSpan timeout)
   at System.ServiceModel.Channels.DelegatingConnection.Read(Byte[] buffer, Int32 offset, Int32 size, TimeSpan timeout)
   at System.ServiceModel.Channels.ConnectionStream.Read(Byte[] buffer, Int32 offset, Int32 count)
   at System.Net.FixedSizeReader.ReadPacket(Byte[] buffer, Int32 offset, Int32 count)
   at System.Net.Security.NegotiateStream.StartFrameHeader(Byte[] buffer, Int32 offset, Int32 count, AsyncProtocolRequest asyncRequest)
   at System.Net.Security.NegotiateStream.ProcessRead(Byte[] buffer, Int32 offset, Int32 count, AsyncProtocolRequest asyncRequest)
   --- End of inner exception stack trace ---
   at System.Net.Security.NegotiateStream.ProcessRead(Byte[] buffer, Int32 offset, Int32 count, AsyncProtocolRequest asyncRequest)
   at System.Net.Security.NegotiateStream.Read(Byte[] buffer, Int32 offset, Int32 count)
   at System.ServiceModel.Channels.StreamConnection.Read(Byte[] buffer, Int32 offset, Int32 size, TimeSpan timeout)
   --- End of inner exception stack trace ---
   at System.ServiceModel.Channels.StreamConnection.Read(Byte[] buffer, Int32 offset, Int32 size, TimeSpan timeout)
   at System.ServiceModel.Channels.SingletonConnectionReader.Receive(TimeSpan timeout)
   at System.ServiceModel.Channels.StreamedFramingRequestChannel.StreamedFramingRequest.WaitForReply(TimeSpan timeout)
   at System.ServiceModel.Channels.RequestChannel.Request(Message message, TimeSpan timeout)
   --- End of inner exception stack trace ---

Server stack trace: 
   at System.ServiceModel.Channels.RequestChannel.Request(Message message, TimeSpan timeout)
   at System.ServiceModel.Channels.TransactionRequestChannelGeneric`1.Request(Message message, TimeSpan timeout)
   at System.ServiceModel.Dispatcher.RequestChannelBinder.Request(Message message, TimeSpan timeout)
   at System.ServiceModel.Channels.ServiceChannel.Call(String action, Boolean oneway, ProxyOperationRuntime operation, Object[] ins, Object[] outs, TimeSpan timeout)
   at System.ServiceModel.Channels.ServiceChannelProxy.InvokeService(IMethodCallMessage methodCall, ProxyOperationRuntime operation)
   at System.ServiceModel.Channels.ServiceChannelProxy.Invoke(IMessage message)

Exception rethrown at [0]: 
   at System.Runtime.Remoting.Proxies.RealProxy.HandleReturnMessage(IMessage reqMsg, IMessage retMsg)
   at System.Runtime.Remoting.Proxies.RealProxy.PrivateInvoke(MessageData& msgData, Int32 type)
   at Petex.Service.RequestProcessor.IWcfStreamResponseProcessor.Process(MessageRequest request)
   at A.cec9e090ae538d190220f059017b75b84.Process(MessageRequest request)
Details:
System.TimeoutException: The request channel timed out while waiting for a reply after 00:04:55.9659996. Increase the timeout value passed to the call to Request or increase the SendTimeout value on the Binding. The time allotted to this operation may have been a portion of a longer timeout. ---> System.TimeoutException: The socket transfer timed out after 00:04:59.9940000. You have exceeded the timeout set on your binding. The time allotted to this operation may have been a portion of a longer timeout. ---> System.IO.IOException: The read operation failed, see inner exception. ---> System.TimeoutException: The socket transfer timed out after 00:04:59.9940000. You have exceeded the timeout set on your binding. The time allotted to this operation may have been a portion of a longer timeout. ---> System.Net.Sockets.SocketException: A connection attempt failed because the connected party did not properly respond after a period of time, or established connection failed because connected host has failed to respond
   at System.Net.Sockets.Socket.Receive(Byte[] buffer, Int32 offset, Int32 size, SocketFlags socketFlags)
   at System.ServiceModel.Channels.SocketConnection.ReadCore(Byte[] buffer, Int32 offset, Int32 size, TimeSpan timeout, Boolean closing)
   --- End of inner exception stack trace ---
   at System.ServiceModel.Channels.SocketConnection.ReadCore(Byte[] buffer, Int32 offset, Int32 size, TimeSpan timeout, Boolean closing)
   at System.ServiceModel.Channels.SocketConnection.Read(Byte[] buffer, Int32 offset, Int32 size, TimeSpan timeout)
   at System.ServiceModel.Channels.DelegatingConnection.Read(Byte[] buffer, Int32 offset, Int32 size, TimeSpan timeout)
   at System.ServiceModel.Channels.ConnectionStream.Read(Byte[] buffer, Int32 offset, Int32 count)
   at System.Net.FixedSizeReader.ReadPacket(Byte[] buffer, Int32 offset, Int32 count)
   at System.Net.Security.NegotiateStream.StartFrameHeader(Byte[] buffer, Int32 offset, Int32 count, AsyncProtocolRequest asyncRequest)
   at System.Net.Security.NegotiateStream.ProcessRead(Byte[] buffer, Int32 offset, Int32 count, AsyncProtocolRequest asyncRequest)
   --- End of inner exception stack trace ---
   at System.Net.Security.NegotiateStream.ProcessRead(Byte[] buffer, Int32 offset, Int32 count, AsyncProtocolRequest asyncRequest)
   at System.Net.Security.NegotiateStream.Read(Byte[] buffer, Int32 offset, Int32 count)
   at System.ServiceModel.Channels.StreamConnection.Read(Byte[] buffer, Int32 offset, Int32 size, TimeSpan timeout)
   --- End of inner exception stack trace ---
   at System.ServiceModel.Channels.StreamConnection.Read(Byte[] buffer, Int32 offset, Int32 size, TimeSpan timeout)
   at System.ServiceModel.Channels.SingletonConnectionReader.Receive(TimeSpan timeout)
   at System.ServiceModel.Channels.StreamedFramingRequestChannel.StreamedFramingRequest.WaitForReply(TimeSpan timeout)
   at System.ServiceModel.Channels.RequestChannel.Request(Message message, TimeSpan timeout)
   --- End of inner exception stack trace ---

Server stack trace: 
   at System.ServiceModel.Channels.RequestChannel.Request(Message message, TimeSpan timeout)
   at System.ServiceModel.Channels.TransactionRequestChannelGeneric`1.Request(Message message, TimeSpan timeout)
   at System.ServiceModel.Dispatcher.RequestChannelBinder.Request(Message message, TimeSpan timeout)
   at System.ServiceModel.Channels.ServiceChannel.Call(String action, Boolean oneway, ProxyOperationRuntime operation, Object[] ins, Object[] outs, TimeSpan timeout)
   at System.ServiceModel.Channels.ServiceChannelProxy.InvokeService(IMethodCallMessage methodCall, ProxyOperationRuntime operation)
   at System.ServiceModel.Channels.ServiceChannelProxy.Invoke(IMessage message)

Exception rethrown at [0]: 
   at System.Runtime.Remoting.Proxies.RealProxy.HandleReturnMessage(IMessage reqMsg, IMessage retMsg)
   at System.Runtime.Remoting.Proxies.RealProxy.PrivateInvoke(MessageData& msgData, Int32 type)
   at Petex.Service.RequestProcessor.IWcfStreamResponseProcessor.Process(MessageRequest request)
   at A.cec9e090ae538d190220f059017b75b84.Process(MessageRequest request)
2018/09/23 02:57:58.450 ERROR 64 A.cec9e090ae538d190220f059017b75b84 (Thread 64) ProcID (36972) - System.TimeoutException: The request channel timed out while waiting for a reply after 00:04:55.9659996. Increase the timeout value passed to the call to Request or increase the SendTimeout value on the Binding. The time allotted to this operation may have been a portion of a longer timeout. ---> System.TimeoutException: The socket transfer timed out after 00:04:59.9940000. You have exceeded the timeout set on your binding. The time allotted to this operation may have been a portion of a longer timeout. ---> System.IO.IOException: The read operation failed, see inner exception. ---> System.TimeoutException: The socket transfer timed out after 00:04:59.9940000. You have exceeded the timeout set on your binding. The time allotted to this operation may have been a portion of a longer timeout. ---> System.Net.Sockets.SocketException: A connection attempt failed because the connected party did not properly respond after a period of time, or established connection failed because connected host has failed to respond
   at System.Net.Sockets.Socket.Receive(Byte[] buffer, Int32 offset, Int32 size, SocketFlags socketFlags)
   at System.ServiceModel.Channels.SocketConnection.ReadCore(Byte[] buffer, Int32 offset, Int32 size, TimeSpan timeout, Boolean closing)
   --- End of inner exception stack trace ---
   at System.ServiceModel.Channels.SocketConnection.ReadCore(Byte[] buffer, Int32 offset, Int32 size, TimeSpan timeout, Boolean closing)
   at System.ServiceModel.Channels.SocketConnection.Read(Byte[] buffer, Int32 offset, Int32 size, TimeSpan timeout)
   at System.ServiceModel.Channels.DelegatingConnection.Read(Byte[] buffer, Int32 offset, Int32 size, TimeSpan timeout)
   at System.ServiceModel.Channels.ConnectionStream.Read(Byte[] buffer, Int32 offset, Int32 count)
   at System.Net.FixedSizeReader.ReadPacket(Byte[] buffer, Int32 offset, Int32 count)
   at System.Net.Security.NegotiateStream.StartFrameHeader(Byte[] buffer, Int32 offset, Int32 count, AsyncProtocolRequest asyncRequest)
   at System.Net.Security.NegotiateStream.ProcessRead(Byte[] buffer, Int32 offset, Int32 count, AsyncProtocolRequest asyncRequest)
   --- End of inner exception stack trace ---
   at System.Net.Security.NegotiateStream.ProcessRead(Byte[] buffer, Int32 offset, Int32 count, AsyncProtocolRequest asyncRequest)
   at System.Net.Security.NegotiateStream.Read(Byte[] buffer, Int32 offset, Int32 count)
   at System.ServiceModel.Channels.StreamConnection.Read(Byte[] buffer, Int32 offset, Int32 size, TimeSpan timeout)
   --- End of inner exception stack trace ---
   at System.ServiceModel.Channels.StreamConnection.Read(Byte[] buffer, Int32 offset, Int32 size, TimeSpan timeout)
   at System.ServiceModel.Channels.SingletonConnectionReader.Receive(TimeSpan timeout)
   at System.ServiceModel.Channels.StreamedFramingRequestChannel.StreamedFramingRequest.WaitForReply(TimeSpan timeout)
   at System.ServiceModel.Channels.RequestChannel.Request(Message message, TimeSpan timeout)
   --- End of inner exception stack trace ---

Server stack trace: 
   at System.ServiceModel.Channels.RequestChannel.Request(Message message, TimeSpan timeout)
   at System.ServiceModel.Channels.TransactionRequestChannelGeneric`1.Request(Message message, TimeSpan timeout)
   at System.ServiceModel.Dispatcher.RequestChannelBinder.Request(Message message, TimeSpan timeout)
   at System.ServiceModel.Channels.ServiceChannel.Call(String action, Boolean oneway, ProxyOperationRuntime operation, Object[] ins, Object[] outs, TimeSpan timeout)
   at System.ServiceModel.Channels.ServiceChannelProxy.InvokeService(IMethodCallMessage methodCall, ProxyOperationRuntime operation)
   at System.ServiceModel.Channels.ServiceChannelProxy.Invoke(IMessage message)

Exception rethrown at [0]: 
   at System.Runtime.Remoting.Proxies.RealProxy.HandleReturnMessage(IMessage reqMsg, IMessage retMsg)
   at System.Runtime.Remoting.Proxies.RealProxy.PrivateInvoke(MessageData& msgData, Int32 type)
   at Petex.Service.RequestProcessor.IWcfStreamResponseProcessor.Process(MessageRequest request)
   at A.cec9e090ae538d190220f059017b75b84.Process(MessageRequest request)

method : Process([Petex.Service.RequestProcessor.MessageRequest] request = Petex.Service.RequestProcessor.MessageRequest)

2018/09/23 02:57:58.451 ERROR 114 Petex.IFM.IVM.VisualWorkflowService.c1c13b709b3df317d725c923928032d5a - An error occurred while getting bulk results.
Details:
System.TimeoutException: The request channel timed out while waiting for a reply after 00:04:55.9659996. Increase the timeout value passed to the call to Request or increase the SendTimeout value on the Binding. The time allotted to this operation may have been a portion of a longer timeout. ---> System.TimeoutException: The socket transfer timed out after 00:04:59.9940000. You have exceeded the timeout set on your binding. The time allotted to this operation may have been a portion of a longer timeout. ---> System.IO.IOException: The read operation failed, see inner exception. ---> System.TimeoutException: The socket transfer timed out after 00:04:59.9940000. You have exceeded the timeout set on your binding. The time allotted to this operation may have been a portion of a longer timeout. ---> System.Net.Sockets.SocketException: A connection attempt failed because the connected party did not properly respond after a period of time, or established connection failed because connected host has failed to respond
   at System.Net.Sockets.Socket.Receive(Byte[] buffer, Int32 offset, Int32 size, SocketFlags socketFlags)
   at System.ServiceModel.Channels.SocketConnection.ReadCore(Byte[] buffer, Int32 offset, Int32 size, TimeSpan timeout, Boolean closing)
   --- End of inner exception stack trace ---
   at System.ServiceModel.Channels.SocketConnection.ReadCore(Byte[] buffer, Int32 offset, Int32 size, TimeSpan timeout, Boolean closing)
   at System.ServiceModel.Channels.SocketConnection.Read(Byte[] buffer, Int32 offset, Int32 size, TimeSpan timeout)
   at System.ServiceModel.Channels.DelegatingConnection.Read(Byte[] buffer, Int32 offset, Int32 size, TimeSpan timeout)
   at System.ServiceModel.Channels.ConnectionStream.Read(Byte[] buffer, Int32 offset, Int32 count)
   at System.Net.FixedSizeReader.ReadPacket(Byte[] buffer, Int32 offset, Int32 count)
   at System.Net.Security.NegotiateStream.StartFrameHeader(Byte[] buffer, Int32 offset, Int32 count, AsyncProtocolRequest asyncRequest)
   at System.Net.Security.NegotiateStream.ProcessRead(Byte[] buffer, Int32 offset, Int32 count, AsyncProtocolRequest asyncRequest)
   --- End of inner exception stack trace ---
   at System.Net.Security.NegotiateStream.ProcessRead(Byte[] buffer, Int32 offset, Int32 count, AsyncProtocolRequest asyncRequest)
   at System.Net.Security.NegotiateStream.Read(Byte[] buffer, Int32 offset, Int32 count)
   at System.ServiceModel.Channels.StreamConnection.Read(Byte[] buffer, Int32 offset, Int32 size, TimeSpan timeout)
   --- End of inner exception stack trace ---
   at System.ServiceModel.Channels.StreamConnection.Read(Byte[] buffer, Int32 offset, Int32 size, TimeSpan timeout)
   at System.ServiceModel.Channels.SingletonConnectionReader.Receive(TimeSpan timeout)
   at System.ServiceModel.Channels.StreamedFramingRequestChannel.StreamedFramingRequest.WaitForReply(TimeSpan timeout)
   at System.ServiceModel.Channels.RequestChannel.Request(Message message, TimeSpan timeout)
   --- End of inner exception stack trace ---

Server stack trace: 
   at System.ServiceModel.Channels.RequestChannel.Request(Message message, TimeSpan timeout)
   at System.ServiceModel.Channels.TransactionRequestChannelGeneric`1.Request(Message message, TimeSpan timeout)
   at System.ServiceModel.Dispatcher.RequestChannelBinder.Request(Message message, TimeSpan timeout)
   at System.ServiceModel.Channels.ServiceChannel.Call(String action, Boolean oneway, ProxyOperationRuntime operation, Object[] ins, Object[] outs, TimeSpan timeout)
   at System.ServiceModel.Channels.ServiceChannelProxy.InvokeService(IMethodCallMessage methodCall, ProxyOperationRuntime operation)
   at System.ServiceModel.Channels.ServiceChannelProxy.Invoke(IMessage message)

Exception rethrown at [0]: 
   at A.c22aefe7f39df3d678dba160428b769f4.c0c4ec95a682cbefc208f4f3eb80ff6ad[c5e2460f6ebc534efe90b3230b7797cb4](Func`1 c3c081f340dcdf79e192d50757bce0bee)
   at A.c42ccb3c762729e5c1ed9dd9fb21f7a51.c2a035223c95353a451d486528bb968ce(DateTime ca50651d185b346c217028862887f6062, List`1 c94623007ea3b221db43a7a5c991a9cac, Int32 c27485bd6dedf79f29eccbe33aefab814, DateTime cc0b7aac23bdedea569c99b9f01ab5798, DateTime ca917bd7d663d59239d097b255d937590)
   at Petex.IFM.IVM.VisualWorkflowService.c1c13b709b3df317d725c923928032d5a(c0a78f935034ea252425562b3db1ea988 cc462e40687a776088a0f60dcc4dee4c5, VisualWorkflowResultOptions c97464e7151b310fab45ca8e18c9bbc4d)
2018/09/23 02:58:19.862 INFO  73 A.cdc551499db0039f956e1d0666bfd1504.ca3aa6b2f13c2c1bc9c646f6abf33ed07 - Changing service from :0 to HOUMSEOSIFM007:8787
2018/09/23 03:03:20.141 INFO  112 A.cdc551499db0039f956e1d0666bfd1504.ca3aa6b2f13c2c1bc9c646f6abf33ed07 - Changing service from :0 to HOUMSEOSIFM007:8787
2018/09/23 03:03:27.296 ERROR 133 A.cec9e090ae538d190220f059017b75b84.Process - System.TimeoutException: The request channel timed out while waiting for a reply after 00:04:56.1109999. Increase the timeout value passed to the call to Request or increase the SendTimeout value on the Binding. The time allotted to this operation may have been a portion of a longer timeout. ---> System.TimeoutException: The socket transfer timed out after 00:04:59.9930000. You have exceeded the timeout set on your binding. The time allotted to this operation may have been a portion of a longer timeout. ---> System.IO.IOException: The read operation failed, see inner exception. ---> System.TimeoutException: The socket transfer timed out after 00:04:59.9930000. You have exceeded the timeout set on your binding. The time allotted to this operation may have been a portion of a longer timeout. ---> System.Net.Sockets.SocketException: A connection attempt failed because the connected party did not properly respond after a period of time, or established connection failed because connected host has failed to respond
   at System.Net.Sockets.Socket.Receive(Byte[] buffer, Int32 offset, Int32 size, SocketFlags socketFlags)
   at System.ServiceModel.Channels.SocketConnection.ReadCore(Byte[] buffer, Int32 offset, Int32 size, TimeSpan timeout, Boolean closing)
   --- End of inner exception stack trace ---
   at System.ServiceModel.Channels.SocketConnection.ReadCore(Byte[] buffer, Int32 offset, Int32 size, TimeSpan timeout, Boolean closing)
   at System.ServiceModel.Channels.SocketConnection.Read(Byte[] buffer, Int32 offset, Int32 size, TimeSpan timeout)
   at System.ServiceModel.Channels.DelegatingConnection.Read(Byte[] buffer, Int32 offset, Int32 size, TimeSpan timeout)
   at System.ServiceModel.Channels.ConnectionStream.Read(Byte[] buffer, Int32 offset, Int32 count)
   at System.Net.FixedSizeReader.ReadPacket(Byte[] buffer, Int32 offset, Int32 count)
   at System.Net.Security.NegotiateStream.StartFrameHeader(Byte[] buffer, Int32 offset, Int32 count, AsyncProtocolRequest asyncRequest)
   at System.Net.Security.NegotiateStream.ProcessRead(Byte[] buffer, Int32 offset, Int32 count, AsyncProtocolRequest asyncRequest)
   --- End of inner exception stack trace ---
   at System.Net.Security.NegotiateStream.ProcessRead(Byte[] buffer, Int32 offset, Int32 count, AsyncProtocolRequest asyncRequest)
   at System.Net.Security.NegotiateStream.Read(Byte[] buffer, Int32 offset, Int32 count)
   at System.ServiceModel.Channels.StreamConnection.Read(Byte[] buffer, Int32 offset, Int32 size, TimeSpan timeout)
   --- End of inner exception stack trace ---
   at System.ServiceModel.Channels.StreamConnection.Read(Byte[] buffer, Int32 offset, Int32 size, TimeSpan timeout)
   at System.ServiceModel.Channels.SingletonConnectionReader.Receive(TimeSpan timeout)
   at System.ServiceModel.Channels.StreamedFramingRequestChannel.StreamedFramingRequest.WaitForReply(TimeSpan timeout)
   at System.ServiceModel.Channels.RequestChannel.Request(Message message, TimeSpan timeout)
   --- End of inner exception stack trace ---

Server stack trace: 
   at System.ServiceModel.Channels.RequestChannel.Request(Message message, TimeSpan timeout)
   at System.ServiceModel.Channels.TransactionRequestChannelGeneric`1.Request(Message message, TimeSpan timeout)
   at System.ServiceModel.Dispatcher.RequestChannelBinder.Request(Message message, TimeSpan timeout)
   at System.ServiceModel.Channels.ServiceChannel.Call(String action, Boolean oneway, ProxyOperationRuntime operation, Object[] ins, Object[] outs, TimeSpan timeout)
   at System.ServiceModel.Channels.ServiceChannelProxy.InvokeService(IMethodCallMessage methodCall, ProxyOperationRuntime operation)
   at System.ServiceModel.Channels.ServiceChannelProxy.Invoke(IMessage message)

Exception rethrown at [0]: 
   at System.Runtime.Remoting.Proxies.RealProxy.HandleReturnMessage(IMessage reqMsg, IMessage retMsg)
   at System.Runtime.Remoting.Proxies.RealProxy.PrivateInvoke(MessageData& msgData, Int32 type)
   at Petex.Service.RequestProcessor.IWcfStreamResponseProcessor.Process(MessageRequest request)
   at A.cec9e090ae538d190220f059017b75b84.Process(MessageRequest request)
Details:
System.TimeoutException: The request channel timed out while waiting for a reply after 00:04:56.1109999. Increase the timeout value passed to the call to Request or increase the SendTimeout value on the Binding. The time allotted to this operation may have been a portion of a longer timeout. ---> System.TimeoutException: The socket transfer timed out after 00:04:59.9930000. You have exceeded the timeout set on your binding. The time allotted to this operation may have been a portion of a longer timeout. ---> System.IO.IOException: The read operation failed, see inner exception. ---> System.TimeoutException: The socket transfer timed out after 00:04:59.9930000. You have exceeded the timeout set on your binding. The time allotted to this operation may have been a portion of a longer timeout. ---> System.Net.Sockets.SocketException: A connection attempt failed because the connected party did not properly respond after a period of time, or established connection failed because connected host has failed to respond
   at System.Net.Sockets.Socket.Receive(Byte[] buffer, Int32 offset, Int32 size, SocketFlags socketFlags)
   at System.ServiceModel.Channels.SocketConnection.ReadCore(Byte[] buffer, Int32 offset, Int32 size, TimeSpan timeout, Boolean closing)
   --- End of inner exception stack trace ---
   at System.ServiceModel.Channels.SocketConnection.ReadCore(Byte[] buffer, Int32 offset, Int32 size, TimeSpan timeout, Boolean closing)
   at System.ServiceModel.Channels.SocketConnection.Read(Byte[] buffer, Int32 offset, Int32 size, TimeSpan timeout)
   at System.ServiceModel.Channels.DelegatingConnection.Read(Byte[] buffer, Int32 offset, Int32 size, TimeSpan timeout)
   at System.ServiceModel.Channels.ConnectionStream.Read(Byte[] buffer, Int32 offset, Int32 count)
   at System.Net.FixedSizeReader.ReadPacket(Byte[] buffer, Int32 offset, Int32 count)
   at System.Net.Security.NegotiateStream.StartFrameHeader(Byte[] buffer, Int32 offset, Int32 count, AsyncProtocolRequest asyncRequest)
   at System.Net.Security.NegotiateStream.ProcessRead(Byte[] buffer, Int32 offset, Int32 count, AsyncProtocolRequest asyncRequest)
   --- End of inner exception stack trace ---
   at System.Net.Security.NegotiateStream.ProcessRead(Byte[] buffer, Int32 offset, Int32 count, AsyncProtocolRequest asyncRequest)
   at System.Net.Security.NegotiateStream.Read(Byte[] buffer, Int32 offset, Int32 count)
   at System.ServiceModel.Channels.StreamConnection.Read(Byte[] buffer, Int32 offset, Int32 size, TimeSpan timeout)
   --- End of inner exception stack trace ---
   at System.ServiceModel.Channels.StreamConnection.Read(Byte[] buffer, Int32 offset, Int32 size, TimeSpan timeout)
   at System.ServiceModel.Channels.SingletonConnectionReader.Receive(TimeSpan timeout)
   at System.ServiceModel.Channels.StreamedFramingRequestChannel.StreamedFramingRequest.WaitForReply(TimeSpan timeout)
   at System.ServiceModel.Channels.RequestChannel.Request(Message message, TimeSpan timeout)
   --- End of inner exception stack trace ---

Server stack trace: 
   at System.ServiceModel.Channels.RequestChannel.Request(Message message, TimeSpan timeout)
   at System.ServiceModel.Channels.TransactionRequestChannelGeneric`1.Request(Message message, TimeSpan timeout)
   at System.ServiceModel.Dispatcher.RequestChannelBinder.Request(Message message, TimeSpan timeout)
   at System.ServiceModel.Channels.ServiceChannel.Call(String action, Boolean oneway, ProxyOperationRuntime operation, Object[] ins, Object[] outs, TimeSpan timeout)
   at System.ServiceModel.Channels.ServiceChannelProxy.InvokeService(IMethodCallMessage methodCall, ProxyOperationRuntime operation)
   at System.ServiceModel.Channels.ServiceChannelProxy.Invoke(IMessage message)

Exception rethrown at [0]: 
   at System.Runtime.Remoting.Proxies.RealProxy.HandleReturnMessage(IMessage reqMsg, IMessage retMsg)
   at System.Runtime.Remoting.Proxies.RealProxy.PrivateInvoke(MessageData& msgData, Int32 type)
   at Petex.Service.RequestProcessor.IWcfStreamResponseProcessor.Process(MessageRequest request)
   at A.cec9e090ae538d190220f059017b75b84.Process(MessageRequest request)
2018/09/23 03:03:27.301 ERROR 133 A.cec9e090ae538d190220f059017b75b84 (Thread 133) ProcID (36972) - System.TimeoutException: The request channel timed out while waiting for a reply after 00:04:56.1109999. Increase the timeout value passed to the call to Request or increase the SendTimeout value on the Binding. The time allotted to this operation may have been a portion of a longer timeout. ---> System.TimeoutException: The socket transfer timed out after 00:04:59.9930000. You have exceeded the timeout set on your binding. The time allotted to this operation may have been a portion of a longer timeout. ---> System.IO.IOException: The read operation failed, see inner exception. ---> System.TimeoutException: The socket transfer timed out after 00:04:59.9930000. You have exceeded the timeout set on your binding. The time allotted to this operation may have been a portion of a longer timeout. ---> System.Net.Sockets.SocketException: A connection attempt failed because the connected party did not properly respond after a period of time, or established connection failed because connected host has failed to respond
   at System.Net.Sockets.Socket.Receive(Byte[] buffer, Int32 offset, Int32 size, SocketFlags socketFlags)
   at System.ServiceModel.Channels.SocketConnection.ReadCore(Byte[] buffer, Int32 offset, Int32 size, TimeSpan timeout, Boolean closing)
   --- End of inner exception stack trace ---
   at System.ServiceModel.Channels.SocketConnection.ReadCore(Byte[] buffer, Int32 offset, Int32 size, TimeSpan timeout, Boolean closing)
   at System.ServiceModel.Channels.SocketConnection.Read(Byte[] buffer, Int32 offset, Int32 size, TimeSpan timeout)
   at System.ServiceModel.Channels.DelegatingConnection.Read(Byte[] buffer, Int32 offset, Int32 size, TimeSpan timeout)
   at System.ServiceModel.Channels.ConnectionStream.Read(Byte[] buffer, Int32 offset, Int32 count)
   at System.Net.FixedSizeReader.ReadPacket(Byte[] buffer, Int32 offset, Int32 count)
   at System.Net.Security.NegotiateStream.StartFrameHeader(Byte[] buffer, Int32 offset, Int32 count, AsyncProtocolRequest asyncRequest)
   at System.Net.Security.NegotiateStream.ProcessRead(Byte[] buffer, Int32 offset, Int32 count, AsyncProtocolRequest asyncRequest)
   --- End of inner exception stack trace ---
   at System.Net.Security.NegotiateStream.ProcessRead(Byte[] buffer, Int32 offset, Int32 count, AsyncProtocolRequest asyncRequest)
   at System.Net.Security.NegotiateStream.Read(Byte[] buffer, Int32 offset, Int32 count)
   at System.ServiceModel.Channels.StreamConnection.Read(Byte[] buffer, Int32 offset, Int32 size, TimeSpan timeout)
   --- End of inner exception stack trace ---
   at System.ServiceModel.Channels.StreamConnection.Read(Byte[] buffer, Int32 offset, Int32 size, TimeSpan timeout)
   at System.ServiceModel.Channels.SingletonConnectionReader.Receive(TimeSpan timeout)
   at System.ServiceModel.Channels.StreamedFramingRequestChannel.StreamedFramingRequest.WaitForReply(TimeSpan timeout)
   at System.ServiceModel.Channels.RequestChannel.Request(Message message, TimeSpan timeout)
   --- End of inner exception stack trace ---

Server stack trace: 
   at System.ServiceModel.Channels.RequestChannel.Request(Message message, TimeSpan timeout)
   at System.ServiceModel.Channels.TransactionRequestChannelGeneric`1.Request(Message message, TimeSpan timeout)
   at System.ServiceModel.Dispatcher.RequestChannelBinder.Request(Message message, TimeSpan timeout)
   at System.ServiceModel.Channels.ServiceChannel.Call(String action, Boolean oneway, ProxyOperationRuntime operation, Object[] ins, Object[] outs, TimeSpan timeout)
   at System.ServiceModel.Channels.ServiceChannelProxy.InvokeService(IMethodCallMessage methodCall, ProxyOperationRuntime operation)
   at System.ServiceModel.Channels.ServiceChannelProxy.Invoke(IMessage message)

Exception rethrown at [0]: 
   at System.Runtime.Remoting.Proxies.RealProxy.HandleReturnMessage(IMessage reqMsg, IMessage retMsg)
   at System.Runtime.Remoting.Proxies.RealProxy.PrivateInvoke(MessageData& msgData, Int32 type)
   at Petex.Service.RequestProcessor.IWcfStreamResponseProcessor.Process(MessageRequest request)
   at A.cec9e090ae538d190220f059017b75b84.Process(MessageRequest request)

method : Process([Petex.Service.RequestProcessor.MessageRequest] request = Petex.Service.RequestProcessor.MessageRequest)

2018/09/23 03:03:27.311 ERROR 84 Petex.IFM.IVM.VisualWorkflowService.c1c13b709b3df317d725c923928032d5a - An error occurred while getting bulk results.
Details:
System.TimeoutException: The request channel timed out while waiting for a reply after 00:04:56.1109999. Increase the timeout value passed to the call to Request or increase the SendTimeout value on the Binding. The time allotted to this operation may have been a portion of a longer timeout. ---> System.TimeoutException: The socket transfer timed out after 00:04:59.9930000. You have exceeded the timeout set on your binding. The time allotted to this operation may have been a portion of a longer timeout. ---> System.IO.IOException: The read operation failed, see inner exception. ---> System.TimeoutException: The socket transfer timed out after 00:04:59.9930000. You have exceeded the timeout set on your binding. The time allotted to this operation may have been a portion of a longer timeout. ---> System.Net.Sockets.SocketException: A connection attempt failed because the connected party did not properly respond after a period of time, or established connection failed because connected host has failed to respond
   at System.Net.Sockets.Socket.Receive(Byte[] buffer, Int32 offset, Int32 size, SocketFlags socketFlags)
   at System.ServiceModel.Channels.SocketConnection.ReadCore(Byte[] buffer, Int32 offset, Int32 size, TimeSpan timeout, Boolean closing)
   --- End of inner exception stack trace ---
   at System.ServiceModel.Channels.SocketConnection.ReadCore(Byte[] buffer, Int32 offset, Int32 size, TimeSpan timeout, Boolean closing)
   at System.ServiceModel.Channels.SocketConnection.Read(Byte[] buffer, Int32 offset, Int32 size, TimeSpan timeout)
   at System.ServiceModel.Channels.DelegatingConnection.Read(Byte[] buffer, Int32 offset, Int32 size, TimeSpan timeout)
   at System.ServiceModel.Channels.ConnectionStream.Read(Byte[] buffer, Int32 offset, Int32 count)
   at System.Net.FixedSizeReader.ReadPacket(Byte[] buffer, Int32 offset, Int32 count)
   at System.Net.Security.NegotiateStream.StartFrameHeader(Byte[] buffer, Int32 offset, Int32 count, AsyncProtocolRequest asyncRequest)
   at System.Net.Security.NegotiateStream.ProcessRead(Byte[] buffer, Int32 offset, Int32 count, AsyncProtocolRequest asyncRequest)
   --- End of inner exception stack trace ---
   at System.Net.Security.NegotiateStream.ProcessRead(Byte[] buffer, Int32 offset, Int32 count, AsyncProtocolRequest asyncRequest)
   at System.Net.Security.NegotiateStream.Read(Byte[] buffer, Int32 offset, Int32 count)
   at System.ServiceModel.Channels.StreamConnection.Read(Byte[] buffer, Int32 offset, Int32 size, TimeSpan timeout)
   --- End of inner exception stack trace ---
   at System.ServiceModel.Channels.StreamConnection.Read(Byte[] buffer, Int32 offset, Int32 size, TimeSpan timeout)
   at System.ServiceModel.Channels.SingletonConnectionReader.Receive(TimeSpan timeout)
   at System.ServiceModel.Channels.StreamedFramingRequestChannel.StreamedFramingRequest.WaitForReply(TimeSpan timeout)
   at System.ServiceModel.Channels.RequestChannel.Request(Message message, TimeSpan timeout)
   --- End of inner exception stack trace ---

Server stack trace: 
   at System.ServiceModel.Channels.RequestChannel.Request(Message message, TimeSpan timeout)
   at System.ServiceModel.Channels.TransactionRequestChannelGeneric`1.Request(Message message, TimeSpan timeout)
   at System.ServiceModel.Dispatcher.RequestChannelBinder.Request(Message message, TimeSpan timeout)
   at System.ServiceModel.Channels.ServiceChannel.Call(String action, Boolean oneway, ProxyOperationRuntime operation, Object[] ins, Object[] outs, TimeSpan timeout)
   at System.ServiceModel.Channels.ServiceChannelProxy.InvokeService(IMethodCallMessage methodCall, ProxyOperationRuntime operation)
   at System.ServiceModel.Channels.ServiceChannelProxy.Invoke(IMessage message)

Exception rethrown at [0]: 
   at A.c22aefe7f39df3d678dba160428b769f4.c0c4ec95a682cbefc208f4f3eb80ff6ad[c5e2460f6ebc534efe90b3230b7797cb4](Func`1 c3c081f340dcdf79e192d50757bce0bee)
   at A.c42ccb3c762729e5c1ed9dd9fb21f7a51.c2a035223c95353a451d486528bb968ce(DateTime ca50651d185b346c217028862887f6062, List`1 c94623007ea3b221db43a7a5c991a9cac, Int32 c27485bd6dedf79f29eccbe33aefab814, DateTime cc0b7aac23bdedea569c99b9f01ab5798, DateTime ca917bd7d663d59239d097b255d937590)
   at Petex.IFM.IVM.VisualWorkflowService.c1c13b709b3df317d725c923928032d5a(c0a78f935034ea252425562b3db1ea988 cc462e40687a776088a0f60dcc4dee4c5, VisualWorkflowResultOptions c97464e7151b310fab45ca8e18c9bbc4d)
2018/09/23 03:08:20.164 INFO  125 A.cdc551499db0039f956e1d0666bfd1504.ca3aa6b2f13c2c1bc9c646f6abf33ed07 - Changing service from :0 to HOUMSEOSIFM007:8787
2018/09/23 03:08:34.551 ERROR 98 A.cec9e090ae538d190220f059017b75b84.Process - System.TimeoutException: The request channel timed out while waiting for a reply after 00:04:55.7130020. Increase the timeout value passed to the call to Request or increase the SendTimeout value on the Binding. The time allotted to this operation may have been a portion of a longer timeout. ---> System.TimeoutException: The socket transfer timed out after 00:04:59.9940000. You have exceeded the timeout set on your binding. The time allotted to this operation may have been a portion of a longer timeout. ---> System.IO.IOException: The read operation failed, see inner exception. ---> System.TimeoutException: The socket transfer timed out after 00:04:59.9940000. You have exceeded the timeout set on your binding. The time allotted to this operation may have been a portion of a longer timeout. ---> System.Net.Sockets.SocketException: A connection attempt failed because the connected party did not properly respond after a period of time, or established connection failed because connected host has failed to respond
   at System.Net.Sockets.Socket.Receive(Byte[] buffer, Int32 offset, Int32 size, SocketFlags socketFlags)
   at System.ServiceModel.Channels.SocketConnection.ReadCore(Byte[] buffer, Int32 offset, Int32 size, TimeSpan timeout, Boolean closing)
   --- End of inner exception stack trace ---
   at System.ServiceModel.Channels.SocketConnection.ReadCore(Byte[] buffer, Int32 offset, Int32 size, TimeSpan timeout, Boolean closing)
   at System.ServiceModel.Channels.SocketConnection.Read(Byte[] buffer, Int32 offset, Int32 size, TimeSpan timeout)
   at System.ServiceModel.Channels.DelegatingConnection.Read(Byte[] buffer, Int32 offset, Int32 size, TimeSpan timeout)
   at System.ServiceModel.Channels.ConnectionStream.Read(Byte[] buffer, Int32 offset, Int32 count)
   at System.Net.FixedSizeReader.ReadPacket(Byte[] buffer, Int32 offset, Int32 count)
   at System.Net.Security.NegotiateStream.StartFrameHeader(Byte[] buffer, Int32 offset, Int32 count, AsyncProtocolRequest asyncRequest)
   at System.Net.Security.NegotiateStream.ProcessRead(Byte[] buffer, Int32 offset, Int32 count, AsyncProtocolRequest asyncRequest)
   --- End of inner exception stack trace ---
   at System.Net.Security.NegotiateStream.ProcessRead(Byte[] buffer, Int32 offset, Int32 count, AsyncProtocolRequest asyncRequest)
   at System.Net.Security.NegotiateStream.Read(Byte[] buffer, Int32 offset, Int32 count)
   at System.ServiceModel.Channels.StreamConnection.Read(Byte[] buffer, Int32 offset, Int32 size, TimeSpan timeout)
   --- End of inner exception stack trace ---
   at System.ServiceModel.Channels.StreamConnection.Read(Byte[] buffer, Int32 offset, Int32 size, TimeSpan timeout)
   at System.ServiceModel.Channels.SingletonConnectionReader.Receive(TimeSpan timeout)
   at System.ServiceModel.Channels.StreamedFramingRequestChannel.StreamedFramingRequest.WaitForReply(TimeSpan timeout)
   at System.ServiceModel.Channels.RequestChannel.Request(Message message, TimeSpan timeout)
   --- End of inner exception stack trace ---

Server stack trace: 
   at System.ServiceModel.Channels.RequestChannel.Request(Message message, TimeSpan timeout)
   at System.ServiceModel.Channels.TransactionRequestChannelGeneric`1.Request(Message message, TimeSpan timeout)
   at System.ServiceModel.Dispatcher.RequestChannelBinder.Request(Message message, TimeSpan timeout)
   at System.ServiceModel.Channels.ServiceChannel.Call(String action, Boolean oneway, ProxyOperationRuntime operation, Object[] ins, Object[] outs, TimeSpan timeout)
   at System.ServiceModel.Channels.ServiceChannelProxy.InvokeService(IMethodCallMessage methodCall, ProxyOperationRuntime operation)
   at System.ServiceModel.Channels.ServiceChannelProxy.Invoke(IMessage message)

Exception rethrown at [0]: 
   at System.Runtime.Remoting.Proxies.RealProxy.HandleReturnMessage(IMessage reqMsg, IMessage retMsg)
   at System.Runtime.Remoting.Proxies.RealProxy.PrivateInvoke(MessageData& msgData, Int32 type)
   at Petex.Service.RequestProcessor.IWcfStreamResponseProcessor.Process(MessageRequest request)
   at A.cec9e090ae538d190220f059017b75b84.Process(MessageRequest request)
Details:
System.TimeoutException: The request channel timed out while waiting for a reply after 00:04:55.7130020. Increase the timeout value passed to the call to Request or increase the SendTimeout value on the Binding. The time allotted to this operation may have been a portion of a longer timeout. ---> System.TimeoutException: The socket transfer timed out after 00:04:59.9940000. You have exceeded the timeout set on your binding. The time allotted to this operation may have been a portion of a longer timeout. ---> System.IO.IOException: The read operation failed, see inner exception. ---> System.TimeoutException: The socket transfer timed out after 00:04:59.9940000. You have exceeded the timeout set on your binding. The time allotted to this operation may have been a portion of a longer timeout. ---> System.Net.Sockets.SocketException: A connection attempt failed because the connected party did not properly respond after a period of time, or established connection failed because connected host has failed to respond
   at System.Net.Sockets.Socket.Receive(Byte[] buffer, Int32 offset, Int32 size, SocketFlags socketFlags)
   at System.ServiceModel.Channels.SocketConnection.ReadCore(Byte[] buffer, Int32 offset, Int32 size, TimeSpan timeout, Boolean closing)
   --- End of inner exception stack trace ---
   at System.ServiceModel.Channels.SocketConnection.ReadCore(Byte[] buffer, Int32 offset, Int32 size, TimeSpan timeout, Boolean closing)
   at System.ServiceModel.Channels.SocketConnection.Read(Byte[] buffer, Int32 offset, Int32 size, TimeSpan timeout)
   at System.ServiceModel.Channels.DelegatingConnection.Read(Byte[] buffer, Int32 offset, Int32 size, TimeSpan timeout)
   at System.ServiceModel.Channels.ConnectionStream.Read(Byte[] buffer, Int32 offset, Int32 count)
   at System.Net.FixedSizeReader.ReadPacket(Byte[] buffer, Int32 offset, Int32 count)
   at System.Net.Security.NegotiateStream.StartFrameHeader(Byte[] buffer, Int32 offset, Int32 count, AsyncProtocolRequest asyncRequest)
   at System.Net.Security.NegotiateStream.ProcessRead(Byte[] buffer, Int32 offset, Int32 count, AsyncProtocolRequest asyncRequest)
   --- End of inner exception stack trace ---
   at System.Net.Security.NegotiateStream.ProcessRead(Byte[] buffer, Int32 offset, Int32 count, AsyncProtocolRequest asyncRequest)
   at System.Net.Security.NegotiateStream.Read(Byte[] buffer, Int32 offset, Int32 count)
   at System.ServiceModel.Channels.StreamConnection.Read(Byte[] buffer, Int32 offset, Int32 size, TimeSpan timeout)
   --- End of inner exception stack trace ---
   at System.ServiceModel.Channels.StreamConnection.Read(Byte[] buffer, Int32 offset, Int32 size, TimeSpan timeout)
   at System.ServiceModel.Channels.SingletonConnectionReader.Receive(TimeSpan timeout)
   at System.ServiceModel.Channels.StreamedFramingRequestChannel.StreamedFramingRequest.WaitForReply(TimeSpan timeout)
   at System.ServiceModel.Channels.RequestChannel.Request(Message message, TimeSpan timeout)
   --- End of inner exception stack trace ---

Server stack trace: 
   at System.ServiceModel.Channels.RequestChannel.Request(Message message, TimeSpan timeout)
   at System.ServiceModel.Channels.TransactionRequestChannelGeneric`1.Request(Message message, TimeSpan timeout)
   at System.ServiceModel.Dispatcher.RequestChannelBinder.Request(Message message, TimeSpan timeout)
   at System.ServiceModel.Channels.ServiceChannel.Call(String action, Boolean oneway, ProxyOperationRuntime operation, Object[] ins, Object[] outs, TimeSpan timeout)
   at System.ServiceModel.Channels.ServiceChannelProxy.InvokeService(IMethodCallMessage methodCall, ProxyOperationRuntime operation)
   at System.ServiceModel.Channels.ServiceChannelProxy.Invoke(IMessage message)

Exception rethrown at [0]: 
   at System.Runtime.Remoting.Proxies.RealProxy.HandleReturnMessage(IMessage reqMsg, IMessage retMsg)
   at System.Runtime.Remoting.Proxies.RealProxy.PrivateInvoke(MessageData& msgData, Int32 type)
   at Petex.Service.RequestProcessor.IWcfStreamResponseProcessor.Process(MessageRequest request)
   at A.cec9e090ae538d190220f059017b75b84.Process(MessageRequest request)
2018/09/23 03:08:34.554 ERROR 98 A.cec9e090ae538d190220f059017b75b84 (Thread 98) ProcID (36972) - System.TimeoutException: The request channel timed out while waiting for a reply after 00:04:55.7130020. Increase the timeout value passed to the call to Request or increase the SendTimeout value on the Binding. The time allotted to this operation may have been a portion of a longer timeout. ---> System.TimeoutException: The socket transfer timed out after 00:04:59.9940000. You have exceeded the timeout set on your binding. The time allotted to this operation may have been a portion of a longer timeout. ---> System.IO.IOException: The read operation failed, see inner exception. ---> System.TimeoutException: The socket transfer timed out after 00:04:59.9940000. You have exceeded the timeout set on your binding. The time allotted to this operation may have been a portion of a longer timeout. ---> System.Net.Sockets.SocketException: A connection attempt failed because the connected party did not properly respond after a period of time, or established connection failed because connected host has failed to respond
   at System.Net.Sockets.Socket.Receive(Byte[] buffer, Int32 offset, Int32 size, SocketFlags socketFlags)
   at System.ServiceModel.Channels.SocketConnection.ReadCore(Byte[] buffer, Int32 offset, Int32 size, TimeSpan timeout, Boolean closing)
   --- End of inner exception stack trace ---
   at System.ServiceModel.Channels.SocketConnection.ReadCore(Byte[] buffer, Int32 offset, Int32 size, TimeSpan timeout, Boolean closing)
   at System.ServiceModel.Channels.SocketConnection.Read(Byte[] buffer, Int32 offset, Int32 size, TimeSpan timeout)
   at System.ServiceModel.Channels.DelegatingConnection.Read(Byte[] buffer, Int32 offset, Int32 size, TimeSpan timeout)
   at System.ServiceModel.Channels.ConnectionStream.Read(Byte[] buffer, Int32 offset, Int32 count)
   at System.Net.FixedSizeReader.ReadPacket(Byte[] buffer, Int32 offset, Int32 count)
   at System.Net.Security.NegotiateStream.StartFrameHeader(Byte[] buffer, Int32 offset, Int32 count, AsyncProtocolRequest asyncRequest)
   at System.Net.Security.NegotiateStream.ProcessRead(Byte[] buffer, Int32 offset, Int32 count, AsyncProtocolRequest asyncRequest)
   --- End of inner exception stack trace ---
   at System.Net.Security.NegotiateStream.ProcessRead(Byte[] buffer, Int32 offset, Int32 count, AsyncProtocolRequest asyncRequest)
   at System.Net.Security.NegotiateStream.Read(Byte[] buffer, Int32 offset, Int32 count)
   at System.ServiceModel.Channels.StreamConnection.Read(Byte[] buffer, Int32 offset, Int32 size, TimeSpan timeout)
   --- End of inner exception stack trace ---
   at System.ServiceModel.Channels.StreamConnection.Read(Byte[] buffer, Int32 offset, Int32 size, TimeSpan timeout)
   at System.ServiceModel.Channels.SingletonConnectionReader.Receive(TimeSpan timeout)
   at System.ServiceModel.Channels.StreamedFramingRequestChannel.StreamedFramingRequest.WaitForReply(TimeSpan timeout)
   at System.ServiceModel.Channels.RequestChannel.Request(Message message, TimeSpan timeout)
   --- End of inner exception stack trace ---

Server stack trace: 
   at System.ServiceModel.Channels.RequestChannel.Request(Message message, TimeSpan timeout)
   at System.ServiceModel.Channels.TransactionRequestChannelGeneric`1.Request(Message message, TimeSpan timeout)
   at System.ServiceModel.Dispatcher.RequestChannelBinder.Request(Message message, TimeSpan timeout)
   at System.ServiceModel.Channels.ServiceChannel.Call(String action, Boolean oneway, ProxyOperationRuntime operation, Object[] ins, Object[] outs, TimeSpan timeout)
   at System.ServiceModel.Channels.ServiceChannelProxy.InvokeService(IMethodCallMessage methodCall, ProxyOperationRuntime operation)
   at System.ServiceModel.Channels.ServiceChannelProxy.Invoke(IMessage message)

Exception rethrown at [0]: 
   at System.Runtime.Remoting.Proxies.RealProxy.HandleReturnMessage(IMessage reqMsg, IMessage retMsg)
   at System.Runtime.Remoting.Proxies.RealProxy.PrivateInvoke(MessageData& msgData, Int32 type)
   at Petex.Service.RequestProcessor.IWcfStreamResponseProcessor.Process(MessageRequest request)
   at A.cec9e090ae538d190220f059017b75b84.Process(MessageRequest request)

method : Process([Petex.Service.RequestProcessor.MessageRequest] request = Petex.Service.RequestProcessor.MessageRequest)

2018/09/23 03:08:34.556 ERROR 79 Petex.IFM.IVM.VisualWorkflowService.c1c13b709b3df317d725c923928032d5a - An error occurred while getting bulk results.
Details:
System.TimeoutException: The request channel timed out while waiting for a reply after 00:04:55.7130020. Increase the timeout value passed to the call to Request or increase the SendTimeout value on the Binding. The time allotted to this operation may have been a portion of a longer timeout. ---> System.TimeoutException: The socket transfer timed out after 00:04:59.9940000. You have exceeded the timeout set on your binding. The time allotted to this operation may have been a portion of a longer timeout. ---> System.IO.IOException: The read operation failed, see inner exception. ---> System.TimeoutException: The socket transfer timed out after 00:04:59.9940000. You have exceeded the timeout set on your binding. The time allotted to this operation may have been a portion of a longer timeout. ---> System.Net.Sockets.SocketException: A connection attempt failed because the connected party did not properly respond after a period of time, or established connection failed because connected host has failed to respond
   at System.Net.Sockets.Socket.Receive(Byte[] buffer, Int32 offset, Int32 size, SocketFlags socketFlags)
   at System.ServiceModel.Channels.SocketConnection.ReadCore(Byte[] buffer, Int32 offset, Int32 size, TimeSpan timeout, Boolean closing)
   --- End of inner exception stack trace ---
   at System.ServiceModel.Channels.SocketConnection.ReadCore(Byte[] buffer, Int32 offset, Int32 size, TimeSpan timeout, Boolean closing)
   at System.ServiceModel.Channels.SocketConnection.Read(Byte[] buffer, Int32 offset, Int32 size, TimeSpan timeout)
   at System.ServiceModel.Channels.DelegatingConnection.Read(Byte[] buffer, Int32 offset, Int32 size, TimeSpan timeout)
   at System.ServiceModel.Channels.ConnectionStream.Read(Byte[] buffer, Int32 offset, Int32 count)
   at System.Net.FixedSizeReader.ReadPacket(Byte[] buffer, Int32 offset, Int32 count)
   at System.Net.Security.NegotiateStream.StartFrameHeader(Byte[] buffer, Int32 offset, Int32 count, AsyncProtocolRequest asyncRequest)
   at System.Net.Security.NegotiateStream.ProcessRead(Byte[] buffer, Int32 offset, Int32 count, AsyncProtocolRequest asyncRequest)
   --- End of inner exception stack trace ---
   at System.Net.Security.NegotiateStream.ProcessRead(Byte[] buffer, Int32 offset, Int32 count, AsyncProtocolRequest asyncRequest)
   at System.Net.Security.NegotiateStream.Read(Byte[] buffer, Int32 offset, Int32 count)
   at System.ServiceModel.Channels.StreamConnection.Read(Byte[] buffer, Int32 offset, Int32 size, TimeSpan timeout)
   --- End of inner exception stack trace ---
   at System.ServiceModel.Channels.StreamConnection.Read(Byte[] buffer, Int32 offset, Int32 size, TimeSpan timeout)
   at System.ServiceModel.Channels.SingletonConnectionReader.Receive(TimeSpan timeout)
   at System.ServiceModel.Channels.StreamedFramingRequestChannel.StreamedFramingRequest.WaitForReply(TimeSpan timeout)
   at System.ServiceModel.Channels.RequestChannel.Request(Message message, TimeSpan timeout)
   --- End of inner exception stack trace ---

Server stack trace: 
   at System.ServiceModel.Channels.RequestChannel.Request(Message message, TimeSpan timeout)
   at System.ServiceModel.Channels.TransactionRequestChannelGeneric`1.Request(Message message, TimeSpan timeout)
   at System.ServiceModel.Dispatcher.RequestChannelBinder.Request(Message message, TimeSpan timeout)
   at System.ServiceModel.Channels.ServiceChannel.Call(String action, Boolean oneway, ProxyOperationRuntime operation, Object[] ins, Object[] outs, TimeSpan timeout)
   at System.ServiceModel.Channels.ServiceChannelProxy.InvokeService(IMethodCallMessage methodCall, ProxyOperationRuntime operation)
   at System.ServiceModel.Channels.ServiceChannelProxy.Invoke(IMessage message)

Exception rethrown at [0]: 
   at A.c22aefe7f39df3d678dba160428b769f4.c0c4ec95a682cbefc208f4f3eb80ff6ad[c5e2460f6ebc534efe90b3230b7797cb4](Func`1 c3c081f340dcdf79e192d50757bce0bee)
   at A.c42ccb3c762729e5c1ed9dd9fb21f7a51.c2a035223c95353a451d486528bb968ce(DateTime ca50651d185b346c217028862887f6062, List`1 c94623007ea3b221db43a7a5c991a9cac, Int32 c27485bd6dedf79f29eccbe33aefab814, DateTime cc0b7aac23bdedea569c99b9f01ab5798, DateTime ca917bd7d663d59239d097b255d937590)
   at Petex.IFM.IVM.VisualWorkflowService.c1c13b709b3df317d725c923928032d5a(c0a78f935034ea252425562b3db1ea988 cc462e40687a776088a0f60dcc4dee4c5, VisualWorkflowResultOptions c97464e7151b310fab45ca8e18c9bbc4d)
2018/09/23 03:13:20.587 INFO  68 A.cdc551499db0039f956e1d0666bfd1504.ca3aa6b2f13c2c1bc9c646f6abf33ed07 - Changing service from :0 to HOUMSEOSIFM007:8787
2018/09/23 03:13:28.208 ERROR 76 A.cec9e090ae538d190220f059017b75b84.Process - System.TimeoutException: The request channel timed out while waiting for a reply after 00:04:55.3740050. Increase the timeout value passed to the call to Request or increase the SendTimeout value on the Binding. The time allotted to this operation may have been a portion of a longer timeout. ---> System.TimeoutException: The socket transfer timed out after 00:04:59.9950000. You have exceeded the timeout set on your binding. The time allotted to this operation may have been a portion of a longer timeout. ---> System.IO.IOException: The read operation failed, see inner exception. ---> System.TimeoutException: The socket transfer timed out after 00:04:59.9950000. You have exceeded the timeout set on your binding. The time allotted to this operation may have been a portion of a longer timeout. ---> System.Net.Sockets.SocketException: A connection attempt failed because the connected party did not properly respond after a period of time, or established connection failed because connected host has failed to respond
   at System.Net.Sockets.Socket.Receive(Byte[] buffer, Int32 offset, Int32 size, SocketFlags socketFlags)
   at System.ServiceModel.Channels.SocketConnection.ReadCore(Byte[] buffer, Int32 offset, Int32 size, TimeSpan timeout, Boolean closing)
   --- End of inner exception stack trace ---
   at System.ServiceModel.Channels.SocketConnection.ReadCore(Byte[] buffer, Int32 offset, Int32 size, TimeSpan timeout, Boolean closing)
   at System.ServiceModel.Channels.SocketConnection.Read(Byte[] buffer, Int32 offset, Int32 size, TimeSpan timeout)
   at System.ServiceModel.Channels.DelegatingConnection.Read(Byte[] buffer, Int32 offset, Int32 size, TimeSpan timeout)
   at System.ServiceModel.Channels.ConnectionStream.Read(Byte[] buffer, Int32 offset, Int32 count)
   at System.Net.FixedSizeReader.ReadPacket(Byte[] buffer, Int32 offset, Int32 count)
   at System.Net.Security.NegotiateStream.StartFrameHeader(Byte[] buffer, Int32 offset, Int32 count, AsyncProtocolRequest asyncRequest)
   at System.Net.Security.NegotiateStream.ProcessRead(Byte[] buffer, Int32 offset, Int32 count, AsyncProtocolRequest asyncRequest)
   --- End of inner exception stack trace ---
   at System.Net.Security.NegotiateStream.ProcessRead(Byte[] buffer, Int32 offset, Int32 count, AsyncProtocolRequest asyncRequest)
   at System.Net.Security.NegotiateStream.Read(Byte[] buffer, Int32 offset, Int32 count)
   at System.ServiceModel.Channels.StreamConnection.Read(Byte[] buffer, Int32 offset, Int32 size, TimeSpan timeout)
   --- End of inner exception stack trace ---
   at System.ServiceModel.Channels.StreamConnection.Read(Byte[] buffer, Int32 offset, Int32 size, TimeSpan timeout)
   at System.ServiceModel.Channels.SingletonConnectionReader.Receive(TimeSpan timeout)
   at System.ServiceModel.Channels.StreamedFramingRequestChannel.StreamedFramingRequest.WaitForReply(TimeSpan timeout)
   at System.ServiceModel.Channels.RequestChannel.Request(Message message, TimeSpan timeout)
   --- End of inner exception stack trace ---

Server stack trace: 
   at System.ServiceModel.Channels.RequestChannel.Request(Message message, TimeSpan timeout)
   at System.ServiceModel.Channels.TransactionRequestChannelGeneric`1.Request(Message message, TimeSpan timeout)
   at System.ServiceModel.Dispatcher.RequestChannelBinder.Request(Message message, TimeSpan timeout)
   at System.ServiceModel.Channels.ServiceChannel.Call(String action, Boolean oneway, ProxyOperationRuntime operation, Object[] ins, Object[] outs, TimeSpan timeout)
   at System.ServiceModel.Channels.ServiceChannelProxy.InvokeService(IMethodCallMessage methodCall, ProxyOperationRuntime operation)
   at System.ServiceModel.Channels.ServiceChannelProxy.Invoke(IMessage message)

Exception rethrown at [0]: 
   at System.Runtime.Remoting.Proxies.RealProxy.HandleReturnMessage(IMessage reqMsg, IMessage retMsg)
   at System.Runtime.Remoting.Proxies.RealProxy.PrivateInvoke(MessageData& msgData, Int32 type)
   at Petex.Service.RequestProcessor.IWcfStreamResponseProcessor.Process(MessageRequest request)
   at A.cec9e090ae538d190220f059017b75b84.Process(MessageRequest request)
Details:
System.TimeoutException: The request channel timed out while waiting for a reply after 00:04:55.3740050. Increase the timeout value passed to the call to Request or increase the SendTimeout value on the Binding. The time allotted to this operation may have been a portion of a longer timeout. ---> System.TimeoutException: The socket transfer timed out after 00:04:59.9950000. You have exceeded the timeout set on your binding. The time allotted to this operation may have been a portion of a longer timeout. ---> System.IO.IOException: The read operation failed, see inner exception. ---> System.TimeoutException: The socket transfer timed out after 00:04:59.9950000. You have exceeded the timeout set on your binding. The time allotted to this operation may have been a portion of a longer timeout. ---> System.Net.Sockets.SocketException: A connection attempt failed because the connected party did not properly respond after a period of time, or established connection failed because connected host has failed to respond
   at System.Net.Sockets.Socket.Receive(Byte[] buffer, Int32 offset, Int32 size, SocketFlags socketFlags)
   at System.ServiceModel.Channels.SocketConnection.ReadCore(Byte[] buffer, Int32 offset, Int32 size, TimeSpan timeout, Boolean closing)
   --- End of inner exception stack trace ---
   at System.ServiceModel.Channels.SocketConnection.ReadCore(Byte[] buffer, Int32 offset, Int32 size, TimeSpan timeout, Boolean closing)
   at System.ServiceModel.Channels.SocketConnection.Read(Byte[] buffer, Int32 offset, Int32 size, TimeSpan timeout)
   at System.ServiceModel.Channels.DelegatingConnection.Read(Byte[] buffer, Int32 offset, Int32 size, TimeSpan timeout)
   at System.ServiceModel.Channels.ConnectionStream.Read(Byte[] buffer, Int32 offset, Int32 count)
   at System.Net.FixedSizeReader.ReadPacket(Byte[] buffer, Int32 offset, Int32 count)
   at System.Net.Security.NegotiateStream.StartFrameHeader(Byte[] buffer, Int32 offset, Int32 count, AsyncProtocolRequest asyncRequest)
   at System.Net.Security.NegotiateStream.ProcessRead(Byte[] buffer, Int32 offset, Int32 count, AsyncProtocolRequest asyncRequest)
   --- End of inner exception stack trace ---
   at System.Net.Security.NegotiateStream.ProcessRead(Byte[] buffer, Int32 offset, Int32 count, AsyncProtocolRequest asyncRequest)
   at System.Net.Security.NegotiateStream.Read(Byte[] buffer, Int32 offset, Int32 count)
   at System.ServiceModel.Channels.StreamConnection.Read(Byte[] buffer, Int32 offset, Int32 size, TimeSpan timeout)
   --- End of inner exception stack trace ---
   at System.ServiceModel.Channels.StreamConnection.Read(Byte[] buffer, Int32 offset, Int32 size, TimeSpan timeout)
   at System.ServiceModel.Channels.SingletonConnectionReader.Receive(TimeSpan timeout)
   at System.ServiceModel.Channels.StreamedFramingRequestChannel.StreamedFramingRequest.WaitForReply(TimeSpan timeout)
   at System.ServiceModel.Channels.RequestChannel.Request(Message message, TimeSpan timeout)
   --- End of inner exception stack trace ---

Server stack trace: 
   at System.ServiceModel.Channels.RequestChannel.Request(Message message, TimeSpan timeout)
   at System.ServiceModel.Channels.TransactionRequestChannelGeneric`1.Request(Message message, TimeSpan timeout)
   at System.ServiceModel.Dispatcher.RequestChannelBinder.Request(Message message, TimeSpan timeout)
   at System.ServiceModel.Channels.ServiceChannel.Call(String action, Boolean oneway, ProxyOperationRuntime operation, Object[] ins, Object[] outs, TimeSpan timeout)
   at System.ServiceModel.Channels.ServiceChannelProxy.InvokeService(IMethodCallMessage methodCall, ProxyOperationRuntime operation)
   at System.ServiceModel.Channels.ServiceChannelProxy.Invoke(IMessage message)

Exception rethrown at [0]: 
   at System.Runtime.Remoting.Proxies.RealProxy.HandleReturnMessage(IMessage reqMsg, IMessage retMsg)
   at System.Runtime.Remoting.Proxies.RealProxy.PrivateInvoke(MessageData& msgData, Int32 type)
   at Petex.Service.RequestProcessor.IWcfStreamResponseProcessor.Process(MessageRequest request)
   at A.cec9e090ae538d190220f059017b75b84.Process(MessageRequest request)
2018/09/23 03:13:28.211 ERROR 76 A.cec9e090ae538d190220f059017b75b84 (Thread 76) ProcID (36972) - System.TimeoutException: The request channel timed out while waiting for a reply after 00:04:55.3740050. Increase the timeout value passed to the call to Request or increase the SendTimeout value on the Binding. The time allotted to this operation may have been a portion of a longer timeout. ---> System.TimeoutException: The socket transfer timed out after 00:04:59.9950000. You have exceeded the timeout set on your binding. The time allotted to this operation may have been a portion of a longer timeout. ---> System.IO.IOException: The read operation failed, see inner exception. ---> System.TimeoutException: The socket transfer timed out after 00:04:59.9950000. You have exceeded the timeout set on your binding. The time allotted to this operation may have been a portion of a longer timeout. ---> System.Net.Sockets.SocketException: A connection attempt failed because the connected party did not properly respond after a period of time, or established connection failed because connected host has failed to respond
   at System.Net.Sockets.Socket.Receive(Byte[] buffer, Int32 offset, Int32 size, SocketFlags socketFlags)
   at System.ServiceModel.Channels.SocketConnection.ReadCore(Byte[] buffer, Int32 offset, Int32 size, TimeSpan timeout, Boolean closing)
   --- End of inner exception stack trace ---
   at System.ServiceModel.Channels.SocketConnection.ReadCore(Byte[] buffer, Int32 offset, Int32 size, TimeSpan timeout, Boolean closing)
   at System.ServiceModel.Channels.SocketConnection.Read(Byte[] buffer, Int32 offset, Int32 size, TimeSpan timeout)
   at System.ServiceModel.Channels.DelegatingConnection.Read(Byte[] buffer, Int32 offset, Int32 size, TimeSpan timeout)
   at System.ServiceModel.Channels.ConnectionStream.Read(Byte[] buffer, Int32 offset, Int32 count)
   at System.Net.FixedSizeReader.ReadPacket(Byte[] buffer, Int32 offset, Int32 count)
   at System.Net.Security.NegotiateStream.StartFrameHeader(Byte[] buffer, Int32 offset, Int32 count, AsyncProtocolRequest asyncRequest)
   at System.Net.Security.NegotiateStream.ProcessRead(Byte[] buffer, Int32 offset, Int32 count, AsyncProtocolRequest asyncRequest)
   --- End of inner exception stack trace ---
   at System.Net.Security.NegotiateStream.ProcessRead(Byte[] buffer, Int32 offset, Int32 count, AsyncProtocolRequest asyncRequest)
   at System.Net.Security.NegotiateStream.Read(Byte[] buffer, Int32 offset, Int32 count)
   at System.ServiceModel.Channels.StreamConnection.Read(Byte[] buffer, Int32 offset, Int32 size, TimeSpan timeout)
   --- End of inner exception stack trace ---
   at System.ServiceModel.Channels.StreamConnection.Read(Byte[] buffer, Int32 offset, Int32 size, TimeSpan timeout)
   at System.ServiceModel.Channels.SingletonConnectionReader.Receive(TimeSpan timeout)
   at System.ServiceModel.Channels.StreamedFramingRequestChannel.StreamedFramingRequest.WaitForReply(TimeSpan timeout)
   at System.ServiceModel.Channels.RequestChannel.Request(Message message, TimeSpan timeout)
   --- End of inner exception stack trace ---

Server stack trace: 
   at System.ServiceModel.Channels.RequestChannel.Request(Message message, TimeSpan timeout)
   at System.ServiceModel.Channels.TransactionRequestChannelGeneric`1.Request(Message message, TimeSpan timeout)
   at System.ServiceModel.Dispatcher.RequestChannelBinder.Request(Message message, TimeSpan timeout)
   at System.ServiceModel.Channels.ServiceChannel.Call(String action, Boolean oneway, ProxyOperationRuntime operation, Object[] ins, Object[] outs, TimeSpan timeout)
   at System.ServiceModel.Channels.ServiceChannelProxy.InvokeService(IMethodCallMessage methodCall, ProxyOperationRuntime operation)
   at System.ServiceModel.Channels.ServiceChannelProxy.Invoke(IMessage message)

Exception rethrown at [0]: 
   at System.Runtime.Remoting.Proxies.RealProxy.HandleReturnMessage(IMessage reqMsg, IMessage retMsg)
   at System.Runtime.Remoting.Proxies.RealProxy.PrivateInvoke(MessageData& msgData, Int32 type)
   at Petex.Service.RequestProcessor.IWcfStreamResponseProcessor.Process(MessageRequest request)
   at A.cec9e090ae538d190220f059017b75b84.Process(MessageRequest request)

method : Process([Petex.Service.RequestProcessor.MessageRequest] request = Petex.Service.RequestProcessor.MessageRequest)

2018/09/23 03:13:28.214 ERROR 60 Petex.IFM.IVM.VisualWorkflowService.c1c13b709b3df317d725c923928032d5a - An error occurred while getting bulk results.
Details:
System.TimeoutException: The request channel timed out while waiting for a reply after 00:04:55.3740050. Increase the timeout value passed to the call to Request or increase the SendTimeout value on the Binding. The time allotted to this operation may have been a portion of a longer timeout. ---> System.TimeoutException: The socket transfer timed out after 00:04:59.9950000. You have exceeded the timeout set on your binding. The time allotted to this operation may have been a portion of a longer timeout. ---> System.IO.IOException: The read operation failed, see inner exception. ---> System.TimeoutException: The socket transfer timed out after 00:04:59.9950000. You have exceeded the timeout set on your binding. The time allotted to this operation may have been a portion of a longer timeout. ---> System.Net.Sockets.SocketException: A connection attempt failed because the connected party did not properly respond after a period of time, or established connection failed because connected host has failed to respond
   at System.Net.Sockets.Socket.Receive(Byte[] buffer, Int32 offset, Int32 size, SocketFlags socketFlags)
   at System.ServiceModel.Channels.SocketConnection.ReadCore(Byte[] buffer, Int32 offset, Int32 size, TimeSpan timeout, Boolean closing)
   --- End of inner exception stack trace ---
   at System.ServiceModel.Channels.SocketConnection.ReadCore(Byte[] buffer, Int32 offset, Int32 size, TimeSpan timeout, Boolean closing)
   at System.ServiceModel.Channels.SocketConnection.Read(Byte[] buffer, Int32 offset, Int32 size, TimeSpan timeout)
   at System.ServiceModel.Channels.DelegatingConnection.Read(Byte[] buffer, Int32 offset, Int32 size, TimeSpan timeout)
   at System.ServiceModel.Channels.ConnectionStream.Read(Byte[] buffer, Int32 offset, Int32 count)
   at System.Net.FixedSizeReader.ReadPacket(Byte[] buffer, Int32 offset, Int32 count)
   at System.Net.Security.NegotiateStream.StartFrameHeader(Byte[] buffer, Int32 offset, Int32 count, AsyncProtocolRequest asyncRequest)
   at System.Net.Security.NegotiateStream.ProcessRead(Byte[] buffer, Int32 offset, Int32 count, AsyncProtocolRequest asyncRequest)
   --- End of inner exception stack trace ---
   at System.Net.Security.NegotiateStream.ProcessRead(Byte[] buffer, Int32 offset, Int32 count, AsyncProtocolRequest asyncRequest)
   at System.Net.Security.NegotiateStream.Read(Byte[] buffer, Int32 offset, Int32 count)
   at System.ServiceModel.Channels.StreamConnection.Read(Byte[] buffer, Int32 offset, Int32 size, TimeSpan timeout)
   --- End of inner exception stack trace ---
   at System.ServiceModel.Channels.StreamConnection.Read(Byte[] buffer, Int32 offset, Int32 size, TimeSpan timeout)
   at System.ServiceModel.Channels.SingletonConnectionReader.Receive(TimeSpan timeout)
   at System.ServiceModel.Channels.StreamedFramingRequestChannel.StreamedFramingRequest.WaitForReply(TimeSpan timeout)
   at System.ServiceModel.Channels.RequestChannel.Request(Message message, TimeSpan timeout)
   --- End of inner exception stack trace ---

Server stack trace: 
   at System.ServiceModel.Channels.RequestChannel.Request(Message message, TimeSpan timeout)
   at System.ServiceModel.Channels.TransactionRequestChannelGeneric`1.Request(Message message, TimeSpan timeout)
   at System.ServiceModel.Dispatcher.RequestChannelBinder.Request(Message message, TimeSpan timeout)
   at System.ServiceModel.Channels.ServiceChannel.Call(String action, Boolean oneway, ProxyOperationRuntime operation, Object[] ins, Object[] outs, TimeSpan timeout)
   at System.ServiceModel.Channels.ServiceChannelProxy.InvokeService(IMethodCallMessage methodCall, ProxyOperationRuntime operation)
   at System.ServiceModel.Channels.ServiceChannelProxy.Invoke(IMessage message)

Exception rethrown at [0]: 
   at A.c22aefe7f39df3d678dba160428b769f4.c0c4ec95a682cbefc208f4f3eb80ff6ad[c5e2460f6ebc534efe90b3230b7797cb4](Func`1 c3c081f340dcdf79e192d50757bce0bee)
   at A.c42ccb3c762729e5c1ed9dd9fb21f7a51.c2a035223c95353a451d486528bb968ce(DateTime ca50651d185b346c217028862887f6062, List`1 c94623007ea3b221db43a7a5c991a9cac, Int32 c27485bd6dedf79f29eccbe33aefab814, DateTime cc0b7aac23bdedea569c99b9f01ab5798, DateTime ca917bd7d663d59239d097b255d937590)
   at Petex.IFM.IVM.VisualWorkflowService.c1c13b709b3df317d725c923928032d5a(c0a78f935034ea252425562b3db1ea988 cc462e40687a776088a0f60dcc4dee4c5, VisualWorkflowResultOptions c97464e7151b310fab45ca8e18c9bbc4d)
2018/09/23 03:18:20.566 INFO  57 A.cdc551499db0039f956e1d0666bfd1504.ca3aa6b2f13c2c1bc9c646f6abf33ed07 - Changing service from :0 to HOUMSEOSIFM007:8787
2018/09/23 03:18:29.177 ERROR 89 A.cec9e090ae538d190220f059017b75b84.Process - System.TimeoutException: The request channel timed out while waiting for a reply after 00:04:55.6860015. Increase the timeout value passed to the call to Request or increase the SendTimeout value on the Binding. The time allotted to this operation may have been a portion of a longer timeout. ---> System.TimeoutException: The socket transfer timed out after 00:04:59.9900000. You have exceeded the timeout set on your binding. The time allotted to this operation may have been a portion of a longer timeout. ---> System.IO.IOException: The read operation failed, see inner exception. ---> System.TimeoutException: The socket transfer timed out after 00:04:59.9900000. You have exceeded the timeout set on your binding. The time allotted to this operation may have been a portion of a longer timeout. ---> System.Net.Sockets.SocketException: A connection attempt failed because the connected party did not properly respond after a period of time, or established connection failed because connected host has failed to respond
   at System.Net.Sockets.Socket.Receive(Byte[] buffer, Int32 offset, Int32 size, SocketFlags socketFlags)
   at System.ServiceModel.Channels.SocketConnection.ReadCore(Byte[] buffer, Int32 offset, Int32 size, TimeSpan timeout, Boolean closing)
   --- End of inner exception stack trace ---
   at System.ServiceModel.Channels.SocketConnection.ReadCore(Byte[] buffer, Int32 offset, Int32 size, TimeSpan timeout, Boolean closing)
   at System.ServiceModel.Channels.SocketConnection.Read(Byte[] buffer, Int32 offset, Int32 size, TimeSpan timeout)
   at System.ServiceModel.Channels.DelegatingConnection.Read(Byte[] buffer, Int32 offset, Int32 size, TimeSpan timeout)
   at System.ServiceModel.Channels.ConnectionStream.Read(Byte[] buffer, Int32 offset, Int32 count)
   at System.Net.FixedSizeReader.ReadPacket(Byte[] buffer, Int32 offset, Int32 count)
   at System.Net.Security.NegotiateStream.StartFrameHeader(Byte[] buffer, Int32 offset, Int32 count, AsyncProtocolRequest asyncRequest)
   at System.Net.Security.NegotiateStream.ProcessRead(Byte[] buffer, Int32 offset, Int32 count, AsyncProtocolRequest asyncRequest)
   --- End of inner exception stack trace ---
   at System.Net.Security.NegotiateStream.ProcessRead(Byte[] buffer, Int32 offset, Int32 count, AsyncProtocolRequest asyncRequest)
   at System.Net.Security.NegotiateStream.Read(Byte[] buffer, Int32 offset, Int32 count)
   at System.ServiceModel.Channels.StreamConnection.Read(Byte[] buffer, Int32 offset, Int32 size, TimeSpan timeout)
   --- End of inner exception stack trace ---
   at System.ServiceModel.Channels.StreamConnection.Read(Byte[] buffer, Int32 offset, Int32 size, TimeSpan timeout)
   at System.ServiceModel.Channels.SingletonConnectionReader.Receive(TimeSpan timeout)
   at System.ServiceModel.Channels.StreamedFramingRequestChannel.StreamedFramingRequest.WaitForReply(TimeSpan timeout)
   at System.ServiceModel.Channels.RequestChannel.Request(Message message, TimeSpan timeout)
   --- End of inner exception stack trace ---

Server stack trace: 
   at System.ServiceModel.Channels.RequestChannel.Request(Message message, TimeSpan timeout)
   at System.ServiceModel.Channels.TransactionRequestChannelGeneric`1.Request(Message message, TimeSpan timeout)
   at System.ServiceModel.Dispatcher.RequestChannelBinder.Request(Message message, TimeSpan timeout)
   at System.ServiceModel.Channels.ServiceChannel.Call(String action, Boolean oneway, ProxyOperationRuntime operation, Object[] ins, Object[] outs, TimeSpan timeout)
   at System.ServiceModel.Channels.ServiceChannelProxy.InvokeService(IMethodCallMessage methodCall, ProxyOperationRuntime operation)
   at System.ServiceModel.Channels.ServiceChannelProxy.Invoke(IMessage message)

Exception rethrown at [0]: 
   at System.Runtime.Remoting.Proxies.RealProxy.HandleReturnMessage(IMessage reqMsg, IMessage retMsg)
   at System.Runtime.Remoting.Proxies.RealProxy.PrivateInvoke(MessageData& msgData, Int32 type)
   at Petex.Service.RequestProcessor.IWcfStreamResponseProcessor.Process(MessageRequest request)
   at A.cec9e090ae538d190220f059017b75b84.Process(MessageRequest request)
Details:
System.TimeoutException: The request channel timed out while waiting for a reply after 00:04:55.6860015. Increase the timeout value passed to the call to Request or increase the SendTimeout value on the Binding. The time allotted to this operation may have been a portion of a longer timeout. ---> System.TimeoutException: The socket transfer timed out after 00:04:59.9900000. You have exceeded the timeout set on your binding. The time allotted to this operation may have been a portion of a longer timeout. ---> System.IO.IOException: The read operation failed, see inner exception. ---> System.TimeoutException: The socket transfer timed out after 00:04:59.9900000. You have exceeded the timeout set on your binding. The time allotted to this operation may have been a portion of a longer timeout. ---> System.Net.Sockets.SocketException: A connection attempt failed because the connected party did not properly respond after a period of time, or established connection failed because connected host has failed to respond
   at System.Net.Sockets.Socket.Receive(Byte[] buffer, Int32 offset, Int32 size, SocketFlags socketFlags)
   at System.ServiceModel.Channels.SocketConnection.ReadCore(Byte[] buffer, Int32 offset, Int32 size, TimeSpan timeout, Boolean closing)
   --- End of inner exception stack trace ---
   at System.ServiceModel.Channels.SocketConnection.ReadCore(Byte[] buffer, Int32 offset, Int32 size, TimeSpan timeout, Boolean closing)
   at System.ServiceModel.Channels.SocketConnection.Read(Byte[] buffer, Int32 offset, Int32 size, TimeSpan timeout)
   at System.ServiceModel.Channels.DelegatingConnection.Read(Byte[] buffer, Int32 offset, Int32 size, TimeSpan timeout)
   at System.ServiceModel.Channels.ConnectionStream.Read(Byte[] buffer, Int32 offset, Int32 count)
   at System.Net.FixedSizeReader.ReadPacket(Byte[] buffer, Int32 offset, Int32 count)
   at System.Net.Security.NegotiateStream.StartFrameHeader(Byte[] buffer, Int32 offset, Int32 count, AsyncProtocolRequest asyncRequest)
   at System.Net.Security.NegotiateStream.ProcessRead(Byte[] buffer, Int32 offset, Int32 count, AsyncProtocolRequest asyncRequest)
   --- End of inner exception stack trace ---
   at System.Net.Security.NegotiateStream.ProcessRead(Byte[] buffer, Int32 offset, Int32 count, AsyncProtocolRequest asyncRequest)
   at System.Net.Security.NegotiateStream.Read(Byte[] buffer, Int32 offset, Int32 count)
   at System.ServiceModel.Channels.StreamConnection.Read(Byte[] buffer, Int32 offset, Int32 size, TimeSpan timeout)
   --- End of inner exception stack trace ---
   at System.ServiceModel.Channels.StreamConnection.Read(Byte[] buffer, Int32 offset, Int32 size, TimeSpan timeout)
   at System.ServiceModel.Channels.SingletonConnectionReader.Receive(TimeSpan timeout)
   at System.ServiceModel.Channels.StreamedFramingRequestChannel.StreamedFramingRequest.WaitForReply(TimeSpan timeout)
   at System.ServiceModel.Channels.RequestChannel.Request(Message message, TimeSpan timeout)
   --- End of inner exception stack trace ---

Server stack trace: 
   at System.ServiceModel.Channels.RequestChannel.Request(Message message, TimeSpan timeout)
   at System.ServiceModel.Channels.TransactionRequestChannelGeneric`1.Request(Message message, TimeSpan timeout)
   at System.ServiceModel.Dispatcher.RequestChannelBinder.Request(Message message, TimeSpan timeout)
   at System.ServiceModel.Channels.ServiceChannel.Call(String action, Boolean oneway, ProxyOperationRuntime operation, Object[] ins, Object[] outs, TimeSpan timeout)
   at System.ServiceModel.Channels.ServiceChannelProxy.InvokeService(IMethodCallMessage methodCall, ProxyOperationRuntime operation)
   at System.ServiceModel.Channels.ServiceChannelProxy.Invoke(IMessage message)

Exception rethrown at [0]: 
   at System.Runtime.Remoting.Proxies.RealProxy.HandleReturnMessage(IMessage reqMsg, IMessage retMsg)
   at System.Runtime.Remoting.Proxies.RealProxy.PrivateInvoke(MessageData& msgData, Int32 type)
   at Petex.Service.RequestProcessor.IWcfStreamResponseProcessor.Process(MessageRequest request)
   at A.cec9e090ae538d190220f059017b75b84.Process(MessageRequest request)
2018/09/23 03:18:29.177 ERROR 89 A.cec9e090ae538d190220f059017b75b84 (Thread 89) ProcID (36972) - System.TimeoutException: The request channel timed out while waiting for a reply after 00:04:55.6860015. Increase the timeout value passed to the call to Request or increase the SendTimeout value on the Binding. The time allotted to this operation may have been a portion of a longer timeout. ---> System.TimeoutException: The socket transfer timed out after 00:04:59.9900000. You have exceeded the timeout set on your binding. The time allotted to this operation may have been a portion of a longer timeout. ---> System.IO.IOException: The read operation failed, see inner exception. ---> System.TimeoutException: The socket transfer timed out after 00:04:59.9900000. You have exceeded the timeout set on your binding. The time allotted to this operation may have been a portion of a longer timeout. ---> System.Net.Sockets.SocketException: A connection attempt failed because the connected party did not properly respond after a period of time, or established connection failed because connected host has failed to respond
   at System.Net.Sockets.Socket.Receive(Byte[] buffer, Int32 offset, Int32 size, SocketFlags socketFlags)
   at System.ServiceModel.Channels.SocketConnection.ReadCore(Byte[] buffer, Int32 offset, Int32 size, TimeSpan timeout, Boolean closing)
   --- End of inner exception stack trace ---
   at System.ServiceModel.Channels.SocketConnection.ReadCore(Byte[] buffer, Int32 offset, Int32 size, TimeSpan timeout, Boolean closing)
   at System.ServiceModel.Channels.SocketConnection.Read(Byte[] buffer, Int32 offset, Int32 size, TimeSpan timeout)
   at System.ServiceModel.Channels.DelegatingConnection.Read(Byte[] buffer, Int32 offset, Int32 size, TimeSpan timeout)
   at System.ServiceModel.Channels.ConnectionStream.Read(Byte[] buffer, Int32 offset, Int32 count)
   at System.Net.FixedSizeReader.ReadPacket(Byte[] buffer, Int32 offset, Int32 count)
   at System.Net.Security.NegotiateStream.StartFrameHeader(Byte[] buffer, Int32 offset, Int32 count, AsyncProtocolRequest asyncRequest)
   at System.Net.Security.NegotiateStream.ProcessRead(Byte[] buffer, Int32 offset, Int32 count, AsyncProtocolRequest asyncRequest)
   --- End of inner exception stack trace ---
   at System.Net.Security.NegotiateStream.ProcessRead(Byte[] buffer, Int32 offset, Int32 count, AsyncProtocolRequest asyncRequest)
   at System.Net.Security.NegotiateStream.Read(Byte[] buffer, Int32 offset, Int32 count)
   at System.ServiceModel.Channels.StreamConnection.Read(Byte[] buffer, Int32 offset, Int32 size, TimeSpan timeout)
   --- End of inner exception stack trace ---
   at System.ServiceModel.Channels.StreamConnection.Read(Byte[] buffer, Int32 offset, Int32 size, TimeSpan timeout)
   at System.ServiceModel.Channels.SingletonConnectionReader.Receive(TimeSpan timeout)
   at System.ServiceModel.Channels.StreamedFramingRequestChannel.StreamedFramingRequest.WaitForReply(TimeSpan timeout)
   at System.ServiceModel.Channels.RequestChannel.Request(Message message, TimeSpan timeout)
   --- End of inner exception stack trace ---

Server stack trace: 
   at System.ServiceModel.Channels.RequestChannel.Request(Message message, TimeSpan timeout)
   at System.ServiceModel.Channels.TransactionRequestChannelGeneric`1.Request(Message message, TimeSpan timeout)
   at System.ServiceModel.Dispatcher.RequestChannelBinder.Request(Message message, TimeSpan timeout)
   at System.ServiceModel.Channels.ServiceChannel.Call(String action, Boolean oneway, ProxyOperationRuntime operation, Object[] ins, Object[] outs, TimeSpan timeout)
   at System.ServiceModel.Channels.ServiceChannelProxy.InvokeService(IMethodCallMessage methodCall, ProxyOperationRuntime operation)
   at System.ServiceModel.Channels.ServiceChannelProxy.Invoke(IMessage message)

Exception rethrown at [0]: 
   at System.Runtime.Remoting.Proxies.RealProxy.HandleReturnMessage(IMessage reqMsg, IMessage retMsg)
   at System.Runtime.Remoting.Proxies.RealProxy.PrivateInvoke(MessageData& msgData, Int32 type)
   at Petex.Service.RequestProcessor.IWcfStreamResponseProcessor.Process(MessageRequest request)
   at A.cec9e090ae538d190220f059017b75b84.Process(MessageRequest request)

method : Process([Petex.Service.RequestProcessor.MessageRequest] request = Petex.Service.RequestProcessor.MessageRequest)

2018/09/23 03:18:29.181 ERROR 79 Petex.IFM.IVM.VisualWorkflowService.c1c13b709b3df317d725c923928032d5a - An error occurred while getting bulk results.
Details:
System.TimeoutException: The request channel timed out while waiting for a reply after 00:04:55.6860015. Increase the timeout value passed to the call to Request or increase the SendTimeout value on the Binding. The time allotted to this operation may have been a portion of a longer timeout. ---> System.TimeoutException: The socket transfer timed out after 00:04:59.9900000. You have exceeded the timeout set on your binding. The time allotted to this operation may have been a portion of a longer timeout. ---> System.IO.IOException: The read operation failed, see inner exception. ---> System.TimeoutException: The socket transfer timed out after 00:04:59.9900000. You have exceeded the timeout set on your binding. The time allotted to this operation may have been a portion of a longer timeout. ---> System.Net.Sockets.SocketException: A connection attempt failed because the connected party did not properly respond after a period of time, or established connection failed because connected host has failed to respond
   at System.Net.Sockets.Socket.Receive(Byte[] buffer, Int32 offset, Int32 size, SocketFlags socketFlags)
   at System.ServiceModel.Channels.SocketConnection.ReadCore(Byte[] buffer, Int32 offset, Int32 size, TimeSpan timeout, Boolean closing)
   --- End of inner exception stack trace ---
   at System.ServiceModel.Channels.SocketConnection.ReadCore(Byte[] buffer, Int32 offset, Int32 size, TimeSpan timeout, Boolean closing)
   at System.ServiceModel.Channels.SocketConnection.Read(Byte[] buffer, Int32 offset, Int32 size, TimeSpan timeout)
   at System.ServiceModel.Channels.DelegatingConnection.Read(Byte[] buffer, Int32 offset, Int32 size, TimeSpan timeout)
   at System.ServiceModel.Channels.ConnectionStream.Read(Byte[] buffer, Int32 offset, Int32 count)
   at System.Net.FixedSizeReader.ReadPacket(Byte[] buffer, Int32 offset, Int32 count)
   at System.Net.Security.NegotiateStream.StartFrameHeader(Byte[] buffer, Int32 offset, Int32 count, AsyncProtocolRequest asyncRequest)
   at System.Net.Security.NegotiateStream.ProcessRead(Byte[] buffer, Int32 offset, Int32 count, AsyncProtocolRequest asyncRequest)
   --- End of inner exception stack trace ---
   at System.Net.Security.NegotiateStream.ProcessRead(Byte[] buffer, Int32 offset, Int32 count, AsyncProtocolRequest asyncRequest)
   at System.Net.Security.NegotiateStream.Read(Byte[] buffer, Int32 offset, Int32 count)
   at System.ServiceModel.Channels.StreamConnection.Read(Byte[] buffer, Int32 offset, Int32 size, TimeSpan timeout)
   --- End of inner exception stack trace ---
   at System.ServiceModel.Channels.StreamConnection.Read(Byte[] buffer, Int32 offset, Int32 size, TimeSpan timeout)
   at System.ServiceModel.Channels.SingletonConnectionReader.Receive(TimeSpan timeout)
   at System.ServiceModel.Channels.StreamedFramingRequestChannel.StreamedFramingRequest.WaitForReply(TimeSpan timeout)
   at System.ServiceModel.Channels.RequestChannel.Request(Message message, TimeSpan timeout)
   --- End of inner exception stack trace ---

Server stack trace: 
   at System.ServiceModel.Channels.RequestChannel.Request(Message message, TimeSpan timeout)
   at System.ServiceModel.Channels.TransactionRequestChannelGeneric`1.Request(Message message, TimeSpan timeout)
   at System.ServiceModel.Dispatcher.RequestChannelBinder.Request(Message message, TimeSpan timeout)
   at System.ServiceModel.Channels.ServiceChannel.Call(String action, Boolean oneway, ProxyOperationRuntime operation, Object[] ins, Object[] outs, TimeSpan timeout)
   at System.ServiceModel.Channels.ServiceChannelProxy.InvokeService(IMethodCallMessage methodCall, ProxyOperationRuntime operation)
   at System.ServiceModel.Channels.ServiceChannelProxy.Invoke(IMessage message)

Exception rethrown at [0]: 
   at A.c22aefe7f39df3d678dba160428b769f4.c0c4ec95a682cbefc208f4f3eb80ff6ad[c5e2460f6ebc534efe90b3230b7797cb4](Func`1 c3c081f340dcdf79e192d50757bce0bee)
   at A.c42ccb3c762729e5c1ed9dd9fb21f7a51.c2a035223c95353a451d486528bb968ce(DateTime ca50651d185b346c217028862887f6062, List`1 c94623007ea3b221db43a7a5c991a9cac, Int32 c27485bd6dedf79f29eccbe33aefab814, DateTime cc0b7aac23bdedea569c99b9f01ab5798, DateTime ca917bd7d663d59239d097b255d937590)
   at Petex.IFM.IVM.VisualWorkflowService.c1c13b709b3df317d725c923928032d5a(c0a78f935034ea252425562b3db1ea988 cc462e40687a776088a0f60dcc4dee4c5, VisualWorkflowResultOptions c97464e7151b310fab45ca8e18c9bbc4d)
2018/09/23 03:23:21.617 INFO  102 A.cdc551499db0039f956e1d0666bfd1504.ca3aa6b2f13c2c1bc9c646f6abf33ed07 - Changing service from :0 to HOUMSEOSIFM007:8787
2018/09/23 03:23:28.475 ERROR 69 A.cec9e090ae538d190220f059017b75b84.Process - System.TimeoutException: The request channel timed out while waiting for a reply after 00:04:55.4249756. Increase the timeout value passed to the call to Request or increase the SendTimeout value on the Binding. The time allotted to this operation may have been a portion of a longer timeout. ---> System.TimeoutException: The socket transfer timed out after 00:04:59.9950000. You have exceeded the timeout set on your binding. The time allotted to this operation may have been a portion of a longer timeout. ---> System.IO.IOException: The read operation failed, see inner exception. ---> System.TimeoutException: The socket transfer timed out after 00:04:59.9950000. You have exceeded the timeout set on your binding. The time allotted to this operation may have been a portion of a longer timeout. ---> System.Net.Sockets.SocketException: A connection attempt failed because the connected party did not properly respond after a period of time, or established connection failed because connected host has failed to respond
   at System.Net.Sockets.Socket.Receive(Byte[] buffer, Int32 offset, Int32 size, SocketFlags socketFlags)
   at System.ServiceModel.Channels.SocketConnection.ReadCore(Byte[] buffer, Int32 offset, Int32 size, TimeSpan timeout, Boolean closing)
   --- End of inner exception stack trace ---
   at System.ServiceModel.Channels.SocketConnection.ReadCore(Byte[] buffer, Int32 offset, Int32 size, TimeSpan timeout, Boolean closing)
   at System.ServiceModel.Channels.SocketConnection.Read(Byte[] buffer, Int32 offset, Int32 size, TimeSpan timeout)
   at System.ServiceModel.Channels.DelegatingConnection.Read(Byte[] buffer, Int32 offset, Int32 size, TimeSpan timeout)
   at System.ServiceModel.Channels.ConnectionStream.Read(Byte[] buffer, Int32 offset, Int32 count)
   at System.Net.FixedSizeReader.ReadPacket(Byte[] buffer, Int32 offset, Int32 count)
   at System.Net.Security.NegotiateStream.StartFrameHeader(Byte[] buffer, Int32 offset, Int32 count, AsyncProtocolRequest asyncRequest)
   at System.Net.Security.NegotiateStream.ProcessRead(Byte[] buffer, Int32 offset, Int32 count, AsyncProtocolRequest asyncRequest)
   --- End of inner exception stack trace ---
   at System.Net.Security.NegotiateStream.ProcessRead(Byte[] buffer, Int32 offset, Int32 count, AsyncProtocolRequest asyncRequest)
   at System.Net.Security.NegotiateStream.Read(Byte[] buffer, Int32 offset, Int32 count)
   at System.ServiceModel.Channels.StreamConnection.Read(Byte[] buffer, Int32 offset, Int32 size, TimeSpan timeout)
   --- End of inner exception stack trace ---
   at System.ServiceModel.Channels.StreamConnection.Read(Byte[] buffer, Int32 offset, Int32 size, TimeSpan timeout)
   at System.ServiceModel.Channels.SingletonConnectionReader.Receive(TimeSpan timeout)
   at System.ServiceModel.Channels.StreamedFramingRequestChannel.StreamedFramingRequest.WaitForReply(TimeSpan timeout)
   at System.ServiceModel.Channels.RequestChannel.Request(Message message, TimeSpan timeout)
   --- End of inner exception stack trace ---

Server stack trace: 
   at System.ServiceModel.Channels.RequestChannel.Request(Message message, TimeSpan timeout)
   at System.ServiceModel.Channels.TransactionRequestChannelGeneric`1.Request(Message message, TimeSpan timeout)
   at System.ServiceModel.Dispatcher.RequestChannelBinder.Request(Message message, TimeSpan timeout)
   at System.ServiceModel.Channels.ServiceChannel.Call(String action, Boolean oneway, ProxyOperationRuntime operation, Object[] ins, Object[] outs, TimeSpan timeout)
   at System.ServiceModel.Channels.ServiceChannelProxy.InvokeService(IMethodCallMessage methodCall, ProxyOperationRuntime operation)
   at System.ServiceModel.Channels.ServiceChannelProxy.Invoke(IMessage message)

Exception rethrown at [0]: 
   at System.Runtime.Remoting.Proxies.RealProxy.HandleReturnMessage(IMessage reqMsg, IMessage retMsg)
   at System.Runtime.Remoting.Proxies.RealProxy.PrivateInvoke(MessageData& msgData, Int32 type)
   at Petex.Service.RequestProcessor.IWcfStreamResponseProcessor.Process(MessageRequest request)
   at A.cec9e090ae538d190220f059017b75b84.Process(MessageRequest request)
Details:
System.TimeoutException: The request channel timed out while waiting for a reply after 00:04:55.4249756. Increase the timeout value passed to the call to Request or increase the SendTimeout value on the Binding. The time allotted to this operation may have been a portion of a longer timeout. ---> System.TimeoutException: The socket transfer timed out after 00:04:59.9950000. You have exceeded the timeout set on your binding. The time allotted to this operation may have been a portion of a longer timeout. ---> System.IO.IOException: The read operation failed, see inner exception. ---> System.TimeoutException: The socket transfer timed out after 00:04:59.9950000. You have exceeded the timeout set on your binding. The time allotted to this operation may have been a portion of a longer timeout. ---> System.Net.Sockets.SocketException: A connection attempt failed because the connected party did not properly respond after a period of time, or established connection failed because connected host has failed to respond
   at System.Net.Sockets.Socket.Receive(Byte[] buffer, Int32 offset, Int32 size, SocketFlags socketFlags)
   at System.ServiceModel.Channels.SocketConnection.ReadCore(Byte[] buffer, Int32 offset, Int32 size, TimeSpan timeout, Boolean closing)
   --- End of inner exception stack trace ---
   at System.ServiceModel.Channels.SocketConnection.ReadCore(Byte[] buffer, Int32 offset, Int32 size, TimeSpan timeout, Boolean closing)
   at System.ServiceModel.Channels.SocketConnection.Read(Byte[] buffer, Int32 offset, Int32 size, TimeSpan timeout)
   at System.ServiceModel.Channels.DelegatingConnection.Read(Byte[] buffer, Int32 offset, Int32 size, TimeSpan timeout)
   at System.ServiceModel.Channels.ConnectionStream.Read(Byte[] buffer, Int32 offset, Int32 count)
   at System.Net.FixedSizeReader.ReadPacket(Byte[] buffer, Int32 offset, Int32 count)
   at System.Net.Security.NegotiateStream.StartFrameHeader(Byte[] buffer, Int32 offset, Int32 count, AsyncProtocolRequest asyncRequest)
   at System.Net.Security.NegotiateStream.ProcessRead(Byte[] buffer, Int32 offset, Int32 count, AsyncProtocolRequest asyncRequest)
   --- End of inner exception stack trace ---
   at System.Net.Security.NegotiateStream.ProcessRead(Byte[] buffer, Int32 offset, Int32 count, AsyncProtocolRequest asyncRequest)
   at System.Net.Security.NegotiateStream.Read(Byte[] buffer, Int32 offset, Int32 count)
   at System.ServiceModel.Channels.StreamConnection.Read(Byte[] buffer, Int32 offset, Int32 size, TimeSpan timeout)
   --- End of inner exception stack trace ---
   at System.ServiceModel.Channels.StreamConnection.Read(Byte[] buffer, Int32 offset, Int32 size, TimeSpan timeout)
   at System.ServiceModel.Channels.SingletonConnectionReader.Receive(TimeSpan timeout)
   at System.ServiceModel.Channels.StreamedFramingRequestChannel.StreamedFramingRequest.WaitForReply(TimeSpan timeout)
   at System.ServiceModel.Channels.RequestChannel.Request(Message message, TimeSpan timeout)
   --- End of inner exception stack trace ---

Server stack trace: 
   at System.ServiceModel.Channels.RequestChannel.Request(Message message, TimeSpan timeout)
   at System.ServiceModel.Channels.TransactionRequestChannelGeneric`1.Request(Message message, TimeSpan timeout)
   at System.ServiceModel.Dispatcher.RequestChannelBinder.Request(Message message, TimeSpan timeout)
   at System.ServiceModel.Channels.ServiceChannel.Call(String action, Boolean oneway, ProxyOperationRuntime operation, Object[] ins, Object[] outs, TimeSpan timeout)
   at System.ServiceModel.Channels.ServiceChannelProxy.InvokeService(IMethodCallMessage methodCall, ProxyOperationRuntime operation)
   at System.ServiceModel.Channels.ServiceChannelProxy.Invoke(IMessage message)

Exception rethrown at [0]: 
   at System.Runtime.Remoting.Proxies.RealProxy.HandleReturnMessage(IMessage reqMsg, IMessage retMsg)
   at System.Runtime.Remoting.Proxies.RealProxy.PrivateInvoke(MessageData& msgData, Int32 type)
   at Petex.Service.RequestProcessor.IWcfStreamResponseProcessor.Process(MessageRequest request)
   at A.cec9e090ae538d190220f059017b75b84.Process(MessageRequest request)
2018/09/23 03:23:28.478 ERROR 69 A.cec9e090ae538d190220f059017b75b84 (Thread 69) ProcID (36972) - System.TimeoutException: The request channel timed out while waiting for a reply after 00:04:55.4249756. Increase the timeout value passed to the call to Request or increase the SendTimeout value on the Binding. The time allotted to this operation may have been a portion of a longer timeout. ---> System.TimeoutException: The socket transfer timed out after 00:04:59.9950000. You have exceeded the timeout set on your binding. The time allotted to this operation may have been a portion of a longer timeout. ---> System.IO.IOException: The read operation failed, see inner exception. ---> System.TimeoutException: The socket transfer timed out after 00:04:59.9950000. You have exceeded the timeout set on your binding. The time allotted to this operation may have been a portion of a longer timeout. ---> System.Net.Sockets.SocketException: A connection attempt failed because the connected party did not properly respond after a period of time, or established connection failed because connected host has failed to respond
   at System.Net.Sockets.Socket.Receive(Byte[] buffer, Int32 offset, Int32 size, SocketFlags socketFlags)
   at System.ServiceModel.Channels.SocketConnection.ReadCore(Byte[] buffer, Int32 offset, Int32 size, TimeSpan timeout, Boolean closing)
   --- End of inner exception stack trace ---
   at System.ServiceModel.Channels.SocketConnection.ReadCore(Byte[] buffer, Int32 offset, Int32 size, TimeSpan timeout, Boolean closing)
   at System.ServiceModel.Channels.SocketConnection.Read(Byte[] buffer, Int32 offset, Int32 size, TimeSpan timeout)
   at System.ServiceModel.Channels.DelegatingConnection.Read(Byte[] buffer, Int32 offset, Int32 size, TimeSpan timeout)
   at System.ServiceModel.Channels.ConnectionStream.Read(Byte[] buffer, Int32 offset, Int32 count)
   at System.Net.FixedSizeReader.ReadPacket(Byte[] buffer, Int32 offset, Int32 count)
   at System.Net.Security.NegotiateStream.StartFrameHeader(Byte[] buffer, Int32 offset, Int32 count, AsyncProtocolRequest asyncRequest)
   at System.Net.Security.NegotiateStream.ProcessRead(Byte[] buffer, Int32 offset, Int32 count, AsyncProtocolRequest asyncRequest)
   --- End of inner exception stack trace ---
   at System.Net.Security.NegotiateStream.ProcessRead(Byte[] buffer, Int32 offset, Int32 count, AsyncProtocolRequest asyncRequest)
   at System.Net.Security.NegotiateStream.Read(Byte[] buffer, Int32 offset, Int32 count)
   at System.ServiceModel.Channels.StreamConnection.Read(Byte[] buffer, Int32 offset, Int32 size, TimeSpan timeout)
   --- End of inner exception stack trace ---
   at System.ServiceModel.Channels.StreamConnection.Read(Byte[] buffer, Int32 offset, Int32 size, TimeSpan timeout)
   at System.ServiceModel.Channels.SingletonConnectionReader.Receive(TimeSpan timeout)
   at System.ServiceModel.Channels.StreamedFramingRequestChannel.StreamedFramingRequest.WaitForReply(TimeSpan timeout)
   at System.ServiceModel.Channels.RequestChannel.Request(Message message, TimeSpan timeout)
   --- End of inner exception stack trace ---

Server stack trace: 
   at System.ServiceModel.Channels.RequestChannel.Request(Message message, TimeSpan timeout)
   at System.ServiceModel.Channels.TransactionRequestChannelGeneric`1.Request(Message message, TimeSpan timeout)
   at System.ServiceModel.Dispatcher.RequestChannelBinder.Request(Message message, TimeSpan timeout)
   at System.ServiceModel.Channels.ServiceChannel.Call(String action, Boolean oneway, ProxyOperationRuntime operation, Object[] ins, Object[] outs, TimeSpan timeout)
   at System.ServiceModel.Channels.ServiceChannelProxy.InvokeService(IMethodCallMessage methodCall, ProxyOperationRuntime operation)
   at System.ServiceModel.Channels.ServiceChannelProxy.Invoke(IMessage message)

Exception rethrown at [0]: 
   at System.Runtime.Remoting.Proxies.RealProxy.HandleReturnMessage(IMessage reqMsg, IMessage retMsg)
   at System.Runtime.Remoting.Proxies.RealProxy.PrivateInvoke(MessageData& msgData, Int32 type)
   at Petex.Service.RequestProcessor.IWcfStreamResponseProcessor.Process(MessageRequest request)
   at A.cec9e090ae538d190220f059017b75b84.Process(MessageRequest request)

method : Process([Petex.Service.RequestProcessor.MessageRequest] request = Petex.Service.RequestProcessor.MessageRequest)

2018/09/23 03:23:28.480 ERROR 67 Petex.IFM.IVM.VisualWorkflowService.c1c13b709b3df317d725c923928032d5a - An error occurred while getting bulk results.
Details:
System.TimeoutException: The request channel timed out while waiting for a reply after 00:04:55.4249756. Increase the timeout value passed to the call to Request or increase the SendTimeout value on the Binding. The time allotted to this operation may have been a portion of a longer timeout. ---> System.TimeoutException: The socket transfer timed out after 00:04:59.9950000. You have exceeded the timeout set on your binding. The time allotted to this operation may have been a portion of a longer timeout. ---> System.IO.IOException: The read operation failed, see inner exception. ---> System.TimeoutException: The socket transfer timed out after 00:04:59.9950000. You have exceeded the timeout set on your binding. The time allotted to this operation may have been a portion of a longer timeout. ---> System.Net.Sockets.SocketException: A connection attempt failed because the connected party did not properly respond after a period of time, or established connection failed because connected host has failed to respond
   at System.Net.Sockets.Socket.Receive(Byte[] buffer, Int32 offset, Int32 size, SocketFlags socketFlags)
   at System.ServiceModel.Channels.SocketConnection.ReadCore(Byte[] buffer, Int32 offset, Int32 size, TimeSpan timeout, Boolean closing)
   --- End of inner exception stack trace ---
   at System.ServiceModel.Channels.SocketConnection.ReadCore(Byte[] buffer, Int32 offset, Int32 size, TimeSpan timeout, Boolean closing)
   at System.ServiceModel.Channels.SocketConnection.Read(Byte[] buffer, Int32 offset, Int32 size, TimeSpan timeout)
   at System.ServiceModel.Channels.DelegatingConnection.Read(Byte[] buffer, Int32 offset, Int32 size, TimeSpan timeout)
   at System.ServiceModel.Channels.ConnectionStream.Read(Byte[] buffer, Int32 offset, Int32 count)
   at System.Net.FixedSizeReader.ReadPacket(Byte[] buffer, Int32 offset, Int32 count)
   at System.Net.Security.NegotiateStream.StartFrameHeader(Byte[] buffer, Int32 offset, Int32 count, AsyncProtocolRequest asyncRequest)
   at System.Net.Security.NegotiateStream.ProcessRead(Byte[] buffer, Int32 offset, Int32 count, AsyncProtocolRequest asyncRequest)
   --- End of inner exception stack trace ---
   at System.Net.Security.NegotiateStream.ProcessRead(Byte[] buffer, Int32 offset, Int32 count, AsyncProtocolRequest asyncRequest)
   at System.Net.Security.NegotiateStream.Read(Byte[] buffer, Int32 offset, Int32 count)
   at System.ServiceModel.Channels.StreamConnection.Read(Byte[] buffer, Int32 offset, Int32 size, TimeSpan timeout)
   --- End of inner exception stack trace ---
   at System.ServiceModel.Channels.StreamConnection.Read(Byte[] buffer, Int32 offset, Int32 size, TimeSpan timeout)
   at System.ServiceModel.Channels.SingletonConnectionReader.Receive(TimeSpan timeout)
   at System.ServiceModel.Channels.StreamedFramingRequestChannel.StreamedFramingRequest.WaitForReply(TimeSpan timeout)
   at System.ServiceModel.Channels.RequestChannel.Request(Message message, TimeSpan timeout)
   --- End of inner exception stack trace ---

Server stack trace: 
   at System.ServiceModel.Channels.RequestChannel.Request(Message message, TimeSpan timeout)
   at System.ServiceModel.Channels.TransactionRequestChannelGeneric`1.Request(Message message, TimeSpan timeout)
   at System.ServiceModel.Dispatcher.RequestChannelBinder.Request(Message message, TimeSpan timeout)
   at System.ServiceModel.Channels.ServiceChannel.Call(String action, Boolean oneway, ProxyOperationRuntime operation, Object[] ins, Object[] outs, TimeSpan timeout)
   at System.ServiceModel.Channels.ServiceChannelProxy.InvokeService(IMethodCallMessage methodCall, ProxyOperationRuntime operation)
   at System.ServiceModel.Channels.ServiceChannelProxy.Invoke(IMessage message)

Exception rethrown at [0]: 
   at A.c22aefe7f39df3d678dba160428b769f4.c0c4ec95a682cbefc208f4f3eb80ff6ad[c5e2460f6ebc534efe90b3230b7797cb4](Func`1 c3c081f340dcdf79e192d50757bce0bee)
   at A.c42ccb3c762729e5c1ed9dd9fb21f7a51.c2a035223c95353a451d486528bb968ce(DateTime ca50651d185b346c217028862887f6062, List`1 c94623007ea3b221db43a7a5c991a9cac, Int32 c27485bd6dedf79f29eccbe33aefab814, DateTime cc0b7aac23bdedea569c99b9f01ab5798, DateTime ca917bd7d663d59239d097b255d937590)
   at Petex.IFM.IVM.VisualWorkflowService.c1c13b709b3df317d725c923928032d5a(c0a78f935034ea252425562b3db1ea988 cc462e40687a776088a0f60dcc4dee4c5, VisualWorkflowResultOptions c97464e7151b310fab45ca8e18c9bbc4d)
2018/09/23 03:28:21.682 INFO  109 A.cdc551499db0039f956e1d0666bfd1504.ca3aa6b2f13c2c1bc9c646f6abf33ed07 - Changing service from :0 to HOUMSEOSIFM007:8787
2018/09/23 03:28:36.721 ERROR 60 A.cec9e090ae538d190220f059017b75b84.Process - System.TimeoutException: The request channel timed out while waiting for a reply after 00:04:48.7769968. Increase the timeout value passed to the call to Request or increase the SendTimeout value on the Binding. The time allotted to this operation may have been a portion of a longer timeout. ---> System.TimeoutException: The socket transfer timed out after 00:04:59.9930000. You have exceeded the timeout set on your binding. The time allotted to this operation may have been a portion of a longer timeout. ---> System.IO.IOException: The read operation failed, see inner exception. ---> System.TimeoutException: The socket transfer timed out after 00:04:59.9930000. You have exceeded the timeout set on your binding. The time allotted to this operation may have been a portion of a longer timeout. ---> System.Net.Sockets.SocketException: A connection attempt failed because the connected party did not properly respond after a period of time, or established connection failed because connected host has failed to respond
   at System.Net.Sockets.Socket.Receive(Byte[] buffer, Int32 offset, Int32 size, SocketFlags socketFlags)
   at System.ServiceModel.Channels.SocketConnection.ReadCore(Byte[] buffer, Int32 offset, Int32 size, TimeSpan timeout, Boolean closing)
   --- End of inner exception stack trace ---
   at System.ServiceModel.Channels.SocketConnection.ReadCore(Byte[] buffer, Int32 offset, Int32 size, TimeSpan timeout, Boolean closing)
   at System.ServiceModel.Channels.SocketConnection.Read(Byte[] buffer, Int32 offset, Int32 size, TimeSpan timeout)
   at System.ServiceModel.Channels.DelegatingConnection.Read(Byte[] buffer, Int32 offset, Int32 size, TimeSpan timeout)
   at System.ServiceModel.Channels.ConnectionStream.Read(Byte[] buffer, Int32 offset, Int32 count)
   at System.Net.FixedSizeReader.ReadPacket(Byte[] buffer, Int32 offset, Int32 count)
   at System.Net.Security.NegotiateStream.StartFrameHeader(Byte[] buffer, Int32 offset, Int32 count, AsyncProtocolRequest asyncRequest)
   at System.Net.Security.NegotiateStream.ProcessRead(Byte[] buffer, Int32 offset, Int32 count, AsyncProtocolRequest asyncRequest)
   --- End of inner exception stack trace ---
   at System.Net.Security.NegotiateStream.ProcessRead(Byte[] buffer, Int32 offset, Int32 count, AsyncProtocolRequest asyncRequest)
   at System.Net.Security.NegotiateStream.Read(Byte[] buffer, Int32 offset, Int32 count)
   at System.ServiceModel.Channels.StreamConnection.Read(Byte[] buffer, Int32 offset, Int32 size, TimeSpan timeout)
   --- End of inner exception stack trace ---
   at System.ServiceModel.Channels.StreamConnection.Read(Byte[] buffer, Int32 offset, Int32 size, TimeSpan timeout)
   at System.ServiceModel.Channels.SingletonConnectionReader.Receive(TimeSpan timeout)
   at System.ServiceModel.Channels.StreamedFramingRequestChannel.StreamedFramingRequest.WaitForReply(TimeSpan timeout)
   at System.ServiceModel.Channels.RequestChannel.Request(Message message, TimeSpan timeout)
   --- End of inner exception stack trace ---

Server stack trace: 
   at System.ServiceModel.Channels.RequestChannel.Request(Message message, TimeSpan timeout)
   at System.ServiceModel.Channels.TransactionRequestChannelGeneric`1.Request(Message message, TimeSpan timeout)
   at System.ServiceModel.Dispatcher.RequestChannelBinder.Request(Message message, TimeSpan timeout)
   at System.ServiceModel.Channels.ServiceChannel.Call(String action, Boolean oneway, ProxyOperationRuntime operation, Object[] ins, Object[] outs, TimeSpan timeout)
   at System.ServiceModel.Channels.ServiceChannelProxy.InvokeService(IMethodCallMessage methodCall, ProxyOperationRuntime operation)
   at System.ServiceModel.Channels.ServiceChannelProxy.Invoke(IMessage message)

Exception rethrown at [0]: 
   at System.Runtime.Remoting.Proxies.RealProxy.HandleReturnMessage(IMessage reqMsg, IMessage retMsg)
   at System.Runtime.Remoting.Proxies.RealProxy.PrivateInvoke(MessageData& msgData, Int32 type)
   at Petex.Service.RequestProcessor.IWcfStreamResponseProcessor.Process(MessageRequest request)
   at A.cec9e090ae538d190220f059017b75b84.Process(MessageRequest request)
Details:
System.TimeoutException: The request channel timed out while waiting for a reply after 00:04:48.7769968. Increase the timeout value passed to the call to Request or increase the SendTimeout value on the Binding. The time allotted to this operation may have been a portion of a longer timeout. ---> System.TimeoutException: The socket transfer timed out after 00:04:59.9930000. You have exceeded the timeout set on your binding. The time allotted to this operation may have been a portion of a longer timeout. ---> System.IO.IOException: The read operation failed, see inner exception. ---> System.TimeoutException: The socket transfer timed out after 00:04:59.9930000. You have exceeded the timeout set on your binding. The time allotted to this operation may have been a portion of a longer timeout. ---> System.Net.Sockets.SocketException: A connection attempt failed because the connected party did not properly respond after a period of time, or established connection failed because connected host has failed to respond
   at System.Net.Sockets.Socket.Receive(Byte[] buffer, Int32 offset, Int32 size, SocketFlags socketFlags)
   at System.ServiceModel.Channels.SocketConnection.ReadCore(Byte[] buffer, Int32 offset, Int32 size, TimeSpan timeout, Boolean closing)
   --- End of inner exception stack trace ---
   at System.ServiceModel.Channels.SocketConnection.ReadCore(Byte[] buffer, Int32 offset, Int32 size, TimeSpan timeout, Boolean closing)
   at System.ServiceModel.Channels.SocketConnection.Read(Byte[] buffer, Int32 offset, Int32 size, TimeSpan timeout)
   at System.ServiceModel.Channels.DelegatingConnection.Read(Byte[] buffer, Int32 offset, Int32 size, TimeSpan timeout)
   at System.ServiceModel.Channels.ConnectionStream.Read(Byte[] buffer, Int32 offset, Int32 count)
   at System.Net.FixedSizeReader.ReadPacket(Byte[] buffer, Int32 offset, Int32 count)
   at System.Net.Security.NegotiateStream.StartFrameHeader(Byte[] buffer, Int32 offset, Int32 count, AsyncProtocolRequest asyncRequest)
   at System.Net.Security.NegotiateStream.ProcessRead(Byte[] buffer, Int32 offset, Int32 count, AsyncProtocolRequest asyncRequest)
   --- End of inner exception stack trace ---
   at System.Net.Security.NegotiateStream.ProcessRead(Byte[] buffer, Int32 offset, Int32 count, AsyncProtocolRequest asyncRequest)
   at System.Net.Security.NegotiateStream.Read(Byte[] buffer, Int32 offset, Int32 count)
   at System.ServiceModel.Channels.StreamConnection.Read(Byte[] buffer, Int32 offset, Int32 size, TimeSpan timeout)
   --- End of inner exception stack trace ---
   at System.ServiceModel.Channels.StreamConnection.Read(Byte[] buffer, Int32 offset, Int32 size, TimeSpan timeout)
   at System.ServiceModel.Channels.SingletonConnectionReader.Receive(TimeSpan timeout)
   at System.ServiceModel.Channels.StreamedFramingRequestChannel.StreamedFramingRequest.WaitForReply(TimeSpan timeout)
   at System.ServiceModel.Channels.RequestChannel.Request(Message message, TimeSpan timeout)
   --- End of inner exception stack trace ---

Server stack trace: 
   at System.ServiceModel.Channels.RequestChannel.Request(Message message, TimeSpan timeout)
   at System.ServiceModel.Channels.TransactionRequestChannelGeneric`1.Request(Message message, TimeSpan timeout)
   at System.ServiceModel.Dispatcher.RequestChannelBinder.Request(Message message, TimeSpan timeout)
   at System.ServiceModel.Channels.ServiceChannel.Call(String action, Boolean oneway, ProxyOperationRuntime operation, Object[] ins, Object[] outs, TimeSpan timeout)
   at System.ServiceModel.Channels.ServiceChannelProxy.InvokeService(IMethodCallMessage methodCall, ProxyOperationRuntime operation)
   at System.ServiceModel.Channels.ServiceChannelProxy.Invoke(IMessage message)

Exception rethrown at [0]: 
   at System.Runtime.Remoting.Proxies.RealProxy.HandleReturnMessage(IMessage reqMsg, IMessage retMsg)
   at System.Runtime.Remoting.Proxies.RealProxy.PrivateInvoke(MessageData& msgData, Int32 type)
   at Petex.Service.RequestProcessor.IWcfStreamResponseProcessor.Process(MessageRequest request)
   at A.cec9e090ae538d190220f059017b75b84.Process(MessageRequest request)
2018/09/23 03:28:36.723 ERROR 60 A.cec9e090ae538d190220f059017b75b84 (Thread 60) ProcID (36972) - System.TimeoutException: The request channel timed out while waiting for a reply after 00:04:48.7769968. Increase the timeout value passed to the call to Request or increase the SendTimeout value on the Binding. The time allotted to this operation may have been a portion of a longer timeout. ---> System.TimeoutException: The socket transfer timed out after 00:04:59.9930000. You have exceeded the timeout set on your binding. The time allotted to this operation may have been a portion of a longer timeout. ---> System.IO.IOException: The read operation failed, see inner exception. ---> System.TimeoutException: The socket transfer timed out after 00:04:59.9930000. You have exceeded the timeout set on your binding. The time allotted to this operation may have been a portion of a longer timeout. ---> System.Net.Sockets.SocketException: A connection attempt failed because the connected party did not properly respond after a period of time, or established connection failed because connected host has failed to respond
   at System.Net.Sockets.Socket.Receive(Byte[] buffer, Int32 offset, Int32 size, SocketFlags socketFlags)
   at System.ServiceModel.Channels.SocketConnection.ReadCore(Byte[] buffer, Int32 offset, Int32 size, TimeSpan timeout, Boolean closing)
   --- End of inner exception stack trace ---
   at System.ServiceModel.Channels.SocketConnection.ReadCore(Byte[] buffer, Int32 offset, Int32 size, TimeSpan timeout, Boolean closing)
   at System.ServiceModel.Channels.SocketConnection.Read(Byte[] buffer, Int32 offset, Int32 size, TimeSpan timeout)
   at System.ServiceModel.Channels.DelegatingConnection.Read(Byte[] buffer, Int32 offset, Int32 size, TimeSpan timeout)
   at System.ServiceModel.Channels.ConnectionStream.Read(Byte[] buffer, Int32 offset, Int32 count)
   at System.Net.FixedSizeReader.ReadPacket(Byte[] buffer, Int32 offset, Int32 count)
   at System.Net.Security.NegotiateStream.StartFrameHeader(Byte[] buffer, Int32 offset, Int32 count, AsyncProtocolRequest asyncRequest)
   at System.Net.Security.NegotiateStream.ProcessRead(Byte[] buffer, Int32 offset, Int32 count, AsyncProtocolRequest asyncRequest)
   --- End of inner exception stack trace ---
   at System.Net.Security.NegotiateStream.ProcessRead(Byte[] buffer, Int32 offset, Int32 count, AsyncProtocolRequest asyncRequest)
   at System.Net.Security.NegotiateStream.Read(Byte[] buffer, Int32 offset, Int32 count)
   at System.ServiceModel.Channels.StreamConnection.Read(Byte[] buffer, Int32 offset, Int32 size, TimeSpan timeout)
   --- End of inner exception stack trace ---
   at System.ServiceModel.Channels.StreamConnection.Read(Byte[] buffer, Int32 offset, Int32 size, TimeSpan timeout)
   at System.ServiceModel.Channels.SingletonConnectionReader.Receive(TimeSpan timeout)
   at System.ServiceModel.Channels.StreamedFramingRequestChannel.StreamedFramingRequest.WaitForReply(TimeSpan timeout)
   at System.ServiceModel.Channels.RequestChannel.Request(Message message, TimeSpan timeout)
   --- End of inner exception stack trace ---

Server stack trace: 
   at System.ServiceModel.Channels.RequestChannel.Request(Message message, TimeSpan timeout)
   at System.ServiceModel.Channels.TransactionRequestChannelGeneric`1.Request(Message message, TimeSpan timeout)
   at System.ServiceModel.Dispatcher.RequestChannelBinder.Request(Message message, TimeSpan timeout)
   at System.ServiceModel.Channels.ServiceChannel.Call(String action, Boolean oneway, ProxyOperationRuntime operation, Object[] ins, Object[] outs, TimeSpan timeout)
   at System.ServiceModel.Channels.ServiceChannelProxy.InvokeService(IMethodCallMessage methodCall, ProxyOperationRuntime operation)
   at System.ServiceModel.Channels.ServiceChannelProxy.Invoke(IMessage message)

Exception rethrown at [0]: 
   at System.Runtime.Remoting.Proxies.RealProxy.HandleReturnMessage(IMessage reqMsg, IMessage retMsg)
   at System.Runtime.Remoting.Proxies.RealProxy.PrivateInvoke(MessageData& msgData, Int32 type)
   at Petex.Service.RequestProcessor.IWcfStreamResponseProcessor.Process(MessageRequest request)
   at A.cec9e090ae538d190220f059017b75b84.Process(MessageRequest request)

method : Process([Petex.Service.RequestProcessor.MessageRequest] request = Petex.Service.RequestProcessor.MessageRequest)

2018/09/23 03:28:36.725 ERROR 3 Petex.IFM.IVM.VisualWorkflowService.c1c13b709b3df317d725c923928032d5a - An error occurred while getting bulk results.
Details:
System.TimeoutException: The request channel timed out while waiting for a reply after 00:04:48.7769968. Increase the timeout value passed to the call to Request or increase the SendTimeout value on the Binding. The time allotted to this operation may have been a portion of a longer timeout. ---> System.TimeoutException: The socket transfer timed out after 00:04:59.9930000. You have exceeded the timeout set on your binding. The time allotted to this operation may have been a portion of a longer timeout. ---> System.IO.IOException: The read operation failed, see inner exception. ---> System.TimeoutException: The socket transfer timed out after 00:04:59.9930000. You have exceeded the timeout set on your binding. The time allotted to this operation may have been a portion of a longer timeout. ---> System.Net.Sockets.SocketException: A connection attempt failed because the connected party did not properly respond after a period of time, or established connection failed because connected host has failed to respond
   at System.Net.Sockets.Socket.Receive(Byte[] buffer, Int32 offset, Int32 size, SocketFlags socketFlags)
   at System.ServiceModel.Channels.SocketConnection.ReadCore(Byte[] buffer, Int32 offset, Int32 size, TimeSpan timeout, Boolean closing)
   --- End of inner exception stack trace ---
   at System.ServiceModel.Channels.SocketConnection.ReadCore(Byte[] buffer, Int32 offset, Int32 size, TimeSpan timeout, Boolean closing)
   at System.ServiceModel.Channels.SocketConnection.Read(Byte[] buffer, Int32 offset, Int32 size, TimeSpan timeout)
   at System.ServiceModel.Channels.DelegatingConnection.Read(Byte[] buffer, Int32 offset, Int32 size, TimeSpan timeout)
   at System.ServiceModel.Channels.ConnectionStream.Read(Byte[] buffer, Int32 offset, Int32 count)
   at System.Net.FixedSizeReader.ReadPacket(Byte[] buffer, Int32 offset, Int32 count)
   at System.Net.Security.NegotiateStream.StartFrameHeader(Byte[] buffer, Int32 offset, Int32 count, AsyncProtocolRequest asyncRequest)
   at System.Net.Security.NegotiateStream.ProcessRead(Byte[] buffer, Int32 offset, Int32 count, AsyncProtocolRequest asyncRequest)
   --- End of inner exception stack trace ---
   at System.Net.Security.NegotiateStream.ProcessRead(Byte[] buffer, Int32 offset, Int32 count, AsyncProtocolRequest asyncRequest)
   at System.Net.Security.NegotiateStream.Read(Byte[] buffer, Int32 offset, Int32 count)
   at System.ServiceModel.Channels.StreamConnection.Read(Byte[] buffer, Int32 offset, Int32 size, TimeSpan timeout)
   --- End of inner exception stack trace ---
   at System.ServiceModel.Channels.StreamConnection.Read(Byte[] buffer, Int32 offset, Int32 size, TimeSpan timeout)
   at System.ServiceModel.Channels.SingletonConnectionReader.Receive(TimeSpan timeout)
   at System.ServiceModel.Channels.StreamedFramingRequestChannel.StreamedFramingRequest.WaitForReply(TimeSpan timeout)
   at System.ServiceModel.Channels.RequestChannel.Request(Message message, TimeSpan timeout)
   --- End of inner exception stack trace ---

Server stack trace: 
   at System.ServiceModel.Channels.RequestChannel.Request(Message message, TimeSpan timeout)
   at System.ServiceModel.Channels.TransactionRequestChannelGeneric`1.Request(Message message, TimeSpan timeout)
   at System.ServiceModel.Dispatcher.RequestChannelBinder.Request(Message message, TimeSpan timeout)
   at System.ServiceModel.Channels.ServiceChannel.Call(String action, Boolean oneway, ProxyOperationRuntime operation, Object[] ins, Object[] outs, TimeSpan timeout)
   at System.ServiceModel.Channels.ServiceChannelProxy.InvokeService(IMethodCallMessage methodCall, ProxyOperationRuntime operation)
   at System.ServiceModel.Channels.ServiceChannelProxy.Invoke(IMessage message)

Exception rethrown at [0]: 
   at A.c22aefe7f39df3d678dba160428b769f4.c0c4ec95a682cbefc208f4f3eb80ff6ad[c5e2460f6ebc534efe90b3230b7797cb4](Func`1 c3c081f340dcdf79e192d50757bce0bee)
   at A.c42ccb3c762729e5c1ed9dd9fb21f7a51.c2a035223c95353a451d486528bb968ce(DateTime ca50651d185b346c217028862887f6062, List`1 c94623007ea3b221db43a7a5c991a9cac, Int32 c27485bd6dedf79f29eccbe33aefab814, DateTime cc0b7aac23bdedea569c99b9f01ab5798, DateTime ca917bd7d663d59239d097b255d937590)
   at Petex.IFM.IVM.VisualWorkflowService.c1c13b709b3df317d725c923928032d5a(c0a78f935034ea252425562b3db1ea988 cc462e40687a776088a0f60dcc4dee4c5, VisualWorkflowResultOptions c97464e7151b310fab45ca8e18c9bbc4d)
2018/09/23 03:30:52.989 INFO  68 A.ca9303324ae27c9d224e829df918b1ee8.c6ae4a85f8bc1eee64ee593e8582f1fd3 - Get a Copy for model file : Petroleum Experts IVM Well Creator.vwk folder id : 7 model file id : 1769 recursive at '9/23/2018 8:30:52 AM' ==> Started.
2018/09/23 03:30:53.627 INFO  68 A.ca9303324ae27c9d224e829df918b1ee8.c6ae4a85f8bc1eee64ee593e8582f1fd3 - Get a Copy for model file : Petroleum Experts IVM Well Creator.vwk folder id : 7 model file id : 1769 recursive at '9/23/2018 8:30:52 AM' ==> Completed. Took 00:00:00.638
2018/09/23 03:33:21.698 INFO  61 A.cdc551499db0039f956e1d0666bfd1504.ca3aa6b2f13c2c1bc9c646f6abf33ed07 - Changing service from :0 to HOUMSEOSIFM007:8787
2018/09/23 03:33:30.034 ERROR 85 A.cec9e090ae538d190220f059017b75b84.Process - System.TimeoutException: The request channel timed out while waiting for a reply after 00:04:55.9369910. Increase the timeout value passed to the call to Request or increase the SendTimeout value on the Binding. The time allotted to this operation may have been a portion of a longer timeout. ---> System.TimeoutException: The socket transfer timed out after 00:04:59.9880000. You have exceeded the timeout set on your binding. The time allotted to this operation may have been a portion of a longer timeout. ---> System.IO.IOException: The read operation failed, see inner exception. ---> System.TimeoutException: The socket transfer timed out after 00:04:59.9880000. You have exceeded the timeout set on your binding. The time allotted to this operation may have been a portion of a longer timeout. ---> System.Net.Sockets.SocketException: A connection attempt failed because the connected party did not properly respond after a period of time, or established connection failed because connected host has failed to respond
   at System.Net.Sockets.Socket.Receive(Byte[] buffer, Int32 offset, Int32 size, SocketFlags socketFlags)
   at System.ServiceModel.Channels.SocketConnection.ReadCore(Byte[] buffer, Int32 offset, Int32 size, TimeSpan timeout, Boolean closing)
   --- End of inner exception stack trace ---
   at System.ServiceModel.Channels.SocketConnection.ReadCore(Byte[] buffer, Int32 offset, Int32 size, TimeSpan timeout, Boolean closing)
   at System.ServiceModel.Channels.SocketConnection.Read(Byte[] buffer, Int32 offset, Int32 size, TimeSpan timeout)
   at System.ServiceModel.Channels.DelegatingConnection.Read(Byte[] buffer, Int32 offset, Int32 size, TimeSpan timeout)
   at System.ServiceModel.Channels.ConnectionStream.Read(Byte[] buffer, Int32 offset, Int32 count)
   at System.Net.FixedSizeReader.ReadPacket(Byte[] buffer, Int32 offset, Int32 count)
   at System.Net.Security.NegotiateStream.StartFrameHeader(Byte[] buffer, Int32 offset, Int32 count, AsyncProtocolRequest asyncRequest)
   at System.Net.Security.NegotiateStream.ProcessRead(Byte[] buffer, Int32 offset, Int32 count, AsyncProtocolRequest asyncRequest)
   --- End of inner exception stack trace ---
   at System.Net.Security.NegotiateStream.ProcessRead(Byte[] buffer, Int32 offset, Int32 count, AsyncProtocolRequest asyncRequest)
   at System.Net.Security.NegotiateStream.Read(Byte[] buffer, Int32 offset, Int32 count)
   at System.ServiceModel.Channels.StreamConnection.Read(Byte[] buffer, Int32 offset, Int32 size, TimeSpan timeout)
   --- End of inner exception stack trace ---
   at System.ServiceModel.Channels.StreamConnection.Read(Byte[] buffer, Int32 offset, Int32 size, TimeSpan timeout)
   at System.ServiceModel.Channels.SingletonConnectionReader.Receive(TimeSpan timeout)
   at System.ServiceModel.Channels.StreamedFramingRequestChannel.StreamedFramingRequest.WaitForReply(TimeSpan timeout)
   at System.ServiceModel.Channels.RequestChannel.Request(Message message, TimeSpan timeout)
   --- End of inner exception stack trace ---

Server stack trace: 
   at System.ServiceModel.Channels.RequestChannel.Request(Message message, TimeSpan timeout)
   at System.ServiceModel.Channels.TransactionRequestChannelGeneric`1.Request(Message message, TimeSpan timeout)
   at System.ServiceModel.Dispatcher.RequestChannelBinder.Request(Message message, TimeSpan timeout)
   at System.ServiceModel.Channels.ServiceChannel.Call(String action, Boolean oneway, ProxyOperationRuntime operation, Object[] ins, Object[] outs, TimeSpan timeout)
   at System.ServiceModel.Channels.ServiceChannelProxy.InvokeService(IMethodCallMessage methodCall, ProxyOperationRuntime operation)
   at System.ServiceModel.Channels.ServiceChannelProxy.Invoke(IMessage message)

Exception rethrown at [0]: 
   at System.Runtime.Remoting.Proxies.RealProxy.HandleReturnMessage(IMessage reqMsg, IMessage retMsg)
   at System.Runtime.Remoting.Proxies.RealProxy.PrivateInvoke(MessageData& msgData, Int32 type)
   at Petex.Service.RequestProcessor.IWcfStreamResponseProcessor.Process(MessageRequest request)
   at A.cec9e090ae538d190220f059017b75b84.Process(MessageRequest request)
Details:
System.TimeoutException: The request channel timed out while waiting for a reply after 00:04:55.9369910. Increase the timeout value passed to the call to Request or increase the SendTimeout value on the Binding. The time allotted to this operation may have been a portion of a longer timeout. ---> System.TimeoutException: The socket transfer timed out after 00:04:59.9880000. You have exceeded the timeout set on your binding. The time allotted to this operation may have been a portion of a longer timeout. ---> System.IO.IOException: The read operation failed, see inner exception. ---> System.TimeoutException: The socket transfer timed out after 00:04:59.9880000. You have exceeded the timeout set on your binding. The time allotted to this operation may have been a portion of a longer timeout. ---> System.Net.Sockets.SocketException: A connection attempt failed because the connected party did not properly respond after a period of time, or established connection failed because connected host has failed to respond
   at System.Net.Sockets.Socket.Receive(Byte[] buffer, Int32 offset, Int32 size, SocketFlags socketFlags)
   at System.ServiceModel.Channels.SocketConnection.ReadCore(Byte[] buffer, Int32 offset, Int32 size, TimeSpan timeout, Boolean closing)
   --- End of inner exception stack trace ---
   at System.ServiceModel.Channels.SocketConnection.ReadCore(Byte[] buffer, Int32 offset, Int32 size, TimeSpan timeout, Boolean closing)
   at System.ServiceModel.Channels.SocketConnection.Read(Byte[] buffer, Int32 offset, Int32 size, TimeSpan timeout)
   at System.ServiceModel.Channels.DelegatingConnection.Read(Byte[] buffer, Int32 offset, Int32 size, TimeSpan timeout)
   at System.ServiceModel.Channels.ConnectionStream.Read(Byte[] buffer, Int32 offset, Int32 count)
   at System.Net.FixedSizeReader.ReadPacket(Byte[] buffer, Int32 offset, Int32 count)
   at System.Net.Security.NegotiateStream.StartFrameHeader(Byte[] buffer, Int32 offset, Int32 count, AsyncProtocolRequest asyncRequest)
   at System.Net.Security.NegotiateStream.ProcessRead(Byte[] buffer, Int32 offset, Int32 count, AsyncProtocolRequest asyncRequest)
   --- End of inner exception stack trace ---
   at System.Net.Security.NegotiateStream.ProcessRead(Byte[] buffer, Int32 offset, Int32 count, AsyncProtocolRequest asyncRequest)
   at System.Net.Security.NegotiateStream.Read(Byte[] buffer, Int32 offset, Int32 count)
   at System.ServiceModel.Channels.StreamConnection.Read(Byte[] buffer, Int32 offset, Int32 size, TimeSpan timeout)
   --- End of inner exception stack trace ---
   at System.ServiceModel.Channels.StreamConnection.Read(Byte[] buffer, Int32 offset, Int32 size, TimeSpan timeout)
   at System.ServiceModel.Channels.SingletonConnectionReader.Receive(TimeSpan timeout)
   at System.ServiceModel.Channels.StreamedFramingRequestChannel.StreamedFramingRequest.WaitForReply(TimeSpan timeout)
   at System.ServiceModel.Channels.RequestChannel.Request(Message message, TimeSpan timeout)
   --- End of inner exception stack trace ---

Server stack trace: 
   at System.ServiceModel.Channels.RequestChannel.Request(Message message, TimeSpan timeout)
   at System.ServiceModel.Channels.TransactionRequestChannelGeneric`1.Request(Message message, TimeSpan timeout)
   at System.ServiceModel.Dispatcher.RequestChannelBinder.Request(Message message, TimeSpan timeout)
   at System.ServiceModel.Channels.ServiceChannel.Call(String action, Boolean oneway, ProxyOperationRuntime operation, Object[] ins, Object[] outs, TimeSpan timeout)
   at System.ServiceModel.Channels.ServiceChannelProxy.InvokeService(IMethodCallMessage methodCall, ProxyOperationRuntime operation)
   at System.ServiceModel.Channels.ServiceChannelProxy.Invoke(IMessage message)

Exception rethrown at [0]: 
   at System.Runtime.Remoting.Proxies.RealProxy.HandleReturnMessage(IMessage reqMsg, IMessage retMsg)
   at System.Runtime.Remoting.Proxies.RealProxy.PrivateInvoke(MessageData& msgData, Int32 type)
   at Petex.Service.RequestProcessor.IWcfStreamResponseProcessor.Process(MessageRequest request)
   at A.cec9e090ae538d190220f059017b75b84.Process(MessageRequest request)
2018/09/23 03:33:30.036 ERROR 85 A.cec9e090ae538d190220f059017b75b84 (Thread 85) ProcID (36972) - System.TimeoutException: The request channel timed out while waiting for a reply after 00:04:55.9369910. Increase the timeout value passed to the call to Request or increase the SendTimeout value on the Binding. The time allotted to this operation may have been a portion of a longer timeout. ---> System.TimeoutException: The socket transfer timed out after 00:04:59.9880000. You have exceeded the timeout set on your binding. The time allotted to this operation may have been a portion of a longer timeout. ---> System.IO.IOException: The read operation failed, see inner exception. ---> System.TimeoutException: The socket transfer timed out after 00:04:59.9880000. You have exceeded the timeout set on your binding. The time allotted to this operation may have been a portion of a longer timeout. ---> System.Net.Sockets.SocketException: A connection attempt failed because the connected party did not properly respond after a period of time, or established connection failed because connected host has failed to respond
   at System.Net.Sockets.Socket.Receive(Byte[] buffer, Int32 offset, Int32 size, SocketFlags socketFlags)
   at System.ServiceModel.Channels.SocketConnection.ReadCore(Byte[] buffer, Int32 offset, Int32 size, TimeSpan timeout, Boolean closing)
   --- End of inner exception stack trace ---
   at System.ServiceModel.Channels.SocketConnection.ReadCore(Byte[] buffer, Int32 offset, Int32 size, TimeSpan timeout, Boolean closing)
   at System.ServiceModel.Channels.SocketConnection.Read(Byte[] buffer, Int32 offset, Int32 size, TimeSpan timeout)
   at System.ServiceModel.Channels.DelegatingConnection.Read(Byte[] buffer, Int32 offset, Int32 size, TimeSpan timeout)
   at System.ServiceModel.Channels.ConnectionStream.Read(Byte[] buffer, Int32 offset, Int32 count)
   at System.Net.FixedSizeReader.ReadPacket(Byte[] buffer, Int32 offset, Int32 count)
   at System.Net.Security.NegotiateStream.StartFrameHeader(Byte[] buffer, Int32 offset, Int32 count, AsyncProtocolRequest asyncRequest)
   at System.Net.Security.NegotiateStream.ProcessRead(Byte[] buffer, Int32 offset, Int32 count, AsyncProtocolRequest asyncRequest)
   --- End of inner exception stack trace ---
   at System.Net.Security.NegotiateStream.ProcessRead(Byte[] buffer, Int32 offset, Int32 count, AsyncProtocolRequest asyncRequest)
   at System.Net.Security.NegotiateStream.Read(Byte[] buffer, Int32 offset, Int32 count)
   at System.ServiceModel.Channels.StreamConnection.Read(Byte[] buffer, Int32 offset, Int32 size, TimeSpan timeout)
   --- End of inner exception stack trace ---
   at System.ServiceModel.Channels.StreamConnection.Read(Byte[] buffer, Int32 offset, Int32 size, TimeSpan timeout)
   at System.ServiceModel.Channels.SingletonConnectionReader.Receive(TimeSpan timeout)
   at System.ServiceModel.Channels.StreamedFramingRequestChannel.StreamedFramingRequest.WaitForReply(TimeSpan timeout)
   at System.ServiceModel.Channels.RequestChannel.Request(Message message, TimeSpan timeout)
   --- End of inner exception stack trace ---

Server stack trace: 
   at System.ServiceModel.Channels.RequestChannel.Request(Message message, TimeSpan timeout)
   at System.ServiceModel.Channels.TransactionRequestChannelGeneric`1.Request(Message message, TimeSpan timeout)
   at System.ServiceModel.Dispatcher.RequestChannelBinder.Request(Message message, TimeSpan timeout)
   at System.ServiceModel.Channels.ServiceChannel.Call(String action, Boolean oneway, ProxyOperationRuntime operation, Object[] ins, Object[] outs, TimeSpan timeout)
   at System.ServiceModel.Channels.ServiceChannelProxy.InvokeService(IMethodCallMessage methodCall, ProxyOperationRuntime operation)
   at System.ServiceModel.Channels.ServiceChannelProxy.Invoke(IMessage message)

Exception rethrown at [0]: 
   at System.Runtime.Remoting.Proxies.RealProxy.HandleReturnMessage(IMessage reqMsg, IMessage retMsg)
   at System.Runtime.Remoting.Proxies.RealProxy.PrivateInvoke(MessageData& msgData, Int32 type)
   at Petex.Service.RequestProcessor.IWcfStreamResponseProcessor.Process(MessageRequest request)
   at A.cec9e090ae538d190220f059017b75b84.Process(MessageRequest request)

method : Process([Petex.Service.RequestProcessor.MessageRequest] request = Petex.Service.RequestProcessor.MessageRequest)

2018/09/23 03:33:30.037 ERROR 94 Petex.IFM.IVM.VisualWorkflowService.c1c13b709b3df317d725c923928032d5a - An error occurred while getting bulk results.
Details:
System.TimeoutException: The request channel timed out while waiting for a reply after 00:04:55.9369910. Increase the timeout value passed to the call to Request or increase the SendTimeout value on the Binding. The time allotted to this operation may have been a portion of a longer timeout. ---> System.TimeoutException: The socket transfer timed out after 00:04:59.9880000. You have exceeded the timeout set on your binding. The time allotted to this operation may have been a portion of a longer timeout. ---> System.IO.IOException: The read operation failed, see inner exception. ---> System.TimeoutException: The socket transfer timed out after 00:04:59.9880000. You have exceeded the timeout set on your binding. The time allotted to this operation may have been a portion of a longer timeout. ---> System.Net.Sockets.SocketException: A connection attempt failed because the connected party did not properly respond after a period of time, or established connection failed because connected host has failed to respond
   at System.Net.Sockets.Socket.Receive(Byte[] buffer, Int32 offset, Int32 size, SocketFlags socketFlags)
   at System.ServiceModel.Channels.SocketConnection.ReadCore(Byte[] buffer, Int32 offset, Int32 size, TimeSpan timeout, Boolean closing)
   --- End of inner exception stack trace ---
   at System.ServiceModel.Channels.SocketConnection.ReadCore(Byte[] buffer, Int32 offset, Int32 size, TimeSpan timeout, Boolean closing)
   at System.ServiceModel.Channels.SocketConnection.Read(Byte[] buffer, Int32 offset, Int32 size, TimeSpan timeout)
   at System.ServiceModel.Channels.DelegatingConnection.Read(Byte[] buffer, Int32 offset, Int32 size, TimeSpan timeout)
   at System.ServiceModel.Channels.ConnectionStream.Read(Byte[] buffer, Int32 offset, Int32 count)
   at System.Net.FixedSizeReader.ReadPacket(Byte[] buffer, Int32 offset, Int32 count)
   at System.Net.Security.NegotiateStream.StartFrameHeader(Byte[] buffer, Int32 offset, Int32 count, AsyncProtocolRequest asyncRequest)
   at System.Net.Security.NegotiateStream.ProcessRead(Byte[] buffer, Int32 offset, Int32 count, AsyncProtocolRequest asyncRequest)
   --- End of inner exception stack trace ---
   at System.Net.Security.NegotiateStream.ProcessRead(Byte[] buffer, Int32 offset, Int32 count, AsyncProtocolRequest asyncRequest)
   at System.Net.Security.NegotiateStream.Read(Byte[] buffer, Int32 offset, Int32 count)
   at System.ServiceModel.Channels.StreamConnection.Read(Byte[] buffer, Int32 offset, Int32 size, TimeSpan timeout)
   --- End of inner exception stack trace ---
   at System.ServiceModel.Channels.StreamConnection.Read(Byte[] buffer, Int32 offset, Int32 size, TimeSpan timeout)
   at System.ServiceModel.Channels.SingletonConnectionReader.Receive(TimeSpan timeout)
   at System.ServiceModel.Channels.StreamedFramingRequestChannel.StreamedFramingRequest.WaitForReply(TimeSpan timeout)
   at System.ServiceModel.Channels.RequestChannel.Request(Message message, TimeSpan timeout)
   --- End of inner exception stack trace ---

Server stack trace: 
   at System.ServiceModel.Channels.RequestChannel.Request(Message message, TimeSpan timeout)
   at System.ServiceModel.Channels.TransactionRequestChannelGeneric`1.Request(Message message, TimeSpan timeout)
   at System.ServiceModel.Dispatcher.RequestChannelBinder.Request(Message message, TimeSpan timeout)
   at System.ServiceModel.Channels.ServiceChannel.Call(String action, Boolean oneway, ProxyOperationRuntime operation, Object[] ins, Object[] outs, TimeSpan timeout)
   at System.ServiceModel.Channels.ServiceChannelProxy.InvokeService(IMethodCallMessage methodCall, ProxyOperationRuntime operation)
   at System.ServiceModel.Channels.ServiceChannelProxy.Invoke(IMessage message)

Exception rethrown at [0]: 
   at A.c22aefe7f39df3d678dba160428b769f4.c0c4ec95a682cbefc208f4f3eb80ff6ad[c5e2460f6ebc534efe90b3230b7797cb4](Func`1 c3c081f340dcdf79e192d50757bce0bee)
   at A.c42ccb3c762729e5c1ed9dd9fb21f7a51.c2a035223c95353a451d486528bb968ce(DateTime ca50651d185b346c217028862887f6062, List`1 c94623007ea3b221db43a7a5c991a9cac, Int32 c27485bd6dedf79f29eccbe33aefab814, DateTime cc0b7aac23bdedea569c99b9f01ab5798, DateTime ca917bd7d663d59239d097b255d937590)
   at Petex.IFM.IVM.VisualWorkflowService.c1c13b709b3df317d725c923928032d5a(c0a78f935034ea252425562b3db1ea988 cc462e40687a776088a0f60dcc4dee4c5, VisualWorkflowResultOptions c97464e7151b310fab45ca8e18c9bbc4d)
2018/09/23 03:36:44.676 INFO  140 A.ca9303324ae27c9d224e829df918b1ee8.c6ae4a85f8bc1eee64ee593e8582f1fd3 - Get a Copy for model file : Petroleum Experts IVM Well Set Initial Configuration Values.vwk folder id : 7 model file id : 1592 recursive at '9/23/2018 8:36:44 AM' ==> Started.
2018/09/23 03:36:45.262 INFO  140 A.ca9303324ae27c9d224e829df918b1ee8.c6ae4a85f8bc1eee64ee593e8582f1fd3 - Get a Copy for model file : Petroleum Experts IVM Well Set Initial Configuration Values.vwk folder id : 7 model file id : 1592 recursive at '9/23/2018 8:36:44 AM' ==> Completed. Took 00:00:00.586
2018/09/23 03:37:54.664 INFO  112 A.ca9303324ae27c9d224e829df918b1ee8.c6ae4a85f8bc1eee64ee593e8582f1fd3 - Get a Copy for model file : APC Initial Well Real Time Apply Properties.vwk folder id : 7 model file id : 1526 recursive at '9/23/2018 8:37:52 AM' ==> Started.
2018/09/23 03:37:55.254 INFO  112 A.ca9303324ae27c9d224e829df918b1ee8.c6ae4a85f8bc1eee64ee593e8582f1fd3 - Get a Copy for model file : APC Initial Well Real Time Apply Properties.vwk folder id : 7 model file id : 1526 recursive at '9/23/2018 8:37:52 AM' ==> Completed. Took 00:00:00.590
2018/09/23 03:38:21.792 INFO  119 A.cdc551499db0039f956e1d0666bfd1504.ca3aa6b2f13c2c1bc9c646f6abf33ed07 - Changing service from :0 to HOUMSEOSIFM007:8787
2018/09/23 03:38:29.987 ERROR 60 A.cec9e090ae538d190220f059017b75b84.Process - System.TimeoutException: The request channel timed out while waiting for a reply after 00:04:56.0649958. Increase the timeout value passed to the call to Request or increase the SendTimeout value on the Binding. The time allotted to this operation may have been a portion of a longer timeout. ---> System.TimeoutException: The socket transfer timed out after 00:04:59.9950000. You have exceeded the timeout set on your binding. The time allotted to this operation may have been a portion of a longer timeout. ---> System.IO.IOException: The read operation failed, see inner exception. ---> System.TimeoutException: The socket transfer timed out after 00:04:59.9950000. You have exceeded the timeout set on your binding. The time allotted to this operation may have been a portion of a longer timeout. ---> System.Net.Sockets.SocketException: A connection attempt failed because the connected party did not properly respond after a period of time, or established connection failed because connected host has failed to respond
   at System.Net.Sockets.Socket.Receive(Byte[] buffer, Int32 offset, Int32 size, SocketFlags socketFlags)
   at System.ServiceModel.Channels.SocketConnection.ReadCore(Byte[] buffer, Int32 offset, Int32 size, TimeSpan timeout, Boolean closing)
   --- End of inner exception stack trace ---
   at System.ServiceModel.Channels.SocketConnection.ReadCore(Byte[] buffer, Int32 offset, Int32 size, TimeSpan timeout, Boolean closing)
   at System.ServiceModel.Channels.SocketConnection.Read(Byte[] buffer, Int32 offset, Int32 size, TimeSpan timeout)
   at System.ServiceModel.Channels.DelegatingConnection.Read(Byte[] buffer, Int32 offset, Int32 size, TimeSpan timeout)
   at System.ServiceModel.Channels.ConnectionStream.Read(Byte[] buffer, Int32 offset, Int32 count)
   at System.Net.FixedSizeReader.ReadPacket(Byte[] buffer, Int32 offset, Int32 count)
   at System.Net.Security.NegotiateStream.StartFrameHeader(Byte[] buffer, Int32 offset, Int32 count, AsyncProtocolRequest asyncRequest)
   at System.Net.Security.NegotiateStream.ProcessRead(Byte[] buffer, Int32 offset, Int32 count, AsyncProtocolRequest asyncRequest)
   --- End of inner exception stack trace ---
   at System.Net.Security.NegotiateStream.ProcessRead(Byte[] buffer, Int32 offset, Int32 count, AsyncProtocolRequest asyncRequest)
   at System.Net.Security.NegotiateStream.Read(Byte[] buffer, Int32 offset, Int32 count)
   at System.ServiceModel.Channels.StreamConnection.Read(Byte[] buffer, Int32 offset, Int32 size, TimeSpan timeout)
   --- End of inner exception stack trace ---
   at System.ServiceModel.Channels.StreamConnection.Read(Byte[] buffer, Int32 offset, Int32 size, TimeSpan timeout)
   at System.ServiceModel.Channels.SingletonConnectionReader.Receive(TimeSpan timeout)
   at System.ServiceModel.Channels.StreamedFramingRequestChannel.StreamedFramingRequest.WaitForReply(TimeSpan timeout)
   at System.ServiceModel.Channels.RequestChannel.Request(Message message, TimeSpan timeout)
   --- End of inner exception stack trace ---

Server stack trace: 
   at System.ServiceModel.Channels.RequestChannel.Request(Message message, TimeSpan timeout)
   at System.ServiceModel.Channels.TransactionRequestChannelGeneric`1.Request(Message message, TimeSpan timeout)
   at System.ServiceModel.Dispatcher.RequestChannelBinder.Request(Message message, TimeSpan timeout)
   at System.ServiceModel.Channels.ServiceChannel.Call(String action, Boolean oneway, ProxyOperationRuntime operation, Object[] ins, Object[] outs, TimeSpan timeout)
   at System.ServiceModel.Channels.ServiceChannelProxy.InvokeService(IMethodCallMessage methodCall, ProxyOperationRuntime operation)
   at System.ServiceModel.Channels.ServiceChannelProxy.Invoke(IMessage message)

Exception rethrown at [0]: 
   at System.Runtime.Remoting.Proxies.RealProxy.HandleReturnMessage(IMessage reqMsg, IMessage retMsg)
   at System.Runtime.Remoting.Proxies.RealProxy.PrivateInvoke(MessageData& msgData, Int32 type)
   at Petex.Service.RequestProcessor.IWcfStreamResponseProcessor.Process(MessageRequest request)
   at A.cec9e090ae538d190220f059017b75b84.Process(MessageRequest request)
Details:
System.TimeoutException: The request channel timed out while waiting for a reply after 00:04:56.0649958. Increase the timeout value passed to the call to Request or increase the SendTimeout value on the Binding. The time allotted to this operation may have been a portion of a longer timeout. ---> System.TimeoutException: The socket transfer timed out after 00:04:59.9950000. You have exceeded the timeout set on your binding. The time allotted to this operation may have been a portion of a longer timeout. ---> System.IO.IOException: The read operation failed, see inner exception. ---> System.TimeoutException: The socket transfer timed out after 00:04:59.9950000. You have exceeded the timeout set on your binding. The time allotted to this operation may have been a portion of a longer timeout. ---> System.Net.Sockets.SocketException: A connection attempt failed because the connected party did not properly respond after a period of time, or established connection failed because connected host has failed to respond
   at System.Net.Sockets.Socket.Receive(Byte[] buffer, Int32 offset, Int32 size, SocketFlags socketFlags)
   at System.ServiceModel.Channels.SocketConnection.ReadCore(Byte[] buffer, Int32 offset, Int32 size, TimeSpan timeout, Boolean closing)
   --- End of inner exception stack trace ---
   at System.ServiceModel.Channels.SocketConnection.ReadCore(Byte[] buffer, Int32 offset, Int32 size, TimeSpan timeout, Boolean closing)
   at System.ServiceModel.Channels.SocketConnection.Read(Byte[] buffer, Int32 offset, Int32 size, TimeSpan timeout)
   at System.ServiceModel.Channels.DelegatingConnection.Read(Byte[] buffer, Int32 offset, Int32 size, TimeSpan timeout)
   at System.ServiceModel.Channels.ConnectionStream.Read(Byte[] buffer, Int32 offset, Int32 count)
   at System.Net.FixedSizeReader.ReadPacket(Byte[] buffer, Int32 offset, Int32 count)
   at System.Net.Security.NegotiateStream.StartFrameHeader(Byte[] buffer, Int32 offset, Int32 count, AsyncProtocolRequest asyncRequest)
   at System.Net.Security.NegotiateStream.ProcessRead(Byte[] buffer, Int32 offset, Int32 count, AsyncProtocolRequest asyncRequest)
   --- End of inner exception stack trace ---
   at System.Net.Security.NegotiateStream.ProcessRead(Byte[] buffer, Int32 offset, Int32 count, AsyncProtocolRequest asyncRequest)
   at System.Net.Security.NegotiateStream.Read(Byte[] buffer, Int32 offset, Int32 count)
   at System.ServiceModel.Channels.StreamConnection.Read(Byte[] buffer, Int32 offset, Int32 size, TimeSpan timeout)
   --- End of inner exception stack trace ---
   at System.ServiceModel.Channels.StreamConnection.Read(Byte[] buffer, Int32 offset, Int32 size, TimeSpan timeout)
   at System.ServiceModel.Channels.SingletonConnectionReader.Receive(TimeSpan timeout)
   at System.ServiceModel.Channels.StreamedFramingRequestChannel.StreamedFramingRequest.WaitForReply(TimeSpan timeout)
   at System.ServiceModel.Channels.RequestChannel.Request(Message message, TimeSpan timeout)
   --- End of inner exception stack trace ---

Server stack trace: 
   at System.ServiceModel.Channels.RequestChannel.Request(Message message, TimeSpan timeout)
   at System.ServiceModel.Channels.TransactionRequestChannelGeneric`1.Request(Message message, TimeSpan timeout)
   at System.ServiceModel.Dispatcher.RequestChannelBinder.Request(Message message, TimeSpan timeout)
   at System.ServiceModel.Channels.ServiceChannel.Call(String action, Boolean oneway, ProxyOperationRuntime operation, Object[] ins, Object[] outs, TimeSpan timeout)
   at System.ServiceModel.Channels.ServiceChannelProxy.InvokeService(IMethodCallMessage methodCall, ProxyOperationRuntime operation)
   at System.ServiceModel.Channels.ServiceChannelProxy.Invoke(IMessage message)

Exception rethrown at [0]: 
   at System.Runtime.Remoting.Proxies.RealProxy.HandleReturnMessage(IMessage reqMsg, IMessage retMsg)
   at System.Runtime.Remoting.Proxies.RealProxy.PrivateInvoke(MessageData& msgData, Int32 type)
   at Petex.Service.RequestProcessor.IWcfStreamResponseProcessor.Process(MessageRequest request)
   at A.cec9e090ae538d190220f059017b75b84.Process(MessageRequest request)
2018/09/23 03:38:29.991 ERROR 60 A.cec9e090ae538d190220f059017b75b84 (Thread 60) ProcID (36972) - System.TimeoutException: The request channel timed out while waiting for a reply after 00:04:56.0649958. Increase the timeout value passed to the call to Request or increase the SendTimeout value on the Binding. The time allotted to this operation may have been a portion of a longer timeout. ---> System.TimeoutException: The socket transfer timed out after 00:04:59.9950000. You have exceeded the timeout set on your binding. The time allotted to this operation may have been a portion of a longer timeout. ---> System.IO.IOException: The read operation failed, see inner exception. ---> System.TimeoutException: The socket transfer timed out after 00:04:59.9950000. You have exceeded the timeout set on your binding. The time allotted to this operation may have been a portion of a longer timeout. ---> System.Net.Sockets.SocketException: A connection attempt failed because the connected party did not properly respond after a period of time, or established connection failed because connected host has failed to respond
   at System.Net.Sockets.Socket.Receive(Byte[] buffer, Int32 offset, Int32 size, SocketFlags socketFlags)
   at System.ServiceModel.Channels.SocketConnection.ReadCore(Byte[] buffer, Int32 offset, Int32 size, TimeSpan timeout, Boolean closing)
   --- End of inner exception stack trace ---
   at System.ServiceModel.Channels.SocketConnection.ReadCore(Byte[] buffer, Int32 offset, Int32 size, TimeSpan timeout, Boolean closing)
   at System.ServiceModel.Channels.SocketConnection.Read(Byte[] buffer, Int32 offset, Int32 size, TimeSpan timeout)
   at System.ServiceModel.Channels.DelegatingConnection.Read(Byte[] buffer, Int32 offset, Int32 size, TimeSpan timeout)
   at System.ServiceModel.Channels.ConnectionStream.Read(Byte[] buffer, Int32 offset, Int32 count)
   at System.Net.FixedSizeReader.ReadPacket(Byte[] buffer, Int32 offset, Int32 count)
   at System.Net.Security.NegotiateStream.StartFrameHeader(Byte[] buffer, Int32 offset, Int32 count, AsyncProtocolRequest asyncRequest)
   at System.Net.Security.NegotiateStream.ProcessRead(Byte[] buffer, Int32 offset, Int32 count, AsyncProtocolRequest asyncRequest)
   --- End of inner exception stack trace ---
   at System.Net.Security.NegotiateStream.ProcessRead(Byte[] buffer, Int32 offset, Int32 count, AsyncProtocolRequest asyncRequest)
   at System.Net.Security.NegotiateStream.Read(Byte[] buffer, Int32 offset, Int32 count)
   at System.ServiceModel.Channels.StreamConnection.Read(Byte[] buffer, Int32 offset, Int32 size, TimeSpan timeout)
   --- End of inner exception stack trace ---
   at System.ServiceModel.Channels.StreamConnection.Read(Byte[] buffer, Int32 offset, Int32 size, TimeSpan timeout)
   at System.ServiceModel.Channels.SingletonConnectionReader.Receive(TimeSpan timeout)
   at System.ServiceModel.Channels.StreamedFramingRequestChannel.StreamedFramingRequest.WaitForReply(TimeSpan timeout)
   at System.ServiceModel.Channels.RequestChannel.Request(Message message, TimeSpan timeout)
   --- End of inner exception stack trace ---

Server stack trace: 
   at System.ServiceModel.Channels.RequestChannel.Request(Message message, TimeSpan timeout)
   at System.ServiceModel.Channels.TransactionRequestChannelGeneric`1.Request(Message message, TimeSpan timeout)
   at System.ServiceModel.Dispatcher.RequestChannelBinder.Request(Message message, TimeSpan timeout)
   at System.ServiceModel.Channels.ServiceChannel.Call(String action, Boolean oneway, ProxyOperationRuntime operation, Object[] ins, Object[] outs, TimeSpan timeout)
   at System.ServiceModel.Channels.ServiceChannelProxy.InvokeService(IMethodCallMessage methodCall, ProxyOperationRuntime operation)
   at System.ServiceModel.Channels.ServiceChannelProxy.Invoke(IMessage message)

Exception rethrown at [0]: 
   at System.Runtime.Remoting.Proxies.RealProxy.HandleReturnMessage(IMessage reqMsg, IMessage retMsg)
   at System.Runtime.Remoting.Proxies.RealProxy.PrivateInvoke(MessageData& msgData, Int32 type)
   at Petex.Service.RequestProcessor.IWcfStreamResponseProcessor.Process(MessageRequest request)
   at A.cec9e090ae538d190220f059017b75b84.Process(MessageRequest request)

method : Process([Petex.Service.RequestProcessor.MessageRequest] request = Petex.Service.RequestProcessor.MessageRequest)

2018/09/23 03:38:29.994 ERROR 133 Petex.IFM.IVM.VisualWorkflowService.c1c13b709b3df317d725c923928032d5a - An error occurred while getting bulk results.
Details:
System.TimeoutException: The request channel timed out while waiting for a reply after 00:04:56.0649958. Increase the timeout value passed to the call to Request or increase the SendTimeout value on the Binding. The time allotted to this operation may have been a portion of a longer timeout. ---> System.TimeoutException: The socket transfer timed out after 00:04:59.9950000. You have exceeded the timeout set on your binding. The time allotted to this operation may have been a portion of a longer timeout. ---> System.IO.IOException: The read operation failed, see inner exception. ---> System.TimeoutException: The socket transfer timed out after 00:04:59.9950000. You have exceeded the timeout set on your binding. The time allotted to this operation may have been a portion of a longer timeout. ---> System.Net.Sockets.SocketException: A connection attempt failed because the connected party did not properly respond after a period of time, or established connection failed because connected host has failed to respond
   at System.Net.Sockets.Socket.Receive(Byte[] buffer, Int32 offset, Int32 size, SocketFlags socketFlags)
   at System.ServiceModel.Channels.SocketConnection.ReadCore(Byte[] buffer, Int32 offset, Int32 size, TimeSpan timeout, Boolean closing)
   --- End of inner exception stack trace ---
   at System.ServiceModel.Channels.SocketConnection.ReadCore(Byte[] buffer, Int32 offset, Int32 size, TimeSpan timeout, Boolean closing)
   at System.ServiceModel.Channels.SocketConnection.Read(Byte[] buffer, Int32 offset, Int32 size, TimeSpan timeout)
   at System.ServiceModel.Channels.DelegatingConnection.Read(Byte[] buffer, Int32 offset, Int32 size, TimeSpan timeout)
   at System.ServiceModel.Channels.ConnectionStream.Read(Byte[] buffer, Int32 offset, Int32 count)
   at System.Net.FixedSizeReader.ReadPacket(Byte[] buffer, Int32 offset, Int32 count)
   at System.Net.Security.NegotiateStream.StartFrameHeader(Byte[] buffer, Int32 offset, Int32 count, AsyncProtocolRequest asyncRequest)
   at System.Net.Security.NegotiateStream.ProcessRead(Byte[] buffer, Int32 offset, Int32 count, AsyncProtocolRequest asyncRequest)
   --- End of inner exception stack trace ---
   at System.Net.Security.NegotiateStream.ProcessRead(Byte[] buffer, Int32 offset, Int32 count, AsyncProtocolRequest asyncRequest)
   at System.Net.Security.NegotiateStream.Read(Byte[] buffer, Int32 offset, Int32 count)
   at System.ServiceModel.Channels.StreamConnection.Read(Byte[] buffer, Int32 offset, Int32 size, TimeSpan timeout)
   --- End of inner exception stack trace ---
   at System.ServiceModel.Channels.StreamConnection.Read(Byte[] buffer, Int32 offset, Int32 size, TimeSpan timeout)
   at System.ServiceModel.Channels.SingletonConnectionReader.Receive(TimeSpan timeout)
   at System.ServiceModel.Channels.StreamedFramingRequestChannel.StreamedFramingRequest.WaitForReply(TimeSpan timeout)
   at System.ServiceModel.Channels.RequestChannel.Request(Message message, TimeSpan timeout)
   --- End of inner exception stack trace ---

Server stack trace: 
   at System.ServiceModel.Channels.RequestChannel.Request(Message message, TimeSpan timeout)
   at System.ServiceModel.Channels.TransactionRequestChannelGeneric`1.Request(Message message, TimeSpan timeout)
   at System.ServiceModel.Dispatcher.RequestChannelBinder.Request(Message message, TimeSpan timeout)
   at System.ServiceModel.Channels.ServiceChannel.Call(String action, Boolean oneway, ProxyOperationRuntime operation, Object[] ins, Object[] outs, TimeSpan timeout)
   at System.ServiceModel.Channels.ServiceChannelProxy.InvokeService(IMethodCallMessage methodCall, ProxyOperationRuntime operation)
   at System.ServiceModel.Channels.ServiceChannelProxy.Invoke(IMessage message)

Exception rethrown at [0]: 
   at A.c22aefe7f39df3d678dba160428b769f4.c0c4ec95a682cbefc208f4f3eb80ff6ad[c5e2460f6ebc534efe90b3230b7797cb4](Func`1 c3c081f340dcdf79e192d50757bce0bee)
   at A.c42ccb3c762729e5c1ed9dd9fb21f7a51.c2a035223c95353a451d486528bb968ce(DateTime ca50651d185b346c217028862887f6062, List`1 c94623007ea3b221db43a7a5c991a9cac, Int32 c27485bd6dedf79f29eccbe33aefab814, DateTime cc0b7aac23bdedea569c99b9f01ab5798, DateTime ca917bd7d663d59239d097b255d937590)
   at Petex.IFM.IVM.VisualWorkflowService.c1c13b709b3df317d725c923928032d5a(c0a78f935034ea252425562b3db1ea988 cc462e40687a776088a0f60dcc4dee4c5, VisualWorkflowResultOptions c97464e7151b310fab45ca8e18c9bbc4d)
2018/09/23 03:41:58.164 INFO  60 A.ca9303324ae27c9d224e829df918b1ee8.c6ae4a85f8bc1eee64ee593e8582f1fd3 - Get a Copy for model file : APC Choke Type.vwk folder id : 7 model file id : 1584 recursive at '9/23/2018 8:41:57 AM' ==> Started.
2018/09/23 03:41:58.791 INFO  60 A.ca9303324ae27c9d224e829df918b1ee8.c6ae4a85f8bc1eee64ee593e8582f1fd3 - Get a Copy for model file : APC Choke Type.vwk folder id : 7 model file id : 1584 recursive at '9/23/2018 8:41:57 AM' ==> Completed. Took 00:00:00.626
2018/09/23 03:42:26.940 INFO  124 A.ca9303324ae27c9d224e829df918b1ee8.c6ae4a85f8bc1eee64ee593e8582f1fd3 - Get a Copy for model file : APC Get EOT TVD.vwk folder id : 7 model file id : 1588 recursive at '9/23/2018 8:42:26 AM' ==> Started.
2018/09/23 03:42:27.540 INFO  124 A.ca9303324ae27c9d224e829df918b1ee8.c6ae4a85f8bc1eee64ee593e8582f1fd3 - Get a Copy for model file : APC Get EOT TVD.vwk folder id : 7 model file id : 1588 recursive at '9/23/2018 8:42:26 AM' ==> Completed. Took 00:00:00.599
2018/09/23 03:43:07.652 INFO  104 A.ca9303324ae27c9d224e829df918b1ee8.c6ae4a85f8bc1eee64ee593e8582f1fd3 - Get a Copy for model file : APC Create Flowcal Properties.vwk folder id : 7 model file id : 1976 recursive at '9/23/2018 8:43:07 AM' ==> Started.
2018/09/23 03:43:08.305 INFO  104 A.ca9303324ae27c9d224e829df918b1ee8.c6ae4a85f8bc1eee64ee593e8582f1fd3 - Get a Copy for model file : APC Create Flowcal Properties.vwk folder id : 7 model file id : 1976 recursive at '9/23/2018 8:43:07 AM' ==> Completed. Took 00:00:00.653
2018/09/23 03:43:22.307 INFO  82 A.cdc551499db0039f956e1d0666bfd1504.ca3aa6b2f13c2c1bc9c646f6abf33ed07 - Changing service from :0 to HOUMSEOSIFM007:8787
2018/09/23 03:43:32.925 ERROR 87 A.cec9e090ae538d190220f059017b75b84.Process - System.TimeoutException: The request channel timed out while waiting for a reply after 00:04:54.0250032. Increase the timeout value passed to the call to Request or increase the SendTimeout value on the Binding. The time allotted to this operation may have been a portion of a longer timeout. ---> System.TimeoutException: The socket transfer timed out after 00:04:59.9920000. You have exceeded the timeout set on your binding. The time allotted to this operation may have been a portion of a longer timeout. ---> System.IO.IOException: The read operation failed, see inner exception. ---> System.TimeoutException: The socket transfer timed out after 00:04:59.9920000. You have exceeded the timeout set on your binding. The time allotted to this operation may have been a portion of a longer timeout. ---> System.Net.Sockets.SocketException: A connection attempt failed because the connected party did not properly respond after a period of time, or established connection failed because connected host has failed to respond
   at System.Net.Sockets.Socket.Receive(Byte[] buffer, Int32 offset, Int32 size, SocketFlags socketFlags)
   at System.ServiceModel.Channels.SocketConnection.ReadCore(Byte[] buffer, Int32 offset, Int32 size, TimeSpan timeout, Boolean closing)
   --- End of inner exception stack trace ---
   at System.ServiceModel.Channels.SocketConnection.ReadCore(Byte[] buffer, Int32 offset, Int32 size, TimeSpan timeout, Boolean closing)
   at System.ServiceModel.Channels.SocketConnection.Read(Byte[] buffer, Int32 offset, Int32 size, TimeSpan timeout)
   at System.ServiceModel.Channels.DelegatingConnection.Read(Byte[] buffer, Int32 offset, Int32 size, TimeSpan timeout)
   at System.ServiceModel.Channels.ConnectionStream.Read(Byte[] buffer, Int32 offset, Int32 count)
   at System.Net.FixedSizeReader.ReadPacket(Byte[] buffer, Int32 offset, Int32 count)
   at System.Net.Security.NegotiateStream.StartFrameHeader(Byte[] buffer, Int32 offset, Int32 count, AsyncProtocolRequest asyncRequest)
   at System.Net.Security.NegotiateStream.ProcessRead(Byte[] buffer, Int32 offset, Int32 count, AsyncProtocolRequest asyncRequest)
   --- End of inner exception stack trace ---
   at System.Net.Security.NegotiateStream.ProcessRead(Byte[] buffer, Int32 offset, Int32 count, AsyncProtocolRequest asyncRequest)
   at System.Net.Security.NegotiateStream.Read(Byte[] buffer, Int32 offset, Int32 count)
   at System.ServiceModel.Channels.StreamConnection.Read(Byte[] buffer, Int32 offset, Int32 size, TimeSpan timeout)
   --- End of inner exception stack trace ---
   at System.ServiceModel.Channels.StreamConnection.Read(Byte[] buffer, Int32 offset, Int32 size, TimeSpan timeout)
   at System.ServiceModel.Channels.SingletonConnectionReader.Receive(TimeSpan timeout)
   at System.ServiceModel.Channels.StreamedFramingRequestChannel.StreamedFramingRequest.WaitForReply(TimeSpan timeout)
   at System.ServiceModel.Channels.RequestChannel.Request(Message message, TimeSpan timeout)
   --- End of inner exception stack trace ---

Server stack trace: 
   at System.ServiceModel.Channels.RequestChannel.Request(Message message, TimeSpan timeout)
   at System.ServiceModel.Channels.TransactionRequestChannelGeneric`1.Request(Message message, TimeSpan timeout)
   at System.ServiceModel.Dispatcher.RequestChannelBinder.Request(Message message, TimeSpan timeout)
   at System.ServiceModel.Channels.ServiceChannel.Call(String action, Boolean oneway, ProxyOperationRuntime operation, Object[] ins, Object[] outs, TimeSpan timeout)
   at System.ServiceModel.Channels.ServiceChannelProxy.InvokeService(IMethodCallMessage methodCall, ProxyOperationRuntime operation)
   at System.ServiceModel.Channels.ServiceChannelProxy.Invoke(IMessage message)

Exception rethrown at [0]: 
   at System.Runtime.Remoting.Proxies.RealProxy.HandleReturnMessage(IMessage reqMsg, IMessage retMsg)
   at System.Runtime.Remoting.Proxies.RealProxy.PrivateInvoke(MessageData& msgData, Int32 type)
   at Petex.Service.RequestProcessor.IWcfStreamResponseProcessor.Process(MessageRequest request)
   at A.cec9e090ae538d190220f059017b75b84.Process(MessageRequest request)
Details:
System.TimeoutException: The request channel timed out while waiting for a reply after 00:04:54.0250032. Increase the timeout value passed to the call to Request or increase the SendTimeout value on the Binding. The time allotted to this operation may have been a portion of a longer timeout. ---> System.TimeoutException: The socket transfer timed out after 00:04:59.9920000. You have exceeded the timeout set on your binding. The time allotted to this operation may have been a portion of a longer timeout. ---> System.IO.IOException: The read operation failed, see inner exception. ---> System.TimeoutException: The socket transfer timed out after 00:04:59.9920000. You have exceeded the timeout set on your binding. The time allotted to this operation may have been a portion of a longer timeout. ---> System.Net.Sockets.SocketException: A connection attempt failed because the connected party did not properly respond after a period of time, or established connection failed because connected host has failed to respond
   at System.Net.Sockets.Socket.Receive(Byte[] buffer, Int32 offset, Int32 size, SocketFlags socketFlags)
   at System.ServiceModel.Channels.SocketConnection.ReadCore(Byte[] buffer, Int32 offset, Int32 size, TimeSpan timeout, Boolean closing)
   --- End of inner exception stack trace ---
   at System.ServiceModel.Channels.SocketConnection.ReadCore(Byte[] buffer, Int32 offset, Int32 size, TimeSpan timeout, Boolean closing)
   at System.ServiceModel.Channels.SocketConnection.Read(Byte[] buffer, Int32 offset, Int32 size, TimeSpan timeout)
   at System.ServiceModel.Channels.DelegatingConnection.Read(Byte[] buffer, Int32 offset, Int32 size, TimeSpan timeout)
   at System.ServiceModel.Channels.ConnectionStream.Read(Byte[] buffer, Int32 offset, Int32 count)
   at System.Net.FixedSizeReader.ReadPacket(Byte[] buffer, Int32 offset, Int32 count)
   at System.Net.Security.NegotiateStream.StartFrameHeader(Byte[] buffer, Int32 offset, Int32 count, AsyncProtocolRequest asyncRequest)
   at System.Net.Security.NegotiateStream.ProcessRead(Byte[] buffer, Int32 offset, Int32 count, AsyncProtocolRequest asyncRequest)
   --- End of inner exception stack trace ---
   at System.Net.Security.NegotiateStream.ProcessRead(Byte[] buffer, Int32 offset, Int32 count, AsyncProtocolRequest asyncRequest)
   at System.Net.Security.NegotiateStream.Read(Byte[] buffer, Int32 offset, Int32 count)
   at System.ServiceModel.Channels.StreamConnection.Read(Byte[] buffer, Int32 offset, Int32 size, TimeSpan timeout)
   --- End of inner exception stack trace ---
   at System.ServiceModel.Channels.StreamConnection.Read(Byte[] buffer, Int32 offset, Int32 size, TimeSpan timeout)
   at System.ServiceModel.Channels.SingletonConnectionReader.Receive(TimeSpan timeout)
   at System.ServiceModel.Channels.StreamedFramingRequestChannel.StreamedFramingRequest.WaitForReply(TimeSpan timeout)
   at System.ServiceModel.Channels.RequestChannel.Request(Message message, TimeSpan timeout)
   --- End of inner exception stack trace ---

Server stack trace: 
   at System.ServiceModel.Channels.RequestChannel.Request(Message message, TimeSpan timeout)
   at System.ServiceModel.Channels.TransactionRequestChannelGeneric`1.Request(Message message, TimeSpan timeout)
   at System.ServiceModel.Dispatcher.RequestChannelBinder.Request(Message message, TimeSpan timeout)
   at System.ServiceModel.Channels.ServiceChannel.Call(String action, Boolean oneway, ProxyOperationRuntime operation, Object[] ins, Object[] outs, TimeSpan timeout)
   at System.ServiceModel.Channels.ServiceChannelProxy.InvokeService(IMethodCallMessage methodCall, ProxyOperationRuntime operation)
   at System.ServiceModel.Channels.ServiceChannelProxy.Invoke(IMessage message)

Exception rethrown at [0]: 
   at System.Runtime.Remoting.Proxies.RealProxy.HandleReturnMessage(IMessage reqMsg, IMessage retMsg)
   at System.Runtime.Remoting.Proxies.RealProxy.PrivateInvoke(MessageData& msgData, Int32 type)
   at Petex.Service.RequestProcessor.IWcfStreamResponseProcessor.Process(MessageRequest request)
   at A.cec9e090ae538d190220f059017b75b84.Process(MessageRequest request)
2018/09/23 03:43:32.931 ERROR 87 A.cec9e090ae538d190220f059017b75b84 (Thread 87) ProcID (36972) - System.TimeoutException: The request channel timed out while waiting for a reply after 00:04:54.0250032. Increase the timeout value passed to the call to Request or increase the SendTimeout value on the Binding. The time allotted to this operation may have been a portion of a longer timeout. ---> System.TimeoutException: The socket transfer timed out after 00:04:59.9920000. You have exceeded the timeout set on your binding. The time allotted to this operation may have been a portion of a longer timeout. ---> System.IO.IOException: The read operation failed, see inner exception. ---> System.TimeoutException: The socket transfer timed out after 00:04:59.9920000. You have exceeded the timeout set on your binding. The time allotted to this operation may have been a portion of a longer timeout. ---> System.Net.Sockets.SocketException: A connection attempt failed because the connected party did not properly respond after a period of time, or established connection failed because connected host has failed to respond
   at System.Net.Sockets.Socket.Receive(Byte[] buffer, Int32 offset, Int32 size, SocketFlags socketFlags)
   at System.ServiceModel.Channels.SocketConnection.ReadCore(Byte[] buffer, Int32 offset, Int32 size, TimeSpan timeout, Boolean closing)
   --- End of inner exception stack trace ---
   at System.ServiceModel.Channels.SocketConnection.ReadCore(Byte[] buffer, Int32 offset, Int32 size, TimeSpan timeout, Boolean closing)
   at System.ServiceModel.Channels.SocketConnection.Read(Byte[] buffer, Int32 offset, Int32 size, TimeSpan timeout)
   at System.ServiceModel.Channels.DelegatingConnection.Read(Byte[] buffer, Int32 offset, Int32 size, TimeSpan timeout)
   at System.ServiceModel.Channels.ConnectionStream.Read(Byte[] buffer, Int32 offset, Int32 count)
   at System.Net.FixedSizeReader.ReadPacket(Byte[] buffer, Int32 offset, Int32 count)
   at System.Net.Security.NegotiateStream.StartFrameHeader(Byte[] buffer, Int32 offset, Int32 count, AsyncProtocolRequest asyncRequest)
   at System.Net.Security.NegotiateStream.ProcessRead(Byte[] buffer, Int32 offset, Int32 count, AsyncProtocolRequest asyncRequest)
   --- End of inner exception stack trace ---
   at System.Net.Security.NegotiateStream.ProcessRead(Byte[] buffer, Int32 offset, Int32 count, AsyncProtocolRequest asyncRequest)
   at System.Net.Security.NegotiateStream.Read(Byte[] buffer, Int32 offset, Int32 count)
   at System.ServiceModel.Channels.StreamConnection.Read(Byte[] buffer, Int32 offset, Int32 size, TimeSpan timeout)
   --- End of inner exception stack trace ---
   at System.ServiceModel.Channels.StreamConnection.Read(Byte[] buffer, Int32 offset, Int32 size, TimeSpan timeout)
   at System.ServiceModel.Channels.SingletonConnectionReader.Receive(TimeSpan timeout)
   at System.ServiceModel.Channels.StreamedFramingRequestChannel.StreamedFramingRequest.WaitForReply(TimeSpan timeout)
   at System.ServiceModel.Channels.RequestChannel.Request(Message message, TimeSpan timeout)
   --- End of inner exception stack trace ---

Server stack trace: 
   at System.ServiceModel.Channels.RequestChannel.Request(Message message, TimeSpan timeout)
   at System.ServiceModel.Channels.TransactionRequestChannelGeneric`1.Request(Message message, TimeSpan timeout)
   at System.ServiceModel.Dispatcher.RequestChannelBinder.Request(Message message, TimeSpan timeout)
   at System.ServiceModel.Channels.ServiceChannel.Call(String action, Boolean oneway, ProxyOperationRuntime operation, Object[] ins, Object[] outs, TimeSpan timeout)
   at System.ServiceModel.Channels.ServiceChannelProxy.InvokeService(IMethodCallMessage methodCall, ProxyOperationRuntime operation)
   at System.ServiceModel.Channels.ServiceChannelProxy.Invoke(IMessage message)

Exception rethrown at [0]: 
   at System.Runtime.Remoting.Proxies.RealProxy.HandleReturnMessage(IMessage reqMsg, IMessage retMsg)
   at System.Runtime.Remoting.Proxies.RealProxy.PrivateInvoke(MessageData& msgData, Int32 type)
   at Petex.Service.RequestProcessor.IWcfStreamResponseProcessor.Process(MessageRequest request)
   at A.cec9e090ae538d190220f059017b75b84.Process(MessageRequest request)

method : Process([Petex.Service.RequestProcessor.MessageRequest] request = Petex.Service.RequestProcessor.MessageRequest)

2018/09/23 03:43:32.934 ERROR 132 Petex.IFM.IVM.VisualWorkflowService.c1c13b709b3df317d725c923928032d5a - An error occurred while getting bulk results.
Details:
System.TimeoutException: The request channel timed out while waiting for a reply after 00:04:54.0250032. Increase the timeout value passed to the call to Request or increase the SendTimeout value on the Binding. The time allotted to this operation may have been a portion of a longer timeout. ---> System.TimeoutException: The socket transfer timed out after 00:04:59.9920000. You have exceeded the timeout set on your binding. The time allotted to this operation may have been a portion of a longer timeout. ---> System.IO.IOException: The read operation failed, see inner exception. ---> System.TimeoutException: The socket transfer timed out after 00:04:59.9920000. You have exceeded the timeout set on your binding. The time allotted to this operation may have been a portion of a longer timeout. ---> System.Net.Sockets.SocketException: A connection attempt failed because the connected party did not properly respond after a period of time, or established connection failed because connected host has failed to respond
   at System.Net.Sockets.Socket.Receive(Byte[] buffer, Int32 offset, Int32 size, SocketFlags socketFlags)
   at System.ServiceModel.Channels.SocketConnection.ReadCore(Byte[] buffer, Int32 offset, Int32 size, TimeSpan timeout, Boolean closing)
   --- End of inner exception stack trace ---
   at System.ServiceModel.Channels.SocketConnection.ReadCore(Byte[] buffer, Int32 offset, Int32 size, TimeSpan timeout, Boolean closing)
   at System.ServiceModel.Channels.SocketConnection.Read(Byte[] buffer, Int32 offset, Int32 size, TimeSpan timeout)
   at System.ServiceModel.Channels.DelegatingConnection.Read(Byte[] buffer, Int32 offset, Int32 size, TimeSpan timeout)
   at System.ServiceModel.Channels.ConnectionStream.Read(Byte[] buffer, Int32 offset, Int32 count)
   at System.Net.FixedSizeReader.ReadPacket(Byte[] buffer, Int32 offset, Int32 count)
   at System.Net.Security.NegotiateStream.StartFrameHeader(Byte[] buffer, Int32 offset, Int32 count, AsyncProtocolRequest asyncRequest)
   at System.Net.Security.NegotiateStream.ProcessRead(Byte[] buffer, Int32 offset, Int32 count, AsyncProtocolRequest asyncRequest)
   --- End of inner exception stack trace ---
   at System.Net.Security.NegotiateStream.ProcessRead(Byte[] buffer, Int32 offset, Int32 count, AsyncProtocolRequest asyncRequest)
   at System.Net.Security.NegotiateStream.Read(Byte[] buffer, Int32 offset, Int32 count)
   at System.ServiceModel.Channels.StreamConnection.Read(Byte[] buffer, Int32 offset, Int32 size, TimeSpan timeout)
   --- End of inner exception stack trace ---
   at System.ServiceModel.Channels.StreamConnection.Read(Byte[] buffer, Int32 offset, Int32 size, TimeSpan timeout)
   at System.ServiceModel.Channels.SingletonConnectionReader.Receive(TimeSpan timeout)
   at System.ServiceModel.Channels.StreamedFramingRequestChannel.StreamedFramingRequest.WaitForReply(TimeSpan timeout)
   at System.ServiceModel.Channels.RequestChannel.Request(Message message, TimeSpan timeout)
   --- End of inner exception stack trace ---

Server stack trace: 
   at System.ServiceModel.Channels.RequestChannel.Request(Message message, TimeSpan timeout)
   at System.ServiceModel.Channels.TransactionRequestChannelGeneric`1.Request(Message message, TimeSpan timeout)
   at System.ServiceModel.Dispatcher.RequestChannelBinder.Request(Message message, TimeSpan timeout)
   at System.ServiceModel.Channels.ServiceChannel.Call(String action, Boolean oneway, ProxyOperationRuntime operation, Object[] ins, Object[] outs, TimeSpan timeout)
   at System.ServiceModel.Channels.ServiceChannelProxy.InvokeService(IMethodCallMessage methodCall, ProxyOperationRuntime operation)
   at System.ServiceModel.Channels.ServiceChannelProxy.Invoke(IMessage message)

Exception rethrown at [0]: 
   at A.c22aefe7f39df3d678dba160428b769f4.c0c4ec95a682cbefc208f4f3eb80ff6ad[c5e2460f6ebc534efe90b3230b7797cb4](Func`1 c3c081f340dcdf79e192d50757bce0bee)
   at A.c42ccb3c762729e5c1ed9dd9fb21f7a51.c2a035223c95353a451d486528bb968ce(DateTime ca50651d185b346c217028862887f6062, List`1 c94623007ea3b221db43a7a5c991a9cac, Int32 c27485bd6dedf79f29eccbe33aefab814, DateTime cc0b7aac23bdedea569c99b9f01ab5798, DateTime ca917bd7d663d59239d097b255d937590)
   at Petex.IFM.IVM.VisualWorkflowService.c1c13b709b3df317d725c923928032d5a(c0a78f935034ea252425562b3db1ea988 cc462e40687a776088a0f60dcc4dee4c5, VisualWorkflowResultOptions c97464e7151b310fab45ca8e18c9bbc4d)
2018/09/23 03:48:23.297 INFO  74 A.cdc551499db0039f956e1d0666bfd1504.ca3aa6b2f13c2c1bc9c646f6abf33ed07 - Changing service from :0 to HOUMSEOSIFM007:8787
2018/09/23 03:48:35.926 ERROR 73 A.cec9e090ae538d190220f059017b75b84.Process - System.TimeoutException: The request channel timed out while waiting for a reply after 00:04:50.5660017. Increase the timeout value passed to the call to Request or increase the SendTimeout value on the Binding. The time allotted to this operation may have been a portion of a longer timeout. ---> System.TimeoutException: The socket transfer timed out after 00:04:59.9930000. You have exceeded the timeout set on your binding. The time allotted to this operation may have been a portion of a longer timeout. ---> System.IO.IOException: The read operation failed, see inner exception. ---> System.TimeoutException: The socket transfer timed out after 00:04:59.9930000. You have exceeded the timeout set on your binding. The time allotted to this operation may have been a portion of a longer timeout. ---> System.Net.Sockets.SocketException: A connection attempt failed because the connected party did not properly respond after a period of time, or established connection failed because connected host has failed to respond
   at System.Net.Sockets.Socket.Receive(Byte[] buffer, Int32 offset, Int32 size, SocketFlags socketFlags)
   at System.ServiceModel.Channels.SocketConnection.ReadCore(Byte[] buffer, Int32 offset, Int32 size, TimeSpan timeout, Boolean closing)
   --- End of inner exception stack trace ---
   at System.ServiceModel.Channels.SocketConnection.ReadCore(Byte[] buffer, Int32 offset, Int32 size, TimeSpan timeout, Boolean closing)
   at System.ServiceModel.Channels.SocketConnection.Read(Byte[] buffer, Int32 offset, Int32 size, TimeSpan timeout)
   at System.ServiceModel.Channels.DelegatingConnection.Read(Byte[] buffer, Int32 offset, Int32 size, TimeSpan timeout)
   at System.ServiceModel.Channels.ConnectionStream.Read(Byte[] buffer, Int32 offset, Int32 count)
   at System.Net.FixedSizeReader.ReadPacket(Byte[] buffer, Int32 offset, Int32 count)
   at System.Net.Security.NegotiateStream.StartFrameHeader(Byte[] buffer, Int32 offset, Int32 count, AsyncProtocolRequest asyncRequest)
   at System.Net.Security.NegotiateStream.ProcessRead(Byte[] buffer, Int32 offset, Int32 count, AsyncProtocolRequest asyncRequest)
   --- End of inner exception stack trace ---
   at System.Net.Security.NegotiateStream.ProcessRead(Byte[] buffer, Int32 offset, Int32 count, AsyncProtocolRequest asyncRequest)
   at System.Net.Security.NegotiateStream.Read(Byte[] buffer, Int32 offset, Int32 count)
   at System.ServiceModel.Channels.StreamConnection.Read(Byte[] buffer, Int32 offset, Int32 size, TimeSpan timeout)
   --- End of inner exception stack trace ---
   at System.ServiceModel.Channels.StreamConnection.Read(Byte[] buffer, Int32 offset, Int32 size, TimeSpan timeout)
   at System.ServiceModel.Channels.SingletonConnectionReader.Receive(TimeSpan timeout)
   at System.ServiceModel.Channels.StreamedFramingRequestChannel.StreamedFramingRequest.WaitForReply(TimeSpan timeout)
   at System.ServiceModel.Channels.RequestChannel.Request(Message message, TimeSpan timeout)
   --- End of inner exception stack trace ---

Server stack trace: 
   at System.ServiceModel.Channels.RequestChannel.Request(Message message, TimeSpan timeout)
   at System.ServiceModel.Channels.TransactionRequestChannelGeneric`1.Request(Message message, TimeSpan timeout)
   at System.ServiceModel.Dispatcher.RequestChannelBinder.Request(Message message, TimeSpan timeout)
   at System.ServiceModel.Channels.ServiceChannel.Call(String action, Boolean oneway, ProxyOperationRuntime operation, Object[] ins, Object[] outs, TimeSpan timeout)
   at System.ServiceModel.Channels.ServiceChannelProxy.InvokeService(IMethodCallMessage methodCall, ProxyOperationRuntime operation)
   at System.ServiceModel.Channels.ServiceChannelProxy.Invoke(IMessage message)

Exception rethrown at [0]: 
   at System.Runtime.Remoting.Proxies.RealProxy.HandleReturnMessage(IMessage reqMsg, IMessage retMsg)
   at System.Runtime.Remoting.Proxies.RealProxy.PrivateInvoke(MessageData& msgData, Int32 type)
   at Petex.Service.RequestProcessor.IWcfStreamResponseProcessor.Process(MessageRequest request)
   at A.cec9e090ae538d190220f059017b75b84.Process(MessageRequest request)
Details:
System.TimeoutException: The request channel timed out while waiting for a reply after 00:04:50.5660017. Increase the timeout value passed to the call to Request or increase the SendTimeout value on the Binding. The time allotted to this operation may have been a portion of a longer timeout. ---> System.TimeoutException: The socket transfer timed out after 00:04:59.9930000. You have exceeded the timeout set on your binding. The time allotted to this operation may have been a portion of a longer timeout. ---> System.IO.IOException: The read operation failed, see inner exception. ---> System.TimeoutException: The socket transfer timed out after 00:04:59.9930000. You have exceeded the timeout set on your binding. The time allotted to this operation may have been a portion of a longer timeout. ---> System.Net.Sockets.SocketException: A connection attempt failed because the connected party did not properly respond after a period of time, or established connection failed because connected host has failed to respond
   at System.Net.Sockets.Socket.Receive(Byte[] buffer, Int32 offset, Int32 size, SocketFlags socketFlags)
   at System.ServiceModel.Channels.SocketConnection.ReadCore(Byte[] buffer, Int32 offset, Int32 size, TimeSpan timeout, Boolean closing)
   --- End of inner exception stack trace ---
   at System.ServiceModel.Channels.SocketConnection.ReadCore(Byte[] buffer, Int32 offset, Int32 size, TimeSpan timeout, Boolean closing)
   at System.ServiceModel.Channels.SocketConnection.Read(Byte[] buffer, Int32 offset, Int32 size, TimeSpan timeout)
   at System.ServiceModel.Channels.DelegatingConnection.Read(Byte[] buffer, Int32 offset, Int32 size, TimeSpan timeout)
   at System.ServiceModel.Channels.ConnectionStream.Read(Byte[] buffer, Int32 offset, Int32 count)
   at System.Net.FixedSizeReader.ReadPacket(Byte[] buffer, Int32 offset, Int32 count)
   at System.Net.Security.NegotiateStream.StartFrameHeader(Byte[] buffer, Int32 offset, Int32 count, AsyncProtocolRequest asyncRequest)
   at System.Net.Security.NegotiateStream.ProcessRead(Byte[] buffer, Int32 offset, Int32 count, AsyncProtocolRequest asyncRequest)
   --- End of inner exception stack trace ---
   at System.Net.Security.NegotiateStream.ProcessRead(Byte[] buffer, Int32 offset, Int32 count, AsyncProtocolRequest asyncRequest)
   at System.Net.Security.NegotiateStream.Read(Byte[] buffer, Int32 offset, Int32 count)
   at System.ServiceModel.Channels.StreamConnection.Read(Byte[] buffer, Int32 offset, Int32 size, TimeSpan timeout)
   --- End of inner exception stack trace ---
   at System.ServiceModel.Channels.StreamConnection.Read(Byte[] buffer, Int32 offset, Int32 size, TimeSpan timeout)
   at System.ServiceModel.Channels.SingletonConnectionReader.Receive(TimeSpan timeout)
   at System.ServiceModel.Channels.StreamedFramingRequestChannel.StreamedFramingRequest.WaitForReply(TimeSpan timeout)
   at System.ServiceModel.Channels.RequestChannel.Request(Message message, TimeSpan timeout)
   --- End of inner exception stack trace ---

Server stack trace: 
   at System.ServiceModel.Channels.RequestChannel.Request(Message message, TimeSpan timeout)
   at System.ServiceModel.Channels.TransactionRequestChannelGeneric`1.Request(Message message, TimeSpan timeout)
   at System.ServiceModel.Dispatcher.RequestChannelBinder.Request(Message message, TimeSpan timeout)
   at System.ServiceModel.Channels.ServiceChannel.Call(String action, Boolean oneway, ProxyOperationRuntime operation, Object[] ins, Object[] outs, TimeSpan timeout)
   at System.ServiceModel.Channels.ServiceChannelProxy.InvokeService(IMethodCallMessage methodCall, ProxyOperationRuntime operation)
   at System.ServiceModel.Channels.ServiceChannelProxy.Invoke(IMessage message)

Exception rethrown at [0]: 
   at System.Runtime.Remoting.Proxies.RealProxy.HandleReturnMessage(IMessage reqMsg, IMessage retMsg)
   at System.Runtime.Remoting.Proxies.RealProxy.PrivateInvoke(MessageData& msgData, Int32 type)
   at Petex.Service.RequestProcessor.IWcfStreamResponseProcessor.Process(MessageRequest request)
   at A.cec9e090ae538d190220f059017b75b84.Process(MessageRequest request)
2018/09/23 03:48:35.928 ERROR 73 A.cec9e090ae538d190220f059017b75b84 (Thread 73) ProcID (36972) - System.TimeoutException: The request channel timed out while waiting for a reply after 00:04:50.5660017. Increase the timeout value passed to the call to Request or increase the SendTimeout value on the Binding. The time allotted to this operation may have been a portion of a longer timeout. ---> System.TimeoutException: The socket transfer timed out after 00:04:59.9930000. You have exceeded the timeout set on your binding. The time allotted to this operation may have been a portion of a longer timeout. ---> System.IO.IOException: The read operation failed, see inner exception. ---> System.TimeoutException: The socket transfer timed out after 00:04:59.9930000. You have exceeded the timeout set on your binding. The time allotted to this operation may have been a portion of a longer timeout. ---> System.Net.Sockets.SocketException: A connection attempt failed because the connected party did not properly respond after a period of time, or established connection failed because connected host has failed to respond
   at System.Net.Sockets.Socket.Receive(Byte[] buffer, Int32 offset, Int32 size, SocketFlags socketFlags)
   at System.ServiceModel.Channels.SocketConnection.ReadCore(Byte[] buffer, Int32 offset, Int32 size, TimeSpan timeout, Boolean closing)
   --- End of inner exception stack trace ---
   at System.ServiceModel.Channels.SocketConnection.ReadCore(Byte[] buffer, Int32 offset, Int32 size, TimeSpan timeout, Boolean closing)
   at System.ServiceModel.Channels.SocketConnection.Read(Byte[] buffer, Int32 offset, Int32 size, TimeSpan timeout)
   at System.ServiceModel.Channels.DelegatingConnection.Read(Byte[] buffer, Int32 offset, Int32 size, TimeSpan timeout)
   at System.ServiceModel.Channels.ConnectionStream.Read(Byte[] buffer, Int32 offset, Int32 count)
   at System.Net.FixedSizeReader.ReadPacket(Byte[] buffer, Int32 offset, Int32 count)
   at System.Net.Security.NegotiateStream.StartFrameHeader(Byte[] buffer, Int32 offset, Int32 count, AsyncProtocolRequest asyncRequest)
   at System.Net.Security.NegotiateStream.ProcessRead(Byte[] buffer, Int32 offset, Int32 count, AsyncProtocolRequest asyncRequest)
   --- End of inner exception stack trace ---
   at System.Net.Security.NegotiateStream.ProcessRead(Byte[] buffer, Int32 offset, Int32 count, AsyncProtocolRequest asyncRequest)
   at System.Net.Security.NegotiateStream.Read(Byte[] buffer, Int32 offset, Int32 count)
   at System.ServiceModel.Channels.StreamConnection.Read(Byte[] buffer, Int32 offset, Int32 size, TimeSpan timeout)
   --- End of inner exception stack trace ---
   at System.ServiceModel.Channels.StreamConnection.Read(Byte[] buffer, Int32 offset, Int32 size, TimeSpan timeout)
   at System.ServiceModel.Channels.SingletonConnectionReader.Receive(TimeSpan timeout)
   at System.ServiceModel.Channels.StreamedFramingRequestChannel.StreamedFramingRequest.WaitForReply(TimeSpan timeout)
   at System.ServiceModel.Channels.RequestChannel.Request(Message message, TimeSpan timeout)
   --- End of inner exception stack trace ---

Server stack trace: 
   at System.ServiceModel.Channels.RequestChannel.Request(Message message, TimeSpan timeout)
   at System.ServiceModel.Channels.TransactionRequestChannelGeneric`1.Request(Message message, TimeSpan timeout)
   at System.ServiceModel.Dispatcher.RequestChannelBinder.Request(Message message, TimeSpan timeout)
   at System.ServiceModel.Channels.ServiceChannel.Call(String action, Boolean oneway, ProxyOperationRuntime operation, Object[] ins, Object[] outs, TimeSpan timeout)
   at System.ServiceModel.Channels.ServiceChannelProxy.InvokeService(IMethodCallMessage methodCall, ProxyOperationRuntime operation)
   at System.ServiceModel.Channels.ServiceChannelProxy.Invoke(IMessage message)

Exception rethrown at [0]: 
   at System.Runtime.Remoting.Proxies.RealProxy.HandleReturnMessage(IMessage reqMsg, IMessage retMsg)
   at System.Runtime.Remoting.Proxies.RealProxy.PrivateInvoke(MessageData& msgData, Int32 type)
   at Petex.Service.RequestProcessor.IWcfStreamResponseProcessor.Process(MessageRequest request)
   at A.cec9e090ae538d190220f059017b75b84.Process(MessageRequest request)

method : Process([Petex.Service.RequestProcessor.MessageRequest] request = Petex.Service.RequestProcessor.MessageRequest)

2018/09/23 03:48:35.930 ERROR 102 Petex.IFM.IVM.VisualWorkflowService.c1c13b709b3df317d725c923928032d5a - An error occurred while getting bulk results.
Details:
System.TimeoutException: The request channel timed out while waiting for a reply after 00:04:50.5660017. Increase the timeout value passed to the call to Request or increase the SendTimeout value on the Binding. The time allotted to this operation may have been a portion of a longer timeout. ---> System.TimeoutException: The socket transfer timed out after 00:04:59.9930000. You have exceeded the timeout set on your binding. The time allotted to this operation may have been a portion of a longer timeout. ---> System.IO.IOException: The read operation failed, see inner exception. ---> System.TimeoutException: The socket transfer timed out after 00:04:59.9930000. You have exceeded the timeout set on your binding. The time allotted to this operation may have been a portion of a longer timeout. ---> System.Net.Sockets.SocketException: A connection attempt failed because the connected party did not properly respond after a period of time, or established connection failed because connected host has failed to respond
   at System.Net.Sockets.Socket.Receive(Byte[] buffer, Int32 offset, Int32 size, SocketFlags socketFlags)
   at System.ServiceModel.Channels.SocketConnection.ReadCore(Byte[] buffer, Int32 offset, Int32 size, TimeSpan timeout, Boolean closing)
   --- End of inner exception stack trace ---
   at System.ServiceModel.Channels.SocketConnection.ReadCore(Byte[] buffer, Int32 offset, Int32 size, TimeSpan timeout, Boolean closing)
   at System.ServiceModel.Channels.SocketConnection.Read(Byte[] buffer, Int32 offset, Int32 size, TimeSpan timeout)
   at System.ServiceModel.Channels.DelegatingConnection.Read(Byte[] buffer, Int32 offset, Int32 size, TimeSpan timeout)
   at System.ServiceModel.Channels.ConnectionStream.Read(Byte[] buffer, Int32 offset, Int32 count)
   at System.Net.FixedSizeReader.ReadPacket(Byte[] buffer, Int32 offset, Int32 count)
   at System.Net.Security.NegotiateStream.StartFrameHeader(Byte[] buffer, Int32 offset, Int32 count, AsyncProtocolRequest asyncRequest)
   at System.Net.Security.NegotiateStream.ProcessRead(Byte[] buffer, Int32 offset, Int32 count, AsyncProtocolRequest asyncRequest)
   --- End of inner exception stack trace ---
   at System.Net.Security.NegotiateStream.ProcessRead(Byte[] buffer, Int32 offset, Int32 count, AsyncProtocolRequest asyncRequest)
   at System.Net.Security.NegotiateStream.Read(Byte[] buffer, Int32 offset, Int32 count)
   at System.ServiceModel.Channels.StreamConnection.Read(Byte[] buffer, Int32 offset, Int32 size, TimeSpan timeout)
   --- End of inner exception stack trace ---
   at System.ServiceModel.Channels.StreamConnection.Read(Byte[] buffer, Int32 offset, Int32 size, TimeSpan timeout)
   at System.ServiceModel.Channels.SingletonConnectionReader.Receive(TimeSpan timeout)
   at System.ServiceModel.Channels.StreamedFramingRequestChannel.StreamedFramingRequest.WaitForReply(TimeSpan timeout)
   at System.ServiceModel.Channels.RequestChannel.Request(Message message, TimeSpan timeout)
   --- End of inner exception stack trace ---

Server stack trace: 
   at System.ServiceModel.Channels.RequestChannel.Request(Message message, TimeSpan timeout)
   at System.ServiceModel.Channels.TransactionRequestChannelGeneric`1.Request(Message message, TimeSpan timeout)
   at System.ServiceModel.Dispatcher.RequestChannelBinder.Request(Message message, TimeSpan timeout)
   at System.ServiceModel.Channels.ServiceChannel.Call(String action, Boolean oneway, ProxyOperationRuntime operation, Object[] ins, Object[] outs, TimeSpan timeout)
   at System.ServiceModel.Channels.ServiceChannelProxy.InvokeService(IMethodCallMessage methodCall, ProxyOperationRuntime operation)
   at System.ServiceModel.Channels.ServiceChannelProxy.Invoke(IMessage message)

Exception rethrown at [0]: 
   at A.c22aefe7f39df3d678dba160428b769f4.c0c4ec95a682cbefc208f4f3eb80ff6ad[c5e2460f6ebc534efe90b3230b7797cb4](Func`1 c3c081f340dcdf79e192d50757bce0bee)
   at A.c42ccb3c762729e5c1ed9dd9fb21f7a51.c2a035223c95353a451d486528bb968ce(DateTime ca50651d185b346c217028862887f6062, List`1 c94623007ea3b221db43a7a5c991a9cac, Int32 c27485bd6dedf79f29eccbe33aefab814, DateTime cc0b7aac23bdedea569c99b9f01ab5798, DateTime ca917bd7d663d59239d097b255d937590)
   at Petex.IFM.IVM.VisualWorkflowService.c1c13b709b3df317d725c923928032d5a(c0a78f935034ea252425562b3db1ea988 cc462e40687a776088a0f60dcc4dee4c5, VisualWorkflowResultOptions c97464e7151b310fab45ca8e18c9bbc4d)
2018/09/23 03:53:23.286 INFO  90 A.cdc551499db0039f956e1d0666bfd1504.ca3aa6b2f13c2c1bc9c646f6abf33ed07 - Changing service from :0 to HOUMSEOSIFM007:8787
2018/09/23 03:53:29.095 ERROR 95 A.cec9e090ae538d190220f059017b75b84.Process - System.TimeoutException: The request channel timed out while waiting for a reply after 00:04:57.2179983. Increase the timeout value passed to the call to Request or increase the SendTimeout value on the Binding. The time allotted to this operation may have been a portion of a longer timeout. ---> System.TimeoutException: The socket transfer timed out after 00:04:59.9950000. You have exceeded the timeout set on your binding. The time allotted to this operation may have been a portion of a longer timeout. ---> System.IO.IOException: The read operation failed, see inner exception. ---> System.TimeoutException: The socket transfer timed out after 00:04:59.9950000. You have exceeded the timeout set on your binding. The time allotted to this operation may have been a portion of a longer timeout. ---> System.Net.Sockets.SocketException: A connection attempt failed because the connected party did not properly respond after a period of time, or established connection failed because connected host has failed to respond
   at System.Net.Sockets.Socket.Receive(Byte[] buffer, Int32 offset, Int32 size, SocketFlags socketFlags)
   at System.ServiceModel.Channels.SocketConnection.ReadCore(Byte[] buffer, Int32 offset, Int32 size, TimeSpan timeout, Boolean closing)
   --- End of inner exception stack trace ---
   at System.ServiceModel.Channels.SocketConnection.ReadCore(Byte[] buffer, Int32 offset, Int32 size, TimeSpan timeout, Boolean closing)
   at System.ServiceModel.Channels.SocketConnection.Read(Byte[] buffer, Int32 offset, Int32 size, TimeSpan timeout)
   at System.ServiceModel.Channels.DelegatingConnection.Read(Byte[] buffer, Int32 offset, Int32 size, TimeSpan timeout)
   at System.ServiceModel.Channels.ConnectionStream.Read(Byte[] buffer, Int32 offset, Int32 count)
   at System.Net.FixedSizeReader.ReadPacket(Byte[] buffer, Int32 offset, Int32 count)
   at System.Net.Security.NegotiateStream.StartFrameHeader(Byte[] buffer, Int32 offset, Int32 count, AsyncProtocolRequest asyncRequest)
   at System.Net.Security.NegotiateStream.ProcessRead(Byte[] buffer, Int32 offset, Int32 count, AsyncProtocolRequest asyncRequest)
   --- End of inner exception stack trace ---
   at System.Net.Security.NegotiateStream.ProcessRead(Byte[] buffer, Int32 offset, Int32 count, AsyncProtocolRequest asyncRequest)
   at System.Net.Security.NegotiateStream.Read(Byte[] buffer, Int32 offset, Int32 count)
   at System.ServiceModel.Channels.StreamConnection.Read(Byte[] buffer, Int32 offset, Int32 size, TimeSpan timeout)
   --- End of inner exception stack trace ---
   at System.ServiceModel.Channels.StreamConnection.Read(Byte[] buffer, Int32 offset, Int32 size, TimeSpan timeout)
   at System.ServiceModel.Channels.SingletonConnectionReader.Receive(TimeSpan timeout)
   at System.ServiceModel.Channels.StreamedFramingRequestChannel.StreamedFramingRequest.WaitForReply(TimeSpan timeout)
   at System.ServiceModel.Channels.RequestChannel.Request(Message message, TimeSpan timeout)
   --- End of inner exception stack trace ---

Server stack trace: 
   at System.ServiceModel.Channels.RequestChannel.Request(Message message, TimeSpan timeout)
   at System.ServiceModel.Channels.TransactionRequestChannelGeneric`1.Request(Message message, TimeSpan timeout)
   at System.ServiceModel.Dispatcher.RequestChannelBinder.Request(Message message, TimeSpan timeout)
   at System.ServiceModel.Channels.ServiceChannel.Call(String action, Boolean oneway, ProxyOperationRuntime operation, Object[] ins, Object[] outs, TimeSpan timeout)
   at System.ServiceModel.Channels.ServiceChannelProxy.InvokeService(IMethodCallMessage methodCall, ProxyOperationRuntime operation)
   at System.ServiceModel.Channels.ServiceChannelProxy.Invoke(IMessage message)

Exception rethrown at [0]: 
   at System.Runtime.Remoting.Proxies.RealProxy.HandleReturnMessage(IMessage reqMsg, IMessage retMsg)
   at System.Runtime.Remoting.Proxies.RealProxy.PrivateInvoke(MessageData& msgData, Int32 type)
   at Petex.Service.RequestProcessor.IWcfStreamResponseProcessor.Process(MessageRequest request)
   at A.cec9e090ae538d190220f059017b75b84.Process(MessageRequest request)
Details:
System.TimeoutException: The request channel timed out while waiting for a reply after 00:04:57.2179983. Increase the timeout value passed to the call to Request or increase the SendTimeout value on the Binding. The time allotted to this operation may have been a portion of a longer timeout. ---> System.TimeoutException: The socket transfer timed out after 00:04:59.9950000. You have exceeded the timeout set on your binding. The time allotted to this operation may have been a portion of a longer timeout. ---> System.IO.IOException: The read operation failed, see inner exception. ---> System.TimeoutException: The socket transfer timed out after 00:04:59.9950000. You have exceeded the timeout set on your binding. The time allotted to this operation may have been a portion of a longer timeout. ---> System.Net.Sockets.SocketException: A connection attempt failed because the connected party did not properly respond after a period of time, or established connection failed because connected host has failed to respond
   at System.Net.Sockets.Socket.Receive(Byte[] buffer, Int32 offset, Int32 size, SocketFlags socketFlags)
   at System.ServiceModel.Channels.SocketConnection.ReadCore(Byte[] buffer, Int32 offset, Int32 size, TimeSpan timeout, Boolean closing)
   --- End of inner exception stack trace ---
   at System.ServiceModel.Channels.SocketConnection.ReadCore(Byte[] buffer, Int32 offset, Int32 size, TimeSpan timeout, Boolean closing)
   at System.ServiceModel.Channels.SocketConnection.Read(Byte[] buffer, Int32 offset, Int32 size, TimeSpan timeout)
   at System.ServiceModel.Channels.DelegatingConnection.Read(Byte[] buffer, Int32 offset, Int32 size, TimeSpan timeout)
   at System.ServiceModel.Channels.ConnectionStream.Read(Byte[] buffer, Int32 offset, Int32 count)
   at System.Net.FixedSizeReader.ReadPacket(Byte[] buffer, Int32 offset, Int32 count)
   at System.Net.Security.NegotiateStream.StartFrameHeader(Byte[] buffer, Int32 offset, Int32 count, AsyncProtocolRequest asyncRequest)
   at System.Net.Security.NegotiateStream.ProcessRead(Byte[] buffer, Int32 offset, Int32 count, AsyncProtocolRequest asyncRequest)
   --- End of inner exception stack trace ---
   at System.Net.Security.NegotiateStream.ProcessRead(Byte[] buffer, Int32 offset, Int32 count, AsyncProtocolRequest asyncRequest)
   at System.Net.Security.NegotiateStream.Read(Byte[] buffer, Int32 offset, Int32 count)
   at System.ServiceModel.Channels.StreamConnection.Read(Byte[] buffer, Int32 offset, Int32 size, TimeSpan timeout)
   --- End of inner exception stack trace ---
   at System.ServiceModel.Channels.StreamConnection.Read(Byte[] buffer, Int32 offset, Int32 size, TimeSpan timeout)
   at System.ServiceModel.Channels.SingletonConnectionReader.Receive(TimeSpan timeout)
   at System.ServiceModel.Channels.StreamedFramingRequestChannel.StreamedFramingRequest.WaitForReply(TimeSpan timeout)
   at System.ServiceModel.Channels.RequestChannel.Request(Message message, TimeSpan timeout)
   --- End of inner exception stack trace ---

Server stack trace: 
   at System.ServiceModel.Channels.RequestChannel.Request(Message message, TimeSpan timeout)
   at System.ServiceModel.Channels.TransactionRequestChannelGeneric`1.Request(Message message, TimeSpan timeout)
   at System.ServiceModel.Dispatcher.RequestChannelBinder.Request(Message message, TimeSpan timeout)
   at System.ServiceModel.Channels.ServiceChannel.Call(String action, Boolean oneway, ProxyOperationRuntime operation, Object[] ins, Object[] outs, TimeSpan timeout)
   at System.ServiceModel.Channels.ServiceChannelProxy.InvokeService(IMethodCallMessage methodCall, ProxyOperationRuntime operation)
   at System.ServiceModel.Channels.ServiceChannelProxy.Invoke(IMessage message)

Exception rethrown at [0]: 
   at System.Runtime.Remoting.Proxies.RealProxy.HandleReturnMessage(IMessage reqMsg, IMessage retMsg)
   at System.Runtime.Remoting.Proxies.RealProxy.PrivateInvoke(MessageData& msgData, Int32 type)
   at Petex.Service.RequestProcessor.IWcfStreamResponseProcessor.Process(MessageRequest request)
   at A.cec9e090ae538d190220f059017b75b84.Process(MessageRequest request)
2018/09/23 03:53:29.099 ERROR 95 A.cec9e090ae538d190220f059017b75b84 (Thread 95) ProcID (36972) - System.TimeoutException: The request channel timed out while waiting for a reply after 00:04:57.2179983. Increase the timeout value passed to the call to Request or increase the SendTimeout value on the Binding. The time allotted to this operation may have been a portion of a longer timeout. ---> System.TimeoutException: The socket transfer timed out after 00:04:59.9950000. You have exceeded the timeout set on your binding. The time allotted to this operation may have been a portion of a longer timeout. ---> System.IO.IOException: The read operation failed, see inner exception. ---> System.TimeoutException: The socket transfer timed out after 00:04:59.9950000. You have exceeded the timeout set on your binding. The time allotted to this operation may have been a portion of a longer timeout. ---> System.Net.Sockets.SocketException: A connection attempt failed because the connected party did not properly respond after a period of time, or established connection failed because connected host has failed to respond
   at System.Net.Sockets.Socket.Receive(Byte[] buffer, Int32 offset, Int32 size, SocketFlags socketFlags)
   at System.ServiceModel.Channels.SocketConnection.ReadCore(Byte[] buffer, Int32 offset, Int32 size, TimeSpan timeout, Boolean closing)
   --- End of inner exception stack trace ---
   at System.ServiceModel.Channels.SocketConnection.ReadCore(Byte[] buffer, Int32 offset, Int32 size, TimeSpan timeout, Boolean closing)
   at System.ServiceModel.Channels.SocketConnection.Read(Byte[] buffer, Int32 offset, Int32 size, TimeSpan timeout)
   at System.ServiceModel.Channels.DelegatingConnection.Read(Byte[] buffer, Int32 offset, Int32 size, TimeSpan timeout)
   at System.ServiceModel.Channels.ConnectionStream.Read(Byte[] buffer, Int32 offset, Int32 count)
   at System.Net.FixedSizeReader.ReadPacket(Byte[] buffer, Int32 offset, Int32 count)
   at System.Net.Security.NegotiateStream.StartFrameHeader(Byte[] buffer, Int32 offset, Int32 count, AsyncProtocolRequest asyncRequest)
   at System.Net.Security.NegotiateStream.ProcessRead(Byte[] buffer, Int32 offset, Int32 count, AsyncProtocolRequest asyncRequest)
   --- End of inner exception stack trace ---
   at System.Net.Security.NegotiateStream.ProcessRead(Byte[] buffer, Int32 offset, Int32 count, AsyncProtocolRequest asyncRequest)
   at System.Net.Security.NegotiateStream.Read(Byte[] buffer, Int32 offset, Int32 count)
   at System.ServiceModel.Channels.StreamConnection.Read(Byte[] buffer, Int32 offset, Int32 size, TimeSpan timeout)
   --- End of inner exception stack trace ---
   at System.ServiceModel.Channels.StreamConnection.Read(Byte[] buffer, Int32 offset, Int32 size, TimeSpan timeout)
   at System.ServiceModel.Channels.SingletonConnectionReader.Receive(TimeSpan timeout)
   at System.ServiceModel.Channels.StreamedFramingRequestChannel.StreamedFramingRequest.WaitForReply(TimeSpan timeout)
   at System.ServiceModel.Channels.RequestChannel.Request(Message message, TimeSpan timeout)
   --- End of inner exception stack trace ---

Server stack trace: 
   at System.ServiceModel.Channels.RequestChannel.Request(Message message, TimeSpan timeout)
   at System.ServiceModel.Channels.TransactionRequestChannelGeneric`1.Request(Message message, TimeSpan timeout)
   at System.ServiceModel.Dispatcher.RequestChannelBinder.Request(Message message, TimeSpan timeout)
   at System.ServiceModel.Channels.ServiceChannel.Call(String action, Boolean oneway, ProxyOperationRuntime operation, Object[] ins, Object[] outs, TimeSpan timeout)
   at System.ServiceModel.Channels.ServiceChannelProxy.InvokeService(IMethodCallMessage methodCall, ProxyOperationRuntime operation)
   at System.ServiceModel.Channels.ServiceChannelProxy.Invoke(IMessage message)

Exception rethrown at [0]: 
   at System.Runtime.Remoting.Proxies.RealProxy.HandleReturnMessage(IMessage reqMsg, IMessage retMsg)
   at System.Runtime.Remoting.Proxies.RealProxy.PrivateInvoke(MessageData& msgData, Int32 type)
   at Petex.Service.RequestProcessor.IWcfStreamResponseProcessor.Process(MessageRequest request)
   at A.cec9e090ae538d190220f059017b75b84.Process(MessageRequest request)

method : Process([Petex.Service.RequestProcessor.MessageRequest] request = Petex.Service.RequestProcessor.MessageRequest)

2018/09/23 03:53:29.100 ERROR 98 Petex.IFM.IVM.VisualWorkflowService.c1c13b709b3df317d725c923928032d5a - An error occurred while getting bulk results.
Details:
System.TimeoutException: The request channel timed out while waiting for a reply after 00:04:57.2179983. Increase the timeout value passed to the call to Request or increase the SendTimeout value on the Binding. The time allotted to this operation may have been a portion of a longer timeout. ---> System.TimeoutException: The socket transfer timed out after 00:04:59.9950000. You have exceeded the timeout set on your binding. The time allotted to this operation may have been a portion of a longer timeout. ---> System.IO.IOException: The read operation failed, see inner exception. ---> System.TimeoutException: The socket transfer timed out after 00:04:59.9950000. You have exceeded the timeout set on your binding. The time allotted to this operation may have been a portion of a longer timeout. ---> System.Net.Sockets.SocketException: A connection attempt failed because the connected party did not properly respond after a period of time, or established connection failed because connected host has failed to respond
   at System.Net.Sockets.Socket.Receive(Byte[] buffer, Int32 offset, Int32 size, SocketFlags socketFlags)
   at System.ServiceModel.Channels.SocketConnection.ReadCore(Byte[] buffer, Int32 offset, Int32 size, TimeSpan timeout, Boolean closing)
   --- End of inner exception stack trace ---
   at System.ServiceModel.Channels.SocketConnection.ReadCore(Byte[] buffer, Int32 offset, Int32 size, TimeSpan timeout, Boolean closing)
   at System.ServiceModel.Channels.SocketConnection.Read(Byte[] buffer, Int32 offset, Int32 size, TimeSpan timeout)
   at System.ServiceModel.Channels.DelegatingConnection.Read(Byte[] buffer, Int32 offset, Int32 size, TimeSpan timeout)
   at System.ServiceModel.Channels.ConnectionStream.Read(Byte[] buffer, Int32 offset, Int32 count)
   at System.Net.FixedSizeReader.ReadPacket(Byte[] buffer, Int32 offset, Int32 count)
   at System.Net.Security.NegotiateStream.StartFrameHeader(Byte[] buffer, Int32 offset, Int32 count, AsyncProtocolRequest asyncRequest)
   at System.Net.Security.NegotiateStream.ProcessRead(Byte[] buffer, Int32 offset, Int32 count, AsyncProtocolRequest asyncRequest)
   --- End of inner exception stack trace ---
   at System.Net.Security.NegotiateStream.ProcessRead(Byte[] buffer, Int32 offset, Int32 count, AsyncProtocolRequest asyncRequest)
   at System.Net.Security.NegotiateStream.Read(Byte[] buffer, Int32 offset, Int32 count)
   at System.ServiceModel.Channels.StreamConnection.Read(Byte[] buffer, Int32 offset, Int32 size, TimeSpan timeout)
   --- End of inner exception stack trace ---
   at System.ServiceModel.Channels.StreamConnection.Read(Byte[] buffer, Int32 offset, Int32 size, TimeSpan timeout)
   at System.ServiceModel.Channels.SingletonConnectionReader.Receive(TimeSpan timeout)
   at System.ServiceModel.Channels.StreamedFramingRequestChannel.StreamedFramingRequest.WaitForReply(TimeSpan timeout)
   at System.ServiceModel.Channels.RequestChannel.Request(Message message, TimeSpan timeout)
   --- End of inner exception stack trace ---

Server stack trace: 
   at System.ServiceModel.Channels.RequestChannel.Request(Message message, TimeSpan timeout)
   at System.ServiceModel.Channels.TransactionRequestChannelGeneric`1.Request(Message message, TimeSpan timeout)
   at System.ServiceModel.Dispatcher.RequestChannelBinder.Request(Message message, TimeSpan timeout)
   at System.ServiceModel.Channels.ServiceChannel.Call(String action, Boolean oneway, ProxyOperationRuntime operation, Object[] ins, Object[] outs, TimeSpan timeout)
   at System.ServiceModel.Channels.ServiceChannelProxy.InvokeService(IMethodCallMessage methodCall, ProxyOperationRuntime operation)
   at System.ServiceModel.Channels.ServiceChannelProxy.Invoke(IMessage message)

Exception rethrown at [0]: 
   at A.c22aefe7f39df3d678dba160428b769f4.c0c4ec95a682cbefc208f4f3eb80ff6ad[c5e2460f6ebc534efe90b3230b7797cb4](Func`1 c3c081f340dcdf79e192d50757bce0bee)
   at A.c42ccb3c762729e5c1ed9dd9fb21f7a51.c2a035223c95353a451d486528bb968ce(DateTime ca50651d185b346c217028862887f6062, List`1 c94623007ea3b221db43a7a5c991a9cac, Int32 c27485bd6dedf79f29eccbe33aefab814, DateTime cc0b7aac23bdedea569c99b9f01ab5798, DateTime ca917bd7d663d59239d097b255d937590)
   at Petex.IFM.IVM.VisualWorkflowService.c1c13b709b3df317d725c923928032d5a(c0a78f935034ea252425562b3db1ea988 cc462e40687a776088a0f60dcc4dee4c5, VisualWorkflowResultOptions c97464e7151b310fab45ca8e18c9bbc4d)
2018/09/23 03:58:30.580 ERROR 108 A.cec9e090ae538d190220f059017b75b84.Process - System.TimeoutException: The request channel timed out while waiting for a reply after 00:04:55.8830087. Increase the timeout value passed to the call to Request or increase the SendTimeout value on the Binding. The time allotted to this operation may have been a portion of a longer timeout. ---> System.TimeoutException: The socket transfer timed out after 00:04:59.9900000. You have exceeded the timeout set on your binding. The time allotted to this operation may have been a portion of a longer timeout. ---> System.IO.IOException: The read operation failed, see inner exception. ---> System.TimeoutException: The socket transfer timed out after 00:04:59.9900000. You have exceeded the timeout set on your binding. The time allotted to this operation may have been a portion of a longer timeout. ---> System.Net.Sockets.SocketException: A connection attempt failed because the connected party did not properly respond after a period of time, or established connection failed because connected host has failed to respond
   at System.Net.Sockets.Socket.Receive(Byte[] buffer, Int32 offset, Int32 size, SocketFlags socketFlags)
   at System.ServiceModel.Channels.SocketConnection.ReadCore(Byte[] buffer, Int32 offset, Int32 size, TimeSpan timeout, Boolean closing)
   --- End of inner exception stack trace ---
   at System.ServiceModel.Channels.SocketConnection.ReadCore(Byte[] buffer, Int32 offset, Int32 size, TimeSpan timeout, Boolean closing)
   at System.ServiceModel.Channels.SocketConnection.Read(Byte[] buffer, Int32 offset, Int32 size, TimeSpan timeout)
   at System.ServiceModel.Channels.DelegatingConnection.Read(Byte[] buffer, Int32 offset, Int32 size, TimeSpan timeout)
   at System.ServiceModel.Channels.ConnectionStream.Read(Byte[] buffer, Int32 offset, Int32 count)
   at System.Net.FixedSizeReader.ReadPacket(Byte[] buffer, Int32 offset, Int32 count)
   at System.Net.Security.NegotiateStream.StartFrameHeader(Byte[] buffer, Int32 offset, Int32 count, AsyncProtocolRequest asyncRequest)
   at System.Net.Security.NegotiateStream.ProcessRead(Byte[] buffer, Int32 offset, Int32 count, AsyncProtocolRequest asyncRequest)
   --- End of inner exception stack trace ---
   at System.Net.Security.NegotiateStream.ProcessRead(Byte[] buffer, Int32 offset, Int32 count, AsyncProtocolRequest asyncRequest)
   at System.Net.Security.NegotiateStream.Read(Byte[] buffer, Int32 offset, Int32 count)
   at System.ServiceModel.Channels.StreamConnection.Read(Byte[] buffer, Int32 offset, Int32 size, TimeSpan timeout)
   --- End of inner exception stack trace ---
   at System.ServiceModel.Channels.StreamConnection.Read(Byte[] buffer, Int32 offset, Int32 size, TimeSpan timeout)
   at System.ServiceModel.Channels.SingletonConnectionReader.Receive(TimeSpan timeout)
   at System.ServiceModel.Channels.StreamedFramingRequestChannel.StreamedFramingRequest.WaitForReply(TimeSpan timeout)
   at System.ServiceModel.Channels.RequestChannel.Request(Message message, TimeSpan timeout)
   --- End of inner exception stack trace ---

Server stack trace: 
   at System.ServiceModel.Channels.RequestChannel.Request(Message message, TimeSpan timeout)
   at System.ServiceModel.Channels.TransactionRequestChannelGeneric`1.Request(Message message, TimeSpan timeout)
   at System.ServiceModel.Dispatcher.RequestChannelBinder.Request(Message message, TimeSpan timeout)
   at System.ServiceModel.Channels.ServiceChannel.Call(String action, Boolean oneway, ProxyOperationRuntime operation, Object[] ins, Object[] outs, TimeSpan timeout)
   at System.ServiceModel.Channels.ServiceChannelProxy.InvokeService(IMethodCallMessage methodCall, ProxyOperationRuntime operation)
   at System.ServiceModel.Channels.ServiceChannelProxy.Invoke(IMessage message)

Exception rethrown at [0]: 
   at System.Runtime.Remoting.Proxies.RealProxy.HandleReturnMessage(IMessage reqMsg, IMessage retMsg)
   at System.Runtime.Remoting.Proxies.RealProxy.PrivateInvoke(MessageData& msgData, Int32 type)
   at Petex.Service.RequestProcessor.IWcfStreamResponseProcessor.Process(MessageRequest request)
   at A.cec9e090ae538d190220f059017b75b84.Process(MessageRequest request)
Details:
System.TimeoutException: The request channel timed out while waiting for a reply after 00:04:55.8830087. Increase the timeout value passed to the call to Request or increase the SendTimeout value on the Binding. The time allotted to this operation may have been a portion of a longer timeout. ---> System.TimeoutException: The socket transfer timed out after 00:04:59.9900000. You have exceeded the timeout set on your binding. The time allotted to this operation may have been a portion of a longer timeout. ---> System.IO.IOException: The read operation failed, see inner exception. ---> System.TimeoutException: The socket transfer timed out after 00:04:59.9900000. You have exceeded the timeout set on your binding. The time allotted to this operation may have been a portion of a longer timeout. ---> System.Net.Sockets.SocketException: A connection attempt failed because the connected party did not properly respond after a period of time, or established connection failed because connected host has failed to respond
   at System.Net.Sockets.Socket.Receive(Byte[] buffer, Int32 offset, Int32 size, SocketFlags socketFlags)
   at System.ServiceModel.Channels.SocketConnection.ReadCore(Byte[] buffer, Int32 offset, Int32 size, TimeSpan timeout, Boolean closing)
   --- End of inner exception stack trace ---
   at System.ServiceModel.Channels.SocketConnection.ReadCore(Byte[] buffer, Int32 offset, Int32 size, TimeSpan timeout, Boolean closing)
   at System.ServiceModel.Channels.SocketConnection.Read(Byte[] buffer, Int32 offset, Int32 size, TimeSpan timeout)
   at System.ServiceModel.Channels.DelegatingConnection.Read(Byte[] buffer, Int32 offset, Int32 size, TimeSpan timeout)
   at System.ServiceModel.Channels.ConnectionStream.Read(Byte[] buffer, Int32 offset, Int32 count)
   at System.Net.FixedSizeReader.ReadPacket(Byte[] buffer, Int32 offset, Int32 count)
   at System.Net.Security.NegotiateStream.StartFrameHeader(Byte[] buffer, Int32 offset, Int32 count, AsyncProtocolRequest asyncRequest)
   at System.Net.Security.NegotiateStream.ProcessRead(Byte[] buffer, Int32 offset, Int32 count, AsyncProtocolRequest asyncRequest)
   --- End of inner exception stack trace ---
   at System.Net.Security.NegotiateStream.ProcessRead(Byte[] buffer, Int32 offset, Int32 count, AsyncProtocolRequest asyncRequest)
   at System.Net.Security.NegotiateStream.Read(Byte[] buffer, Int32 offset, Int32 count)
   at System.ServiceModel.Channels.StreamConnection.Read(Byte[] buffer, Int32 offset, Int32 size, TimeSpan timeout)
   --- End of inner exception stack trace ---
   at System.ServiceModel.Channels.StreamConnection.Read(Byte[] buffer, Int32 offset, Int32 size, TimeSpan timeout)
   at System.ServiceModel.Channels.SingletonConnectionReader.Receive(TimeSpan timeout)
   at System.ServiceModel.Channels.StreamedFramingRequestChannel.StreamedFramingRequest.WaitForReply(TimeSpan timeout)
   at System.ServiceModel.Channels.RequestChannel.Request(Message message, TimeSpan timeout)
   --- End of inner exception stack trace ---

Server stack trace: 
   at System.ServiceModel.Channels.RequestChannel.Request(Message message, TimeSpan timeout)
   at System.ServiceModel.Channels.TransactionRequestChannelGeneric`1.Request(Message message, TimeSpan timeout)
   at System.ServiceModel.Dispatcher.RequestChannelBinder.Request(Message message, TimeSpan timeout)
   at System.ServiceModel.Channels.ServiceChannel.Call(String action, Boolean oneway, ProxyOperationRuntime operation, Object[] ins, Object[] outs, TimeSpan timeout)
   at System.ServiceModel.Channels.ServiceChannelProxy.InvokeService(IMethodCallMessage methodCall, ProxyOperationRuntime operation)
   at System.ServiceModel.Channels.ServiceChannelProxy.Invoke(IMessage message)

Exception rethrown at [0]: 
   at System.Runtime.Remoting.Proxies.RealProxy.HandleReturnMessage(IMessage reqMsg, IMessage retMsg)
   at System.Runtime.Remoting.Proxies.RealProxy.PrivateInvoke(MessageData& msgData, Int32 type)
   at Petex.Service.RequestProcessor.IWcfStreamResponseProcessor.Process(MessageRequest request)
   at A.cec9e090ae538d190220f059017b75b84.Process(MessageRequest request)
2018/09/23 03:58:30.582 ERROR 108 A.cec9e090ae538d190220f059017b75b84 (Thread 108) ProcID (36972) - System.TimeoutException: The request channel timed out while waiting for a reply after 00:04:55.8830087. Increase the timeout value passed to the call to Request or increase the SendTimeout value on the Binding. The time allotted to this operation may have been a portion of a longer timeout. ---> System.TimeoutException: The socket transfer timed out after 00:04:59.9900000. You have exceeded the timeout set on your binding. The time allotted to this operation may have been a portion of a longer timeout. ---> System.IO.IOException: The read operation failed, see inner exception. ---> System.TimeoutException: The socket transfer timed out after 00:04:59.9900000. You have exceeded the timeout set on your binding. The time allotted to this operation may have been a portion of a longer timeout. ---> System.Net.Sockets.SocketException: A connection attempt failed because the connected party did not properly respond after a period of time, or established connection failed because connected host has failed to respond
   at System.Net.Sockets.Socket.Receive(Byte[] buffer, Int32 offset, Int32 size, SocketFlags socketFlags)
   at System.ServiceModel.Channels.SocketConnection.ReadCore(Byte[] buffer, Int32 offset, Int32 size, TimeSpan timeout, Boolean closing)
   --- End of inner exception stack trace ---
   at System.ServiceModel.Channels.SocketConnection.ReadCore(Byte[] buffer, Int32 offset, Int32 size, TimeSpan timeout, Boolean closing)
   at System.ServiceModel.Channels.SocketConnection.Read(Byte[] buffer, Int32 offset, Int32 size, TimeSpan timeout)
   at System.ServiceModel.Channels.DelegatingConnection.Read(Byte[] buffer, Int32 offset, Int32 size, TimeSpan timeout)
   at System.ServiceModel.Channels.ConnectionStream.Read(Byte[] buffer, Int32 offset, Int32 count)
   at System.Net.FixedSizeReader.ReadPacket(Byte[] buffer, Int32 offset, Int32 count)
   at System.Net.Security.NegotiateStream.StartFrameHeader(Byte[] buffer, Int32 offset, Int32 count, AsyncProtocolRequest asyncRequest)
   at System.Net.Security.NegotiateStream.ProcessRead(Byte[] buffer, Int32 offset, Int32 count, AsyncProtocolRequest asyncRequest)
   --- End of inner exception stack trace ---
   at System.Net.Security.NegotiateStream.ProcessRead(Byte[] buffer, Int32 offset, Int32 count, AsyncProtocolRequest asyncRequest)
   at System.Net.Security.NegotiateStream.Read(Byte[] buffer, Int32 offset, Int32 count)
   at System.ServiceModel.Channels.StreamConnection.Read(Byte[] buffer, Int32 offset, Int32 size, TimeSpan timeout)
   --- End of inner exception stack trace ---
   at System.ServiceModel.Channels.StreamConnection.Read(Byte[] buffer, Int32 offset, Int32 size, TimeSpan timeout)
   at System.ServiceModel.Channels.SingletonConnectionReader.Receive(TimeSpan timeout)
   at System.ServiceModel.Channels.StreamedFramingRequestChannel.StreamedFramingRequest.WaitForReply(TimeSpan timeout)
   at System.ServiceModel.Channels.RequestChannel.Request(Message message, TimeSpan timeout)
   --- End of inner exception stack trace ---

Server stack trace: 
   at System.ServiceModel.Channels.RequestChannel.Request(Message message, TimeSpan timeout)
   at System.ServiceModel.Channels.TransactionRequestChannelGeneric`1.Request(Message message, TimeSpan timeout)
   at System.ServiceModel.Dispatcher.RequestChannelBinder.Request(Message message, TimeSpan timeout)
   at System.ServiceModel.Channels.ServiceChannel.Call(String action, Boolean oneway, ProxyOperationRuntime operation, Object[] ins, Object[] outs, TimeSpan timeout)
   at System.ServiceModel.Channels.ServiceChannelProxy.InvokeService(IMethodCallMessage methodCall, ProxyOperationRuntime operation)
   at System.ServiceModel.Channels.ServiceChannelProxy.Invoke(IMessage message)

Exception rethrown at [0]: 
   at System.Runtime.Remoting.Proxies.RealProxy.HandleReturnMessage(IMessage reqMsg, IMessage retMsg)
   at System.Runtime.Remoting.Proxies.RealProxy.PrivateInvoke(MessageData& msgData, Int32 type)
   at Petex.Service.RequestProcessor.IWcfStreamResponseProcessor.Process(MessageRequest request)
   at A.cec9e090ae538d190220f059017b75b84.Process(MessageRequest request)

method : Process([Petex.Service.RequestProcessor.MessageRequest] request = Petex.Service.RequestProcessor.MessageRequest)

2018/09/23 03:58:30.583 ERROR 61 Petex.IFM.IVM.VisualWorkflowService.c1c13b709b3df317d725c923928032d5a - An error occurred while getting bulk results.
Details:
System.TimeoutException: The request channel timed out while waiting for a reply after 00:04:55.8830087. Increase the timeout value passed to the call to Request or increase the SendTimeout value on the Binding. The time allotted to this operation may have been a portion of a longer timeout. ---> System.TimeoutException: The socket transfer timed out after 00:04:59.9900000. You have exceeded the timeout set on your binding. The time allotted to this operation may have been a portion of a longer timeout. ---> System.IO.IOException: The read operation failed, see inner exception. ---> System.TimeoutException: The socket transfer timed out after 00:04:59.9900000. You have exceeded the timeout set on your binding. The time allotted to this operation may have been a portion of a longer timeout. ---> System.Net.Sockets.SocketException: A connection attempt failed because the connected party did not properly respond after a period of time, or established connection failed because connected host has failed to respond
   at System.Net.Sockets.Socket.Receive(Byte[] buffer, Int32 offset, Int32 size, SocketFlags socketFlags)
   at System.ServiceModel.Channels.SocketConnection.ReadCore(Byte[] buffer, Int32 offset, Int32 size, TimeSpan timeout, Boolean closing)
   --- End of inner exception stack trace ---
   at System.ServiceModel.Channels.SocketConnection.ReadCore(Byte[] buffer, Int32 offset, Int32 size, TimeSpan timeout, Boolean closing)
   at System.ServiceModel.Channels.SocketConnection.Read(Byte[] buffer, Int32 offset, Int32 size, TimeSpan timeout)
   at System.ServiceModel.Channels.DelegatingConnection.Read(Byte[] buffer, Int32 offset, Int32 size, TimeSpan timeout)
   at System.ServiceModel.Channels.ConnectionStream.Read(Byte[] buffer, Int32 offset, Int32 count)
   at System.Net.FixedSizeReader.ReadPacket(Byte[] buffer, Int32 offset, Int32 count)
   at System.Net.Security.NegotiateStream.StartFrameHeader(Byte[] buffer, Int32 offset, Int32 count, AsyncProtocolRequest asyncRequest)
   at System.Net.Security.NegotiateStream.ProcessRead(Byte[] buffer, Int32 offset, Int32 count, AsyncProtocolRequest asyncRequest)
   --- End of inner exception stack trace ---
   at System.Net.Security.NegotiateStream.ProcessRead(Byte[] buffer, Int32 offset, Int32 count, AsyncProtocolRequest asyncRequest)
   at System.Net.Security.NegotiateStream.Read(Byte[] buffer, Int32 offset, Int32 count)
   at System.ServiceModel.Channels.StreamConnection.Read(Byte[] buffer, Int32 offset, Int32 size, TimeSpan timeout)
   --- End of inner exception stack trace ---
   at System.ServiceModel.Channels.StreamConnection.Read(Byte[] buffer, Int32 offset, Int32 size, TimeSpan timeout)
   at System.ServiceModel.Channels.SingletonConnectionReader.Receive(TimeSpan timeout)
   at System.ServiceModel.Channels.StreamedFramingRequestChannel.StreamedFramingRequest.WaitForReply(TimeSpan timeout)
   at System.ServiceModel.Channels.RequestChannel.Request(Message message, TimeSpan timeout)
   --- End of inner exception stack trace ---

Server stack trace: 
   at System.ServiceModel.Channels.RequestChannel.Request(Message message, TimeSpan timeout)
   at System.ServiceModel.Channels.TransactionRequestChannelGeneric`1.Request(Message message, TimeSpan timeout)
   at System.ServiceModel.Dispatcher.RequestChannelBinder.Request(Message message, TimeSpan timeout)
   at System.ServiceModel.Channels.ServiceChannel.Call(String action, Boolean oneway, ProxyOperationRuntime operation, Object[] ins, Object[] outs, TimeSpan timeout)
   at System.ServiceModel.Channels.ServiceChannelProxy.InvokeService(IMethodCallMessage methodCall, ProxyOperationRuntime operation)
   at System.ServiceModel.Channels.ServiceChannelProxy.Invoke(IMessage message)

Exception rethrown at [0]: 
   at A.c22aefe7f39df3d678dba160428b769f4.c0c4ec95a682cbefc208f4f3eb80ff6ad[c5e2460f6ebc534efe90b3230b7797cb4](Func`1 c3c081f340dcdf79e192d50757bce0bee)
   at A.c42ccb3c762729e5c1ed9dd9fb21f7a51.c2a035223c95353a451d486528bb968ce(DateTime ca50651d185b346c217028862887f6062, List`1 c94623007ea3b221db43a7a5c991a9cac, Int32 c27485bd6dedf79f29eccbe33aefab814, DateTime cc0b7aac23bdedea569c99b9f01ab5798, DateTime ca917bd7d663d59239d097b255d937590)
   at Petex.IFM.IVM.VisualWorkflowService.c1c13b709b3df317d725c923928032d5a(c0a78f935034ea252425562b3db1ea988 cc462e40687a776088a0f60dcc4dee4c5, VisualWorkflowResultOptions c97464e7151b310fab45ca8e18c9bbc4d)
2018/09/23 03:58:53.316 INFO  123 A.cdc551499db0039f956e1d0666bfd1504.ca3aa6b2f13c2c1bc9c646f6abf33ed07 - Changing service from :0 to HOUMSEOSIFM007:8787
2018/09/23 04:03:53.334 INFO  90 A.cdc551499db0039f956e1d0666bfd1504.ca3aa6b2f13c2c1bc9c646f6abf33ed07 - Changing service from :0 to HOUMSEOSIFM007:8787
2018/09/23 04:04:01.445 ERROR 127 A.cec9e090ae538d190220f059017b75b84.Process - System.TimeoutException: The request channel timed out while waiting for a reply after 00:04:55.3950063. Increase the timeout value passed to the call to Request or increase the SendTimeout value on the Binding. The time allotted to this operation may have been a portion of a longer timeout. ---> System.TimeoutException: The socket transfer timed out after 00:04:59.9930000. You have exceeded the timeout set on your binding. The time allotted to this operation may have been a portion of a longer timeout. ---> System.IO.IOException: The read operation failed, see inner exception. ---> System.TimeoutException: The socket transfer timed out after 00:04:59.9930000. You have exceeded the timeout set on your binding. The time allotted to this operation may have been a portion of a longer timeout. ---> System.Net.Sockets.SocketException: A connection attempt failed because the connected party did not properly respond after a period of time, or established connection failed because connected host has failed to respond
   at System.Net.Sockets.Socket.Receive(Byte[] buffer, Int32 offset, Int32 size, SocketFlags socketFlags)
   at System.ServiceModel.Channels.SocketConnection.ReadCore(Byte[] buffer, Int32 offset, Int32 size, TimeSpan timeout, Boolean closing)
   --- End of inner exception stack trace ---
   at System.ServiceModel.Channels.SocketConnection.ReadCore(Byte[] buffer, Int32 offset, Int32 size, TimeSpan timeout, Boolean closing)
   at System.ServiceModel.Channels.SocketConnection.Read(Byte[] buffer, Int32 offset, Int32 size, TimeSpan timeout)
   at System.ServiceModel.Channels.DelegatingConnection.Read(Byte[] buffer, Int32 offset, Int32 size, TimeSpan timeout)
   at System.ServiceModel.Channels.ConnectionStream.Read(Byte[] buffer, Int32 offset, Int32 count)
   at System.Net.FixedSizeReader.ReadPacket(Byte[] buffer, Int32 offset, Int32 count)
   at System.Net.Security.NegotiateStream.StartFrameHeader(Byte[] buffer, Int32 offset, Int32 count, AsyncProtocolRequest asyncRequest)
   at System.Net.Security.NegotiateStream.ProcessRead(Byte[] buffer, Int32 offset, Int32 count, AsyncProtocolRequest asyncRequest)
   --- End of inner exception stack trace ---
   at System.Net.Security.NegotiateStream.ProcessRead(Byte[] buffer, Int32 offset, Int32 count, AsyncProtocolRequest asyncRequest)
   at System.Net.Security.NegotiateStream.Read(Byte[] buffer, Int32 offset, Int32 count)
   at System.ServiceModel.Channels.StreamConnection.Read(Byte[] buffer, Int32 offset, Int32 size, TimeSpan timeout)
   --- End of inner exception stack trace ---
   at System.ServiceModel.Channels.StreamConnection.Read(Byte[] buffer, Int32 offset, Int32 size, TimeSpan timeout)
   at System.ServiceModel.Channels.SingletonConnectionReader.Receive(TimeSpan timeout)
   at System.ServiceModel.Channels.StreamedFramingRequestChannel.StreamedFramingRequest.WaitForReply(TimeSpan timeout)
   at System.ServiceModel.Channels.RequestChannel.Request(Message message, TimeSpan timeout)
   --- End of inner exception stack trace ---

Server stack trace: 
   at System.ServiceModel.Channels.RequestChannel.Request(Message message, TimeSpan timeout)
   at System.ServiceModel.Channels.TransactionRequestChannelGeneric`1.Request(Message message, TimeSpan timeout)
   at System.ServiceModel.Dispatcher.RequestChannelBinder.Request(Message message, TimeSpan timeout)
   at System.ServiceModel.Channels.ServiceChannel.Call(String action, Boolean oneway, ProxyOperationRuntime operation, Object[] ins, Object[] outs, TimeSpan timeout)
   at System.ServiceModel.Channels.ServiceChannelProxy.InvokeService(IMethodCallMessage methodCall, ProxyOperationRuntime operation)
   at System.ServiceModel.Channels.ServiceChannelProxy.Invoke(IMessage message)

Exception rethrown at [0]: 
   at System.Runtime.Remoting.Proxies.RealProxy.HandleReturnMessage(IMessage reqMsg, IMessage retMsg)
   at System.Runtime.Remoting.Proxies.RealProxy.PrivateInvoke(MessageData& msgData, Int32 type)
   at Petex.Service.RequestProcessor.IWcfStreamResponseProcessor.Process(MessageRequest request)
   at A.cec9e090ae538d190220f059017b75b84.Process(MessageRequest request)
Details:
System.TimeoutException: The request channel timed out while waiting for a reply after 00:04:55.3950063. Increase the timeout value passed to the call to Request or increase the SendTimeout value on the Binding. The time allotted to this operation may have been a portion of a longer timeout. ---> System.TimeoutException: The socket transfer timed out after 00:04:59.9930000. You have exceeded the timeout set on your binding. The time allotted to this operation may have been a portion of a longer timeout. ---> System.IO.IOException: The read operation failed, see inner exception. ---> System.TimeoutException: The socket transfer timed out after 00:04:59.9930000. You have exceeded the timeout set on your binding. The time allotted to this operation may have been a portion of a longer timeout. ---> System.Net.Sockets.SocketException: A connection attempt failed because the connected party did not properly respond after a period of time, or established connection failed because connected host has failed to respond
   at System.Net.Sockets.Socket.Receive(Byte[] buffer, Int32 offset, Int32 size, SocketFlags socketFlags)
   at System.ServiceModel.Channels.SocketConnection.ReadCore(Byte[] buffer, Int32 offset, Int32 size, TimeSpan timeout, Boolean closing)
   --- End of inner exception stack trace ---
   at System.ServiceModel.Channels.SocketConnection.ReadCore(Byte[] buffer, Int32 offset, Int32 size, TimeSpan timeout, Boolean closing)
   at System.ServiceModel.Channels.SocketConnection.Read(Byte[] buffer, Int32 offset, Int32 size, TimeSpan timeout)
   at System.ServiceModel.Channels.DelegatingConnection.Read(Byte[] buffer, Int32 offset, Int32 size, TimeSpan timeout)
   at System.ServiceModel.Channels.ConnectionStream.Read(Byte[] buffer, Int32 offset, Int32 count)
   at System.Net.FixedSizeReader.ReadPacket(Byte[] buffer, Int32 offset, Int32 count)
   at System.Net.Security.NegotiateStream.StartFrameHeader(Byte[] buffer, Int32 offset, Int32 count, AsyncProtocolRequest asyncRequest)
   at System.Net.Security.NegotiateStream.ProcessRead(Byte[] buffer, Int32 offset, Int32 count, AsyncProtocolRequest asyncRequest)
   --- End of inner exception stack trace ---
   at System.Net.Security.NegotiateStream.ProcessRead(Byte[] buffer, Int32 offset, Int32 count, AsyncProtocolRequest asyncRequest)
   at System.Net.Security.NegotiateStream.Read(Byte[] buffer, Int32 offset, Int32 count)
   at System.ServiceModel.Channels.StreamConnection.Read(Byte[] buffer, Int32 offset, Int32 size, TimeSpan timeout)
   --- End of inner exception stack trace ---
   at System.ServiceModel.Channels.StreamConnection.Read(Byte[] buffer, Int32 offset, Int32 size, TimeSpan timeout)
   at System.ServiceModel.Channels.SingletonConnectionReader.Receive(TimeSpan timeout)
   at System.ServiceModel.Channels.StreamedFramingRequestChannel.StreamedFramingRequest.WaitForReply(TimeSpan timeout)
   at System.ServiceModel.Channels.RequestChannel.Request(Message message, TimeSpan timeout)
   --- End of inner exception stack trace ---

Server stack trace: 
   at System.ServiceModel.Channels.RequestChannel.Request(Message message, TimeSpan timeout)
   at System.ServiceModel.Channels.TransactionRequestChannelGeneric`1.Request(Message message, TimeSpan timeout)
   at System.ServiceModel.Dispatcher.RequestChannelBinder.Request(Message message, TimeSpan timeout)
   at System.ServiceModel.Channels.ServiceChannel.Call(String action, Boolean oneway, ProxyOperationRuntime operation, Object[] ins, Object[] outs, TimeSpan timeout)
   at System.ServiceModel.Channels.ServiceChannelProxy.InvokeService(IMethodCallMessage methodCall, ProxyOperationRuntime operation)
   at System.ServiceModel.Channels.ServiceChannelProxy.Invoke(IMessage message)

Exception rethrown at [0]: 
   at System.Runtime.Remoting.Proxies.RealProxy.HandleReturnMessage(IMessage reqMsg, IMessage retMsg)
   at System.Runtime.Remoting.Proxies.RealProxy.PrivateInvoke(MessageData& msgData, Int32 type)
   at Petex.Service.RequestProcessor.IWcfStreamResponseProcessor.Process(MessageRequest request)
   at A.cec9e090ae538d190220f059017b75b84.Process(MessageRequest request)
2018/09/23 04:04:01.449 ERROR 127 A.cec9e090ae538d190220f059017b75b84 (Thread 127) ProcID (36972) - System.TimeoutException: The request channel timed out while waiting for a reply after 00:04:55.3950063. Increase the timeout value passed to the call to Request or increase the SendTimeout value on the Binding. The time allotted to this operation may have been a portion of a longer timeout. ---> System.TimeoutException: The socket transfer timed out after 00:04:59.9930000. You have exceeded the timeout set on your binding. The time allotted to this operation may have been a portion of a longer timeout. ---> System.IO.IOException: The read operation failed, see inner exception. ---> System.TimeoutException: The socket transfer timed out after 00:04:59.9930000. You have exceeded the timeout set on your binding. The time allotted to this operation may have been a portion of a longer timeout. ---> System.Net.Sockets.SocketException: A connection attempt failed because the connected party did not properly respond after a period of time, or established connection failed because connected host has failed to respond
   at System.Net.Sockets.Socket.Receive(Byte[] buffer, Int32 offset, Int32 size, SocketFlags socketFlags)
   at System.ServiceModel.Channels.SocketConnection.ReadCore(Byte[] buffer, Int32 offset, Int32 size, TimeSpan timeout, Boolean closing)
   --- End of inner exception stack trace ---
   at System.ServiceModel.Channels.SocketConnection.ReadCore(Byte[] buffer, Int32 offset, Int32 size, TimeSpan timeout, Boolean closing)
   at System.ServiceModel.Channels.SocketConnection.Read(Byte[] buffer, Int32 offset, Int32 size, TimeSpan timeout)
   at System.ServiceModel.Channels.DelegatingConnection.Read(Byte[] buffer, Int32 offset, Int32 size, TimeSpan timeout)
   at System.ServiceModel.Channels.ConnectionStream.Read(Byte[] buffer, Int32 offset, Int32 count)
   at System.Net.FixedSizeReader.ReadPacket(Byte[] buffer, Int32 offset, Int32 count)
   at System.Net.Security.NegotiateStream.StartFrameHeader(Byte[] buffer, Int32 offset, Int32 count, AsyncProtocolRequest asyncRequest)
   at System.Net.Security.NegotiateStream.ProcessRead(Byte[] buffer, Int32 offset, Int32 count, AsyncProtocolRequest asyncRequest)
   --- End of inner exception stack trace ---
   at System.Net.Security.NegotiateStream.ProcessRead(Byte[] buffer, Int32 offset, Int32 count, AsyncProtocolRequest asyncRequest)
   at System.Net.Security.NegotiateStream.Read(Byte[] buffer, Int32 offset, Int32 count)
   at System.ServiceModel.Channels.StreamConnection.Read(Byte[] buffer, Int32 offset, Int32 size, TimeSpan timeout)
   --- End of inner exception stack trace ---
   at System.ServiceModel.Channels.StreamConnection.Read(Byte[] buffer, Int32 offset, Int32 size, TimeSpan timeout)
   at System.ServiceModel.Channels.SingletonConnectionReader.Receive(TimeSpan timeout)
   at System.ServiceModel.Channels.StreamedFramingRequestChannel.StreamedFramingRequest.WaitForReply(TimeSpan timeout)
   at System.ServiceModel.Channels.RequestChannel.Request(Message message, TimeSpan timeout)
   --- End of inner exception stack trace ---

Server stack trace: 
   at System.ServiceModel.Channels.RequestChannel.Request(Message message, TimeSpan timeout)
   at System.ServiceModel.Channels.TransactionRequestChannelGeneric`1.Request(Message message, TimeSpan timeout)
   at System.ServiceModel.Dispatcher.RequestChannelBinder.Request(Message message, TimeSpan timeout)
   at System.ServiceModel.Channels.ServiceChannel.Call(String action, Boolean oneway, ProxyOperationRuntime operation, Object[] ins, Object[] outs, TimeSpan timeout)
   at System.ServiceModel.Channels.ServiceChannelProxy.InvokeService(IMethodCallMessage methodCall, ProxyOperationRuntime operation)
   at System.ServiceModel.Channels.ServiceChannelProxy.Invoke(IMessage message)

Exception rethrown at [0]: 
   at System.Runtime.Remoting.Proxies.RealProxy.HandleReturnMessage(IMessage reqMsg, IMessage retMsg)
   at System.Runtime.Remoting.Proxies.RealProxy.PrivateInvoke(MessageData& msgData, Int32 type)
   at Petex.Service.RequestProcessor.IWcfStreamResponseProcessor.Process(MessageRequest request)
   at A.cec9e090ae538d190220f059017b75b84.Process(MessageRequest request)

method : Process([Petex.Service.RequestProcessor.MessageRequest] request = Petex.Service.RequestProcessor.MessageRequest)

2018/09/23 04:04:01.451 ERROR 130 Petex.IFM.IVM.VisualWorkflowService.c1c13b709b3df317d725c923928032d5a - An error occurred while getting bulk results.
Details:
System.TimeoutException: The request channel timed out while waiting for a reply after 00:04:55.3950063. Increase the timeout value passed to the call to Request or increase the SendTimeout value on the Binding. The time allotted to this operation may have been a portion of a longer timeout. ---> System.TimeoutException: The socket transfer timed out after 00:04:59.9930000. You have exceeded the timeout set on your binding. The time allotted to this operation may have been a portion of a longer timeout. ---> System.IO.IOException: The read operation failed, see inner exception. ---> System.TimeoutException: The socket transfer timed out after 00:04:59.9930000. You have exceeded the timeout set on your binding. The time allotted to this operation may have been a portion of a longer timeout. ---> System.Net.Sockets.SocketException: A connection attempt failed because the connected party did not properly respond after a period of time, or established connection failed because connected host has failed to respond
   at System.Net.Sockets.Socket.Receive(Byte[] buffer, Int32 offset, Int32 size, SocketFlags socketFlags)
   at System.ServiceModel.Channels.SocketConnection.ReadCore(Byte[] buffer, Int32 offset, Int32 size, TimeSpan timeout, Boolean closing)
   --- End of inner exception stack trace ---
   at System.ServiceModel.Channels.SocketConnection.ReadCore(Byte[] buffer, Int32 offset, Int32 size, TimeSpan timeout, Boolean closing)
   at System.ServiceModel.Channels.SocketConnection.Read(Byte[] buffer, Int32 offset, Int32 size, TimeSpan timeout)
   at System.ServiceModel.Channels.DelegatingConnection.Read(Byte[] buffer, Int32 offset, Int32 size, TimeSpan timeout)
   at System.ServiceModel.Channels.ConnectionStream.Read(Byte[] buffer, Int32 offset, Int32 count)
   at System.Net.FixedSizeReader.ReadPacket(Byte[] buffer, Int32 offset, Int32 count)
   at System.Net.Security.NegotiateStream.StartFrameHeader(Byte[] buffer, Int32 offset, Int32 count, AsyncProtocolRequest asyncRequest)
   at System.Net.Security.NegotiateStream.ProcessRead(Byte[] buffer, Int32 offset, Int32 count, AsyncProtocolRequest asyncRequest)
   --- End of inner exception stack trace ---
   at System.Net.Security.NegotiateStream.ProcessRead(Byte[] buffer, Int32 offset, Int32 count, AsyncProtocolRequest asyncRequest)
   at System.Net.Security.NegotiateStream.Read(Byte[] buffer, Int32 offset, Int32 count)
   at System.ServiceModel.Channels.StreamConnection.Read(Byte[] buffer, Int32 offset, Int32 size, TimeSpan timeout)
   --- End of inner exception stack trace ---
   at System.ServiceModel.Channels.StreamConnection.Read(Byte[] buffer, Int32 offset, Int32 size, TimeSpan timeout)
   at System.ServiceModel.Channels.SingletonConnectionReader.Receive(TimeSpan timeout)
   at System.ServiceModel.Channels.StreamedFramingRequestChannel.StreamedFramingRequest.WaitForReply(TimeSpan timeout)
   at System.ServiceModel.Channels.RequestChannel.Request(Message message, TimeSpan timeout)
   --- End of inner exception stack trace ---

Server stack trace: 
   at System.ServiceModel.Channels.RequestChannel.Request(Message message, TimeSpan timeout)
   at System.ServiceModel.Channels.TransactionRequestChannelGeneric`1.Request(Message message, TimeSpan timeout)
   at System.ServiceModel.Dispatcher.RequestChannelBinder.Request(Message message, TimeSpan timeout)
   at System.ServiceModel.Channels.ServiceChannel.Call(String action, Boolean oneway, ProxyOperationRuntime operation, Object[] ins, Object[] outs, TimeSpan timeout)
   at System.ServiceModel.Channels.ServiceChannelProxy.InvokeService(IMethodCallMessage methodCall, ProxyOperationRuntime operation)
   at System.ServiceModel.Channels.ServiceChannelProxy.Invoke(IMessage message)

Exception rethrown at [0]: 
   at A.c22aefe7f39df3d678dba160428b769f4.c0c4ec95a682cbefc208f4f3eb80ff6ad[c5e2460f6ebc534efe90b3230b7797cb4](Func`1 c3c081f340dcdf79e192d50757bce0bee)
   at A.c42ccb3c762729e5c1ed9dd9fb21f7a51.c2a035223c95353a451d486528bb968ce(DateTime ca50651d185b346c217028862887f6062, List`1 c94623007ea3b221db43a7a5c991a9cac, Int32 c27485bd6dedf79f29eccbe33aefab814, DateTime cc0b7aac23bdedea569c99b9f01ab5798, DateTime ca917bd7d663d59239d097b255d937590)
   at Petex.IFM.IVM.VisualWorkflowService.c1c13b709b3df317d725c923928032d5a(c0a78f935034ea252425562b3db1ea988 cc462e40687a776088a0f60dcc4dee4c5, VisualWorkflowResultOptions c97464e7151b310fab45ca8e18c9bbc4d)
2018/09/23 04:07:42.535 INFO  94 A.ca9303324ae27c9d224e829df918b1ee8.c6ae4a85f8bc1eee64ee593e8582f1fd3 - Get a Copy for model file : APC Get Engineer Area Boundaries.vwk folder id : 7 model file id : 1982 recursive at '9/23/2018 9:07:41 AM' ==> Started.
2018/09/23 04:07:43.192 INFO  94 A.ca9303324ae27c9d224e829df918b1ee8.c6ae4a85f8bc1eee64ee593e8582f1fd3 - Get a Copy for model file : APC Get Engineer Area Boundaries.vwk folder id : 7 model file id : 1982 recursive at '9/23/2018 9:07:41 AM' ==> Completed. Took 00:00:00.657
2018/09/23 04:08:00.224 INFO  124 A.ca9303324ae27c9d224e829df918b1ee8.c6ae4a85f8bc1eee64ee593e8582f1fd3 - Get a Copy for model file : APC Clear Override.vwk folder id : 7 model file id : 1997 recursive at '9/23/2018 9:07:59 AM' ==> Started.
2018/09/23 04:08:00.920 INFO  124 A.ca9303324ae27c9d224e829df918b1ee8.c6ae4a85f8bc1eee64ee593e8582f1fd3 - Get a Copy for model file : APC Clear Override.vwk folder id : 7 model file id : 1997 recursive at '9/23/2018 9:07:59 AM' ==> Completed. Took 00:00:00.696
2018/09/23 04:09:02.034 ERROR 125 A.cec9e090ae538d190220f059017b75b84.Process - System.TimeoutException: The request channel timed out while waiting for a reply after 00:04:55.1740083. Increase the timeout value passed to the call to Request or increase the SendTimeout value on the Binding. The time allotted to this operation may have been a portion of a longer timeout. ---> System.TimeoutException: The socket transfer timed out after 00:04:59.9920000. You have exceeded the timeout set on your binding. The time allotted to this operation may have been a portion of a longer timeout. ---> System.IO.IOException: The read operation failed, see inner exception. ---> System.TimeoutException: The socket transfer timed out after 00:04:59.9920000. You have exceeded the timeout set on your binding. The time allotted to this operation may have been a portion of a longer timeout. ---> System.Net.Sockets.SocketException: A connection attempt failed because the connected party did not properly respond after a period of time, or established connection failed because connected host has failed to respond
   at System.Net.Sockets.Socket.Receive(Byte[] buffer, Int32 offset, Int32 size, SocketFlags socketFlags)
   at System.ServiceModel.Channels.SocketConnection.ReadCore(Byte[] buffer, Int32 offset, Int32 size, TimeSpan timeout, Boolean closing)
   --- End of inner exception stack trace ---
   at System.ServiceModel.Channels.SocketConnection.ReadCore(Byte[] buffer, Int32 offset, Int32 size, TimeSpan timeout, Boolean closing)
   at System.ServiceModel.Channels.SocketConnection.Read(Byte[] buffer, Int32 offset, Int32 size, TimeSpan timeout)
   at System.ServiceModel.Channels.DelegatingConnection.Read(Byte[] buffer, Int32 offset, Int32 size, TimeSpan timeout)
   at System.ServiceModel.Channels.ConnectionStream.Read(Byte[] buffer, Int32 offset, Int32 count)
   at System.Net.FixedSizeReader.ReadPacket(Byte[] buffer, Int32 offset, Int32 count)
   at System.Net.Security.NegotiateStream.StartFrameHeader(Byte[] buffer, Int32 offset, Int32 count, AsyncProtocolRequest asyncRequest)
   at System.Net.Security.NegotiateStream.ProcessRead(Byte[] buffer, Int32 offset, Int32 count, AsyncProtocolRequest asyncRequest)
   --- End of inner exception stack trace ---
   at System.Net.Security.NegotiateStream.ProcessRead(Byte[] buffer, Int32 offset, Int32 count, AsyncProtocolRequest asyncRequest)
   at System.Net.Security.NegotiateStream.Read(Byte[] buffer, Int32 offset, Int32 count)
   at System.ServiceModel.Channels.StreamConnection.Read(Byte[] buffer, Int32 offset, Int32 size, TimeSpan timeout)
   --- End of inner exception stack trace ---
   at System.ServiceModel.Channels.StreamConnection.Read(Byte[] buffer, Int32 offset, Int32 size, TimeSpan timeout)
   at System.ServiceModel.Channels.SingletonConnectionReader.Receive(TimeSpan timeout)
   at System.ServiceModel.Channels.StreamedFramingRequestChannel.StreamedFramingRequest.WaitForReply(TimeSpan timeout)
   at System.ServiceModel.Channels.RequestChannel.Request(Message message, TimeSpan timeout)
   --- End of inner exception stack trace ---

Server stack trace: 
   at System.ServiceModel.Channels.RequestChannel.Request(Message message, TimeSpan timeout)
   at System.ServiceModel.Channels.TransactionRequestChannelGeneric`1.Request(Message message, TimeSpan timeout)
   at System.ServiceModel.Dispatcher.RequestChannelBinder.Request(Message message, TimeSpan timeout)
   at System.ServiceModel.Channels.ServiceChannel.Call(String action, Boolean oneway, ProxyOperationRuntime operation, Object[] ins, Object[] outs, TimeSpan timeout)
   at System.ServiceModel.Channels.ServiceChannelProxy.InvokeService(IMethodCallMessage methodCall, ProxyOperationRuntime operation)
   at System.ServiceModel.Channels.ServiceChannelProxy.Invoke(IMessage message)

Exception rethrown at [0]: 
   at System.Runtime.Remoting.Proxies.RealProxy.HandleReturnMessage(IMessage reqMsg, IMessage retMsg)
   at System.Runtime.Remoting.Proxies.RealProxy.PrivateInvoke(MessageData& msgData, Int32 type)
   at Petex.Service.RequestProcessor.IWcfStreamResponseProcessor.Process(MessageRequest request)
   at A.cec9e090ae538d190220f059017b75b84.Process(MessageRequest request)
Details:
System.TimeoutException: The request channel timed out while waiting for a reply after 00:04:55.1740083. Increase the timeout value passed to the call to Request or increase the SendTimeout value on the Binding. The time allotted to this operation may have been a portion of a longer timeout. ---> System.TimeoutException: The socket transfer timed out after 00:04:59.9920000. You have exceeded the timeout set on your binding. The time allotted to this operation may have been a portion of a longer timeout. ---> System.IO.IOException: The read operation failed, see inner exception. ---> System.TimeoutException: The socket transfer timed out after 00:04:59.9920000. You have exceeded the timeout set on your binding. The time allotted to this operation may have been a portion of a longer timeout. ---> System.Net.Sockets.SocketException: A connection attempt failed because the connected party did not properly respond after a period of time, or established connection failed because connected host has failed to respond
   at System.Net.Sockets.Socket.Receive(Byte[] buffer, Int32 offset, Int32 size, SocketFlags socketFlags)
   at System.ServiceModel.Channels.SocketConnection.ReadCore(Byte[] buffer, Int32 offset, Int32 size, TimeSpan timeout, Boolean closing)
   --- End of inner exception stack trace ---
   at System.ServiceModel.Channels.SocketConnection.ReadCore(Byte[] buffer, Int32 offset, Int32 size, TimeSpan timeout, Boolean closing)
   at System.ServiceModel.Channels.SocketConnection.Read(Byte[] buffer, Int32 offset, Int32 size, TimeSpan timeout)
   at System.ServiceModel.Channels.DelegatingConnection.Read(Byte[] buffer, Int32 offset, Int32 size, TimeSpan timeout)
   at System.ServiceModel.Channels.ConnectionStream.Read(Byte[] buffer, Int32 offset, Int32 count)
   at System.Net.FixedSizeReader.ReadPacket(Byte[] buffer, Int32 offset, Int32 count)
   at System.Net.Security.NegotiateStream.StartFrameHeader(Byte[] buffer, Int32 offset, Int32 count, AsyncProtocolRequest asyncRequest)
   at System.Net.Security.NegotiateStream.ProcessRead(Byte[] buffer, Int32 offset, Int32 count, AsyncProtocolRequest asyncRequest)
   --- End of inner exception stack trace ---
   at System.Net.Security.NegotiateStream.ProcessRead(Byte[] buffer, Int32 offset, Int32 count, AsyncProtocolRequest asyncRequest)
   at System.Net.Security.NegotiateStream.Read(Byte[] buffer, Int32 offset, Int32 count)
   at System.ServiceModel.Channels.StreamConnection.Read(Byte[] buffer, Int32 offset, Int32 size, TimeSpan timeout)
   --- End of inner exception stack trace ---
   at System.ServiceModel.Channels.StreamConnection.Read(Byte[] buffer, Int32 offset, Int32 size, TimeSpan timeout)
   at System.ServiceModel.Channels.SingletonConnectionReader.Receive(TimeSpan timeout)
   at System.ServiceModel.Channels.StreamedFramingRequestChannel.StreamedFramingRequest.WaitForReply(TimeSpan timeout)
   at System.ServiceModel.Channels.RequestChannel.Request(Message message, TimeSpan timeout)
   --- End of inner exception stack trace ---

Server stack trace: 
   at System.ServiceModel.Channels.RequestChannel.Request(Message message, TimeSpan timeout)
   at System.ServiceModel.Channels.TransactionRequestChannelGeneric`1.Request(Message message, TimeSpan timeout)
   at System.ServiceModel.Dispatcher.RequestChannelBinder.Request(Message message, TimeSpan timeout)
   at System.ServiceModel.Channels.ServiceChannel.Call(String action, Boolean oneway, ProxyOperationRuntime operation, Object[] ins, Object[] outs, TimeSpan timeout)
   at System.ServiceModel.Channels.ServiceChannelProxy.InvokeService(IMethodCallMessage methodCall, ProxyOperationRuntime operation)
   at System.ServiceModel.Channels.ServiceChannelProxy.Invoke(IMessage message)

Exception rethrown at [0]: 
   at System.Runtime.Remoting.Proxies.RealProxy.HandleReturnMessage(IMessage reqMsg, IMessage retMsg)
   at System.Runtime.Remoting.Proxies.RealProxy.PrivateInvoke(MessageData& msgData, Int32 type)
   at Petex.Service.RequestProcessor.IWcfStreamResponseProcessor.Process(MessageRequest request)
   at A.cec9e090ae538d190220f059017b75b84.Process(MessageRequest request)
2018/09/23 04:09:02.038 ERROR 125 A.cec9e090ae538d190220f059017b75b84 (Thread 125) ProcID (36972) - System.TimeoutException: The request channel timed out while waiting for a reply after 00:04:55.1740083. Increase the timeout value passed to the call to Request or increase the SendTimeout value on the Binding. The time allotted to this operation may have been a portion of a longer timeout. ---> System.TimeoutException: The socket transfer timed out after 00:04:59.9920000. You have exceeded the timeout set on your binding. The time allotted to this operation may have been a portion of a longer timeout. ---> System.IO.IOException: The read operation failed, see inner exception. ---> System.TimeoutException: The socket transfer timed out after 00:04:59.9920000. You have exceeded the timeout set on your binding. The time allotted to this operation may have been a portion of a longer timeout. ---> System.Net.Sockets.SocketException: A connection attempt failed because the connected party did not properly respond after a period of time, or established connection failed because connected host has failed to respond
   at System.Net.Sockets.Socket.Receive(Byte[] buffer, Int32 offset, Int32 size, SocketFlags socketFlags)
   at System.ServiceModel.Channels.SocketConnection.ReadCore(Byte[] buffer, Int32 offset, Int32 size, TimeSpan timeout, Boolean closing)
   --- End of inner exception stack trace ---
   at System.ServiceModel.Channels.SocketConnection.ReadCore(Byte[] buffer, Int32 offset, Int32 size, TimeSpan timeout, Boolean closing)
   at System.ServiceModel.Channels.SocketConnection.Read(Byte[] buffer, Int32 offset, Int32 size, TimeSpan timeout)
   at System.ServiceModel.Channels.DelegatingConnection.Read(Byte[] buffer, Int32 offset, Int32 size, TimeSpan timeout)
   at System.ServiceModel.Channels.ConnectionStream.Read(Byte[] buffer, Int32 offset, Int32 count)
   at System.Net.FixedSizeReader.ReadPacket(Byte[] buffer, Int32 offset, Int32 count)
   at System.Net.Security.NegotiateStream.StartFrameHeader(Byte[] buffer, Int32 offset, Int32 count, AsyncProtocolRequest asyncRequest)
   at System.Net.Security.NegotiateStream.ProcessRead(Byte[] buffer, Int32 offset, Int32 count, AsyncProtocolRequest asyncRequest)
   --- End of inner exception stack trace ---
   at System.Net.Security.NegotiateStream.ProcessRead(Byte[] buffer, Int32 offset, Int32 count, AsyncProtocolRequest asyncRequest)
   at System.Net.Security.NegotiateStream.Read(Byte[] buffer, Int32 offset, Int32 count)
   at System.ServiceModel.Channels.StreamConnection.Read(Byte[] buffer, Int32 offset, Int32 size, TimeSpan timeout)
   --- End of inner exception stack trace ---
   at System.ServiceModel.Channels.StreamConnection.Read(Byte[] buffer, Int32 offset, Int32 size, TimeSpan timeout)
   at System.ServiceModel.Channels.SingletonConnectionReader.Receive(TimeSpan timeout)
   at System.ServiceModel.Channels.StreamedFramingRequestChannel.StreamedFramingRequest.WaitForReply(TimeSpan timeout)
   at System.ServiceModel.Channels.RequestChannel.Request(Message message, TimeSpan timeout)
   --- End of inner exception stack trace ---

Server stack trace: 
   at System.ServiceModel.Channels.RequestChannel.Request(Message message, TimeSpan timeout)
   at System.ServiceModel.Channels.TransactionRequestChannelGeneric`1.Request(Message message, TimeSpan timeout)
   at System.ServiceModel.Dispatcher.RequestChannelBinder.Request(Message message, TimeSpan timeout)
   at System.ServiceModel.Channels.ServiceChannel.Call(String action, Boolean oneway, ProxyOperationRuntime operation, Object[] ins, Object[] outs, TimeSpan timeout)
   at System.ServiceModel.Channels.ServiceChannelProxy.InvokeService(IMethodCallMessage methodCall, ProxyOperationRuntime operation)
   at System.ServiceModel.Channels.ServiceChannelProxy.Invoke(IMessage message)

Exception rethrown at [0]: 
   at System.Runtime.Remoting.Proxies.RealProxy.HandleReturnMessage(IMessage reqMsg, IMessage retMsg)
   at System.Runtime.Remoting.Proxies.RealProxy.PrivateInvoke(MessageData& msgData, Int32 type)
   at Petex.Service.RequestProcessor.IWcfStreamResponseProcessor.Process(MessageRequest request)
   at A.cec9e090ae538d190220f059017b75b84.Process(MessageRequest request)

method : Process([Petex.Service.RequestProcessor.MessageRequest] request = Petex.Service.RequestProcessor.MessageRequest)

2018/09/23 04:09:02.039 ERROR 111 Petex.IFM.IVM.VisualWorkflowService.c1c13b709b3df317d725c923928032d5a - An error occurred while getting bulk results.
Details:
System.TimeoutException: The request channel timed out while waiting for a reply after 00:04:55.1740083. Increase the timeout value passed to the call to Request or increase the SendTimeout value on the Binding. The time allotted to this operation may have been a portion of a longer timeout. ---> System.TimeoutException: The socket transfer timed out after 00:04:59.9920000. You have exceeded the timeout set on your binding. The time allotted to this operation may have been a portion of a longer timeout. ---> System.IO.IOException: The read operation failed, see inner exception. ---> System.TimeoutException: The socket transfer timed out after 00:04:59.9920000. You have exceeded the timeout set on your binding. The time allotted to this operation may have been a portion of a longer timeout. ---> System.Net.Sockets.SocketException: A connection attempt failed because the connected party did not properly respond after a period of time, or established connection failed because connected host has failed to respond
   at System.Net.Sockets.Socket.Receive(Byte[] buffer, Int32 offset, Int32 size, SocketFlags socketFlags)
   at System.ServiceModel.Channels.SocketConnection.ReadCore(Byte[] buffer, Int32 offset, Int32 size, TimeSpan timeout, Boolean closing)
   --- End of inner exception stack trace ---
   at System.ServiceModel.Channels.SocketConnection.ReadCore(Byte[] buffer, Int32 offset, Int32 size, TimeSpan timeout, Boolean closing)
   at System.ServiceModel.Channels.SocketConnection.Read(Byte[] buffer, Int32 offset, Int32 size, TimeSpan timeout)
   at System.ServiceModel.Channels.DelegatingConnection.Read(Byte[] buffer, Int32 offset, Int32 size, TimeSpan timeout)
   at System.ServiceModel.Channels.ConnectionStream.Read(Byte[] buffer, Int32 offset, Int32 count)
   at System.Net.FixedSizeReader.ReadPacket(Byte[] buffer, Int32 offset, Int32 count)
   at System.Net.Security.NegotiateStream.StartFrameHeader(Byte[] buffer, Int32 offset, Int32 count, AsyncProtocolRequest asyncRequest)
   at System.Net.Security.NegotiateStream.ProcessRead(Byte[] buffer, Int32 offset, Int32 count, AsyncProtocolRequest asyncRequest)
   --- End of inner exception stack trace ---
   at System.Net.Security.NegotiateStream.ProcessRead(Byte[] buffer, Int32 offset, Int32 count, AsyncProtocolRequest asyncRequest)
   at System.Net.Security.NegotiateStream.Read(Byte[] buffer, Int32 offset, Int32 count)
   at System.ServiceModel.Channels.StreamConnection.Read(Byte[] buffer, Int32 offset, Int32 size, TimeSpan timeout)
   --- End of inner exception stack trace ---
   at System.ServiceModel.Channels.StreamConnection.Read(Byte[] buffer, Int32 offset, Int32 size, TimeSpan timeout)
   at System.ServiceModel.Channels.SingletonConnectionReader.Receive(TimeSpan timeout)
   at System.ServiceModel.Channels.StreamedFramingRequestChannel.StreamedFramingRequest.WaitForReply(TimeSpan timeout)
   at System.ServiceModel.Channels.RequestChannel.Request(Message message, TimeSpan timeout)
   --- End of inner exception stack trace ---

Server stack trace: 
   at System.ServiceModel.Channels.RequestChannel.Request(Message message, TimeSpan timeout)
   at System.ServiceModel.Channels.TransactionRequestChannelGeneric`1.Request(Message message, TimeSpan timeout)
   at System.ServiceModel.Dispatcher.RequestChannelBinder.Request(Message message, TimeSpan timeout)
   at System.ServiceModel.Channels.ServiceChannel.Call(String action, Boolean oneway, ProxyOperationRuntime operation, Object[] ins, Object[] outs, TimeSpan timeout)
   at System.ServiceModel.Channels.ServiceChannelProxy.InvokeService(IMethodCallMessage methodCall, ProxyOperationRuntime operation)
   at System.ServiceModel.Channels.ServiceChannelProxy.Invoke(IMessage message)

Exception rethrown at [0]: 
   at A.c22aefe7f39df3d678dba160428b769f4.c0c4ec95a682cbefc208f4f3eb80ff6ad[c5e2460f6ebc534efe90b3230b7797cb4](Func`1 c3c081f340dcdf79e192d50757bce0bee)
   at A.c42ccb3c762729e5c1ed9dd9fb21f7a51.c2a035223c95353a451d486528bb968ce(DateTime ca50651d185b346c217028862887f6062, List`1 c94623007ea3b221db43a7a5c991a9cac, Int32 c27485bd6dedf79f29eccbe33aefab814, DateTime cc0b7aac23bdedea569c99b9f01ab5798, DateTime ca917bd7d663d59239d097b255d937590)
   at Petex.IFM.IVM.VisualWorkflowService.c1c13b709b3df317d725c923928032d5a(c0a78f935034ea252425562b3db1ea988 cc462e40687a776088a0f60dcc4dee4c5, VisualWorkflowResultOptions c97464e7151b310fab45ca8e18c9bbc4d)
2018/09/23 04:09:23.331 INFO  112 A.cdc551499db0039f956e1d0666bfd1504.ca3aa6b2f13c2c1bc9c646f6abf33ed07 - Changing service from :0 to HOUMSEOSIFM007:8787
2018/09/23 04:14:24.534 INFO  130 A.cdc551499db0039f956e1d0666bfd1504.ca3aa6b2f13c2c1bc9c646f6abf33ed07 - Changing service from :0 to HOUMSEOSIFM007:8787
2018/09/23 04:14:30.919 ERROR 131 A.cec9e090ae538d190220f059017b75b84.Process - System.TimeoutException: The request channel timed out while waiting for a reply after 00:04:55.0019957. Increase the timeout value passed to the call to Request or increase the SendTimeout value on the Binding. The time allotted to this operation may have been a portion of a longer timeout. ---> System.TimeoutException: The socket transfer timed out after 00:04:59.9930000. You have exceeded the timeout set on your binding. The time allotted to this operation may have been a portion of a longer timeout. ---> System.IO.IOException: The read operation failed, see inner exception. ---> System.TimeoutException: The socket transfer timed out after 00:04:59.9930000. You have exceeded the timeout set on your binding. The time allotted to this operation may have been a portion of a longer timeout. ---> System.Net.Sockets.SocketException: A connection attempt failed because the connected party did not properly respond after a period of time, or established connection failed because connected host has failed to respond
   at System.Net.Sockets.Socket.Receive(Byte[] buffer, Int32 offset, Int32 size, SocketFlags socketFlags)
   at System.ServiceModel.Channels.SocketConnection.ReadCore(Byte[] buffer, Int32 offset, Int32 size, TimeSpan timeout, Boolean closing)
   --- End of inner exception stack trace ---
   at System.ServiceModel.Channels.SocketConnection.ReadCore(Byte[] buffer, Int32 offset, Int32 size, TimeSpan timeout, Boolean closing)
   at System.ServiceModel.Channels.SocketConnection.Read(Byte[] buffer, Int32 offset, Int32 size, TimeSpan timeout)
   at System.ServiceModel.Channels.DelegatingConnection.Read(Byte[] buffer, Int32 offset, Int32 size, TimeSpan timeout)
   at System.ServiceModel.Channels.ConnectionStream.Read(Byte[] buffer, Int32 offset, Int32 count)
   at System.Net.FixedSizeReader.ReadPacket(Byte[] buffer, Int32 offset, Int32 count)
   at System.Net.Security.NegotiateStream.StartFrameHeader(Byte[] buffer, Int32 offset, Int32 count, AsyncProtocolRequest asyncRequest)
   at System.Net.Security.NegotiateStream.ProcessRead(Byte[] buffer, Int32 offset, Int32 count, AsyncProtocolRequest asyncRequest)
   --- End of inner exception stack trace ---
   at System.Net.Security.NegotiateStream.ProcessRead(Byte[] buffer, Int32 offset, Int32 count, AsyncProtocolRequest asyncRequest)
   at System.Net.Security.NegotiateStream.Read(Byte[] buffer, Int32 offset, Int32 count)
   at System.ServiceModel.Channels.StreamConnection.Read(Byte[] buffer, Int32 offset, Int32 size, TimeSpan timeout)
   --- End of inner exception stack trace ---
   at System.ServiceModel.Channels.StreamConnection.Read(Byte[] buffer, Int32 offset, Int32 size, TimeSpan timeout)
   at System.ServiceModel.Channels.SingletonConnectionReader.Receive(TimeSpan timeout)
   at System.ServiceModel.Channels.StreamedFramingRequestChannel.StreamedFramingRequest.WaitForReply(TimeSpan timeout)
   at System.ServiceModel.Channels.RequestChannel.Request(Message message, TimeSpan timeout)
   --- End of inner exception stack trace ---

Server stack trace: 
   at System.ServiceModel.Channels.RequestChannel.Request(Message message, TimeSpan timeout)
   at System.ServiceModel.Channels.TransactionRequestChannelGeneric`1.Request(Message message, TimeSpan timeout)
   at System.ServiceModel.Dispatcher.RequestChannelBinder.Request(Message message, TimeSpan timeout)
   at System.ServiceModel.Channels.ServiceChannel.Call(String action, Boolean oneway, ProxyOperationRuntime operation, Object[] ins, Object[] outs, TimeSpan timeout)
   at System.ServiceModel.Channels.ServiceChannelProxy.InvokeService(IMethodCallMessage methodCall, ProxyOperationRuntime operation)
   at System.ServiceModel.Channels.ServiceChannelProxy.Invoke(IMessage message)

Exception rethrown at [0]: 
   at System.Runtime.Remoting.Proxies.RealProxy.HandleReturnMessage(IMessage reqMsg, IMessage retMsg)
   at System.Runtime.Remoting.Proxies.RealProxy.PrivateInvoke(MessageData& msgData, Int32 type)
   at Petex.Service.RequestProcessor.IWcfStreamResponseProcessor.Process(MessageRequest request)
   at A.cec9e090ae538d190220f059017b75b84.Process(MessageRequest request)
Details:
System.TimeoutException: The request channel timed out while waiting for a reply after 00:04:55.0019957. Increase the timeout value passed to the call to Request or increase the SendTimeout value on the Binding. The time allotted to this operation may have been a portion of a longer timeout. ---> System.TimeoutException: The socket transfer timed out after 00:04:59.9930000. You have exceeded the timeout set on your binding. The time allotted to this operation may have been a portion of a longer timeout. ---> System.IO.IOException: The read operation failed, see inner exception. ---> System.TimeoutException: The socket transfer timed out after 00:04:59.9930000. You have exceeded the timeout set on your binding. The time allotted to this operation may have been a portion of a longer timeout. ---> System.Net.Sockets.SocketException: A connection attempt failed because the connected party did not properly respond after a period of time, or established connection failed because connected host has failed to respond
   at System.Net.Sockets.Socket.Receive(Byte[] buffer, Int32 offset, Int32 size, SocketFlags socketFlags)
   at System.ServiceModel.Channels.SocketConnection.ReadCore(Byte[] buffer, Int32 offset, Int32 size, TimeSpan timeout, Boolean closing)
   --- End of inner exception stack trace ---
   at System.ServiceModel.Channels.SocketConnection.ReadCore(Byte[] buffer, Int32 offset, Int32 size, TimeSpan timeout, Boolean closing)
   at System.ServiceModel.Channels.SocketConnection.Read(Byte[] buffer, Int32 offset, Int32 size, TimeSpan timeout)
   at System.ServiceModel.Channels.DelegatingConnection.Read(Byte[] buffer, Int32 offset, Int32 size, TimeSpan timeout)
   at System.ServiceModel.Channels.ConnectionStream.Read(Byte[] buffer, Int32 offset, Int32 count)
   at System.Net.FixedSizeReader.ReadPacket(Byte[] buffer, Int32 offset, Int32 count)
   at System.Net.Security.NegotiateStream.StartFrameHeader(Byte[] buffer, Int32 offset, Int32 count, AsyncProtocolRequest asyncRequest)
   at System.Net.Security.NegotiateStream.ProcessRead(Byte[] buffer, Int32 offset, Int32 count, AsyncProtocolRequest asyncRequest)
   --- End of inner exception stack trace ---
   at System.Net.Security.NegotiateStream.ProcessRead(Byte[] buffer, Int32 offset, Int32 count, AsyncProtocolRequest asyncRequest)
   at System.Net.Security.NegotiateStream.Read(Byte[] buffer, Int32 offset, Int32 count)
   at System.ServiceModel.Channels.StreamConnection.Read(Byte[] buffer, Int32 offset, Int32 size, TimeSpan timeout)
   --- End of inner exception stack trace ---
   at System.ServiceModel.Channels.StreamConnection.Read(Byte[] buffer, Int32 offset, Int32 size, TimeSpan timeout)
   at System.ServiceModel.Channels.SingletonConnectionReader.Receive(TimeSpan timeout)
   at System.ServiceModel.Channels.StreamedFramingRequestChannel.StreamedFramingRequest.WaitForReply(TimeSpan timeout)
   at System.ServiceModel.Channels.RequestChannel.Request(Message message, TimeSpan timeout)
   --- End of inner exception stack trace ---

Server stack trace: 
   at System.ServiceModel.Channels.RequestChannel.Request(Message message, TimeSpan timeout)
   at System.ServiceModel.Channels.TransactionRequestChannelGeneric`1.Request(Message message, TimeSpan timeout)
   at System.ServiceModel.Dispatcher.RequestChannelBinder.Request(Message message, TimeSpan timeout)
   at System.ServiceModel.Channels.ServiceChannel.Call(String action, Boolean oneway, ProxyOperationRuntime operation, Object[] ins, Object[] outs, TimeSpan timeout)
   at System.ServiceModel.Channels.ServiceChannelProxy.InvokeService(IMethodCallMessage methodCall, ProxyOperationRuntime operation)
   at System.ServiceModel.Channels.ServiceChannelProxy.Invoke(IMessage message)

Exception rethrown at [0]: 
   at System.Runtime.Remoting.Proxies.RealProxy.HandleReturnMessage(IMessage reqMsg, IMessage retMsg)
   at System.Runtime.Remoting.Proxies.RealProxy.PrivateInvoke(MessageData& msgData, Int32 type)
   at Petex.Service.RequestProcessor.IWcfStreamResponseProcessor.Process(MessageRequest request)
   at A.cec9e090ae538d190220f059017b75b84.Process(MessageRequest request)
2018/09/23 04:14:30.922 ERROR 131 A.cec9e090ae538d190220f059017b75b84 (Thread 131) ProcID (36972) - System.TimeoutException: The request channel timed out while waiting for a reply after 00:04:55.0019957. Increase the timeout value passed to the call to Request or increase the SendTimeout value on the Binding. The time allotted to this operation may have been a portion of a longer timeout. ---> System.TimeoutException: The socket transfer timed out after 00:04:59.9930000. You have exceeded the timeout set on your binding. The time allotted to this operation may have been a portion of a longer timeout. ---> System.IO.IOException: The read operation failed, see inner exception. ---> System.TimeoutException: The socket transfer timed out after 00:04:59.9930000. You have exceeded the timeout set on your binding. The time allotted to this operation may have been a portion of a longer timeout. ---> System.Net.Sockets.SocketException: A connection attempt failed because the connected party did not properly respond after a period of time, or established connection failed because connected host has failed to respond
   at System.Net.Sockets.Socket.Receive(Byte[] buffer, Int32 offset, Int32 size, SocketFlags socketFlags)
   at System.ServiceModel.Channels.SocketConnection.ReadCore(Byte[] buffer, Int32 offset, Int32 size, TimeSpan timeout, Boolean closing)
   --- End of inner exception stack trace ---
   at System.ServiceModel.Channels.SocketConnection.ReadCore(Byte[] buffer, Int32 offset, Int32 size, TimeSpan timeout, Boolean closing)
   at System.ServiceModel.Channels.SocketConnection.Read(Byte[] buffer, Int32 offset, Int32 size, TimeSpan timeout)
   at System.ServiceModel.Channels.DelegatingConnection.Read(Byte[] buffer, Int32 offset, Int32 size, TimeSpan timeout)
   at System.ServiceModel.Channels.ConnectionStream.Read(Byte[] buffer, Int32 offset, Int32 count)
   at System.Net.FixedSizeReader.ReadPacket(Byte[] buffer, Int32 offset, Int32 count)
   at System.Net.Security.NegotiateStream.StartFrameHeader(Byte[] buffer, Int32 offset, Int32 count, AsyncProtocolRequest asyncRequest)
   at System.Net.Security.NegotiateStream.ProcessRead(Byte[] buffer, Int32 offset, Int32 count, AsyncProtocolRequest asyncRequest)
   --- End of inner exception stack trace ---
   at System.Net.Security.NegotiateStream.ProcessRead(Byte[] buffer, Int32 offset, Int32 count, AsyncProtocolRequest asyncRequest)
   at System.Net.Security.NegotiateStream.Read(Byte[] buffer, Int32 offset, Int32 count)
   at System.ServiceModel.Channels.StreamConnection.Read(Byte[] buffer, Int32 offset, Int32 size, TimeSpan timeout)
   --- End of inner exception stack trace ---
   at System.ServiceModel.Channels.StreamConnection.Read(Byte[] buffer, Int32 offset, Int32 size, TimeSpan timeout)
   at System.ServiceModel.Channels.SingletonConnectionReader.Receive(TimeSpan timeout)
   at System.ServiceModel.Channels.StreamedFramingRequestChannel.StreamedFramingRequest.WaitForReply(TimeSpan timeout)
   at System.ServiceModel.Channels.RequestChannel.Request(Message message, TimeSpan timeout)
   --- End of inner exception stack trace ---

Server stack trace: 
   at System.ServiceModel.Channels.RequestChannel.Request(Message message, TimeSpan timeout)
   at System.ServiceModel.Channels.TransactionRequestChannelGeneric`1.Request(Message message, TimeSpan timeout)
   at System.ServiceModel.Dispatcher.RequestChannelBinder.Request(Message message, TimeSpan timeout)
   at System.ServiceModel.Channels.ServiceChannel.Call(String action, Boolean oneway, ProxyOperationRuntime operation, Object[] ins, Object[] outs, TimeSpan timeout)
   at System.ServiceModel.Channels.ServiceChannelProxy.InvokeService(IMethodCallMessage methodCall, ProxyOperationRuntime operation)
   at System.ServiceModel.Channels.ServiceChannelProxy.Invoke(IMessage message)

Exception rethrown at [0]: 
   at System.Runtime.Remoting.Proxies.RealProxy.HandleReturnMessage(IMessage reqMsg, IMessage retMsg)
   at System.Runtime.Remoting.Proxies.RealProxy.PrivateInvoke(MessageData& msgData, Int32 type)
   at Petex.Service.RequestProcessor.IWcfStreamResponseProcessor.Process(MessageRequest request)
   at A.cec9e090ae538d190220f059017b75b84.Process(MessageRequest request)

method : Process([Petex.Service.RequestProcessor.MessageRequest] request = Petex.Service.RequestProcessor.MessageRequest)

2018/09/23 04:14:30.923 ERROR 87 Petex.IFM.IVM.VisualWorkflowService.c1c13b709b3df317d725c923928032d5a - An error occurred while getting bulk results.
Details:
System.TimeoutException: The request channel timed out while waiting for a reply after 00:04:55.0019957. Increase the timeout value passed to the call to Request or increase the SendTimeout value on the Binding. The time allotted to this operation may have been a portion of a longer timeout. ---> System.TimeoutException: The socket transfer timed out after 00:04:59.9930000. You have exceeded the timeout set on your binding. The time allotted to this operation may have been a portion of a longer timeout. ---> System.IO.IOException: The read operation failed, see inner exception. ---> System.TimeoutException: The socket transfer timed out after 00:04:59.9930000. You have exceeded the timeout set on your binding. The time allotted to this operation may have been a portion of a longer timeout. ---> System.Net.Sockets.SocketException: A connection attempt failed because the connected party did not properly respond after a period of time, or established connection failed because connected host has failed to respond
   at System.Net.Sockets.Socket.Receive(Byte[] buffer, Int32 offset, Int32 size, SocketFlags socketFlags)
   at System.ServiceModel.Channels.SocketConnection.ReadCore(Byte[] buffer, Int32 offset, Int32 size, TimeSpan timeout, Boolean closing)
   --- End of inner exception stack trace ---
   at System.ServiceModel.Channels.SocketConnection.ReadCore(Byte[] buffer, Int32 offset, Int32 size, TimeSpan timeout, Boolean closing)
   at System.ServiceModel.Channels.SocketConnection.Read(Byte[] buffer, Int32 offset, Int32 size, TimeSpan timeout)
   at System.ServiceModel.Channels.DelegatingConnection.Read(Byte[] buffer, Int32 offset, Int32 size, TimeSpan timeout)
   at System.ServiceModel.Channels.ConnectionStream.Read(Byte[] buffer, Int32 offset, Int32 count)
   at System.Net.FixedSizeReader.ReadPacket(Byte[] buffer, Int32 offset, Int32 count)
   at System.Net.Security.NegotiateStream.StartFrameHeader(Byte[] buffer, Int32 offset, Int32 count, AsyncProtocolRequest asyncRequest)
   at System.Net.Security.NegotiateStream.ProcessRead(Byte[] buffer, Int32 offset, Int32 count, AsyncProtocolRequest asyncRequest)
   --- End of inner exception stack trace ---
   at System.Net.Security.NegotiateStream.ProcessRead(Byte[] buffer, Int32 offset, Int32 count, AsyncProtocolRequest asyncRequest)
   at System.Net.Security.NegotiateStream.Read(Byte[] buffer, Int32 offset, Int32 count)
   at System.ServiceModel.Channels.StreamConnection.Read(Byte[] buffer, Int32 offset, Int32 size, TimeSpan timeout)
   --- End of inner exception stack trace ---
   at System.ServiceModel.Channels.StreamConnection.Read(Byte[] buffer, Int32 offset, Int32 size, TimeSpan timeout)
   at System.ServiceModel.Channels.SingletonConnectionReader.Receive(TimeSpan timeout)
   at System.ServiceModel.Channels.StreamedFramingRequestChannel.StreamedFramingRequest.WaitForReply(TimeSpan timeout)
   at System.ServiceModel.Channels.RequestChannel.Request(Message message, TimeSpan timeout)
   --- End of inner exception stack trace ---

Server stack trace: 
   at System.ServiceModel.Channels.RequestChannel.Request(Message message, TimeSpan timeout)
   at System.ServiceModel.Channels.TransactionRequestChannelGeneric`1.Request(Message message, TimeSpan timeout)
   at System.ServiceModel.Dispatcher.RequestChannelBinder.Request(Message message, TimeSpan timeout)
   at System.ServiceModel.Channels.ServiceChannel.Call(String action, Boolean oneway, ProxyOperationRuntime operation, Object[] ins, Object[] outs, TimeSpan timeout)
   at System.ServiceModel.Channels.ServiceChannelProxy.InvokeService(IMethodCallMessage methodCall, ProxyOperationRuntime operation)
   at System.ServiceModel.Channels.ServiceChannelProxy.Invoke(IMessage message)

Exception rethrown at [0]: 
   at A.c22aefe7f39df3d678dba160428b769f4.c0c4ec95a682cbefc208f4f3eb80ff6ad[c5e2460f6ebc534efe90b3230b7797cb4](Func`1 c3c081f340dcdf79e192d50757bce0bee)
   at A.c42ccb3c762729e5c1ed9dd9fb21f7a51.c2a035223c95353a451d486528bb968ce(DateTime ca50651d185b346c217028862887f6062, List`1 c94623007ea3b221db43a7a5c991a9cac, Int32 c27485bd6dedf79f29eccbe33aefab814, DateTime cc0b7aac23bdedea569c99b9f01ab5798, DateTime ca917bd7d663d59239d097b255d937590)
   at Petex.IFM.IVM.VisualWorkflowService.c1c13b709b3df317d725c923928032d5a(c0a78f935034ea252425562b3db1ea988 cc462e40687a776088a0f60dcc4dee4c5, VisualWorkflowResultOptions c97464e7151b310fab45ca8e18c9bbc4d)
2018/09/23 04:19:24.588 INFO  54 A.cdc551499db0039f956e1d0666bfd1504.ca3aa6b2f13c2c1bc9c646f6abf33ed07 - Changing service from :0 to HOUMSEOSIFM007:8787
2018/09/23 04:19:32.070 ERROR 96 A.cec9e090ae538d190220f059017b75b84.Process - System.TimeoutException: The request channel timed out while waiting for a reply after 00:04:55.2949944. Increase the timeout value passed to the call to Request or increase the SendTimeout value on the Binding. The time allotted to this operation may have been a portion of a longer timeout. ---> System.TimeoutException: The socket transfer timed out after 00:04:59.9930000. You have exceeded the timeout set on your binding. The time allotted to this operation may have been a portion of a longer timeout. ---> System.IO.IOException: The read operation failed, see inner exception. ---> System.TimeoutException: The socket transfer timed out after 00:04:59.9930000. You have exceeded the timeout set on your binding. The time allotted to this operation may have been a portion of a longer timeout. ---> System.Net.Sockets.SocketException: A connection attempt failed because the connected party did not properly respond after a period of time, or established connection failed because connected host has failed to respond
   at System.Net.Sockets.Socket.Receive(Byte[] buffer, Int32 offset, Int32 size, SocketFlags socketFlags)
   at System.ServiceModel.Channels.SocketConnection.ReadCore(Byte[] buffer, Int32 offset, Int32 size, TimeSpan timeout, Boolean closing)
   --- End of inner exception stack trace ---
   at System.ServiceModel.Channels.SocketConnection.ReadCore(Byte[] buffer, Int32 offset, Int32 size, TimeSpan timeout, Boolean closing)
   at System.ServiceModel.Channels.SocketConnection.Read(Byte[] buffer, Int32 offset, Int32 size, TimeSpan timeout)
   at System.ServiceModel.Channels.DelegatingConnection.Read(Byte[] buffer, Int32 offset, Int32 size, TimeSpan timeout)
   at System.ServiceModel.Channels.ConnectionStream.Read(Byte[] buffer, Int32 offset, Int32 count)
   at System.Net.FixedSizeReader.ReadPacket(Byte[] buffer, Int32 offset, Int32 count)
   at System.Net.Security.NegotiateStream.StartFrameHeader(Byte[] buffer, Int32 offset, Int32 count, AsyncProtocolRequest asyncRequest)
   at System.Net.Security.NegotiateStream.ProcessRead(Byte[] buffer, Int32 offset, Int32 count, AsyncProtocolRequest asyncRequest)
   --- End of inner exception stack trace ---
   at System.Net.Security.NegotiateStream.ProcessRead(Byte[] buffer, Int32 offset, Int32 count, AsyncProtocolRequest asyncRequest)
   at System.Net.Security.NegotiateStream.Read(Byte[] buffer, Int32 offset, Int32 count)
   at System.ServiceModel.Channels.StreamConnection.Read(Byte[] buffer, Int32 offset, Int32 size, TimeSpan timeout)
   --- End of inner exception stack trace ---
   at System.ServiceModel.Channels.StreamConnection.Read(Byte[] buffer, Int32 offset, Int32 size, TimeSpan timeout)
   at System.ServiceModel.Channels.SingletonConnectionReader.Receive(TimeSpan timeout)
   at System.ServiceModel.Channels.StreamedFramingRequestChannel.StreamedFramingRequest.WaitForReply(TimeSpan timeout)
   at System.ServiceModel.Channels.RequestChannel.Request(Message message, TimeSpan timeout)
   --- End of inner exception stack trace ---

Server stack trace: 
   at System.ServiceModel.Channels.RequestChannel.Request(Message message, TimeSpan timeout)
   at System.ServiceModel.Channels.TransactionRequestChannelGeneric`1.Request(Message message, TimeSpan timeout)
   at System.ServiceModel.Dispatcher.RequestChannelBinder.Request(Message message, TimeSpan timeout)
   at System.ServiceModel.Channels.ServiceChannel.Call(String action, Boolean oneway, ProxyOperationRuntime operation, Object[] ins, Object[] outs, TimeSpan timeout)
   at System.ServiceModel.Channels.ServiceChannelProxy.InvokeService(IMethodCallMessage methodCall, ProxyOperationRuntime operation)
   at System.ServiceModel.Channels.ServiceChannelProxy.Invoke(IMessage message)

Exception rethrown at [0]: 
   at System.Runtime.Remoting.Proxies.RealProxy.HandleReturnMessage(IMessage reqMsg, IMessage retMsg)
   at System.Runtime.Remoting.Proxies.RealProxy.PrivateInvoke(MessageData& msgData, Int32 type)
   at Petex.Service.RequestProcessor.IWcfStreamResponseProcessor.Process(MessageRequest request)
   at A.cec9e090ae538d190220f059017b75b84.Process(MessageRequest request)
Details:
System.TimeoutException: The request channel timed out while waiting for a reply after 00:04:55.2949944. Increase the timeout value passed to the call to Request or increase the SendTimeout value on the Binding. The time allotted to this operation may have been a portion of a longer timeout. ---> System.TimeoutException: The socket transfer timed out after 00:04:59.9930000. You have exceeded the timeout set on your binding. The time allotted to this operation may have been a portion of a longer timeout. ---> System.IO.IOException: The read operation failed, see inner exception. ---> System.TimeoutException: The socket transfer timed out after 00:04:59.9930000. You have exceeded the timeout set on your binding. The time allotted to this operation may have been a portion of a longer timeout. ---> System.Net.Sockets.SocketException: A connection attempt failed because the connected party did not properly respond after a period of time, or established connection failed because connected host has failed to respond
   at System.Net.Sockets.Socket.Receive(Byte[] buffer, Int32 offset, Int32 size, SocketFlags socketFlags)
   at System.ServiceModel.Channels.SocketConnection.ReadCore(Byte[] buffer, Int32 offset, Int32 size, TimeSpan timeout, Boolean closing)
   --- End of inner exception stack trace ---
   at System.ServiceModel.Channels.SocketConnection.ReadCore(Byte[] buffer, Int32 offset, Int32 size, TimeSpan timeout, Boolean closing)
   at System.ServiceModel.Channels.SocketConnection.Read(Byte[] buffer, Int32 offset, Int32 size, TimeSpan timeout)
   at System.ServiceModel.Channels.DelegatingConnection.Read(Byte[] buffer, Int32 offset, Int32 size, TimeSpan timeout)
   at System.ServiceModel.Channels.ConnectionStream.Read(Byte[] buffer, Int32 offset, Int32 count)
   at System.Net.FixedSizeReader.ReadPacket(Byte[] buffer, Int32 offset, Int32 count)
   at System.Net.Security.NegotiateStream.StartFrameHeader(Byte[] buffer, Int32 offset, Int32 count, AsyncProtocolRequest asyncRequest)
   at System.Net.Security.NegotiateStream.ProcessRead(Byte[] buffer, Int32 offset, Int32 count, AsyncProtocolRequest asyncRequest)
   --- End of inner exception stack trace ---
   at System.Net.Security.NegotiateStream.ProcessRead(Byte[] buffer, Int32 offset, Int32 count, AsyncProtocolRequest asyncRequest)
   at System.Net.Security.NegotiateStream.Read(Byte[] buffer, Int32 offset, Int32 count)
   at System.ServiceModel.Channels.StreamConnection.Read(Byte[] buffer, Int32 offset, Int32 size, TimeSpan timeout)
   --- End of inner exception stack trace ---
   at System.ServiceModel.Channels.StreamConnection.Read(Byte[] buffer, Int32 offset, Int32 size, TimeSpan timeout)
   at System.ServiceModel.Channels.SingletonConnectionReader.Receive(TimeSpan timeout)
   at System.ServiceModel.Channels.StreamedFramingRequestChannel.StreamedFramingRequest.WaitForReply(TimeSpan timeout)
   at System.ServiceModel.Channels.RequestChannel.Request(Message message, TimeSpan timeout)
   --- End of inner exception stack trace ---

Server stack trace: 
   at System.ServiceModel.Channels.RequestChannel.Request(Message message, TimeSpan timeout)
   at System.ServiceModel.Channels.TransactionRequestChannelGeneric`1.Request(Message message, TimeSpan timeout)
   at System.ServiceModel.Dispatcher.RequestChannelBinder.Request(Message message, TimeSpan timeout)
   at System.ServiceModel.Channels.ServiceChannel.Call(String action, Boolean oneway, ProxyOperationRuntime operation, Object[] ins, Object[] outs, TimeSpan timeout)
   at System.ServiceModel.Channels.ServiceChannelProxy.InvokeService(IMethodCallMessage methodCall, ProxyOperationRuntime operation)
   at System.ServiceModel.Channels.ServiceChannelProxy.Invoke(IMessage message)

Exception rethrown at [0]: 
   at System.Runtime.Remoting.Proxies.RealProxy.HandleReturnMessage(IMessage reqMsg, IMessage retMsg)
   at System.Runtime.Remoting.Proxies.RealProxy.PrivateInvoke(MessageData& msgData, Int32 type)
   at Petex.Service.RequestProcessor.IWcfStreamResponseProcessor.Process(MessageRequest request)
   at A.cec9e090ae538d190220f059017b75b84.Process(MessageRequest request)
2018/09/23 04:19:32.072 ERROR 96 A.cec9e090ae538d190220f059017b75b84 (Thread 96) ProcID (36972) - System.TimeoutException: The request channel timed out while waiting for a reply after 00:04:55.2949944. Increase the timeout value passed to the call to Request or increase the SendTimeout value on the Binding. The time allotted to this operation may have been a portion of a longer timeout. ---> System.TimeoutException: The socket transfer timed out after 00:04:59.9930000. You have exceeded the timeout set on your binding. The time allotted to this operation may have been a portion of a longer timeout. ---> System.IO.IOException: The read operation failed, see inner exception. ---> System.TimeoutException: The socket transfer timed out after 00:04:59.9930000. You have exceeded the timeout set on your binding. The time allotted to this operation may have been a portion of a longer timeout. ---> System.Net.Sockets.SocketException: A connection attempt failed because the connected party did not properly respond after a period of time, or established connection failed because connected host has failed to respond
   at System.Net.Sockets.Socket.Receive(Byte[] buffer, Int32 offset, Int32 size, SocketFlags socketFlags)
   at System.ServiceModel.Channels.SocketConnection.ReadCore(Byte[] buffer, Int32 offset, Int32 size, TimeSpan timeout, Boolean closing)
   --- End of inner exception stack trace ---
   at System.ServiceModel.Channels.SocketConnection.ReadCore(Byte[] buffer, Int32 offset, Int32 size, TimeSpan timeout, Boolean closing)
   at System.ServiceModel.Channels.SocketConnection.Read(Byte[] buffer, Int32 offset, Int32 size, TimeSpan timeout)
   at System.ServiceModel.Channels.DelegatingConnection.Read(Byte[] buffer, Int32 offset, Int32 size, TimeSpan timeout)
   at System.ServiceModel.Channels.ConnectionStream.Read(Byte[] buffer, Int32 offset, Int32 count)
   at System.Net.FixedSizeReader.ReadPacket(Byte[] buffer, Int32 offset, Int32 count)
   at System.Net.Security.NegotiateStream.StartFrameHeader(Byte[] buffer, Int32 offset, Int32 count, AsyncProtocolRequest asyncRequest)
   at System.Net.Security.NegotiateStream.ProcessRead(Byte[] buffer, Int32 offset, Int32 count, AsyncProtocolRequest asyncRequest)
   --- End of inner exception stack trace ---
   at System.Net.Security.NegotiateStream.ProcessRead(Byte[] buffer, Int32 offset, Int32 count, AsyncProtocolRequest asyncRequest)
   at System.Net.Security.NegotiateStream.Read(Byte[] buffer, Int32 offset, Int32 count)
   at System.ServiceModel.Channels.StreamConnection.Read(Byte[] buffer, Int32 offset, Int32 size, TimeSpan timeout)
   --- End of inner exception stack trace ---
   at System.ServiceModel.Channels.StreamConnection.Read(Byte[] buffer, Int32 offset, Int32 size, TimeSpan timeout)
   at System.ServiceModel.Channels.SingletonConnectionReader.Receive(TimeSpan timeout)
   at System.ServiceModel.Channels.StreamedFramingRequestChannel.StreamedFramingRequest.WaitForReply(TimeSpan timeout)
   at System.ServiceModel.Channels.RequestChannel.Request(Message message, TimeSpan timeout)
   --- End of inner exception stack trace ---

Server stack trace: 
   at System.ServiceModel.Channels.RequestChannel.Request(Message message, TimeSpan timeout)
   at System.ServiceModel.Channels.TransactionRequestChannelGeneric`1.Request(Message message, TimeSpan timeout)
   at System.ServiceModel.Dispatcher.RequestChannelBinder.Request(Message message, TimeSpan timeout)
   at System.ServiceModel.Channels.ServiceChannel.Call(String action, Boolean oneway, ProxyOperationRuntime operation, Object[] ins, Object[] outs, TimeSpan timeout)
   at System.ServiceModel.Channels.ServiceChannelProxy.InvokeService(IMethodCallMessage methodCall, ProxyOperationRuntime operation)
   at System.ServiceModel.Channels.ServiceChannelProxy.Invoke(IMessage message)

Exception rethrown at [0]: 
   at System.Runtime.Remoting.Proxies.RealProxy.HandleReturnMessage(IMessage reqMsg, IMessage retMsg)
   at System.Runtime.Remoting.Proxies.RealProxy.PrivateInvoke(MessageData& msgData, Int32 type)
   at Petex.Service.RequestProcessor.IWcfStreamResponseProcessor.Process(MessageRequest request)
   at A.cec9e090ae538d190220f059017b75b84.Process(MessageRequest request)

method : Process([Petex.Service.RequestProcessor.MessageRequest] request = Petex.Service.RequestProcessor.MessageRequest)

2018/09/23 04:19:32.073 ERROR 75 Petex.IFM.IVM.VisualWorkflowService.c1c13b709b3df317d725c923928032d5a - An error occurred while getting bulk results.
Details:
System.TimeoutException: The request channel timed out while waiting for a reply after 00:04:55.2949944. Increase the timeout value passed to the call to Request or increase the SendTimeout value on the Binding. The time allotted to this operation may have been a portion of a longer timeout. ---> System.TimeoutException: The socket transfer timed out after 00:04:59.9930000. You have exceeded the timeout set on your binding. The time allotted to this operation may have been a portion of a longer timeout. ---> System.IO.IOException: The read operation failed, see inner exception. ---> System.TimeoutException: The socket transfer timed out after 00:04:59.9930000. You have exceeded the timeout set on your binding. The time allotted to this operation may have been a portion of a longer timeout. ---> System.Net.Sockets.SocketException: A connection attempt failed because the connected party did not properly respond after a period of time, or established connection failed because connected host has failed to respond
   at System.Net.Sockets.Socket.Receive(Byte[] buffer, Int32 offset, Int32 size, SocketFlags socketFlags)
   at System.ServiceModel.Channels.SocketConnection.ReadCore(Byte[] buffer, Int32 offset, Int32 size, TimeSpan timeout, Boolean closing)
   --- End of inner exception stack trace ---
   at System.ServiceModel.Channels.SocketConnection.ReadCore(Byte[] buffer, Int32 offset, Int32 size, TimeSpan timeout, Boolean closing)
   at System.ServiceModel.Channels.SocketConnection.Read(Byte[] buffer, Int32 offset, Int32 size, TimeSpan timeout)
   at System.ServiceModel.Channels.DelegatingConnection.Read(Byte[] buffer, Int32 offset, Int32 size, TimeSpan timeout)
   at System.ServiceModel.Channels.ConnectionStream.Read(Byte[] buffer, Int32 offset, Int32 count)
   at System.Net.FixedSizeReader.ReadPacket(Byte[] buffer, Int32 offset, Int32 count)
   at System.Net.Security.NegotiateStream.StartFrameHeader(Byte[] buffer, Int32 offset, Int32 count, AsyncProtocolRequest asyncRequest)
   at System.Net.Security.NegotiateStream.ProcessRead(Byte[] buffer, Int32 offset, Int32 count, AsyncProtocolRequest asyncRequest)
   --- End of inner exception stack trace ---
   at System.Net.Security.NegotiateStream.ProcessRead(Byte[] buffer, Int32 offset, Int32 count, AsyncProtocolRequest asyncRequest)
   at System.Net.Security.NegotiateStream.Read(Byte[] buffer, Int32 offset, Int32 count)
   at System.ServiceModel.Channels.StreamConnection.Read(Byte[] buffer, Int32 offset, Int32 size, TimeSpan timeout)
   --- End of inner exception stack trace ---
   at System.ServiceModel.Channels.StreamConnection.Read(Byte[] buffer, Int32 offset, Int32 size, TimeSpan timeout)
   at System.ServiceModel.Channels.SingletonConnectionReader.Receive(TimeSpan timeout)
   at System.ServiceModel.Channels.StreamedFramingRequestChannel.StreamedFramingRequest.WaitForReply(TimeSpan timeout)
   at System.ServiceModel.Channels.RequestChannel.Request(Message message, TimeSpan timeout)
   --- End of inner exception stack trace ---

Server stack trace: 
   at System.ServiceModel.Channels.RequestChannel.Request(Message message, TimeSpan timeout)
   at System.ServiceModel.Channels.TransactionRequestChannelGeneric`1.Request(Message message, TimeSpan timeout)
   at System.ServiceModel.Dispatcher.RequestChannelBinder.Request(Message message, TimeSpan timeout)
   at System.ServiceModel.Channels.ServiceChannel.Call(String action, Boolean oneway, ProxyOperationRuntime operation, Object[] ins, Object[] outs, TimeSpan timeout)
   at System.ServiceModel.Channels.ServiceChannelProxy.InvokeService(IMethodCallMessage methodCall, ProxyOperationRuntime operation)
   at System.ServiceModel.Channels.ServiceChannelProxy.Invoke(IMessage message)

Exception rethrown at [0]: 
   at A.c22aefe7f39df3d678dba160428b769f4.c0c4ec95a682cbefc208f4f3eb80ff6ad[c5e2460f6ebc534efe90b3230b7797cb4](Func`1 c3c081f340dcdf79e192d50757bce0bee)
   at A.c42ccb3c762729e5c1ed9dd9fb21f7a51.c2a035223c95353a451d486528bb968ce(DateTime ca50651d185b346c217028862887f6062, List`1 c94623007ea3b221db43a7a5c991a9cac, Int32 c27485bd6dedf79f29eccbe33aefab814, DateTime cc0b7aac23bdedea569c99b9f01ab5798, DateTime ca917bd7d663d59239d097b255d937590)
   at Petex.IFM.IVM.VisualWorkflowService.c1c13b709b3df317d725c923928032d5a(c0a78f935034ea252425562b3db1ea988 cc462e40687a776088a0f60dcc4dee4c5, VisualWorkflowResultOptions c97464e7151b310fab45ca8e18c9bbc4d)
2018/09/23 04:19:54.599 INFO  136 A.cdc551499db0039f956e1d0666bfd1504.ca3aa6b2f13c2c1bc9c646f6abf33ed07 - Changing service from :0 to HOUMSEOSIFM007:8787
2018/09/23 04:20:24.585 INFO  103 A.cdc551499db0039f956e1d0666bfd1504.ca3aa6b2f13c2c1bc9c646f6abf33ed07 - Changing service from :0 to HOUMSEOSIFM007:8787
2018/09/23 04:20:54.761 INFO  113 A.cdc551499db0039f956e1d0666bfd1504.ca3aa6b2f13c2c1bc9c646f6abf33ed07 - Changing service from :0 to HOUMSEOSIFM007:8787
2018/09/23 04:21:25.743 INFO  91 A.cdc551499db0039f956e1d0666bfd1504.ca3aa6b2f13c2c1bc9c646f6abf33ed07 - Changing service from :0 to HOUMSEOSIFM007:8787
2018/09/23 04:21:55.357 INFO  114 A.cdc551499db0039f956e1d0666bfd1504.ca3aa6b2f13c2c1bc9c646f6abf33ed07 - Changing service from :0 to HOUMSEOSIFM007:8787
2018/09/23 04:22:25.381 INFO  61 A.cdc551499db0039f956e1d0666bfd1504.ca3aa6b2f13c2c1bc9c646f6abf33ed07 - Changing service from :0 to HOUMSEOSIFM007:8787
2018/09/23 04:22:55.324 INFO  112 A.cdc551499db0039f956e1d0666bfd1504.ca3aa6b2f13c2c1bc9c646f6abf33ed07 - Changing service from :0 to HOUMSEOSIFM007:8787
2018/09/23 04:23:27.229 INFO  120 A.cdc551499db0039f956e1d0666bfd1504.ca3aa6b2f13c2c1bc9c646f6abf33ed07 - Changing service from :0 to HOUMSEOSIFM007:8787
2018/09/23 04:23:55.364 INFO  74 A.cdc551499db0039f956e1d0666bfd1504.ca3aa6b2f13c2c1bc9c646f6abf33ed07 - Changing service from :0 to HOUMSEOSIFM007:8787
2018/09/23 04:24:25.336 INFO  131 A.cdc551499db0039f956e1d0666bfd1504.ca3aa6b2f13c2c1bc9c646f6abf33ed07 - Changing service from :0 to HOUMSEOSIFM007:8787
2018/09/23 04:24:55.368 INFO  91 A.cdc551499db0039f956e1d0666bfd1504.ca3aa6b2f13c2c1bc9c646f6abf33ed07 - Changing service from :0 to HOUMSEOSIFM007:8787
2018/09/23 04:25:25.387 INFO  70 A.cdc551499db0039f956e1d0666bfd1504.ca3aa6b2f13c2c1bc9c646f6abf33ed07 - Changing service from :0 to HOUMSEOSIFM007:8787
2018/09/23 04:25:55.979 INFO  120 A.cdc551499db0039f956e1d0666bfd1504.ca3aa6b2f13c2c1bc9c646f6abf33ed07 - Changing service from :0 to HOUMSEOSIFM007:8787
2018/09/23 04:26:25.454 INFO  132 A.cdc551499db0039f956e1d0666bfd1504.ca3aa6b2f13c2c1bc9c646f6abf33ed07 - Changing service from :0 to HOUMSEOSIFM007:8787
2018/09/23 04:26:55.462 INFO  74 A.cdc551499db0039f956e1d0666bfd1504.ca3aa6b2f13c2c1bc9c646f6abf33ed07 - Changing service from :0 to HOUMSEOSIFM007:8787
2018/09/23 04:27:25.499 INFO  89 A.cdc551499db0039f956e1d0666bfd1504.ca3aa6b2f13c2c1bc9c646f6abf33ed07 - Changing service from :0 to HOUMSEOSIFM007:8787
2018/09/23 04:27:55.989 INFO  70 A.cdc551499db0039f956e1d0666bfd1504.ca3aa6b2f13c2c1bc9c646f6abf33ed07 - Changing service from :0 to HOUMSEOSIFM007:8787
2018/09/23 04:28:25.461 INFO  83 A.cdc551499db0039f956e1d0666bfd1504.ca3aa6b2f13c2c1bc9c646f6abf33ed07 - Changing service from :0 to HOUMSEOSIFM007:8787
2018/09/23 04:28:55.456 INFO  111 A.cdc551499db0039f956e1d0666bfd1504.ca3aa6b2f13c2c1bc9c646f6abf33ed07 - Changing service from :0 to HOUMSEOSIFM007:8787
2018/09/23 04:29:25.450 INFO  54 A.cdc551499db0039f956e1d0666bfd1504.ca3aa6b2f13c2c1bc9c646f6abf33ed07 - Changing service from :0 to HOUMSEOSIFM007:8787
2018/09/23 04:29:55.493 INFO  67 A.cdc551499db0039f956e1d0666bfd1504.ca3aa6b2f13c2c1bc9c646f6abf33ed07 - Changing service from :0 to HOUMSEOSIFM007:8787
2018/09/23 04:30:25.438 INFO  12 A.cdc551499db0039f956e1d0666bfd1504.ca3aa6b2f13c2c1bc9c646f6abf33ed07 - Changing service from :0 to HOUMSEOSIFM007:8787
2018/09/23 04:30:55.466 INFO  87 A.cdc551499db0039f956e1d0666bfd1504.ca3aa6b2f13c2c1bc9c646f6abf33ed07 - Changing service from :0 to HOUMSEOSIFM007:8787
2018/09/23 04:31:25.460 INFO  7 A.cdc551499db0039f956e1d0666bfd1504.ca3aa6b2f13c2c1bc9c646f6abf33ed07 - Changing service from :0 to HOUMSEOSIFM007:8787
2018/09/23 04:31:55.491 INFO  103 A.cdc551499db0039f956e1d0666bfd1504.ca3aa6b2f13c2c1bc9c646f6abf33ed07 - Changing service from :0 to HOUMSEOSIFM007:8787
2018/09/23 04:32:25.487 INFO  108 A.cdc551499db0039f956e1d0666bfd1504.ca3aa6b2f13c2c1bc9c646f6abf33ed07 - Changing service from :0 to HOUMSEOSIFM007:8787
2018/09/23 04:32:56.607 INFO  114 A.cdc551499db0039f956e1d0666bfd1504.ca3aa6b2f13c2c1bc9c646f6abf33ed07 - Changing service from :0 to HOUMSEOSIFM007:8787
2018/09/23 04:33:25.474 INFO  84 A.cdc551499db0039f956e1d0666bfd1504.ca3aa6b2f13c2c1bc9c646f6abf33ed07 - Changing service from :0 to HOUMSEOSIFM007:8787
2018/09/23 04:33:55.478 INFO  60 A.cdc551499db0039f956e1d0666bfd1504.ca3aa6b2f13c2c1bc9c646f6abf33ed07 - Changing service from :0 to HOUMSEOSIFM007:8787
2018/09/23 04:34:25.500 INFO  59 A.cdc551499db0039f956e1d0666bfd1504.ca3aa6b2f13c2c1bc9c646f6abf33ed07 - Changing service from :0 to HOUMSEOSIFM007:8787
2018/09/23 04:34:55.463 INFO  82 A.cdc551499db0039f956e1d0666bfd1504.ca3aa6b2f13c2c1bc9c646f6abf33ed07 - Changing service from :0 to HOUMSEOSIFM007:8787
2018/09/23 04:35:25.467 INFO  114 A.cdc551499db0039f956e1d0666bfd1504.ca3aa6b2f13c2c1bc9c646f6abf33ed07 - Changing service from :0 to HOUMSEOSIFM007:8787
2018/09/23 04:35:55.467 INFO  95 A.cdc551499db0039f956e1d0666bfd1504.ca3aa6b2f13c2c1bc9c646f6abf33ed07 - Changing service from :0 to HOUMSEOSIFM007:8787
2018/09/23 04:36:25.522 INFO  85 A.cdc551499db0039f956e1d0666bfd1504.ca3aa6b2f13c2c1bc9c646f6abf33ed07 - Changing service from :0 to HOUMSEOSIFM007:8787
2018/09/23 04:36:55.974 INFO  89 A.cdc551499db0039f956e1d0666bfd1504.ca3aa6b2f13c2c1bc9c646f6abf33ed07 - Changing service from :0 to HOUMSEOSIFM007:8787
2018/09/23 04:37:26.004 INFO  90 A.cdc551499db0039f956e1d0666bfd1504.ca3aa6b2f13c2c1bc9c646f6abf33ed07 - Changing service from :0 to HOUMSEOSIFM007:8787
2018/09/23 04:37:55.978 INFO  123 A.cdc551499db0039f956e1d0666bfd1504.ca3aa6b2f13c2c1bc9c646f6abf33ed07 - Changing service from :0 to HOUMSEOSIFM007:8787
2018/09/23 04:38:25.956 INFO  98 A.cdc551499db0039f956e1d0666bfd1504.ca3aa6b2f13c2c1bc9c646f6abf33ed07 - Changing service from :0 to HOUMSEOSIFM007:8787
2018/09/23 04:38:56.027 INFO  82 A.cdc551499db0039f956e1d0666bfd1504.ca3aa6b2f13c2c1bc9c646f6abf33ed07 - Changing service from :0 to HOUMSEOSIFM007:8787
2018/09/23 04:39:26.223 INFO  96 A.cdc551499db0039f956e1d0666bfd1504.ca3aa6b2f13c2c1bc9c646f6abf33ed07 - Changing service from :0 to HOUMSEOSIFM007:8787
2018/09/23 04:39:56.216 INFO  90 A.cdc551499db0039f956e1d0666bfd1504.ca3aa6b2f13c2c1bc9c646f6abf33ed07 - Changing service from :0 to HOUMSEOSIFM007:8787
2018/09/23 04:40:26.218 INFO  62 A.cdc551499db0039f956e1d0666bfd1504.ca3aa6b2f13c2c1bc9c646f6abf33ed07 - Changing service from :0 to HOUMSEOSIFM007:8787
2018/09/23 04:40:56.241 INFO  128 A.cdc551499db0039f956e1d0666bfd1504.ca3aa6b2f13c2c1bc9c646f6abf33ed07 - Changing service from :0 to HOUMSEOSIFM007:8787
2018/09/23 04:41:26.536 INFO  131 A.cdc551499db0039f956e1d0666bfd1504.ca3aa6b2f13c2c1bc9c646f6abf33ed07 - Changing service from :0 to HOUMSEOSIFM007:8787
2018/09/23 04:41:56.518 INFO  113 A.cdc551499db0039f956e1d0666bfd1504.ca3aa6b2f13c2c1bc9c646f6abf33ed07 - Changing service from :0 to HOUMSEOSIFM007:8787
2018/09/23 04:42:26.863 INFO  104 A.cdc551499db0039f956e1d0666bfd1504.ca3aa6b2f13c2c1bc9c646f6abf33ed07 - Changing service from :0 to HOUMSEOSIFM007:8787
2018/09/23 04:42:56.490 INFO  95 A.cdc551499db0039f956e1d0666bfd1504.ca3aa6b2f13c2c1bc9c646f6abf33ed07 - Changing service from :0 to HOUMSEOSIFM007:8787
2018/09/23 04:43:26.544 INFO  116 A.cdc551499db0039f956e1d0666bfd1504.ca3aa6b2f13c2c1bc9c646f6abf33ed07 - Changing service from :0 to HOUMSEOSIFM007:8787
2018/09/23 04:43:56.532 INFO  104 A.cdc551499db0039f956e1d0666bfd1504.ca3aa6b2f13c2c1bc9c646f6abf33ed07 - Changing service from :0 to HOUMSEOSIFM007:8787
2018/09/23 04:44:26.561 INFO  138 A.cdc551499db0039f956e1d0666bfd1504.ca3aa6b2f13c2c1bc9c646f6abf33ed07 - Changing service from :0 to HOUMSEOSIFM007:8787
2018/09/23 04:44:58.285 INFO  92 A.cdc551499db0039f956e1d0666bfd1504.ca3aa6b2f13c2c1bc9c646f6abf33ed07 - Changing service from :0 to HOUMSEOSIFM007:8787
2018/09/23 04:45:27.860 INFO  67 A.cdc551499db0039f956e1d0666bfd1504.ca3aa6b2f13c2c1bc9c646f6abf33ed07 - Changing service from :0 to HOUMSEOSIFM007:8787
2018/09/23 04:45:57.785 INFO  85 A.cdc551499db0039f956e1d0666bfd1504.ca3aa6b2f13c2c1bc9c646f6abf33ed07 - Changing service from :0 to HOUMSEOSIFM007:8787
2018/09/23 04:46:28.439 INFO  130 A.cdc551499db0039f956e1d0666bfd1504.ca3aa6b2f13c2c1bc9c646f6abf33ed07 - Changing service from :0 to HOUMSEOSIFM007:8787
2018/09/23 04:46:58.004 INFO  69 A.cdc551499db0039f956e1d0666bfd1504.ca3aa6b2f13c2c1bc9c646f6abf33ed07 - Changing service from :0 to HOUMSEOSIFM007:8787
2018/09/23 04:47:28.073 INFO  105 A.cdc551499db0039f956e1d0666bfd1504.ca3aa6b2f13c2c1bc9c646f6abf33ed07 - Changing service from :0 to HOUMSEOSIFM007:8787
2018/09/23 04:47:58.037 INFO  104 A.cdc551499db0039f956e1d0666bfd1504.ca3aa6b2f13c2c1bc9c646f6abf33ed07 - Changing service from :0 to HOUMSEOSIFM007:8787
2018/09/23 04:48:28.142 INFO  76 A.cdc551499db0039f956e1d0666bfd1504.ca3aa6b2f13c2c1bc9c646f6abf33ed07 - Changing service from :0 to HOUMSEOSIFM007:8787
2018/09/23 04:48:58.050 INFO  123 A.cdc551499db0039f956e1d0666bfd1504.ca3aa6b2f13c2c1bc9c646f6abf33ed07 - Changing service from :0 to HOUMSEOSIFM007:8787
2018/09/23 04:49:28.030 INFO  85 A.cdc551499db0039f956e1d0666bfd1504.ca3aa6b2f13c2c1bc9c646f6abf33ed07 - Changing service from :0 to HOUMSEOSIFM007:8787
2018/09/23 04:49:58.043 INFO  103 A.cdc551499db0039f956e1d0666bfd1504.ca3aa6b2f13c2c1bc9c646f6abf33ed07 - Changing service from :0 to HOUMSEOSIFM007:8787
2018/09/23 04:50:28.046 INFO  74 A.cdc551499db0039f956e1d0666bfd1504.ca3aa6b2f13c2c1bc9c646f6abf33ed07 - Changing service from :0 to HOUMSEOSIFM007:8787
2018/09/23 04:50:58.049 INFO  89 A.cdc551499db0039f956e1d0666bfd1504.ca3aa6b2f13c2c1bc9c646f6abf33ed07 - Changing service from :0 to HOUMSEOSIFM007:8787
2018/09/23 04:51:28.051 INFO  58 A.cdc551499db0039f956e1d0666bfd1504.ca3aa6b2f13c2c1bc9c646f6abf33ed07 - Changing service from :0 to HOUMSEOSIFM007:8787
2018/09/23 04:51:58.094 INFO  77 A.cdc551499db0039f956e1d0666bfd1504.ca3aa6b2f13c2c1bc9c646f6abf33ed07 - Changing service from :0 to HOUMSEOSIFM007:8787
2018/09/23 04:52:28.049 INFO  113 A.cdc551499db0039f956e1d0666bfd1504.ca3aa6b2f13c2c1bc9c646f6abf33ed07 - Changing service from :0 to HOUMSEOSIFM007:8787
2018/09/23 04:52:58.107 INFO  126 A.cdc551499db0039f956e1d0666bfd1504.ca3aa6b2f13c2c1bc9c646f6abf33ed07 - Changing service from :0 to HOUMSEOSIFM007:8787
2018/09/23 04:53:28.124 INFO  68 A.cdc551499db0039f956e1d0666bfd1504.ca3aa6b2f13c2c1bc9c646f6abf33ed07 - Changing service from :0 to HOUMSEOSIFM007:8787
2018/09/23 04:53:58.076 INFO  113 A.cdc551499db0039f956e1d0666bfd1504.ca3aa6b2f13c2c1bc9c646f6abf33ed07 - Changing service from :0 to HOUMSEOSIFM007:8787
2018/09/23 04:54:28.076 INFO  107 A.cdc551499db0039f956e1d0666bfd1504.ca3aa6b2f13c2c1bc9c646f6abf33ed07 - Changing service from :0 to HOUMSEOSIFM007:8787
2018/09/23 04:54:58.074 INFO  103 A.cdc551499db0039f956e1d0666bfd1504.ca3aa6b2f13c2c1bc9c646f6abf33ed07 - Changing service from :0 to HOUMSEOSIFM007:8787
2018/09/23 04:55:28.077 INFO  62 A.cdc551499db0039f956e1d0666bfd1504.ca3aa6b2f13c2c1bc9c646f6abf33ed07 - Changing service from :0 to HOUMSEOSIFM007:8787
2018/09/23 04:55:58.071 INFO  59 A.cdc551499db0039f956e1d0666bfd1504.ca3aa6b2f13c2c1bc9c646f6abf33ed07 - Changing service from :0 to HOUMSEOSIFM007:8787
2018/09/23 04:56:28.072 INFO  108 A.cdc551499db0039f956e1d0666bfd1504.ca3aa6b2f13c2c1bc9c646f6abf33ed07 - Changing service from :0 to HOUMSEOSIFM007:8787
2018/09/23 04:56:58.037 INFO  67 A.cdc551499db0039f956e1d0666bfd1504.ca3aa6b2f13c2c1bc9c646f6abf33ed07 - Changing service from :0 to HOUMSEOSIFM007:8787
2018/09/23 04:57:28.073 INFO  85 A.cdc551499db0039f956e1d0666bfd1504.ca3aa6b2f13c2c1bc9c646f6abf33ed07 - Changing service from :0 to HOUMSEOSIFM007:8787
2018/09/23 04:57:58.078 INFO  125 A.cdc551499db0039f956e1d0666bfd1504.ca3aa6b2f13c2c1bc9c646f6abf33ed07 - Changing service from :0 to HOUMSEOSIFM007:8787
2018/09/23 04:58:28.066 INFO  102 A.cdc551499db0039f956e1d0666bfd1504.ca3aa6b2f13c2c1bc9c646f6abf33ed07 - Changing service from :0 to HOUMSEOSIFM007:8787
2018/09/23 04:58:58.060 INFO  62 A.cdc551499db0039f956e1d0666bfd1504.ca3aa6b2f13c2c1bc9c646f6abf33ed07 - Changing service from :0 to HOUMSEOSIFM007:8787
2018/09/23 04:59:31.118 INFO  67 A.cdc551499db0039f956e1d0666bfd1504.ca3aa6b2f13c2c1bc9c646f6abf33ed07 - Changing service from :0 to HOUMSEOSIFM007:8787
2018/09/23 04:59:58.050 INFO  59 A.cdc551499db0039f956e1d0666bfd1504.ca3aa6b2f13c2c1bc9c646f6abf33ed07 - Changing service from :0 to HOUMSEOSIFM007:8787
2018/09/23 05:00:28.110 INFO  112 A.cdc551499db0039f956e1d0666bfd1504.ca3aa6b2f13c2c1bc9c646f6abf33ed07 - Changing service from :0 to HOUMSEOSIFM007:8787
2018/09/23 05:00:58.055 INFO  79 A.cdc551499db0039f956e1d0666bfd1504.ca3aa6b2f13c2c1bc9c646f6abf33ed07 - Changing service from :0 to HOUMSEOSIFM007:8787
2018/09/23 05:01:32.510 INFO  138 A.cdc551499db0039f956e1d0666bfd1504.ca3aa6b2f13c2c1bc9c646f6abf33ed07 - Changing service from :0 to HOUMSEOSIFM007:8787
2018/09/23 05:01:58.110 INFO  77 A.cdc551499db0039f956e1d0666bfd1504.ca3aa6b2f13c2c1bc9c646f6abf33ed07 - Changing service from :0 to HOUMSEOSIFM007:8787
2018/09/23 05:02:28.129 INFO  94 A.cdc551499db0039f956e1d0666bfd1504.ca3aa6b2f13c2c1bc9c646f6abf33ed07 - Changing service from :0 to HOUMSEOSIFM007:8787
2018/09/23 05:02:58.161 INFO  68 A.cdc551499db0039f956e1d0666bfd1504.ca3aa6b2f13c2c1bc9c646f6abf33ed07 - Changing service from :0 to HOUMSEOSIFM007:8787
2018/09/23 05:03:28.140 INFO  84 A.cdc551499db0039f956e1d0666bfd1504.ca3aa6b2f13c2c1bc9c646f6abf33ed07 - Changing service from :0 to HOUMSEOSIFM007:8787
2018/09/23 05:04:00.410 INFO  126 A.cdc551499db0039f956e1d0666bfd1504.ca3aa6b2f13c2c1bc9c646f6abf33ed07 - Changing service from :0 to HOUMSEOSIFM007:8787
2018/09/23 05:04:28.136 INFO  108 A.cdc551499db0039f956e1d0666bfd1504.ca3aa6b2f13c2c1bc9c646f6abf33ed07 - Changing service from :0 to HOUMSEOSIFM007:8787
2018/09/23 05:04:58.135 INFO  90 A.cdc551499db0039f956e1d0666bfd1504.ca3aa6b2f13c2c1bc9c646f6abf33ed07 - Changing service from :0 to HOUMSEOSIFM007:8787
2018/09/23 05:05:28.167 INFO  123 A.cdc551499db0039f956e1d0666bfd1504.ca3aa6b2f13c2c1bc9c646f6abf33ed07 - Changing service from :0 to HOUMSEOSIFM007:8787
2018/09/23 05:05:58.170 INFO  67 A.cdc551499db0039f956e1d0666bfd1504.ca3aa6b2f13c2c1bc9c646f6abf33ed07 - Changing service from :0 to HOUMSEOSIFM007:8787
2018/09/23 05:06:28.146 INFO  12 A.cdc551499db0039f956e1d0666bfd1504.ca3aa6b2f13c2c1bc9c646f6abf33ed07 - Changing service from :0 to HOUMSEOSIFM007:8787
2018/09/23 05:06:58.307 INFO  139 A.cdc551499db0039f956e1d0666bfd1504.ca3aa6b2f13c2c1bc9c646f6abf33ed07 - Changing service from :0 to HOUMSEOSIFM007:8787
2018/09/23 05:07:28.140 INFO  120 A.cdc551499db0039f956e1d0666bfd1504.ca3aa6b2f13c2c1bc9c646f6abf33ed07 - Changing service from :0 to HOUMSEOSIFM007:8787
2018/09/23 05:07:58.154 INFO  87 A.cdc551499db0039f956e1d0666bfd1504.ca3aa6b2f13c2c1bc9c646f6abf33ed07 - Changing service from :0 to HOUMSEOSIFM007:8787
2018/09/23 05:08:28.138 INFO  83 A.cdc551499db0039f956e1d0666bfd1504.ca3aa6b2f13c2c1bc9c646f6abf33ed07 - Changing service from :0 to HOUMSEOSIFM007:8787
2018/09/23 05:08:58.135 INFO  132 A.cdc551499db0039f956e1d0666bfd1504.ca3aa6b2f13c2c1bc9c646f6abf33ed07 - Changing service from :0 to HOUMSEOSIFM007:8787
2018/09/23 05:09:28.155 INFO  79 A.cdc551499db0039f956e1d0666bfd1504.ca3aa6b2f13c2c1bc9c646f6abf33ed07 - Changing service from :0 to HOUMSEOSIFM007:8787
2018/09/23 05:09:58.154 INFO  89 A.cdc551499db0039f956e1d0666bfd1504.ca3aa6b2f13c2c1bc9c646f6abf33ed07 - Changing service from :0 to HOUMSEOSIFM007:8787
2018/09/23 05:10:28.145 INFO  130 A.cdc551499db0039f956e1d0666bfd1504.ca3aa6b2f13c2c1bc9c646f6abf33ed07 - Changing service from :0 to HOUMSEOSIFM007:8787
2018/09/23 05:10:58.139 INFO  91 A.cdc551499db0039f956e1d0666bfd1504.ca3aa6b2f13c2c1bc9c646f6abf33ed07 - Changing service from :0 to HOUMSEOSIFM007:8787
2018/09/23 05:11:28.156 INFO  54 A.cdc551499db0039f956e1d0666bfd1504.ca3aa6b2f13c2c1bc9c646f6abf33ed07 - Changing service from :0 to HOUMSEOSIFM007:8787
2018/09/23 05:11:58.139 INFO  79 A.cdc551499db0039f956e1d0666bfd1504.ca3aa6b2f13c2c1bc9c646f6abf33ed07 - Changing service from :0 to HOUMSEOSIFM007:8787
2018/09/23 05:12:28.155 INFO  88 A.cdc551499db0039f956e1d0666bfd1504.ca3aa6b2f13c2c1bc9c646f6abf33ed07 - Changing service from :0 to HOUMSEOSIFM007:8787
2018/09/23 05:12:58.163 INFO  94 A.cdc551499db0039f956e1d0666bfd1504.ca3aa6b2f13c2c1bc9c646f6abf33ed07 - Changing service from :0 to HOUMSEOSIFM007:8787
2018/09/23 05:13:28.180 INFO  54 A.cdc551499db0039f956e1d0666bfd1504.ca3aa6b2f13c2c1bc9c646f6abf33ed07 - Changing service from :0 to HOUMSEOSIFM007:8787
2018/09/23 05:13:58.166 INFO  133 A.cdc551499db0039f956e1d0666bfd1504.ca3aa6b2f13c2c1bc9c646f6abf33ed07 - Changing service from :0 to HOUMSEOSIFM007:8787
2018/09/23 05:14:28.152 INFO  3 A.cdc551499db0039f956e1d0666bfd1504.ca3aa6b2f13c2c1bc9c646f6abf33ed07 - Changing service from :0 to HOUMSEOSIFM007:8787
2018/09/23 05:14:58.167 INFO  61 A.cdc551499db0039f956e1d0666bfd1504.ca3aa6b2f13c2c1bc9c646f6abf33ed07 - Changing service from :0 to HOUMSEOSIFM007:8787
2018/09/23 05:15:28.144 INFO  127 A.cdc551499db0039f956e1d0666bfd1504.ca3aa6b2f13c2c1bc9c646f6abf33ed07 - Changing service from :0 to HOUMSEOSIFM007:8787
2018/09/23 05:15:58.177 INFO  61 A.cdc551499db0039f956e1d0666bfd1504.ca3aa6b2f13c2c1bc9c646f6abf33ed07 - Changing service from :0 to HOUMSEOSIFM007:8787
2018/09/23 05:16:28.160 INFO  75 A.cdc551499db0039f956e1d0666bfd1504.ca3aa6b2f13c2c1bc9c646f6abf33ed07 - Changing service from :0 to HOUMSEOSIFM007:8787
2018/09/23 05:16:58.176 INFO  65 A.cdc551499db0039f956e1d0666bfd1504.ca3aa6b2f13c2c1bc9c646f6abf33ed07 - Changing service from :0 to HOUMSEOSIFM007:8787
2018/09/23 05:17:29.795 INFO  126 A.cdc551499db0039f956e1d0666bfd1504.ca3aa6b2f13c2c1bc9c646f6abf33ed07 - Changing service from :0 to HOUMSEOSIFM007:8787
2018/09/23 05:17:58.182 INFO  120 A.cdc551499db0039f956e1d0666bfd1504.ca3aa6b2f13c2c1bc9c646f6abf33ed07 - Changing service from :0 to HOUMSEOSIFM007:8787
2018/09/23 05:18:28.173 INFO  92 A.cdc551499db0039f956e1d0666bfd1504.ca3aa6b2f13c2c1bc9c646f6abf33ed07 - Changing service from :0 to HOUMSEOSIFM007:8787
2018/09/23 05:18:58.168 INFO  61 A.cdc551499db0039f956e1d0666bfd1504.ca3aa6b2f13c2c1bc9c646f6abf33ed07 - Changing service from :0 to HOUMSEOSIFM007:8787
2018/09/23 05:19:28.156 INFO  74 A.cdc551499db0039f956e1d0666bfd1504.ca3aa6b2f13c2c1bc9c646f6abf33ed07 - Changing service from :0 to HOUMSEOSIFM007:8787
2018/09/23 05:19:58.186 INFO  3 A.cdc551499db0039f956e1d0666bfd1504.ca3aa6b2f13c2c1bc9c646f6abf33ed07 - Changing service from :0 to HOUMSEOSIFM007:8787
2018/09/23 05:20:28.154 INFO  59 A.cdc551499db0039f956e1d0666bfd1504.ca3aa6b2f13c2c1bc9c646f6abf33ed07 - Changing service from :0 to HOUMSEOSIFM007:8787
2018/09/23 05:20:58.171 INFO  115 A.cdc551499db0039f956e1d0666bfd1504.ca3aa6b2f13c2c1bc9c646f6abf33ed07 - Changing service from :0 to HOUMSEOSIFM007:8787
2018/09/23 05:21:28.163 INFO  124 A.cdc551499db0039f956e1d0666bfd1504.ca3aa6b2f13c2c1bc9c646f6abf33ed07 - Changing service from :0 to HOUMSEOSIFM007:8787
2018/09/23 05:21:58.167 INFO  56 A.cdc551499db0039f956e1d0666bfd1504.ca3aa6b2f13c2c1bc9c646f6abf33ed07 - Changing service from :0 to HOUMSEOSIFM007:8787
2018/09/23 05:22:28.178 INFO  76 A.cdc551499db0039f956e1d0666bfd1504.ca3aa6b2f13c2c1bc9c646f6abf33ed07 - Changing service from :0 to HOUMSEOSIFM007:8787
2018/09/23 05:22:58.191 INFO  111 A.cdc551499db0039f956e1d0666bfd1504.ca3aa6b2f13c2c1bc9c646f6abf33ed07 - Changing service from :0 to HOUMSEOSIFM007:8787
2018/09/23 05:23:28.180 INFO  65 A.cdc551499db0039f956e1d0666bfd1504.ca3aa6b2f13c2c1bc9c646f6abf33ed07 - Changing service from :0 to HOUMSEOSIFM007:8787
2018/09/23 05:23:58.177 INFO  65 A.cdc551499db0039f956e1d0666bfd1504.ca3aa6b2f13c2c1bc9c646f6abf33ed07 - Changing service from :0 to HOUMSEOSIFM007:8787
2018/09/23 05:24:28.182 INFO  92 A.cdc551499db0039f956e1d0666bfd1504.ca3aa6b2f13c2c1bc9c646f6abf33ed07 - Changing service from :0 to HOUMSEOSIFM007:8787
2018/09/23 05:24:58.220 INFO  114 A.cdc551499db0039f956e1d0666bfd1504.ca3aa6b2f13c2c1bc9c646f6abf33ed07 - Changing service from :0 to HOUMSEOSIFM007:8787
2018/09/23 05:25:28.184 INFO  107 A.cdc551499db0039f956e1d0666bfd1504.ca3aa6b2f13c2c1bc9c646f6abf33ed07 - Changing service from :0 to HOUMSEOSIFM007:8787
2018/09/23 05:26:02.639 INFO  139 A.cdc551499db0039f956e1d0666bfd1504.ca3aa6b2f13c2c1bc9c646f6abf33ed07 - Changing service from :0 to HOUMSEOSIFM007:8787
2018/09/23 05:26:28.170 INFO  73 A.cdc551499db0039f956e1d0666bfd1504.ca3aa6b2f13c2c1bc9c646f6abf33ed07 - Changing service from :0 to HOUMSEOSIFM007:8787
2018/09/23 05:26:58.209 INFO  98 A.cdc551499db0039f956e1d0666bfd1504.ca3aa6b2f13c2c1bc9c646f6abf33ed07 - Changing service from :0 to HOUMSEOSIFM007:8787
2018/09/23 05:27:28.197 INFO  133 A.cdc551499db0039f956e1d0666bfd1504.ca3aa6b2f13c2c1bc9c646f6abf33ed07 - Changing service from :0 to HOUMSEOSIFM007:8787
2018/09/23 05:27:59.570 INFO  60 A.cdc551499db0039f956e1d0666bfd1504.ca3aa6b2f13c2c1bc9c646f6abf33ed07 - Changing service from :0 to HOUMSEOSIFM007:8787
2018/09/23 05:28:29.550 INFO  104 A.cdc551499db0039f956e1d0666bfd1504.ca3aa6b2f13c2c1bc9c646f6abf33ed07 - Changing service from :0 to HOUMSEOSIFM007:8787
2018/09/23 05:28:59.555 INFO  123 A.cdc551499db0039f956e1d0666bfd1504.ca3aa6b2f13c2c1bc9c646f6abf33ed07 - Changing service from :0 to HOUMSEOSIFM007:8787
2018/09/23 05:29:29.571 INFO  61 A.cdc551499db0039f956e1d0666bfd1504.ca3aa6b2f13c2c1bc9c646f6abf33ed07 - Changing service from :0 to HOUMSEOSIFM007:8787
2018/09/23 05:29:59.577 INFO  123 A.cdc551499db0039f956e1d0666bfd1504.ca3aa6b2f13c2c1bc9c646f6abf33ed07 - Changing service from :0 to HOUMSEOSIFM007:8787
2018/09/23 05:30:29.555 INFO  82 A.cdc551499db0039f956e1d0666bfd1504.ca3aa6b2f13c2c1bc9c646f6abf33ed07 - Changing service from :0 to HOUMSEOSIFM007:8787
2018/09/23 05:30:59.558 INFO  123 A.cdc551499db0039f956e1d0666bfd1504.ca3aa6b2f13c2c1bc9c646f6abf33ed07 - Changing service from :0 to HOUMSEOSIFM007:8787
2018/09/23 05:31:29.550 INFO  73 A.cdc551499db0039f956e1d0666bfd1504.ca3aa6b2f13c2c1bc9c646f6abf33ed07 - Changing service from :0 to HOUMSEOSIFM007:8787
2018/09/23 05:31:59.570 INFO  56 A.cdc551499db0039f956e1d0666bfd1504.ca3aa6b2f13c2c1bc9c646f6abf33ed07 - Changing service from :0 to HOUMSEOSIFM007:8787
2018/09/23 05:32:29.584 INFO  109 A.cdc551499db0039f956e1d0666bfd1504.ca3aa6b2f13c2c1bc9c646f6abf33ed07 - Changing service from :0 to HOUMSEOSIFM007:8787
2018/09/23 05:32:59.554 INFO  7 A.cdc551499db0039f956e1d0666bfd1504.ca3aa6b2f13c2c1bc9c646f6abf33ed07 - Changing service from :0 to HOUMSEOSIFM007:8787
2018/09/23 05:33:29.570 INFO  62 A.cdc551499db0039f956e1d0666bfd1504.ca3aa6b2f13c2c1bc9c646f6abf33ed07 - Changing service from :0 to HOUMSEOSIFM007:8787
2018/09/23 05:33:59.570 INFO  132 A.cdc551499db0039f956e1d0666bfd1504.ca3aa6b2f13c2c1bc9c646f6abf33ed07 - Changing service from :0 to HOUMSEOSIFM007:8787
2018/09/23 05:34:29.559 INFO  111 A.cdc551499db0039f956e1d0666bfd1504.ca3aa6b2f13c2c1bc9c646f6abf33ed07 - Changing service from :0 to HOUMSEOSIFM007:8787
2018/09/23 05:34:59.595 INFO  80 A.cdc551499db0039f956e1d0666bfd1504.ca3aa6b2f13c2c1bc9c646f6abf33ed07 - Changing service from :0 to HOUMSEOSIFM007:8787
2018/09/23 05:35:29.557 INFO  95 A.cdc551499db0039f956e1d0666bfd1504.ca3aa6b2f13c2c1bc9c646f6abf33ed07 - Changing service from :0 to HOUMSEOSIFM007:8787
2018/09/23 05:35:59.582 INFO  68 A.cdc551499db0039f956e1d0666bfd1504.ca3aa6b2f13c2c1bc9c646f6abf33ed07 - Changing service from :0 to HOUMSEOSIFM007:8787
2018/09/23 05:36:29.595 INFO  86 A.cdc551499db0039f956e1d0666bfd1504.ca3aa6b2f13c2c1bc9c646f6abf33ed07 - Changing service from :0 to HOUMSEOSIFM007:8787
2018/09/23 05:36:59.584 INFO  7 A.cdc551499db0039f956e1d0666bfd1504.ca3aa6b2f13c2c1bc9c646f6abf33ed07 - Changing service from :0 to HOUMSEOSIFM007:8787
2018/09/23 05:37:29.592 INFO  84 A.cdc551499db0039f956e1d0666bfd1504.ca3aa6b2f13c2c1bc9c646f6abf33ed07 - Changing service from :0 to HOUMSEOSIFM007:8787
2018/09/23 05:37:59.593 INFO  80 A.cdc551499db0039f956e1d0666bfd1504.ca3aa6b2f13c2c1bc9c646f6abf33ed07 - Changing service from :0 to HOUMSEOSIFM007:8787
2018/09/23 05:38:29.572 INFO  132 A.cdc551499db0039f956e1d0666bfd1504.ca3aa6b2f13c2c1bc9c646f6abf33ed07 - Changing service from :0 to HOUMSEOSIFM007:8787
2018/09/23 05:39:06.222 INFO  114 A.cdc551499db0039f956e1d0666bfd1504.ca3aa6b2f13c2c1bc9c646f6abf33ed07 - Changing service from :0 to HOUMSEOSIFM007:8787
2018/09/23 05:39:29.703 INFO  120 A.cdc551499db0039f956e1d0666bfd1504.ca3aa6b2f13c2c1bc9c646f6abf33ed07 - Changing service from :0 to HOUMSEOSIFM007:8787
2018/09/23 05:39:59.939 INFO  54 A.cdc551499db0039f956e1d0666bfd1504.ca3aa6b2f13c2c1bc9c646f6abf33ed07 - Changing service from :0 to HOUMSEOSIFM007:8787
2018/09/23 05:40:29.958 INFO  70 A.cdc551499db0039f956e1d0666bfd1504.ca3aa6b2f13c2c1bc9c646f6abf33ed07 - Changing service from :0 to HOUMSEOSIFM007:8787
2018/09/23 05:40:59.949 INFO  104 A.cdc551499db0039f956e1d0666bfd1504.ca3aa6b2f13c2c1bc9c646f6abf33ed07 - Changing service from :0 to HOUMSEOSIFM007:8787
2018/09/23 05:41:29.953 INFO  132 A.cdc551499db0039f956e1d0666bfd1504.ca3aa6b2f13c2c1bc9c646f6abf33ed07 - Changing service from :0 to HOUMSEOSIFM007:8787
2018/09/23 05:41:59.978 INFO  139 A.cdc551499db0039f956e1d0666bfd1504.ca3aa6b2f13c2c1bc9c646f6abf33ed07 - Changing service from :0 to HOUMSEOSIFM007:8787
2018/09/23 05:42:29.960 INFO  56 A.cdc551499db0039f956e1d0666bfd1504.ca3aa6b2f13c2c1bc9c646f6abf33ed07 - Changing service from :0 to HOUMSEOSIFM007:8787
2018/09/23 05:42:59.940 INFO  125 A.cdc551499db0039f956e1d0666bfd1504.ca3aa6b2f13c2c1bc9c646f6abf33ed07 - Changing service from :0 to HOUMSEOSIFM007:8787
2018/09/23 05:43:30.009 INFO  84 A.cdc551499db0039f956e1d0666bfd1504.ca3aa6b2f13c2c1bc9c646f6abf33ed07 - Changing service from :0 to HOUMSEOSIFM007:8787
2018/09/23 05:43:59.976 INFO  79 A.cdc551499db0039f956e1d0666bfd1504.ca3aa6b2f13c2c1bc9c646f6abf33ed07 - Changing service from :0 to HOUMSEOSIFM007:8787
2018/09/23 05:44:29.979 INFO  106 A.cdc551499db0039f956e1d0666bfd1504.ca3aa6b2f13c2c1bc9c646f6abf33ed07 - Changing service from :0 to HOUMSEOSIFM007:8787
2018/09/23 05:44:59.980 INFO  138 A.cdc551499db0039f956e1d0666bfd1504.ca3aa6b2f13c2c1bc9c646f6abf33ed07 - Changing service from :0 to HOUMSEOSIFM007:8787
2018/09/23 05:45:29.989 INFO  128 A.cdc551499db0039f956e1d0666bfd1504.ca3aa6b2f13c2c1bc9c646f6abf33ed07 - Changing service from :0 to HOUMSEOSIFM007:8787
2018/09/23 05:45:59.975 INFO  125 A.cdc551499db0039f956e1d0666bfd1504.ca3aa6b2f13c2c1bc9c646f6abf33ed07 - Changing service from :0 to HOUMSEOSIFM007:8787
2018/09/23 05:46:29.981 INFO  133 A.cdc551499db0039f956e1d0666bfd1504.ca3aa6b2f13c2c1bc9c646f6abf33ed07 - Changing service from :0 to HOUMSEOSIFM007:8787
2018/09/23 05:46:59.996 INFO  65 A.cdc551499db0039f956e1d0666bfd1504.ca3aa6b2f13c2c1bc9c646f6abf33ed07 - Changing service from :0 to HOUMSEOSIFM007:8787
2018/09/23 05:47:29.955 INFO  7 A.cdc551499db0039f956e1d0666bfd1504.ca3aa6b2f13c2c1bc9c646f6abf33ed07 - Changing service from :0 to HOUMSEOSIFM007:8787
2018/09/23 05:47:59.978 INFO  95 A.cdc551499db0039f956e1d0666bfd1504.ca3aa6b2f13c2c1bc9c646f6abf33ed07 - Changing service from :0 to HOUMSEOSIFM007:8787
2018/09/23 05:48:29.977 INFO  7 A.cdc551499db0039f956e1d0666bfd1504.ca3aa6b2f13c2c1bc9c646f6abf33ed07 - Changing service from :0 to HOUMSEOSIFM007:8787
2018/09/23 05:48:59.975 INFO  106 A.cdc551499db0039f956e1d0666bfd1504.ca3aa6b2f13c2c1bc9c646f6abf33ed07 - Changing service from :0 to HOUMSEOSIFM007:8787
2018/09/23 05:49:29.982 INFO  112 A.cdc551499db0039f956e1d0666bfd1504.ca3aa6b2f13c2c1bc9c646f6abf33ed07 - Changing service from :0 to HOUMSEOSIFM007:8787
2018/09/23 05:49:59.963 INFO  126 A.cdc551499db0039f956e1d0666bfd1504.ca3aa6b2f13c2c1bc9c646f6abf33ed07 - Changing service from :0 to HOUMSEOSIFM007:8787
2018/09/23 05:50:29.972 INFO  109 A.cdc551499db0039f956e1d0666bfd1504.ca3aa6b2f13c2c1bc9c646f6abf33ed07 - Changing service from :0 to HOUMSEOSIFM007:8787
2018/09/23 05:50:59.993 INFO  3 A.cdc551499db0039f956e1d0666bfd1504.ca3aa6b2f13c2c1bc9c646f6abf33ed07 - Changing service from :0 to HOUMSEOSIFM007:8787
2018/09/23 05:51:29.967 INFO  65 A.cdc551499db0039f956e1d0666bfd1504.ca3aa6b2f13c2c1bc9c646f6abf33ed07 - Changing service from :0 to HOUMSEOSIFM007:8787
2018/09/23 05:52:00.004 INFO  111 A.cdc551499db0039f956e1d0666bfd1504.ca3aa6b2f13c2c1bc9c646f6abf33ed07 - Changing service from :0 to HOUMSEOSIFM007:8787
2018/09/23 05:52:29.993 INFO  53 A.cdc551499db0039f956e1d0666bfd1504.ca3aa6b2f13c2c1bc9c646f6abf33ed07 - Changing service from :0 to HOUMSEOSIFM007:8787
2018/09/23 05:53:00.006 INFO  69 A.cdc551499db0039f956e1d0666bfd1504.ca3aa6b2f13c2c1bc9c646f6abf33ed07 - Changing service from :0 to HOUMSEOSIFM007:8787
2018/09/23 05:53:29.995 INFO  139 A.cdc551499db0039f956e1d0666bfd1504.ca3aa6b2f13c2c1bc9c646f6abf33ed07 - Changing service from :0 to HOUMSEOSIFM007:8787
2018/09/23 05:53:59.979 INFO  65 A.cdc551499db0039f956e1d0666bfd1504.ca3aa6b2f13c2c1bc9c646f6abf33ed07 - Changing service from :0 to HOUMSEOSIFM007:8787
2018/09/23 05:54:29.997 INFO  109 A.cdc551499db0039f956e1d0666bfd1504.ca3aa6b2f13c2c1bc9c646f6abf33ed07 - Changing service from :0 to HOUMSEOSIFM007:8787
2018/09/23 05:54:59.981 INFO  54 A.cdc551499db0039f956e1d0666bfd1504.ca3aa6b2f13c2c1bc9c646f6abf33ed07 - Changing service from :0 to HOUMSEOSIFM007:8787
2018/09/23 05:55:29.987 INFO  76 A.cdc551499db0039f956e1d0666bfd1504.ca3aa6b2f13c2c1bc9c646f6abf33ed07 - Changing service from :0 to HOUMSEOSIFM007:8787
2018/09/23 05:55:59.996 INFO  56 A.cdc551499db0039f956e1d0666bfd1504.ca3aa6b2f13c2c1bc9c646f6abf33ed07 - Changing service from :0 to HOUMSEOSIFM007:8787
2018/09/23 05:56:29.987 INFO  95 A.cdc551499db0039f956e1d0666bfd1504.ca3aa6b2f13c2c1bc9c646f6abf33ed07 - Changing service from :0 to HOUMSEOSIFM007:8787
2018/09/23 05:57:00.008 INFO  82 A.cdc551499db0039f956e1d0666bfd1504.ca3aa6b2f13c2c1bc9c646f6abf33ed07 - Changing service from :0 to HOUMSEOSIFM007:8787
2018/09/23 05:57:29.997 INFO  132 A.cdc551499db0039f956e1d0666bfd1504.ca3aa6b2f13c2c1bc9c646f6abf33ed07 - Changing service from :0 to HOUMSEOSIFM007:8787
2018/09/23 05:58:00.001 INFO  133 A.cdc551499db0039f956e1d0666bfd1504.ca3aa6b2f13c2c1bc9c646f6abf33ed07 - Changing service from :0 to HOUMSEOSIFM007:8787
2018/09/23 05:58:29.990 INFO  111 A.cdc551499db0039f956e1d0666bfd1504.ca3aa6b2f13c2c1bc9c646f6abf33ed07 - Changing service from :0 to HOUMSEOSIFM007:8787
2018/09/23 05:59:00.000 INFO  58 A.cdc551499db0039f956e1d0666bfd1504.ca3aa6b2f13c2c1bc9c646f6abf33ed07 - Changing service from :0 to HOUMSEOSIFM007:8787
2018/09/23 05:59:29.981 INFO  55 A.cdc551499db0039f956e1d0666bfd1504.ca3aa6b2f13c2c1bc9c646f6abf33ed07 - Changing service from :0 to HOUMSEOSIFM007:8787
2018/09/23 06:00:00.007 INFO  131 A.cdc551499db0039f956e1d0666bfd1504.ca3aa6b2f13c2c1bc9c646f6abf33ed07 - Changing service from :0 to HOUMSEOSIFM007:8787
2018/09/23 06:00:29.993 INFO  97 A.cdc551499db0039f956e1d0666bfd1504.ca3aa6b2f13c2c1bc9c646f6abf33ed07 - Changing service from :0 to HOUMSEOSIFM007:8787
2018/09/23 06:01:04.698 INFO  76 A.cdc551499db0039f956e1d0666bfd1504.ca3aa6b2f13c2c1bc9c646f6abf33ed07 - Changing service from :0 to HOUMSEOSIFM007:8787
2018/09/23 06:01:30.803 INFO  113 A.cdc551499db0039f956e1d0666bfd1504.ca3aa6b2f13c2c1bc9c646f6abf33ed07 - Changing service from :0 to HOUMSEOSIFM007:8787
2018/09/23 06:02:00.779 INFO  7 A.cdc551499db0039f956e1d0666bfd1504.ca3aa6b2f13c2c1bc9c646f6abf33ed07 - Changing service from :0 to HOUMSEOSIFM007:8787
2018/09/23 06:02:30.772 INFO  53 A.cdc551499db0039f956e1d0666bfd1504.ca3aa6b2f13c2c1bc9c646f6abf33ed07 - Changing service from :0 to HOUMSEOSIFM007:8787
2018/09/23 06:03:00.778 INFO  138 A.cdc551499db0039f956e1d0666bfd1504.ca3aa6b2f13c2c1bc9c646f6abf33ed07 - Changing service from :0 to HOUMSEOSIFM007:8787
2018/09/23 06:03:30.828 INFO  53 A.cdc551499db0039f956e1d0666bfd1504.ca3aa6b2f13c2c1bc9c646f6abf33ed07 - Changing service from :0 to HOUMSEOSIFM007:8787
2018/09/23 06:04:02.456 INFO  74 A.cdc551499db0039f956e1d0666bfd1504.ca3aa6b2f13c2c1bc9c646f6abf33ed07 - Changing service from :0 to HOUMSEOSIFM007:8787
2018/09/23 06:04:30.797 INFO  105 A.cdc551499db0039f956e1d0666bfd1504.ca3aa6b2f13c2c1bc9c646f6abf33ed07 - Changing service from :0 to HOUMSEOSIFM007:8787
2018/09/23 06:05:00.830 INFO  105 A.cdc551499db0039f956e1d0666bfd1504.ca3aa6b2f13c2c1bc9c646f6abf33ed07 - Changing service from :0 to HOUMSEOSIFM007:8787
2018/09/23 06:05:30.793 INFO  65 A.cdc551499db0039f956e1d0666bfd1504.ca3aa6b2f13c2c1bc9c646f6abf33ed07 - Changing service from :0 to HOUMSEOSIFM007:8787
2018/09/23 06:06:00.795 INFO  54 A.cdc551499db0039f956e1d0666bfd1504.ca3aa6b2f13c2c1bc9c646f6abf33ed07 - Changing service from :0 to HOUMSEOSIFM007:8787
2018/09/23 06:06:30.775 INFO  128 A.cdc551499db0039f956e1d0666bfd1504.ca3aa6b2f13c2c1bc9c646f6abf33ed07 - Changing service from :0 to HOUMSEOSIFM007:8787
2018/09/23 06:07:00.835 INFO  85 A.cdc551499db0039f956e1d0666bfd1504.ca3aa6b2f13c2c1bc9c646f6abf33ed07 - Changing service from :0 to HOUMSEOSIFM007:8787
2018/09/23 06:07:31.822 INFO  121 A.cdc551499db0039f956e1d0666bfd1504.ca3aa6b2f13c2c1bc9c646f6abf33ed07 - Changing service from :0 to HOUMSEOSIFM007:8787
2018/09/23 06:08:01.794 INFO  85 A.cdc551499db0039f956e1d0666bfd1504.ca3aa6b2f13c2c1bc9c646f6abf33ed07 - Changing service from :0 to HOUMSEOSIFM007:8787
2018/09/23 06:08:31.805 INFO  105 A.cdc551499db0039f956e1d0666bfd1504.ca3aa6b2f13c2c1bc9c646f6abf33ed07 - Changing service from :0 to HOUMSEOSIFM007:8787
2018/09/23 06:09:01.812 INFO  130 A.cdc551499db0039f956e1d0666bfd1504.ca3aa6b2f13c2c1bc9c646f6abf33ed07 - Changing service from :0 to HOUMSEOSIFM007:8787
2018/09/23 06:09:31.801 INFO  131 A.cdc551499db0039f956e1d0666bfd1504.ca3aa6b2f13c2c1bc9c646f6abf33ed07 - Changing service from :0 to HOUMSEOSIFM007:8787
2018/09/23 06:10:01.838 INFO  58 A.cdc551499db0039f956e1d0666bfd1504.ca3aa6b2f13c2c1bc9c646f6abf33ed07 - Changing service from :0 to HOUMSEOSIFM007:8787
2018/09/23 06:10:31.797 INFO  82 A.cdc551499db0039f956e1d0666bfd1504.ca3aa6b2f13c2c1bc9c646f6abf33ed07 - Changing service from :0 to HOUMSEOSIFM007:8787
2018/09/23 06:11:01.846 INFO  122 A.cdc551499db0039f956e1d0666bfd1504.ca3aa6b2f13c2c1bc9c646f6abf33ed07 - Changing service from :0 to HOUMSEOSIFM007:8787
2018/09/23 06:11:32.090 INFO  122 A.cdc551499db0039f956e1d0666bfd1504.ca3aa6b2f13c2c1bc9c646f6abf33ed07 - Changing service from :0 to HOUMSEOSIFM007:8787
2018/09/23 06:12:01.879 INFO  3 A.cdc551499db0039f956e1d0666bfd1504.ca3aa6b2f13c2c1bc9c646f6abf33ed07 - Changing service from :0 to HOUMSEOSIFM007:8787
2018/09/23 06:12:31.900 INFO  105 A.cdc551499db0039f956e1d0666bfd1504.ca3aa6b2f13c2c1bc9c646f6abf33ed07 - Changing service from :0 to HOUMSEOSIFM007:8787
2018/09/23 06:13:01.867 INFO  82 A.cdc551499db0039f956e1d0666bfd1504.ca3aa6b2f13c2c1bc9c646f6abf33ed07 - Changing service from :0 to HOUMSEOSIFM007:8787
2018/09/23 06:13:31.881 INFO  122 A.cdc551499db0039f956e1d0666bfd1504.ca3aa6b2f13c2c1bc9c646f6abf33ed07 - Changing service from :0 to HOUMSEOSIFM007:8787
2018/09/23 06:14:01.882 INFO  90 A.cdc551499db0039f956e1d0666bfd1504.ca3aa6b2f13c2c1bc9c646f6abf33ed07 - Changing service from :0 to HOUMSEOSIFM007:8787
2018/09/23 06:14:31.869 INFO  65 A.cdc551499db0039f956e1d0666bfd1504.ca3aa6b2f13c2c1bc9c646f6abf33ed07 - Changing service from :0 to HOUMSEOSIFM007:8787
2018/09/23 06:15:01.897 INFO  126 A.cdc551499db0039f956e1d0666bfd1504.ca3aa6b2f13c2c1bc9c646f6abf33ed07 - Changing service from :0 to HOUMSEOSIFM007:8787
2018/09/23 06:15:31.905 INFO  109 A.cdc551499db0039f956e1d0666bfd1504.ca3aa6b2f13c2c1bc9c646f6abf33ed07 - Changing service from :0 to HOUMSEOSIFM007:8787
2018/09/23 06:16:01.901 INFO  96 A.cdc551499db0039f956e1d0666bfd1504.ca3aa6b2f13c2c1bc9c646f6abf33ed07 - Changing service from :0 to HOUMSEOSIFM007:8787
2018/09/23 06:16:31.890 INFO  103 A.cdc551499db0039f956e1d0666bfd1504.ca3aa6b2f13c2c1bc9c646f6abf33ed07 - Changing service from :0 to HOUMSEOSIFM007:8787
2018/09/23 06:17:01.880 INFO  69 A.cdc551499db0039f956e1d0666bfd1504.ca3aa6b2f13c2c1bc9c646f6abf33ed07 - Changing service from :0 to HOUMSEOSIFM007:8787
2018/09/23 06:17:31.878 INFO  62 A.cdc551499db0039f956e1d0666bfd1504.ca3aa6b2f13c2c1bc9c646f6abf33ed07 - Changing service from :0 to HOUMSEOSIFM007:8787
2018/09/23 06:18:01.893 INFO  53 A.cdc551499db0039f956e1d0666bfd1504.ca3aa6b2f13c2c1bc9c646f6abf33ed07 - Changing service from :0 to HOUMSEOSIFM007:8787
2018/09/23 06:18:32.832 INFO  3 A.cdc551499db0039f956e1d0666bfd1504.ca3aa6b2f13c2c1bc9c646f6abf33ed07 - Changing service from :0 to HOUMSEOSIFM007:8787
2018/09/23 06:19:01.905 INFO  104 A.cdc551499db0039f956e1d0666bfd1504.ca3aa6b2f13c2c1bc9c646f6abf33ed07 - Changing service from :0 to HOUMSEOSIFM007:8787
2018/09/23 06:19:31.876 INFO  96 A.cdc551499db0039f956e1d0666bfd1504.ca3aa6b2f13c2c1bc9c646f6abf33ed07 - Changing service from :0 to HOUMSEOSIFM007:8787
2018/09/23 06:20:01.917 INFO  110 A.cdc551499db0039f956e1d0666bfd1504.ca3aa6b2f13c2c1bc9c646f6abf33ed07 - Changing service from :0 to HOUMSEOSIFM007:8787
2018/09/23 06:20:31.874 INFO  77 A.cdc551499db0039f956e1d0666bfd1504.ca3aa6b2f13c2c1bc9c646f6abf33ed07 - Changing service from :0 to HOUMSEOSIFM007:8787
2018/09/23 06:21:01.899 INFO  124 A.cdc551499db0039f956e1d0666bfd1504.ca3aa6b2f13c2c1bc9c646f6abf33ed07 - Changing service from :0 to HOUMSEOSIFM007:8787
2018/09/23 06:21:31.875 INFO  90 A.cdc551499db0039f956e1d0666bfd1504.ca3aa6b2f13c2c1bc9c646f6abf33ed07 - Changing service from :0 to HOUMSEOSIFM007:8787
2018/09/23 06:22:01.902 INFO  118 A.cdc551499db0039f956e1d0666bfd1504.ca3aa6b2f13c2c1bc9c646f6abf33ed07 - Changing service from :0 to HOUMSEOSIFM007:8787
2018/09/23 06:22:31.913 INFO  136 A.cdc551499db0039f956e1d0666bfd1504.ca3aa6b2f13c2c1bc9c646f6abf33ed07 - Changing service from :0 to HOUMSEOSIFM007:8787
2018/09/23 06:23:01.913 INFO  122 A.cdc551499db0039f956e1d0666bfd1504.ca3aa6b2f13c2c1bc9c646f6abf33ed07 - Changing service from :0 to HOUMSEOSIFM007:8787
2018/09/23 06:23:31.890 INFO  68 A.cdc551499db0039f956e1d0666bfd1504.ca3aa6b2f13c2c1bc9c646f6abf33ed07 - Changing service from :0 to HOUMSEOSIFM007:8787
2018/09/23 06:24:01.903 INFO  121 A.cdc551499db0039f956e1d0666bfd1504.ca3aa6b2f13c2c1bc9c646f6abf33ed07 - Changing service from :0 to HOUMSEOSIFM007:8787
2018/09/23 06:24:31.888 INFO  117 A.cdc551499db0039f956e1d0666bfd1504.ca3aa6b2f13c2c1bc9c646f6abf33ed07 - Changing service from :0 to HOUMSEOSIFM007:8787
2018/09/23 06:25:01.910 INFO  74 A.cdc551499db0039f956e1d0666bfd1504.ca3aa6b2f13c2c1bc9c646f6abf33ed07 - Changing service from :0 to HOUMSEOSIFM007:8787
2018/09/23 06:25:31.898 INFO  65 A.cdc551499db0039f956e1d0666bfd1504.ca3aa6b2f13c2c1bc9c646f6abf33ed07 - Changing service from :0 to HOUMSEOSIFM007:8787
2018/09/23 06:26:01.907 INFO  113 A.cdc551499db0039f956e1d0666bfd1504.ca3aa6b2f13c2c1bc9c646f6abf33ed07 - Changing service from :0 to HOUMSEOSIFM007:8787
2018/09/23 06:26:31.881 INFO  135 A.cdc551499db0039f956e1d0666bfd1504.ca3aa6b2f13c2c1bc9c646f6abf33ed07 - Changing service from :0 to HOUMSEOSIFM007:8787
2018/09/23 06:27:01.921 INFO  77 A.cdc551499db0039f956e1d0666bfd1504.ca3aa6b2f13c2c1bc9c646f6abf33ed07 - Changing service from :0 to HOUMSEOSIFM007:8787
2018/09/23 06:27:31.933 INFO  116 A.cdc551499db0039f956e1d0666bfd1504.ca3aa6b2f13c2c1bc9c646f6abf33ed07 - Changing service from :0 to HOUMSEOSIFM007:8787
2018/09/23 06:28:01.914 INFO  128 A.cdc551499db0039f956e1d0666bfd1504.ca3aa6b2f13c2c1bc9c646f6abf33ed07 - Changing service from :0 to HOUMSEOSIFM007:8787
2018/09/23 06:28:31.903 INFO  53 A.cdc551499db0039f956e1d0666bfd1504.ca3aa6b2f13c2c1bc9c646f6abf33ed07 - Changing service from :0 to HOUMSEOSIFM007:8787
2018/09/23 06:29:04.511 INFO  105 A.cdc551499db0039f956e1d0666bfd1504.ca3aa6b2f13c2c1bc9c646f6abf33ed07 - Changing service from :0 to HOUMSEOSIFM007:8787
2018/09/23 06:29:31.883 INFO  113 A.cdc551499db0039f956e1d0666bfd1504.ca3aa6b2f13c2c1bc9c646f6abf33ed07 - Changing service from :0 to HOUMSEOSIFM007:8787
2018/09/23 06:30:01.938 INFO  113 A.cdc551499db0039f956e1d0666bfd1504.ca3aa6b2f13c2c1bc9c646f6abf33ed07 - Changing service from :0 to HOUMSEOSIFM007:8787
2018/09/23 06:30:31.907 INFO  105 A.cdc551499db0039f956e1d0666bfd1504.ca3aa6b2f13c2c1bc9c646f6abf33ed07 - Changing service from :0 to HOUMSEOSIFM007:8787
2018/09/23 06:31:01.424 INFO  111 A.ca9303324ae27c9d224e829df918b1ee8.c6ae4a85f8bc1eee64ee593e8582f1fd3 - Get a Copy for model file : PDB Exceptions.vwk folder id : 7 model file id : 1594 recursive at '9/23/2018 11:30:59 AM' ==> Started.
2018/09/23 06:31:01.909 INFO  12 A.cdc551499db0039f956e1d0666bfd1504.ca3aa6b2f13c2c1bc9c646f6abf33ed07 - Changing service from :0 to HOUMSEOSIFM007:8787
2018/09/23 06:31:02.093 INFO  111 A.ca9303324ae27c9d224e829df918b1ee8.c6ae4a85f8bc1eee64ee593e8582f1fd3 - Get a Copy for model file : PDB Exceptions.vwk folder id : 7 model file id : 1594 recursive at '9/23/2018 11:30:59 AM' ==> Completed. Took 00:00:00.669
2018/09/23 06:31:34.124 INFO  110 A.cdc551499db0039f956e1d0666bfd1504.ca3aa6b2f13c2c1bc9c646f6abf33ed07 - Changing service from :0 to HOUMSEOSIFM007:8787
2018/09/23 06:32:01.899 INFO  86 A.cdc551499db0039f956e1d0666bfd1504.ca3aa6b2f13c2c1bc9c646f6abf33ed07 - Changing service from :0 to HOUMSEOSIFM007:8787
2018/09/23 06:32:31.914 INFO  116 A.cdc551499db0039f956e1d0666bfd1504.ca3aa6b2f13c2c1bc9c646f6abf33ed07 - Changing service from :0 to HOUMSEOSIFM007:8787
2018/09/23 06:33:01.901 INFO  65 A.cdc551499db0039f956e1d0666bfd1504.ca3aa6b2f13c2c1bc9c646f6abf33ed07 - Changing service from :0 to HOUMSEOSIFM007:8787
2018/09/23 06:33:31.893 INFO  116 A.cdc551499db0039f956e1d0666bfd1504.ca3aa6b2f13c2c1bc9c646f6abf33ed07 - Changing service from :0 to HOUMSEOSIFM007:8787
2018/09/23 06:34:01.936 INFO  77 A.cdc551499db0039f956e1d0666bfd1504.ca3aa6b2f13c2c1bc9c646f6abf33ed07 - Changing service from :0 to HOUMSEOSIFM007:8787
2018/09/23 06:34:32.342 INFO  98 A.cdc551499db0039f956e1d0666bfd1504.ca3aa6b2f13c2c1bc9c646f6abf33ed07 - Changing service from :0 to HOUMSEOSIFM007:8787
2018/09/23 06:35:02.043 INFO  121 A.cdc551499db0039f956e1d0666bfd1504.ca3aa6b2f13c2c1bc9c646f6abf33ed07 - Changing service from :0 to HOUMSEOSIFM007:8787
2018/09/23 06:35:32.039 INFO  120 A.cdc551499db0039f956e1d0666bfd1504.ca3aa6b2f13c2c1bc9c646f6abf33ed07 - Changing service from :0 to HOUMSEOSIFM007:8787
2018/09/23 06:36:02.028 INFO  134 A.cdc551499db0039f956e1d0666bfd1504.ca3aa6b2f13c2c1bc9c646f6abf33ed07 - Changing service from :0 to HOUMSEOSIFM007:8787
2018/09/23 06:36:32.036 INFO  137 A.cdc551499db0039f956e1d0666bfd1504.ca3aa6b2f13c2c1bc9c646f6abf33ed07 - Changing service from :0 to HOUMSEOSIFM007:8787
2018/09/23 06:37:02.030 INFO  79 A.cdc551499db0039f956e1d0666bfd1504.ca3aa6b2f13c2c1bc9c646f6abf33ed07 - Changing service from :0 to HOUMSEOSIFM007:8787
2018/09/23 06:37:32.040 INFO  74 A.cdc551499db0039f956e1d0666bfd1504.ca3aa6b2f13c2c1bc9c646f6abf33ed07 - Changing service from :0 to HOUMSEOSIFM007:8787
2018/09/23 06:38:02.037 INFO  106 A.cdc551499db0039f956e1d0666bfd1504.ca3aa6b2f13c2c1bc9c646f6abf33ed07 - Changing service from :0 to HOUMSEOSIFM007:8787
2018/09/23 06:38:32.040 INFO  106 A.cdc551499db0039f956e1d0666bfd1504.ca3aa6b2f13c2c1bc9c646f6abf33ed07 - Changing service from :0 to HOUMSEOSIFM007:8787
2018/09/23 06:39:02.062 INFO  121 A.cdc551499db0039f956e1d0666bfd1504.ca3aa6b2f13c2c1bc9c646f6abf33ed07 - Changing service from :0 to HOUMSEOSIFM007:8787
2018/09/23 06:39:32.075 INFO  3 A.cdc551499db0039f956e1d0666bfd1504.ca3aa6b2f13c2c1bc9c646f6abf33ed07 - Changing service from :0 to HOUMSEOSIFM007:8787
2018/09/23 06:40:02.056 INFO  122 A.cdc551499db0039f956e1d0666bfd1504.ca3aa6b2f13c2c1bc9c646f6abf33ed07 - Changing service from :0 to HOUMSEOSIFM007:8787
2018/09/23 06:40:32.041 INFO  136 A.cdc551499db0039f956e1d0666bfd1504.ca3aa6b2f13c2c1bc9c646f6abf33ed07 - Changing service from :0 to HOUMSEOSIFM007:8787
2018/09/23 06:41:02.068 INFO  86 A.cdc551499db0039f956e1d0666bfd1504.ca3aa6b2f13c2c1bc9c646f6abf33ed07 - Changing service from :0 to HOUMSEOSIFM007:8787
2018/09/23 06:41:32.043 INFO  74 A.cdc551499db0039f956e1d0666bfd1504.ca3aa6b2f13c2c1bc9c646f6abf33ed07 - Changing service from :0 to HOUMSEOSIFM007:8787
2018/09/23 06:42:02.051 INFO  110 A.cdc551499db0039f956e1d0666bfd1504.ca3aa6b2f13c2c1bc9c646f6abf33ed07 - Changing service from :0 to HOUMSEOSIFM007:8787
2018/09/23 06:42:32.046 INFO  74 A.cdc551499db0039f956e1d0666bfd1504.ca3aa6b2f13c2c1bc9c646f6abf33ed07 - Changing service from :0 to HOUMSEOSIFM007:8787
2018/09/23 06:43:02.034 INFO  84 A.cdc551499db0039f956e1d0666bfd1504.ca3aa6b2f13c2c1bc9c646f6abf33ed07 - Changing service from :0 to HOUMSEOSIFM007:8787
2018/09/23 06:43:32.092 INFO  88 A.cdc551499db0039f956e1d0666bfd1504.ca3aa6b2f13c2c1bc9c646f6abf33ed07 - Changing service from :0 to HOUMSEOSIFM007:8787
2018/09/23 06:44:02.045 INFO  117 A.cdc551499db0039f956e1d0666bfd1504.ca3aa6b2f13c2c1bc9c646f6abf33ed07 - Changing service from :0 to HOUMSEOSIFM007:8787
2018/09/23 06:44:32.060 INFO  69 A.cdc551499db0039f956e1d0666bfd1504.ca3aa6b2f13c2c1bc9c646f6abf33ed07 - Changing service from :0 to HOUMSEOSIFM007:8787
2018/09/23 06:45:02.488 INFO  3 A.cdc551499db0039f956e1d0666bfd1504.ca3aa6b2f13c2c1bc9c646f6abf33ed07 - Changing service from :0 to HOUMSEOSIFM007:8787
2018/09/23 06:45:32.045 INFO  57 A.cdc551499db0039f956e1d0666bfd1504.ca3aa6b2f13c2c1bc9c646f6abf33ed07 - Changing service from :0 to HOUMSEOSIFM007:8787
2018/09/23 06:45:54.553 INFO  67 A.ca9303324ae27c9d224e829df918b1ee8.c6ae4a85f8bc1eee64ee593e8582f1fd3 - Get a Copy for model file : APC Check Current Proficy Tags.vwk folder id : 7 model file id : 2011 recursive at '9/23/2018 11:45:53 AM' ==> Started.
2018/09/23 06:45:55.168 INFO  67 A.ca9303324ae27c9d224e829df918b1ee8.c6ae4a85f8bc1eee64ee593e8582f1fd3 - Get a Copy for model file : APC Check Current Proficy Tags.vwk folder id : 7 model file id : 2011 recursive at '9/23/2018 11:45:53 AM' ==> Completed. Took 00:00:00.614
2018/09/23 06:46:02.081 INFO  124 A.cdc551499db0039f956e1d0666bfd1504.ca3aa6b2f13c2c1bc9c646f6abf33ed07 - Changing service from :0 to HOUMSEOSIFM007:8787
2018/09/23 06:46:08.407 INFO  113 A.ca9303324ae27c9d224e829df918b1ee8.c6ae4a85f8bc1eee64ee593e8582f1fd3 - Get a Copy for model file : APC Poll Group Processing Initial Wells.vwk folder id : 7 model file id : 1770 recursive at '9/23/2018 11:46:07 AM' ==> Started.
2018/09/23 06:46:09.042 INFO  113 A.ca9303324ae27c9d224e829df918b1ee8.c6ae4a85f8bc1eee64ee593e8582f1fd3 - Get a Copy for model file : APC Poll Group Processing Initial Wells.vwk folder id : 7 model file id : 1770 recursive at '9/23/2018 11:46:07 AM' ==> Completed. Took 00:00:00.634
2018/09/23 06:46:10.193 INFO  8 A.ca9303324ae27c9d224e829df918b1ee8.c6ae4a85f8bc1eee64ee593e8582f1fd3 - Get a Copy for model file : APC Commingle Initial Creation.vwk folder id : 7 model file id : 1593 recursive at '9/23/2018 11:46:09 AM' ==> Started.
2018/09/23 06:46:10.838 INFO  8 A.ca9303324ae27c9d224e829df918b1ee8.c6ae4a85f8bc1eee64ee593e8582f1fd3 - Get a Copy for model file : APC Commingle Initial Creation.vwk folder id : 7 model file id : 1593 recursive at '9/23/2018 11:46:09 AM' ==> Completed. Took 00:00:00.644
2018/09/23 06:46:12.489 INFO  103 A.ca9303324ae27c9d224e829df918b1ee8.c6ae4a85f8bc1eee64ee593e8582f1fd3 - Get a Copy for model file : APC Pigging Schedule.vwk folder id : 7 model file id : 2302 recursive at '9/23/2018 11:46:11 AM' ==> Started.
2018/09/23 06:46:13.090 INFO  103 A.ca9303324ae27c9d224e829df918b1ee8.c6ae4a85f8bc1eee64ee593e8582f1fd3 - Get a Copy for model file : APC Pigging Schedule.vwk folder id : 7 model file id : 2302 recursive at '9/23/2018 11:46:11 AM' ==> Completed. Took 00:00:00.602
2018/09/23 06:46:32.228 INFO  106 A.cdc551499db0039f956e1d0666bfd1504.ca3aa6b2f13c2c1bc9c646f6abf33ed07 - Changing service from :0 to HOUMSEOSIFM007:8787
2018/09/23 06:47:02.060 INFO  88 A.cdc551499db0039f956e1d0666bfd1504.ca3aa6b2f13c2c1bc9c646f6abf33ed07 - Changing service from :0 to HOUMSEOSIFM007:8787
2018/09/23 06:47:32.054 INFO  55 A.cdc551499db0039f956e1d0666bfd1504.ca3aa6b2f13c2c1bc9c646f6abf33ed07 - Changing service from :0 to HOUMSEOSIFM007:8787
2018/09/23 06:48:02.057 INFO  55 A.cdc551499db0039f956e1d0666bfd1504.ca3aa6b2f13c2c1bc9c646f6abf33ed07 - Changing service from :0 to HOUMSEOSIFM007:8787
2018/09/23 06:48:32.082 INFO  92 A.cdc551499db0039f956e1d0666bfd1504.ca3aa6b2f13c2c1bc9c646f6abf33ed07 - Changing service from :0 to HOUMSEOSIFM007:8787
2018/09/23 06:48:57.707 INFO  105 A.ca9303324ae27c9d224e829df918b1ee8.c6ae4a85f8bc1eee64ee593e8582f1fd3 - Get a Copy for model file : APC Commingle Real Time Creation.vwk folder id : 7 model file id : 2022 recursive at '9/23/2018 11:48:57 AM' ==> Started.
2018/09/23 06:48:58.291 INFO  105 A.ca9303324ae27c9d224e829df918b1ee8.c6ae4a85f8bc1eee64ee593e8582f1fd3 - Get a Copy for model file : APC Commingle Real Time Creation.vwk folder id : 7 model file id : 2022 recursive at '9/23/2018 11:48:57 AM' ==> Completed. Took 00:00:00.584
2018/09/23 06:49:02.384 INFO  82 A.cdc551499db0039f956e1d0666bfd1504.ca3aa6b2f13c2c1bc9c646f6abf33ed07 - Changing service from :0 to HOUMSEOSIFM007:8787
2018/09/23 06:49:32.104 INFO  83 A.cdc551499db0039f956e1d0666bfd1504.ca3aa6b2f13c2c1bc9c646f6abf33ed07 - Changing service from :0 to HOUMSEOSIFM007:8787
2018/09/23 06:50:02.096 INFO  53 A.cdc551499db0039f956e1d0666bfd1504.ca3aa6b2f13c2c1bc9c646f6abf33ed07 - Changing service from :0 to HOUMSEOSIFM007:8787
2018/09/23 06:50:16.046 INFO  86 A.ca9303324ae27c9d224e829df918b1ee8.c6ae4a85f8bc1eee64ee593e8582f1fd3 - Get a Copy for model file : APC Update Proficy Tags.vwk folder id : 7 model file id : 2012 recursive at '9/23/2018 11:50:14 AM' ==> Started.
2018/09/23 06:50:19.010 INFO  86 A.ca9303324ae27c9d224e829df918b1ee8.c6ae4a85f8bc1eee64ee593e8582f1fd3 - Get a Copy for model file : APC Update Proficy Tags.vwk folder id : 7 model file id : 2012 recursive at '9/23/2018 11:50:14 AM' ==> Completed. Took 00:00:02.989
2018/09/23 06:50:32.071 INFO  57 A.cdc551499db0039f956e1d0666bfd1504.ca3aa6b2f13c2c1bc9c646f6abf33ed07 - Changing service from :0 to HOUMSEOSIFM007:8787
2018/09/23 06:51:02.082 INFO  124 A.cdc551499db0039f956e1d0666bfd1504.ca3aa6b2f13c2c1bc9c646f6abf33ed07 - Changing service from :0 to HOUMSEOSIFM007:8787
2018/09/23 06:51:32.076 INFO  86 A.cdc551499db0039f956e1d0666bfd1504.ca3aa6b2f13c2c1bc9c646f6abf33ed07 - Changing service from :0 to HOUMSEOSIFM007:8787
2018/09/23 06:51:45.101 INFO  126 A.ca9303324ae27c9d224e829df918b1ee8.c6ae4a85f8bc1eee64ee593e8582f1fd3 - Get a Copy for model file : APC Find Fully Commingled Batteries.vwk folder id : 7 model file id : 1639 recursive at '9/23/2018 11:51:44 AM' ==> Started.
2018/09/23 06:51:45.690 INFO  126 A.ca9303324ae27c9d224e829df918b1ee8.c6ae4a85f8bc1eee64ee593e8582f1fd3 - Get a Copy for model file : APC Find Fully Commingled Batteries.vwk folder id : 7 model file id : 1639 recursive at '9/23/2018 11:51:44 AM' ==> Completed. Took 00:00:00.588
2018/09/23 06:52:02.067 INFO  76 A.cdc551499db0039f956e1d0666bfd1504.ca3aa6b2f13c2c1bc9c646f6abf33ed07 - Changing service from :0 to HOUMSEOSIFM007:8787
2018/09/23 06:52:32.082 INFO  126 A.cdc551499db0039f956e1d0666bfd1504.ca3aa6b2f13c2c1bc9c646f6abf33ed07 - Changing service from :0 to HOUMSEOSIFM007:8787
2018/09/23 06:53:02.090 INFO  105 A.cdc551499db0039f956e1d0666bfd1504.ca3aa6b2f13c2c1bc9c646f6abf33ed07 - Changing service from :0 to HOUMSEOSIFM007:8787
2018/09/23 06:53:32.084 INFO  97 A.cdc551499db0039f956e1d0666bfd1504.ca3aa6b2f13c2c1bc9c646f6abf33ed07 - Changing service from :0 to HOUMSEOSIFM007:8787
2018/09/23 06:54:02.089 INFO  64 A.cdc551499db0039f956e1d0666bfd1504.ca3aa6b2f13c2c1bc9c646f6abf33ed07 - Changing service from :0 to HOUMSEOSIFM007:8787
2018/09/23 06:54:32.072 INFO  8 A.cdc551499db0039f956e1d0666bfd1504.ca3aa6b2f13c2c1bc9c646f6abf33ed07 - Changing service from :0 to HOUMSEOSIFM007:8787
2018/09/23 06:55:02.296 INFO  69 A.cdc551499db0039f956e1d0666bfd1504.ca3aa6b2f13c2c1bc9c646f6abf33ed07 - Changing service from :0 to HOUMSEOSIFM007:8787
2018/09/23 06:55:32.278 INFO  55 A.cdc551499db0039f956e1d0666bfd1504.ca3aa6b2f13c2c1bc9c646f6abf33ed07 - Changing service from :0 to HOUMSEOSIFM007:8787
2018/09/23 06:56:02.492 INFO  133 A.cdc551499db0039f956e1d0666bfd1504.ca3aa6b2f13c2c1bc9c646f6abf33ed07 - Changing service from :0 to HOUMSEOSIFM007:8787
2018/09/23 06:56:35.120 INFO  59 A.cdc551499db0039f956e1d0666bfd1504.ca3aa6b2f13c2c1bc9c646f6abf33ed07 - Changing service from :0 to HOUMSEOSIFM007:8787
2018/09/23 06:57:03.088 INFO  3 A.cdc551499db0039f956e1d0666bfd1504.ca3aa6b2f13c2c1bc9c646f6abf33ed07 - Changing service from :0 to HOUMSEOSIFM007:8787
2018/09/23 06:57:32.294 INFO  73 A.cdc551499db0039f956e1d0666bfd1504.ca3aa6b2f13c2c1bc9c646f6abf33ed07 - Changing service from :0 to HOUMSEOSIFM007:8787
2018/09/23 06:58:02.296 INFO  65 A.cdc551499db0039f956e1d0666bfd1504.ca3aa6b2f13c2c1bc9c646f6abf33ed07 - Changing service from :0 to HOUMSEOSIFM007:8787
2018/09/23 06:58:32.271 INFO  3 A.cdc551499db0039f956e1d0666bfd1504.ca3aa6b2f13c2c1bc9c646f6abf33ed07 - Changing service from :0 to HOUMSEOSIFM007:8787
2018/09/23 06:59:02.312 INFO  88 A.cdc551499db0039f956e1d0666bfd1504.ca3aa6b2f13c2c1bc9c646f6abf33ed07 - Changing service from :0 to HOUMSEOSIFM007:8787
2018/09/23 06:59:32.302 INFO  102 A.cdc551499db0039f956e1d0666bfd1504.ca3aa6b2f13c2c1bc9c646f6abf33ed07 - Changing service from :0 to HOUMSEOSIFM007:8787
2018/09/23 07:00:02.321 INFO  65 A.cdc551499db0039f956e1d0666bfd1504.ca3aa6b2f13c2c1bc9c646f6abf33ed07 - Changing service from :0 to HOUMSEOSIFM007:8787
2018/09/23 07:00:32.307 INFO  65 A.cdc551499db0039f956e1d0666bfd1504.ca3aa6b2f13c2c1bc9c646f6abf33ed07 - Changing service from :0 to HOUMSEOSIFM007:8787
2018/09/23 07:01:02.341 INFO  95 A.cdc551499db0039f956e1d0666bfd1504.ca3aa6b2f13c2c1bc9c646f6abf33ed07 - Changing service from :0 to HOUMSEOSIFM007:8787
2018/09/23 07:01:32.295 INFO  65 A.cdc551499db0039f956e1d0666bfd1504.ca3aa6b2f13c2c1bc9c646f6abf33ed07 - Changing service from :0 to HOUMSEOSIFM007:8787
2018/09/23 07:02:02.744 INFO  82 A.cdc551499db0039f956e1d0666bfd1504.ca3aa6b2f13c2c1bc9c646f6abf33ed07 - Changing service from :0 to HOUMSEOSIFM007:8787
2018/09/23 07:02:32.805 INFO  64 A.cdc551499db0039f956e1d0666bfd1504.ca3aa6b2f13c2c1bc9c646f6abf33ed07 - Changing service from :0 to HOUMSEOSIFM007:8787
2018/09/23 07:03:02.781 INFO  127 A.cdc551499db0039f956e1d0666bfd1504.ca3aa6b2f13c2c1bc9c646f6abf33ed07 - Changing service from :0 to HOUMSEOSIFM007:8787
2018/09/23 07:03:32.807 INFO  98 A.cdc551499db0039f956e1d0666bfd1504.ca3aa6b2f13c2c1bc9c646f6abf33ed07 - Changing service from :0 to HOUMSEOSIFM007:8787
2018/09/23 07:04:03.251 INFO  94 A.cdc551499db0039f956e1d0666bfd1504.ca3aa6b2f13c2c1bc9c646f6abf33ed07 - Changing service from :0 to HOUMSEOSIFM007:8787
2018/09/23 07:04:32.872 INFO  97 A.cdc551499db0039f956e1d0666bfd1504.ca3aa6b2f13c2c1bc9c646f6abf33ed07 - Changing service from :0 to HOUMSEOSIFM007:8787
2018/09/23 07:05:02.875 INFO  60 A.cdc551499db0039f956e1d0666bfd1504.ca3aa6b2f13c2c1bc9c646f6abf33ed07 - Changing service from :0 to HOUMSEOSIFM007:8787
2018/09/23 07:05:32.861 INFO  124 A.cdc551499db0039f956e1d0666bfd1504.ca3aa6b2f13c2c1bc9c646f6abf33ed07 - Changing service from :0 to HOUMSEOSIFM007:8787
2018/09/23 07:06:03.617 INFO  88 A.cdc551499db0039f956e1d0666bfd1504.ca3aa6b2f13c2c1bc9c646f6abf33ed07 - Changing service from :0 to HOUMSEOSIFM007:8787
2018/09/23 07:06:33.435 INFO  60 A.cdc551499db0039f956e1d0666bfd1504.ca3aa6b2f13c2c1bc9c646f6abf33ed07 - Changing service from :0 to HOUMSEOSIFM007:8787
2018/09/23 07:07:03.411 INFO  114 A.cdc551499db0039f956e1d0666bfd1504.ca3aa6b2f13c2c1bc9c646f6abf33ed07 - Changing service from :0 to HOUMSEOSIFM007:8787
2018/09/23 07:07:33.456 INFO  86 A.cdc551499db0039f956e1d0666bfd1504.ca3aa6b2f13c2c1bc9c646f6abf33ed07 - Changing service from :0 to HOUMSEOSIFM007:8787
2018/09/23 07:08:03.454 INFO  102 A.cdc551499db0039f956e1d0666bfd1504.ca3aa6b2f13c2c1bc9c646f6abf33ed07 - Changing service from :0 to HOUMSEOSIFM007:8787
2018/09/23 07:08:33.442 INFO  122 A.cdc551499db0039f956e1d0666bfd1504.ca3aa6b2f13c2c1bc9c646f6abf33ed07 - Changing service from :0 to HOUMSEOSIFM007:8787
2018/09/23 07:09:03.449 INFO  69 A.cdc551499db0039f956e1d0666bfd1504.ca3aa6b2f13c2c1bc9c646f6abf33ed07 - Changing service from :0 to HOUMSEOSIFM007:8787
2018/09/23 07:09:33.402 INFO  68 A.cdc551499db0039f956e1d0666bfd1504.ca3aa6b2f13c2c1bc9c646f6abf33ed07 - Changing service from :0 to HOUMSEOSIFM007:8787
2018/09/23 07:10:03.437 INFO  109 A.cdc551499db0039f956e1d0666bfd1504.ca3aa6b2f13c2c1bc9c646f6abf33ed07 - Changing service from :0 to HOUMSEOSIFM007:8787
2018/09/23 07:10:33.417 INFO  76 A.cdc551499db0039f956e1d0666bfd1504.ca3aa6b2f13c2c1bc9c646f6abf33ed07 - Changing service from :0 to HOUMSEOSIFM007:8787
2018/09/23 07:11:03.467 INFO  73 A.cdc551499db0039f956e1d0666bfd1504.ca3aa6b2f13c2c1bc9c646f6abf33ed07 - Changing service from :0 to HOUMSEOSIFM007:8787
2018/09/23 07:11:33.445 INFO  57 A.cdc551499db0039f956e1d0666bfd1504.ca3aa6b2f13c2c1bc9c646f6abf33ed07 - Changing service from :0 to HOUMSEOSIFM007:8787
2018/09/23 07:12:03.480 INFO  67 A.cdc551499db0039f956e1d0666bfd1504.ca3aa6b2f13c2c1bc9c646f6abf33ed07 - Changing service from :0 to HOUMSEOSIFM007:8787
2018/09/23 07:12:33.704 INFO  70 A.cdc551499db0039f956e1d0666bfd1504.ca3aa6b2f13c2c1bc9c646f6abf33ed07 - Changing service from :0 to HOUMSEOSIFM007:8787
2018/09/23 07:13:03.696 INFO  64 A.cdc551499db0039f956e1d0666bfd1504.ca3aa6b2f13c2c1bc9c646f6abf33ed07 - Changing service from :0 to HOUMSEOSIFM007:8787
2018/09/23 07:13:33.673 INFO  113 A.cdc551499db0039f956e1d0666bfd1504.ca3aa6b2f13c2c1bc9c646f6abf33ed07 - Changing service from :0 to HOUMSEOSIFM007:8787
2018/09/23 07:14:03.868 INFO  7 A.cdc551499db0039f956e1d0666bfd1504.ca3aa6b2f13c2c1bc9c646f6abf33ed07 - Changing service from :0 to HOUMSEOSIFM007:8787
2018/09/23 07:14:33.721 INFO  115 A.cdc551499db0039f956e1d0666bfd1504.ca3aa6b2f13c2c1bc9c646f6abf33ed07 - Changing service from :0 to HOUMSEOSIFM007:8787
2018/09/23 07:15:03.702 INFO  83 A.cdc551499db0039f956e1d0666bfd1504.ca3aa6b2f13c2c1bc9c646f6abf33ed07 - Changing service from :0 to HOUMSEOSIFM007:8787
2018/09/23 07:15:33.702 INFO  105 A.cdc551499db0039f956e1d0666bfd1504.ca3aa6b2f13c2c1bc9c646f6abf33ed07 - Changing service from :0 to HOUMSEOSIFM007:8787
2018/09/23 07:16:03.744 INFO  124 A.cdc551499db0039f956e1d0666bfd1504.ca3aa6b2f13c2c1bc9c646f6abf33ed07 - Changing service from :0 to HOUMSEOSIFM007:8787
2018/09/23 07:16:33.772 INFO  57 A.cdc551499db0039f956e1d0666bfd1504.ca3aa6b2f13c2c1bc9c646f6abf33ed07 - Changing service from :0 to HOUMSEOSIFM007:8787
2018/09/23 07:17:04.694 INFO  82 A.cdc551499db0039f956e1d0666bfd1504.ca3aa6b2f13c2c1bc9c646f6abf33ed07 - Changing service from :0 to HOUMSEOSIFM007:8787
2018/09/23 07:17:34.464 INFO  105 A.cdc551499db0039f956e1d0666bfd1504.ca3aa6b2f13c2c1bc9c646f6abf33ed07 - Changing service from :0 to HOUMSEOSIFM007:8787
2018/09/23 07:18:04.458 INFO  125 A.cdc551499db0039f956e1d0666bfd1504.ca3aa6b2f13c2c1bc9c646f6abf33ed07 - Changing service from :0 to HOUMSEOSIFM007:8787
2018/09/23 07:18:34.433 INFO  53 A.cdc551499db0039f956e1d0666bfd1504.ca3aa6b2f13c2c1bc9c646f6abf33ed07 - Changing service from :0 to HOUMSEOSIFM007:8787
2018/09/23 07:19:04.462 INFO  86 A.cdc551499db0039f956e1d0666bfd1504.ca3aa6b2f13c2c1bc9c646f6abf33ed07 - Changing service from :0 to HOUMSEOSIFM007:8787
2018/09/23 07:19:34.437 INFO  61 A.cdc551499db0039f956e1d0666bfd1504.ca3aa6b2f13c2c1bc9c646f6abf33ed07 - Changing service from :0 to HOUMSEOSIFM007:8787
2018/09/23 07:20:04.436 INFO  128 A.cdc551499db0039f956e1d0666bfd1504.ca3aa6b2f13c2c1bc9c646f6abf33ed07 - Changing service from :0 to HOUMSEOSIFM007:8787
2018/09/23 07:20:34.450 INFO  57 A.cdc551499db0039f956e1d0666bfd1504.ca3aa6b2f13c2c1bc9c646f6abf33ed07 - Changing service from :0 to HOUMSEOSIFM007:8787
2018/09/23 07:21:04.924 INFO  92 A.cdc551499db0039f956e1d0666bfd1504.ca3aa6b2f13c2c1bc9c646f6abf33ed07 - Changing service from :0 to HOUMSEOSIFM007:8787
2018/09/23 07:21:34.735 INFO  124 A.cdc551499db0039f956e1d0666bfd1504.ca3aa6b2f13c2c1bc9c646f6abf33ed07 - Changing service from :0 to HOUMSEOSIFM007:8787
2018/09/23 07:22:04.777 INFO  72 A.cdc551499db0039f956e1d0666bfd1504.ca3aa6b2f13c2c1bc9c646f6abf33ed07 - Changing service from :0 to HOUMSEOSIFM007:8787
2018/09/23 07:22:34.765 INFO  95 A.cdc551499db0039f956e1d0666bfd1504.ca3aa6b2f13c2c1bc9c646f6abf33ed07 - Changing service from :0 to HOUMSEOSIFM007:8787
2018/09/23 07:23:04.748 INFO  90 A.cdc551499db0039f956e1d0666bfd1504.ca3aa6b2f13c2c1bc9c646f6abf33ed07 - Changing service from :0 to HOUMSEOSIFM007:8787
2018/09/23 07:23:35.612 INFO  12 A.cdc551499db0039f956e1d0666bfd1504.ca3aa6b2f13c2c1bc9c646f6abf33ed07 - Changing service from :0 to HOUMSEOSIFM007:8787
2018/09/23 07:24:04.801 INFO  12 A.cdc551499db0039f956e1d0666bfd1504.ca3aa6b2f13c2c1bc9c646f6abf33ed07 - Changing service from :0 to HOUMSEOSIFM007:8787
2018/09/23 07:24:34.801 INFO  104 A.cdc551499db0039f956e1d0666bfd1504.ca3aa6b2f13c2c1bc9c646f6abf33ed07 - Changing service from :0 to HOUMSEOSIFM007:8787
2018/09/23 07:25:04.884 INFO  82 A.cdc551499db0039f956e1d0666bfd1504.ca3aa6b2f13c2c1bc9c646f6abf33ed07 - Changing service from :0 to HOUMSEOSIFM007:8787
2018/09/23 07:25:34.794 INFO  120 A.cdc551499db0039f956e1d0666bfd1504.ca3aa6b2f13c2c1bc9c646f6abf33ed07 - Changing service from :0 to HOUMSEOSIFM007:8787
2018/09/23 07:26:05.690 INFO  120 A.cdc551499db0039f956e1d0666bfd1504.ca3aa6b2f13c2c1bc9c646f6abf33ed07 - Changing service from :0 to HOUMSEOSIFM007:8787
2018/09/23 07:26:40.558 INFO  106 A.cdc551499db0039f956e1d0666bfd1504.ca3aa6b2f13c2c1bc9c646f6abf33ed07 - Changing service from :0 to HOUMSEOSIFM007:8787
2018/09/23 07:27:04.808 INFO  122 A.cdc551499db0039f956e1d0666bfd1504.ca3aa6b2f13c2c1bc9c646f6abf33ed07 - Changing service from :0 to HOUMSEOSIFM007:8787
2018/09/23 07:27:34.785 INFO  125 A.cdc551499db0039f956e1d0666bfd1504.ca3aa6b2f13c2c1bc9c646f6abf33ed07 - Changing service from :0 to HOUMSEOSIFM007:8787
2018/09/23 07:28:04.820 INFO  83 A.cdc551499db0039f956e1d0666bfd1504.ca3aa6b2f13c2c1bc9c646f6abf33ed07 - Changing service from :0 to HOUMSEOSIFM007:8787
2018/09/23 07:28:34.774 INFO  60 A.cdc551499db0039f956e1d0666bfd1504.ca3aa6b2f13c2c1bc9c646f6abf33ed07 - Changing service from :0 to HOUMSEOSIFM007:8787
2018/09/23 07:29:04.819 INFO  109 A.cdc551499db0039f956e1d0666bfd1504.ca3aa6b2f13c2c1bc9c646f6abf33ed07 - Changing service from :0 to HOUMSEOSIFM007:8787
2018/09/23 07:29:34.791 INFO  3 A.cdc551499db0039f956e1d0666bfd1504.ca3aa6b2f13c2c1bc9c646f6abf33ed07 - Changing service from :0 to HOUMSEOSIFM007:8787
2018/09/23 07:30:04.795 INFO  131 A.cdc551499db0039f956e1d0666bfd1504.ca3aa6b2f13c2c1bc9c646f6abf33ed07 - Changing service from :0 to HOUMSEOSIFM007:8787
2018/09/23 07:30:34.794 INFO  89 A.cdc551499db0039f956e1d0666bfd1504.ca3aa6b2f13c2c1bc9c646f6abf33ed07 - Changing service from :0 to HOUMSEOSIFM007:8787
2018/09/23 07:31:04.842 INFO  94 A.cdc551499db0039f956e1d0666bfd1504.ca3aa6b2f13c2c1bc9c646f6abf33ed07 - Changing service from :0 to HOUMSEOSIFM007:8787
2018/09/23 07:31:34.818 INFO  146 A.cdc551499db0039f956e1d0666bfd1504.ca3aa6b2f13c2c1bc9c646f6abf33ed07 - Changing service from :0 to HOUMSEOSIFM007:8787
2018/09/23 07:32:04.824 INFO  68 A.cdc551499db0039f956e1d0666bfd1504.ca3aa6b2f13c2c1bc9c646f6abf33ed07 - Changing service from :0 to HOUMSEOSIFM007:8787
2018/09/23 07:32:34.800 INFO  107 A.cdc551499db0039f956e1d0666bfd1504.ca3aa6b2f13c2c1bc9c646f6abf33ed07 - Changing service from :0 to HOUMSEOSIFM007:8787
2018/09/23 07:33:04.813 INFO  107 A.cdc551499db0039f956e1d0666bfd1504.ca3aa6b2f13c2c1bc9c646f6abf33ed07 - Changing service from :0 to HOUMSEOSIFM007:8787
2018/09/23 07:33:34.824 INFO  145 A.cdc551499db0039f956e1d0666bfd1504.ca3aa6b2f13c2c1bc9c646f6abf33ed07 - Changing service from :0 to HOUMSEOSIFM007:8787
2018/09/23 07:34:05.741 INFO  145 A.cdc551499db0039f956e1d0666bfd1504.ca3aa6b2f13c2c1bc9c646f6abf33ed07 - Changing service from :0 to HOUMSEOSIFM007:8787
2018/09/23 07:34:35.585 INFO  96 A.cdc551499db0039f956e1d0666bfd1504.ca3aa6b2f13c2c1bc9c646f6abf33ed07 - Changing service from :0 to HOUMSEOSIFM007:8787
2018/09/23 07:35:05.565 INFO  131 A.cdc551499db0039f956e1d0666bfd1504.ca3aa6b2f13c2c1bc9c646f6abf33ed07 - Changing service from :0 to HOUMSEOSIFM007:8787
2018/09/23 07:35:35.584 INFO  56 A.cdc551499db0039f956e1d0666bfd1504.ca3aa6b2f13c2c1bc9c646f6abf33ed07 - Changing service from :0 to HOUMSEOSIFM007:8787
2018/09/23 07:36:05.569 INFO  140 A.cdc551499db0039f956e1d0666bfd1504.ca3aa6b2f13c2c1bc9c646f6abf33ed07 - Changing service from :0 to HOUMSEOSIFM007:8787
2018/09/23 07:36:38.557 INFO  65 A.cdc551499db0039f956e1d0666bfd1504.ca3aa6b2f13c2c1bc9c646f6abf33ed07 - Changing service from :0 to HOUMSEOSIFM007:8787
2018/09/23 07:37:05.580 INFO  89 A.cdc551499db0039f956e1d0666bfd1504.ca3aa6b2f13c2c1bc9c646f6abf33ed07 - Changing service from :0 to HOUMSEOSIFM007:8787
2018/09/23 07:37:35.590 INFO  97 A.cdc551499db0039f956e1d0666bfd1504.ca3aa6b2f13c2c1bc9c646f6abf33ed07 - Changing service from :0 to HOUMSEOSIFM007:8787
2018/09/23 07:38:05.603 INFO  76 A.cdc551499db0039f956e1d0666bfd1504.ca3aa6b2f13c2c1bc9c646f6abf33ed07 - Changing service from :0 to HOUMSEOSIFM007:8787
2018/09/23 07:38:35.593 INFO  61 A.cdc551499db0039f956e1d0666bfd1504.ca3aa6b2f13c2c1bc9c646f6abf33ed07 - Changing service from :0 to HOUMSEOSIFM007:8787
2018/09/23 07:39:05.965 INFO  59 A.cdc551499db0039f956e1d0666bfd1504.ca3aa6b2f13c2c1bc9c646f6abf33ed07 - Changing service from :0 to HOUMSEOSIFM007:8787
2018/09/23 07:39:35.620 INFO  139 A.cdc551499db0039f956e1d0666bfd1504.ca3aa6b2f13c2c1bc9c646f6abf33ed07 - Changing service from :0 to HOUMSEOSIFM007:8787
2018/09/23 07:40:05.646 INFO  130 A.cdc551499db0039f956e1d0666bfd1504.ca3aa6b2f13c2c1bc9c646f6abf33ed07 - Changing service from :0 to HOUMSEOSIFM007:8787
2018/09/23 07:40:35.657 INFO  117 A.cdc551499db0039f956e1d0666bfd1504.ca3aa6b2f13c2c1bc9c646f6abf33ed07 - Changing service from :0 to HOUMSEOSIFM007:8787
2018/09/23 07:41:05.617 INFO  128 A.cdc551499db0039f956e1d0666bfd1504.ca3aa6b2f13c2c1bc9c646f6abf33ed07 - Changing service from :0 to HOUMSEOSIFM007:8787
2018/09/23 07:41:40.514 INFO  92 A.cdc551499db0039f956e1d0666bfd1504.ca3aa6b2f13c2c1bc9c646f6abf33ed07 - Changing service from :0 to HOUMSEOSIFM007:8787
2018/09/23 07:42:05.625 INFO  76 A.cdc551499db0039f956e1d0666bfd1504.ca3aa6b2f13c2c1bc9c646f6abf33ed07 - Changing service from :0 to HOUMSEOSIFM007:8787
2018/09/23 07:42:35.637 INFO  67 A.cdc551499db0039f956e1d0666bfd1504.ca3aa6b2f13c2c1bc9c646f6abf33ed07 - Changing service from :0 to HOUMSEOSIFM007:8787
2018/09/23 07:43:05.624 INFO  114 A.cdc551499db0039f956e1d0666bfd1504.ca3aa6b2f13c2c1bc9c646f6abf33ed07 - Changing service from :0 to HOUMSEOSIFM007:8787
2018/09/23 07:43:35.636 INFO  66 A.cdc551499db0039f956e1d0666bfd1504.ca3aa6b2f13c2c1bc9c646f6abf33ed07 - Changing service from :0 to HOUMSEOSIFM007:8787
2018/09/23 07:44:05.627 INFO  61 A.cdc551499db0039f956e1d0666bfd1504.ca3aa6b2f13c2c1bc9c646f6abf33ed07 - Changing service from :0 to HOUMSEOSIFM007:8787
2018/09/23 07:44:35.650 INFO  125 A.cdc551499db0039f956e1d0666bfd1504.ca3aa6b2f13c2c1bc9c646f6abf33ed07 - Changing service from :0 to HOUMSEOSIFM007:8787
2018/09/23 07:45:05.648 INFO  114 A.cdc551499db0039f956e1d0666bfd1504.ca3aa6b2f13c2c1bc9c646f6abf33ed07 - Changing service from :0 to HOUMSEOSIFM007:8787
2018/09/23 07:45:35.648 INFO  121 A.cdc551499db0039f956e1d0666bfd1504.ca3aa6b2f13c2c1bc9c646f6abf33ed07 - Changing service from :0 to HOUMSEOSIFM007:8787
2018/09/23 07:46:04.614 INFO  115 A.ca9303324ae27c9d224e829df918b1ee8.c6ae4a85f8bc1eee64ee593e8582f1fd3 - Get a Copy for model file : APC Hourly Cummulative Production.vwk folder id : 7 model file id : 1597 recursive at '9/23/2018 12:46:03 PM' ==> Started.
2018/09/23 07:46:05.224 INFO  115 A.ca9303324ae27c9d224e829df918b1ee8.c6ae4a85f8bc1eee64ee593e8582f1fd3 - Get a Copy for model file : APC Hourly Cummulative Production.vwk folder id : 7 model file id : 1597 recursive at '9/23/2018 12:46:03 PM' ==> Completed. Took 00:00:00.609
2018/09/23 07:46:05.643 INFO  102 A.cdc551499db0039f956e1d0666bfd1504.ca3aa6b2f13c2c1bc9c646f6abf33ed07 - Changing service from :0 to HOUMSEOSIFM007:8787
2018/09/23 07:46:06.357 INFO  140 A.ca9303324ae27c9d224e829df918b1ee8.c6ae4a85f8bc1eee64ee593e8582f1fd3 - Get a Copy for model file : gor_selector.vwk folder id : 7 model file id : 2002 recursive at '9/23/2018 12:46:05 PM' ==> Started.
2018/09/23 07:46:07.046 INFO  140 A.ca9303324ae27c9d224e829df918b1ee8.c6ae4a85f8bc1eee64ee593e8582f1fd3 - Get a Copy for model file : gor_selector.vwk folder id : 7 model file id : 2002 recursive at '9/23/2018 12:46:05 PM' ==> Completed. Took 00:00:00.688
2018/09/23 07:46:35.628 INFO  111 A.cdc551499db0039f956e1d0666bfd1504.ca3aa6b2f13c2c1bc9c646f6abf33ed07 - Changing service from :0 to HOUMSEOSIFM007:8787
2018/09/23 07:47:05.659 INFO  141 A.cdc551499db0039f956e1d0666bfd1504.ca3aa6b2f13c2c1bc9c646f6abf33ed07 - Changing service from :0 to HOUMSEOSIFM007:8787
2018/09/23 07:47:35.644 INFO  125 A.cdc551499db0039f956e1d0666bfd1504.ca3aa6b2f13c2c1bc9c646f6abf33ed07 - Changing service from :0 to HOUMSEOSIFM007:8787
2018/09/23 07:48:06.274 INFO  61 A.cdc551499db0039f956e1d0666bfd1504.ca3aa6b2f13c2c1bc9c646f6abf33ed07 - Changing service from :0 to HOUMSEOSIFM007:8787
2018/09/23 07:48:36.296 INFO  128 A.cdc551499db0039f956e1d0666bfd1504.ca3aa6b2f13c2c1bc9c646f6abf33ed07 - Changing service from :0 to HOUMSEOSIFM007:8787
2018/09/23 07:49:06.275 INFO  84 A.cdc551499db0039f956e1d0666bfd1504.ca3aa6b2f13c2c1bc9c646f6abf33ed07 - Changing service from :0 to HOUMSEOSIFM007:8787
2018/09/23 07:49:36.744 INFO  143 A.cdc551499db0039f956e1d0666bfd1504.ca3aa6b2f13c2c1bc9c646f6abf33ed07 - Changing service from :0 to HOUMSEOSIFM007:8787
2018/09/23 07:50:06.756 INFO  106 A.cdc551499db0039f956e1d0666bfd1504.ca3aa6b2f13c2c1bc9c646f6abf33ed07 - Changing service from :0 to HOUMSEOSIFM007:8787
2018/09/23 07:50:36.757 INFO  65 A.cdc551499db0039f956e1d0666bfd1504.ca3aa6b2f13c2c1bc9c646f6abf33ed07 - Changing service from :0 to HOUMSEOSIFM007:8787
2018/09/23 07:51:07.095 INFO  87 A.cdc551499db0039f956e1d0666bfd1504.ca3aa6b2f13c2c1bc9c646f6abf33ed07 - Changing service from :0 to HOUMSEOSIFM007:8787
2018/09/23 07:51:37.888 INFO  130 A.cdc551499db0039f956e1d0666bfd1504.ca3aa6b2f13c2c1bc9c646f6abf33ed07 - Changing service from :0 to HOUMSEOSIFM007:8787
2018/09/23 07:52:07.905 INFO  145 A.cdc551499db0039f956e1d0666bfd1504.ca3aa6b2f13c2c1bc9c646f6abf33ed07 - Changing service from :0 to HOUMSEOSIFM007:8787
2018/09/23 07:52:37.901 INFO  112 A.cdc551499db0039f956e1d0666bfd1504.ca3aa6b2f13c2c1bc9c646f6abf33ed07 - Changing service from :0 to HOUMSEOSIFM007:8787
2018/09/23 07:53:07.866 INFO  70 A.cdc551499db0039f956e1d0666bfd1504.ca3aa6b2f13c2c1bc9c646f6abf33ed07 - Changing service from :0 to HOUMSEOSIFM007:8787
2018/09/23 07:53:38.065 INFO  63 A.cdc551499db0039f956e1d0666bfd1504.ca3aa6b2f13c2c1bc9c646f6abf33ed07 - Changing service from :0 to HOUMSEOSIFM007:8787
2018/09/23 07:54:44.926 INFO  62 A.cdc551499db0039f956e1d0666bfd1504.ca3aa6b2f13c2c1bc9c646f6abf33ed07 - Changing service from :0 to HOUMSEOSIFM007:8787
2018/09/23 07:55:38.047 INFO  88 A.cdc551499db0039f956e1d0666bfd1504.ca3aa6b2f13c2c1bc9c646f6abf33ed07 - Changing service from :0 to HOUMSEOSIFM007:8787
2018/09/23 07:56:07.961 INFO  139 A.cdc551499db0039f956e1d0666bfd1504.ca3aa6b2f13c2c1bc9c646f6abf33ed07 - Changing service from :0 to HOUMSEOSIFM007:8787
2018/09/23 07:56:38.069 INFO  133 A.cdc551499db0039f956e1d0666bfd1504.ca3aa6b2f13c2c1bc9c646f6abf33ed07 - Changing service from :0 to HOUMSEOSIFM007:8787
2018/09/23 07:57:10.815 INFO  74 A.cdc551499db0039f956e1d0666bfd1504.ca3aa6b2f13c2c1bc9c646f6abf33ed07 - Changing service from :0 to HOUMSEOSIFM007:8787
2018/09/23 07:57:39.844 INFO  142 A.cdc551499db0039f956e1d0666bfd1504.ca3aa6b2f13c2c1bc9c646f6abf33ed07 - Changing service from :0 to HOUMSEOSIFM007:8787
2018/09/23 07:58:09.843 INFO  77 A.cdc551499db0039f956e1d0666bfd1504.ca3aa6b2f13c2c1bc9c646f6abf33ed07 - Changing service from :0 to HOUMSEOSIFM007:8787
2018/09/23 07:58:39.841 INFO  117 A.cdc551499db0039f956e1d0666bfd1504.ca3aa6b2f13c2c1bc9c646f6abf33ed07 - Changing service from :0 to HOUMSEOSIFM007:8787
2018/09/23 07:59:09.845 INFO  110 A.cdc551499db0039f956e1d0666bfd1504.ca3aa6b2f13c2c1bc9c646f6abf33ed07 - Changing service from :0 to HOUMSEOSIFM007:8787
2018/09/23 07:59:39.815 INFO  121 A.cdc551499db0039f956e1d0666bfd1504.ca3aa6b2f13c2c1bc9c646f6abf33ed07 - Changing service from :0 to HOUMSEOSIFM007:8787
2018/09/23 08:00:09.842 INFO  82 A.cdc551499db0039f956e1d0666bfd1504.ca3aa6b2f13c2c1bc9c646f6abf33ed07 - Changing service from :0 to HOUMSEOSIFM007:8787
2018/09/23 08:00:39.818 INFO  89 A.cdc551499db0039f956e1d0666bfd1504.ca3aa6b2f13c2c1bc9c646f6abf33ed07 - Changing service from :0 to HOUMSEOSIFM007:8787
2018/09/23 08:01:09.834 INFO  3 A.cdc551499db0039f956e1d0666bfd1504.ca3aa6b2f13c2c1bc9c646f6abf33ed07 - Changing service from :0 to HOUMSEOSIFM007:8787
2018/09/23 08:01:39.839 INFO  61 A.cdc551499db0039f956e1d0666bfd1504.ca3aa6b2f13c2c1bc9c646f6abf33ed07 - Changing service from :0 to HOUMSEOSIFM007:8787
2018/09/23 08:02:09.863 INFO  69 A.cdc551499db0039f956e1d0666bfd1504.ca3aa6b2f13c2c1bc9c646f6abf33ed07 - Changing service from :0 to HOUMSEOSIFM007:8787
2018/09/23 08:02:39.894 INFO  76 A.cdc551499db0039f956e1d0666bfd1504.ca3aa6b2f13c2c1bc9c646f6abf33ed07 - Changing service from :0 to HOUMSEOSIFM007:8787
2018/09/23 08:03:12.067 INFO  129 A.cdc551499db0039f956e1d0666bfd1504.ca3aa6b2f13c2c1bc9c646f6abf33ed07 - Changing service from :0 to HOUMSEOSIFM007:8787
2018/09/23 08:03:39.875 INFO  58 A.cdc551499db0039f956e1d0666bfd1504.ca3aa6b2f13c2c1bc9c646f6abf33ed07 - Changing service from :0 to HOUMSEOSIFM007:8787
2018/09/23 08:04:12.203 INFO  130 A.cdc551499db0039f956e1d0666bfd1504.ca3aa6b2f13c2c1bc9c646f6abf33ed07 - Changing service from :0 to HOUMSEOSIFM007:8787
2018/09/23 08:04:39.874 INFO  117 A.cdc551499db0039f956e1d0666bfd1504.ca3aa6b2f13c2c1bc9c646f6abf33ed07 - Changing service from :0 to HOUMSEOSIFM007:8787
2018/09/23 08:05:09.870 INFO  87 A.cdc551499db0039f956e1d0666bfd1504.ca3aa6b2f13c2c1bc9c646f6abf33ed07 - Changing service from :0 to HOUMSEOSIFM007:8787
2018/09/23 08:05:39.859 INFO  70 A.cdc551499db0039f956e1d0666bfd1504.ca3aa6b2f13c2c1bc9c646f6abf33ed07 - Changing service from :0 to HOUMSEOSIFM007:8787
2018/09/23 08:06:09.865 INFO  55 A.cdc551499db0039f956e1d0666bfd1504.ca3aa6b2f13c2c1bc9c646f6abf33ed07 - Changing service from :0 to HOUMSEOSIFM007:8787
2018/09/23 08:06:41.146 INFO  108 A.cdc551499db0039f956e1d0666bfd1504.ca3aa6b2f13c2c1bc9c646f6abf33ed07 - Changing service from :0 to HOUMSEOSIFM007:8787
2018/09/23 08:07:09.889 INFO  112 A.cdc551499db0039f956e1d0666bfd1504.ca3aa6b2f13c2c1bc9c646f6abf33ed07 - Changing service from :0 to HOUMSEOSIFM007:8787
2018/09/23 08:07:39.843 INFO  54 A.cdc551499db0039f956e1d0666bfd1504.ca3aa6b2f13c2c1bc9c646f6abf33ed07 - Changing service from :0 to HOUMSEOSIFM007:8787
2018/09/23 08:08:09.879 INFO  76 A.cdc551499db0039f956e1d0666bfd1504.ca3aa6b2f13c2c1bc9c646f6abf33ed07 - Changing service from :0 to HOUMSEOSIFM007:8787
2018/09/23 08:08:39.880 INFO  69 A.cdc551499db0039f956e1d0666bfd1504.ca3aa6b2f13c2c1bc9c646f6abf33ed07 - Changing service from :0 to HOUMSEOSIFM007:8787
2018/09/23 08:09:09.862 INFO  137 A.cdc551499db0039f956e1d0666bfd1504.ca3aa6b2f13c2c1bc9c646f6abf33ed07 - Changing service from :0 to HOUMSEOSIFM007:8787
2018/09/23 08:09:39.898 INFO  87 A.cdc551499db0039f956e1d0666bfd1504.ca3aa6b2f13c2c1bc9c646f6abf33ed07 - Changing service from :0 to HOUMSEOSIFM007:8787
2018/09/23 08:10:09.908 INFO  8 A.cdc551499db0039f956e1d0666bfd1504.ca3aa6b2f13c2c1bc9c646f6abf33ed07 - Changing service from :0 to HOUMSEOSIFM007:8787
2018/09/23 08:10:39.882 INFO  112 A.cdc551499db0039f956e1d0666bfd1504.ca3aa6b2f13c2c1bc9c646f6abf33ed07 - Changing service from :0 to HOUMSEOSIFM007:8787
2018/09/23 08:11:09.902 INFO  8 A.cdc551499db0039f956e1d0666bfd1504.ca3aa6b2f13c2c1bc9c646f6abf33ed07 - Changing service from :0 to HOUMSEOSIFM007:8787
2018/09/23 08:11:39.877 INFO  62 A.cdc551499db0039f956e1d0666bfd1504.ca3aa6b2f13c2c1bc9c646f6abf33ed07 - Changing service from :0 to HOUMSEOSIFM007:8787
2018/09/23 08:12:09.873 INFO  108 A.cdc551499db0039f956e1d0666bfd1504.ca3aa6b2f13c2c1bc9c646f6abf33ed07 - Changing service from :0 to HOUMSEOSIFM007:8787
2018/09/23 08:12:39.905 INFO  109 A.cdc551499db0039f956e1d0666bfd1504.ca3aa6b2f13c2c1bc9c646f6abf33ed07 - Changing service from :0 to HOUMSEOSIFM007:8787
2018/09/23 08:13:09.890 INFO  57 A.cdc551499db0039f956e1d0666bfd1504.ca3aa6b2f13c2c1bc9c646f6abf33ed07 - Changing service from :0 to HOUMSEOSIFM007:8787
2018/09/23 08:13:39.900 INFO  75 A.cdc551499db0039f956e1d0666bfd1504.ca3aa6b2f13c2c1bc9c646f6abf33ed07 - Changing service from :0 to HOUMSEOSIFM007:8787
2018/09/23 08:14:09.895 INFO  95 A.cdc551499db0039f956e1d0666bfd1504.ca3aa6b2f13c2c1bc9c646f6abf33ed07 - Changing service from :0 to HOUMSEOSIFM007:8787
2018/09/23 08:14:39.895 INFO  114 A.cdc551499db0039f956e1d0666bfd1504.ca3aa6b2f13c2c1bc9c646f6abf33ed07 - Changing service from :0 to HOUMSEOSIFM007:8787
2018/09/23 08:15:09.890 INFO  66 A.cdc551499db0039f956e1d0666bfd1504.ca3aa6b2f13c2c1bc9c646f6abf33ed07 - Changing service from :0 to HOUMSEOSIFM007:8787
2018/09/23 08:15:39.889 INFO  7 A.cdc551499db0039f956e1d0666bfd1504.ca3aa6b2f13c2c1bc9c646f6abf33ed07 - Changing service from :0 to HOUMSEOSIFM007:8787
2018/09/23 08:16:09.891 INFO  68 A.cdc551499db0039f956e1d0666bfd1504.ca3aa6b2f13c2c1bc9c646f6abf33ed07 - Changing service from :0 to HOUMSEOSIFM007:8787
2018/09/23 08:16:41.121 INFO  114 A.cdc551499db0039f956e1d0666bfd1504.ca3aa6b2f13c2c1bc9c646f6abf33ed07 - Changing service from :0 to HOUMSEOSIFM007:8787
2018/09/23 08:17:10.513 INFO  66 A.cdc551499db0039f956e1d0666bfd1504.ca3aa6b2f13c2c1bc9c646f6abf33ed07 - Changing service from :0 to HOUMSEOSIFM007:8787
2018/09/23 08:17:40.596 INFO  62 A.cdc551499db0039f956e1d0666bfd1504.ca3aa6b2f13c2c1bc9c646f6abf33ed07 - Changing service from :0 to HOUMSEOSIFM007:8787
2018/09/23 08:18:10.595 INFO  137 A.cdc551499db0039f956e1d0666bfd1504.ca3aa6b2f13c2c1bc9c646f6abf33ed07 - Changing service from :0 to HOUMSEOSIFM007:8787
2018/09/23 08:18:40.562 INFO  137 A.cdc551499db0039f956e1d0666bfd1504.ca3aa6b2f13c2c1bc9c646f6abf33ed07 - Changing service from :0 to HOUMSEOSIFM007:8787
2018/09/23 08:19:10.576 INFO  140 A.cdc551499db0039f956e1d0666bfd1504.ca3aa6b2f13c2c1bc9c646f6abf33ed07 - Changing service from :0 to HOUMSEOSIFM007:8787
2018/09/23 08:19:40.587 INFO  138 A.cdc551499db0039f956e1d0666bfd1504.ca3aa6b2f13c2c1bc9c646f6abf33ed07 - Changing service from :0 to HOUMSEOSIFM007:8787
2018/09/23 08:20:10.588 INFO  98 A.cdc551499db0039f956e1d0666bfd1504.ca3aa6b2f13c2c1bc9c646f6abf33ed07 - Changing service from :0 to HOUMSEOSIFM007:8787
2018/09/23 08:20:40.581 INFO  67 A.cdc551499db0039f956e1d0666bfd1504.ca3aa6b2f13c2c1bc9c646f6abf33ed07 - Changing service from :0 to HOUMSEOSIFM007:8787
2018/09/23 08:21:10.604 INFO  61 A.cdc551499db0039f956e1d0666bfd1504.ca3aa6b2f13c2c1bc9c646f6abf33ed07 - Changing service from :0 to HOUMSEOSIFM007:8787
2018/09/23 08:21:40.570 INFO  109 A.cdc551499db0039f956e1d0666bfd1504.ca3aa6b2f13c2c1bc9c646f6abf33ed07 - Changing service from :0 to HOUMSEOSIFM007:8787
2018/09/23 08:22:10.575 INFO  117 A.cdc551499db0039f956e1d0666bfd1504.ca3aa6b2f13c2c1bc9c646f6abf33ed07 - Changing service from :0 to HOUMSEOSIFM007:8787
2018/09/23 08:22:40.601 INFO  140 A.cdc551499db0039f956e1d0666bfd1504.ca3aa6b2f13c2c1bc9c646f6abf33ed07 - Changing service from :0 to HOUMSEOSIFM007:8787
2018/09/23 08:23:10.601 INFO  83 A.cdc551499db0039f956e1d0666bfd1504.ca3aa6b2f13c2c1bc9c646f6abf33ed07 - Changing service from :0 to HOUMSEOSIFM007:8787
2018/09/23 08:23:40.604 INFO  67 A.cdc551499db0039f956e1d0666bfd1504.ca3aa6b2f13c2c1bc9c646f6abf33ed07 - Changing service from :0 to HOUMSEOSIFM007:8787
2018/09/23 08:24:10.595 INFO  56 A.cdc551499db0039f956e1d0666bfd1504.ca3aa6b2f13c2c1bc9c646f6abf33ed07 - Changing service from :0 to HOUMSEOSIFM007:8787
2018/09/23 08:24:40.811 INFO  79 A.cdc551499db0039f956e1d0666bfd1504.ca3aa6b2f13c2c1bc9c646f6abf33ed07 - Changing service from :0 to HOUMSEOSIFM007:8787
2018/09/23 08:25:10.604 INFO  79 A.cdc551499db0039f956e1d0666bfd1504.ca3aa6b2f13c2c1bc9c646f6abf33ed07 - Changing service from :0 to HOUMSEOSIFM007:8787
2018/09/23 08:25:40.627 INFO  122 A.cdc551499db0039f956e1d0666bfd1504.ca3aa6b2f13c2c1bc9c646f6abf33ed07 - Changing service from :0 to HOUMSEOSIFM007:8787
2018/09/23 08:26:10.590 INFO  114 A.cdc551499db0039f956e1d0666bfd1504.ca3aa6b2f13c2c1bc9c646f6abf33ed07 - Changing service from :0 to HOUMSEOSIFM007:8787
2018/09/23 08:26:40.619 INFO  86 A.cdc551499db0039f956e1d0666bfd1504.ca3aa6b2f13c2c1bc9c646f6abf33ed07 - Changing service from :0 to HOUMSEOSIFM007:8787
2018/09/23 08:27:10.624 INFO  120 A.cdc551499db0039f956e1d0666bfd1504.ca3aa6b2f13c2c1bc9c646f6abf33ed07 - Changing service from :0 to HOUMSEOSIFM007:8787
2018/09/23 08:27:40.622 INFO  69 A.cdc551499db0039f956e1d0666bfd1504.ca3aa6b2f13c2c1bc9c646f6abf33ed07 - Changing service from :0 to HOUMSEOSIFM007:8787
2018/09/23 08:28:10.638 INFO  95 A.cdc551499db0039f956e1d0666bfd1504.ca3aa6b2f13c2c1bc9c646f6abf33ed07 - Changing service from :0 to HOUMSEOSIFM007:8787
2018/09/23 08:28:40.619 INFO  144 A.cdc551499db0039f956e1d0666bfd1504.ca3aa6b2f13c2c1bc9c646f6abf33ed07 - Changing service from :0 to HOUMSEOSIFM007:8787
2018/09/23 08:29:10.626 INFO  79 A.cdc551499db0039f956e1d0666bfd1504.ca3aa6b2f13c2c1bc9c646f6abf33ed07 - Changing service from :0 to HOUMSEOSIFM007:8787
2018/09/23 08:29:40.593 INFO  95 A.cdc551499db0039f956e1d0666bfd1504.ca3aa6b2f13c2c1bc9c646f6abf33ed07 - Changing service from :0 to HOUMSEOSIFM007:8787
2018/09/23 08:30:11.290 INFO  87 A.cdc551499db0039f956e1d0666bfd1504.ca3aa6b2f13c2c1bc9c646f6abf33ed07 - Changing service from :0 to HOUMSEOSIFM007:8787
2018/09/23 08:30:41.255 INFO  87 A.cdc551499db0039f956e1d0666bfd1504.ca3aa6b2f13c2c1bc9c646f6abf33ed07 - Changing service from :0 to HOUMSEOSIFM007:8787
2018/09/23 08:30:56.159 INFO  66 A.ca9303324ae27c9d224e829df918b1ee8.c6ae4a85f8bc1eee64ee593e8582f1fd3 - Get a Copy for model file : pvtt_gor_selector.vwk folder id : 7 model file id : 2304 recursive at '9/23/2018 1:30:54 PM' ==> Started.
2018/09/23 08:30:56.791 INFO  66 A.ca9303324ae27c9d224e829df918b1ee8.c6ae4a85f8bc1eee64ee593e8582f1fd3 - Get a Copy for model file : pvtt_gor_selector.vwk folder id : 7 model file id : 2304 recursive at '9/23/2018 1:30:54 PM' ==> Completed. Took 00:00:00.632
2018/09/23 08:31:02.299 INFO  121 A.ca9303324ae27c9d224e829df918b1ee8.c6ae4a85f8bc1eee64ee593e8582f1fd3 - Get a Copy for model file : APC Cum Volume Calculator V3.vwk folder id : 7 model file id : 1587 recursive at '9/23/2018 1:31:01 PM' ==> Started.
2018/09/23 08:31:02.893 INFO  121 A.ca9303324ae27c9d224e829df918b1ee8.c6ae4a85f8bc1eee64ee593e8582f1fd3 - Get a Copy for model file : APC Cum Volume Calculator V3.vwk folder id : 7 model file id : 1587 recursive at '9/23/2018 1:31:01 PM' ==> Completed. Took 00:00:00.593
2018/09/23 08:31:11.254 INFO  142 A.cdc551499db0039f956e1d0666bfd1504.ca3aa6b2f13c2c1bc9c646f6abf33ed07 - Changing service from :0 to HOUMSEOSIFM007:8787
2018/09/23 08:31:41.270 INFO  57 A.cdc551499db0039f956e1d0666bfd1504.ca3aa6b2f13c2c1bc9c646f6abf33ed07 - Changing service from :0 to HOUMSEOSIFM007:8787
2018/09/23 08:32:11.285 INFO  72 A.cdc551499db0039f956e1d0666bfd1504.ca3aa6b2f13c2c1bc9c646f6abf33ed07 - Changing service from :0 to HOUMSEOSIFM007:8787
2018/09/23 08:32:41.277 INFO  82 A.cdc551499db0039f956e1d0666bfd1504.ca3aa6b2f13c2c1bc9c646f6abf33ed07 - Changing service from :0 to HOUMSEOSIFM007:8787
2018/09/23 08:33:11.659 INFO  124 A.cdc551499db0039f956e1d0666bfd1504.ca3aa6b2f13c2c1bc9c646f6abf33ed07 - Changing service from :0 to HOUMSEOSIFM007:8787
2018/09/23 08:33:41.668 INFO  137 A.cdc551499db0039f956e1d0666bfd1504.ca3aa6b2f13c2c1bc9c646f6abf33ed07 - Changing service from :0 to HOUMSEOSIFM007:8787
2018/09/23 08:34:14.930 INFO  87 A.cdc551499db0039f956e1d0666bfd1504.ca3aa6b2f13c2c1bc9c646f6abf33ed07 - Changing service from :0 to HOUMSEOSIFM007:8787
2018/09/23 08:34:41.696 INFO  141 A.cdc551499db0039f956e1d0666bfd1504.ca3aa6b2f13c2c1bc9c646f6abf33ed07 - Changing service from :0 to HOUMSEOSIFM007:8787
2018/09/23 08:35:11.685 INFO  139 A.cdc551499db0039f956e1d0666bfd1504.ca3aa6b2f13c2c1bc9c646f6abf33ed07 - Changing service from :0 to HOUMSEOSIFM007:8787
2018/09/23 08:35:41.683 INFO  129 A.cdc551499db0039f956e1d0666bfd1504.ca3aa6b2f13c2c1bc9c646f6abf33ed07 - Changing service from :0 to HOUMSEOSIFM007:8787
2018/09/23 08:36:11.670 INFO  103 A.cdc551499db0039f956e1d0666bfd1504.ca3aa6b2f13c2c1bc9c646f6abf33ed07 - Changing service from :0 to HOUMSEOSIFM007:8787
2018/09/23 08:36:41.708 INFO  142 A.cdc551499db0039f956e1d0666bfd1504.ca3aa6b2f13c2c1bc9c646f6abf33ed07 - Changing service from :0 to HOUMSEOSIFM007:8787
2018/09/23 08:37:11.674 INFO  59 A.cdc551499db0039f956e1d0666bfd1504.ca3aa6b2f13c2c1bc9c646f6abf33ed07 - Changing service from :0 to HOUMSEOSIFM007:8787
2018/09/23 08:37:42.403 INFO  8 A.cdc551499db0039f956e1d0666bfd1504.ca3aa6b2f13c2c1bc9c646f6abf33ed07 - Changing service from :0 to HOUMSEOSIFM007:8787
2018/09/23 08:38:12.436 INFO  84 A.cdc551499db0039f956e1d0666bfd1504.ca3aa6b2f13c2c1bc9c646f6abf33ed07 - Changing service from :0 to HOUMSEOSIFM007:8787
2018/09/23 08:38:42.513 INFO  83 A.cdc551499db0039f956e1d0666bfd1504.ca3aa6b2f13c2c1bc9c646f6abf33ed07 - Changing service from :0 to HOUMSEOSIFM007:8787
2018/09/23 08:39:12.425 INFO  112 A.cdc551499db0039f956e1d0666bfd1504.ca3aa6b2f13c2c1bc9c646f6abf33ed07 - Changing service from :0 to HOUMSEOSIFM007:8787
2018/09/23 08:39:42.458 INFO  95 A.cdc551499db0039f956e1d0666bfd1504.ca3aa6b2f13c2c1bc9c646f6abf33ed07 - Changing service from :0 to HOUMSEOSIFM007:8787
2018/09/23 08:40:15.048 INFO  85 A.cdc551499db0039f956e1d0666bfd1504.ca3aa6b2f13c2c1bc9c646f6abf33ed07 - Changing service from :0 to HOUMSEOSIFM007:8787
2018/09/23 08:40:43.394 INFO  3 A.cdc551499db0039f956e1d0666bfd1504.ca3aa6b2f13c2c1bc9c646f6abf33ed07 - Changing service from :0 to HOUMSEOSIFM007:8787
2018/09/23 08:41:12.580 INFO  107 A.cdc551499db0039f956e1d0666bfd1504.ca3aa6b2f13c2c1bc9c646f6abf33ed07 - Changing service from :0 to HOUMSEOSIFM007:8787
2018/09/23 08:41:42.536 INFO  56 A.cdc551499db0039f956e1d0666bfd1504.ca3aa6b2f13c2c1bc9c646f6abf33ed07 - Changing service from :0 to HOUMSEOSIFM007:8787
2018/09/23 08:42:12.560 INFO  88 A.cdc551499db0039f956e1d0666bfd1504.ca3aa6b2f13c2c1bc9c646f6abf33ed07 - Changing service from :0 to HOUMSEOSIFM007:8787
2018/09/23 08:42:42.569 INFO  133 A.cdc551499db0039f956e1d0666bfd1504.ca3aa6b2f13c2c1bc9c646f6abf33ed07 - Changing service from :0 to HOUMSEOSIFM007:8787
2018/09/23 08:43:12.584 INFO  118 A.cdc551499db0039f956e1d0666bfd1504.ca3aa6b2f13c2c1bc9c646f6abf33ed07 - Changing service from :0 to HOUMSEOSIFM007:8787
2018/09/23 08:43:42.576 INFO  54 A.cdc551499db0039f956e1d0666bfd1504.ca3aa6b2f13c2c1bc9c646f6abf33ed07 - Changing service from :0 to HOUMSEOSIFM007:8787
2018/09/23 08:44:12.562 INFO  105 A.cdc551499db0039f956e1d0666bfd1504.ca3aa6b2f13c2c1bc9c646f6abf33ed07 - Changing service from :0 to HOUMSEOSIFM007:8787
2018/09/23 08:44:42.563 INFO  112 A.cdc551499db0039f956e1d0666bfd1504.ca3aa6b2f13c2c1bc9c646f6abf33ed07 - Changing service from :0 to HOUMSEOSIFM007:8787
2018/09/23 08:45:12.587 INFO  8 A.cdc551499db0039f956e1d0666bfd1504.ca3aa6b2f13c2c1bc9c646f6abf33ed07 - Changing service from :0 to HOUMSEOSIFM007:8787
2018/09/23 08:45:42.583 INFO  58 A.cdc551499db0039f956e1d0666bfd1504.ca3aa6b2f13c2c1bc9c646f6abf33ed07 - Changing service from :0 to HOUMSEOSIFM007:8787
2018/09/23 08:46:12.575 INFO  144 A.cdc551499db0039f956e1d0666bfd1504.ca3aa6b2f13c2c1bc9c646f6abf33ed07 - Changing service from :0 to HOUMSEOSIFM007:8787
2018/09/23 08:46:42.600 INFO  70 A.cdc551499db0039f956e1d0666bfd1504.ca3aa6b2f13c2c1bc9c646f6abf33ed07 - Changing service from :0 to HOUMSEOSIFM007:8787
2018/09/23 08:47:12.677 INFO  123 A.cdc551499db0039f956e1d0666bfd1504.ca3aa6b2f13c2c1bc9c646f6abf33ed07 - Changing service from :0 to HOUMSEOSIFM007:8787
2018/09/23 08:47:42.925 INFO  130 A.cdc551499db0039f956e1d0666bfd1504.ca3aa6b2f13c2c1bc9c646f6abf33ed07 - Changing service from :0 to HOUMSEOSIFM007:8787
2018/09/23 08:48:13.297 INFO  124 A.cdc551499db0039f956e1d0666bfd1504.ca3aa6b2f13c2c1bc9c646f6abf33ed07 - Changing service from :0 to HOUMSEOSIFM007:8787
2018/09/23 08:48:43.257 INFO  74 A.cdc551499db0039f956e1d0666bfd1504.ca3aa6b2f13c2c1bc9c646f6abf33ed07 - Changing service from :0 to HOUMSEOSIFM007:8787
2018/09/23 08:49:13.259 INFO  63 A.cdc551499db0039f956e1d0666bfd1504.ca3aa6b2f13c2c1bc9c646f6abf33ed07 - Changing service from :0 to HOUMSEOSIFM007:8787
2018/09/23 08:49:44.040 INFO  86 A.cdc551499db0039f956e1d0666bfd1504.ca3aa6b2f13c2c1bc9c646f6abf33ed07 - Changing service from :0 to HOUMSEOSIFM007:8787
2018/09/23 08:50:14.068 INFO  58 A.cdc551499db0039f956e1d0666bfd1504.ca3aa6b2f13c2c1bc9c646f6abf33ed07 - Changing service from :0 to HOUMSEOSIFM007:8787
2018/09/23 08:50:44.106 INFO  111 A.cdc551499db0039f956e1d0666bfd1504.ca3aa6b2f13c2c1bc9c646f6abf33ed07 - Changing service from :0 to HOUMSEOSIFM007:8787
2018/09/23 08:51:14.086 INFO  137 A.cdc551499db0039f956e1d0666bfd1504.ca3aa6b2f13c2c1bc9c646f6abf33ed07 - Changing service from :0 to HOUMSEOSIFM007:8787
2018/09/23 08:51:45.452 INFO  120 A.cdc551499db0039f956e1d0666bfd1504.ca3aa6b2f13c2c1bc9c646f6abf33ed07 - Changing service from :0 to HOUMSEOSIFM007:8787
2018/09/23 08:52:15.495 INFO  117 A.cdc551499db0039f956e1d0666bfd1504.ca3aa6b2f13c2c1bc9c646f6abf33ed07 - Changing service from :0 to HOUMSEOSIFM007:8787
2018/09/23 08:52:45.450 INFO  107 A.cdc551499db0039f956e1d0666bfd1504.ca3aa6b2f13c2c1bc9c646f6abf33ed07 - Changing service from :0 to HOUMSEOSIFM007:8787
2018/09/23 08:53:15.454 INFO  102 A.cdc551499db0039f956e1d0666bfd1504.ca3aa6b2f13c2c1bc9c646f6abf33ed07 - Changing service from :0 to HOUMSEOSIFM007:8787
2018/09/23 08:53:45.470 INFO  117 A.cdc551499db0039f956e1d0666bfd1504.ca3aa6b2f13c2c1bc9c646f6abf33ed07 - Changing service from :0 to HOUMSEOSIFM007:8787
2018/09/23 08:54:15.471 INFO  142 A.cdc551499db0039f956e1d0666bfd1504.ca3aa6b2f13c2c1bc9c646f6abf33ed07 - Changing service from :0 to HOUMSEOSIFM007:8787
2018/09/23 08:54:45.468 INFO  68 A.cdc551499db0039f956e1d0666bfd1504.ca3aa6b2f13c2c1bc9c646f6abf33ed07 - Changing service from :0 to HOUMSEOSIFM007:8787
2018/09/23 08:55:15.483 INFO  140 A.cdc551499db0039f956e1d0666bfd1504.ca3aa6b2f13c2c1bc9c646f6abf33ed07 - Changing service from :0 to HOUMSEOSIFM007:8787
2018/09/23 08:55:45.497 INFO  124 A.cdc551499db0039f956e1d0666bfd1504.ca3aa6b2f13c2c1bc9c646f6abf33ed07 - Changing service from :0 to HOUMSEOSIFM007:8787
2018/09/23 08:56:15.466 INFO  122 A.cdc551499db0039f956e1d0666bfd1504.ca3aa6b2f13c2c1bc9c646f6abf33ed07 - Changing service from :0 to HOUMSEOSIFM007:8787
2018/09/23 08:56:45.488 INFO  83 A.cdc551499db0039f956e1d0666bfd1504.ca3aa6b2f13c2c1bc9c646f6abf33ed07 - Changing service from :0 to HOUMSEOSIFM007:8787
2018/09/23 08:57:15.469 INFO  75 A.cdc551499db0039f956e1d0666bfd1504.ca3aa6b2f13c2c1bc9c646f6abf33ed07 - Changing service from :0 to HOUMSEOSIFM007:8787
2018/09/23 08:57:45.457 INFO  114 A.cdc551499db0039f956e1d0666bfd1504.ca3aa6b2f13c2c1bc9c646f6abf33ed07 - Changing service from :0 to HOUMSEOSIFM007:8787
2018/09/23 08:58:17.276 INFO  115 A.cdc551499db0039f956e1d0666bfd1504.ca3aa6b2f13c2c1bc9c646f6abf33ed07 - Changing service from :0 to HOUMSEOSIFM007:8787
2018/09/23 08:58:47.252 INFO  87 A.cdc551499db0039f956e1d0666bfd1504.ca3aa6b2f13c2c1bc9c646f6abf33ed07 - Changing service from :0 to HOUMSEOSIFM007:8787
2018/09/23 08:59:17.279 INFO  84 A.cdc551499db0039f956e1d0666bfd1504.ca3aa6b2f13c2c1bc9c646f6abf33ed07 - Changing service from :0 to HOUMSEOSIFM007:8787
2018/09/23 08:59:47.257 INFO  110 A.cdc551499db0039f956e1d0666bfd1504.ca3aa6b2f13c2c1bc9c646f6abf33ed07 - Changing service from :0 to HOUMSEOSIFM007:8787
2018/09/23 09:00:18.980 INFO  85 A.cdc551499db0039f956e1d0666bfd1504.ca3aa6b2f13c2c1bc9c646f6abf33ed07 - Changing service from :0 to HOUMSEOSIFM007:8787
2018/09/23 09:00:26.159 INFO  7 A.ca9303324ae27c9d224e829df918b1ee8.c6ae4a85f8bc1eee64ee593e8582f1fd3 - Get a Copy for model file : APC_Detect_Filter_Errors.vwk folder id : 7 model file id : 1613 recursive at '9/23/2018 2:00:25 PM' ==> Started.
2018/09/23 09:00:26.767 INFO  7 A.ca9303324ae27c9d224e829df918b1ee8.c6ae4a85f8bc1eee64ee593e8582f1fd3 - Get a Copy for model file : APC_Detect_Filter_Errors.vwk folder id : 7 model file id : 1613 recursive at '9/23/2018 2:00:25 PM' ==> Completed. Took 00:00:00.607
2018/09/23 09:00:47.250 INFO  104 A.cdc551499db0039f956e1d0666bfd1504.ca3aa6b2f13c2c1bc9c646f6abf33ed07 - Changing service from :0 to HOUMSEOSIFM007:8787
2018/09/23 09:01:12.622 INFO  129 A.ca9303324ae27c9d224e829df918b1ee8.c6ae4a85f8bc1eee64ee593e8582f1fd3 - Get a Copy for model file : TRMQCU_BHP_ResultsV2.vwk folder id : 7 model file id : 1607 recursive at '9/23/2018 2:01:08 PM' ==> Started.
2018/09/23 09:01:13.248 INFO  129 A.ca9303324ae27c9d224e829df918b1ee8.c6ae4a85f8bc1eee64ee593e8582f1fd3 - Get a Copy for model file : TRMQCU_BHP_ResultsV2.vwk folder id : 7 model file id : 1607 recursive at '9/23/2018 2:01:08 PM' ==> Completed. Took 00:00:00.626
2018/09/23 09:01:17.279 INFO  120 A.cdc551499db0039f956e1d0666bfd1504.ca3aa6b2f13c2c1bc9c646f6abf33ed07 - Changing service from :0 to HOUMSEOSIFM007:8787
2018/09/23 09:01:53.439 INFO  56 A.cdc551499db0039f956e1d0666bfd1504.ca3aa6b2f13c2c1bc9c646f6abf33ed07 - Changing service from :0 to HOUMSEOSIFM007:8787
2018/09/23 09:02:17.260 INFO  60 A.cdc551499db0039f956e1d0666bfd1504.ca3aa6b2f13c2c1bc9c646f6abf33ed07 - Changing service from :0 to HOUMSEOSIFM007:8787
2018/09/23 09:02:48.651 INFO  105 A.cdc551499db0039f956e1d0666bfd1504.ca3aa6b2f13c2c1bc9c646f6abf33ed07 - Changing service from :0 to HOUMSEOSIFM007:8787
2018/09/23 09:03:18.120 INFO  106 A.cdc551499db0039f956e1d0666bfd1504.ca3aa6b2f13c2c1bc9c646f6abf33ed07 - Changing service from :0 to HOUMSEOSIFM007:8787
2018/09/23 09:03:48.098 INFO  122 A.cdc551499db0039f956e1d0666bfd1504.ca3aa6b2f13c2c1bc9c646f6abf33ed07 - Changing service from :0 to HOUMSEOSIFM007:8787
2018/09/23 09:04:18.234 INFO  88 A.cdc551499db0039f956e1d0666bfd1504.ca3aa6b2f13c2c1bc9c646f6abf33ed07 - Changing service from :0 to HOUMSEOSIFM007:8787
2018/09/23 09:04:48.641 INFO  66 A.cdc551499db0039f956e1d0666bfd1504.ca3aa6b2f13c2c1bc9c646f6abf33ed07 - Changing service from :0 to HOUMSEOSIFM007:8787
2018/09/23 09:05:18.646 INFO  95 A.cdc551499db0039f956e1d0666bfd1504.ca3aa6b2f13c2c1bc9c646f6abf33ed07 - Changing service from :0 to HOUMSEOSIFM007:8787
2018/09/23 09:05:49.133 INFO  70 A.cdc551499db0039f956e1d0666bfd1504.ca3aa6b2f13c2c1bc9c646f6abf33ed07 - Changing service from :0 to HOUMSEOSIFM007:8787
2018/09/23 09:06:18.717 INFO  85 A.cdc551499db0039f956e1d0666bfd1504.ca3aa6b2f13c2c1bc9c646f6abf33ed07 - Changing service from :0 to HOUMSEOSIFM007:8787
2018/09/23 09:06:48.719 INFO  95 A.cdc551499db0039f956e1d0666bfd1504.ca3aa6b2f13c2c1bc9c646f6abf33ed07 - Changing service from :0 to HOUMSEOSIFM007:8787
2018/09/23 09:07:18.707 INFO  135 A.cdc551499db0039f956e1d0666bfd1504.ca3aa6b2f13c2c1bc9c646f6abf33ed07 - Changing service from :0 to HOUMSEOSIFM007:8787
2018/09/23 09:07:48.700 INFO  129 A.cdc551499db0039f956e1d0666bfd1504.ca3aa6b2f13c2c1bc9c646f6abf33ed07 - Changing service from :0 to HOUMSEOSIFM007:8787
2018/09/23 09:08:18.722 INFO  122 A.cdc551499db0039f956e1d0666bfd1504.ca3aa6b2f13c2c1bc9c646f6abf33ed07 - Changing service from :0 to HOUMSEOSIFM007:8787
2018/09/23 09:08:44.905 INFO  114 A.cdc551499db0039f956e1d0666bfd1504.ca3aa6b2f13c2c1bc9c646f6abf33ed07 - Changing service from :0 to HOUMSEOSIFM007:8787
2018/09/23 09:08:44.981 INFO  124 A.cdc551499db0039f956e1d0666bfd1504.ca3aa6b2f13c2c1bc9c646f6abf33ed07 - Changing service from :0 to HOUMSEOSIFM007:8787
2018/09/23 09:08:46.215 INFO  92 A.cdc551499db0039f956e1d0666bfd1504.ca3aa6b2f13c2c1bc9c646f6abf33ed07 - Changing service from :0 to HOUMSEOSIFM007:8787
2018/09/23 09:09:04.505 INFO  92 A.cdc551499db0039f956e1d0666bfd1504.ca3aa6b2f13c2c1bc9c646f6abf33ed07 - Changing service from :0 to HOUMSEOSIFM007:8787
2018/09/23 09:09:58.593 INFO  104 A.cdc551499db0039f956e1d0666bfd1504.ca3aa6b2f13c2c1bc9c646f6abf33ed07 - Changing service from :0 to HOUMSEOSIFM007:8787
2018/09/23 09:09:58.696 INFO  142 A.cdc551499db0039f956e1d0666bfd1504.ca3aa6b2f13c2c1bc9c646f6abf33ed07 - Changing service from :0 to HOUMSEOSIFM007:8787
2018/09/23 09:10:00.156 INFO  105 A.cdc551499db0039f956e1d0666bfd1504.ca3aa6b2f13c2c1bc9c646f6abf33ed07 - Changing service from :0 to HOUMSEOSIFM007:8787
2018/09/23 09:10:09.857 INFO  12 A.cdc551499db0039f956e1d0666bfd1504.ca3aa6b2f13c2c1bc9c646f6abf33ed07 - Changing service from :0 to HOUMSEOSIFM007:8787
2018/09/23 09:10:23.182 INFO  115 A.cdc551499db0039f956e1d0666bfd1504.ca3aa6b2f13c2c1bc9c646f6abf33ed07 - Changing service from :0 to HOUMSEOSIFM007:8787
2018/09/23 09:10:37.472 INFO  105 A.cdc551499db0039f956e1d0666bfd1504.ca3aa6b2f13c2c1bc9c646f6abf33ed07 - Changing service from :0 to HOUMSEOSIFM007:8787
2018/09/23 09:10:47.689 INFO  55 A.cdc551499db0039f956e1d0666bfd1504.ca3aa6b2f13c2c1bc9c646f6abf33ed07 - Changing service from :0 to HOUMSEOSIFM007:8787
2018/09/23 09:11:09.040 INFO  136 A.cdc551499db0039f956e1d0666bfd1504.ca3aa6b2f13c2c1bc9c646f6abf33ed07 - Changing service from :0 to HOUMSEOSIFM007:8787
2018/09/23 09:18:53.771 INFO  105 A.cdc551499db0039f956e1d0666bfd1504.ca3aa6b2f13c2c1bc9c646f6abf33ed07 - Changing service from :0 to HOUMSEOSIFM007:8787
2018/09/23 09:19:02.176 INFO  129 A.cdc551499db0039f956e1d0666bfd1504.ca3aa6b2f13c2c1bc9c646f6abf33ed07 - Changing service from :0 to HOUMSEOSIFM007:8787
2018/09/23 09:21:57.972 INFO  63 A.cdc551499db0039f956e1d0666bfd1504.ca3aa6b2f13c2c1bc9c646f6abf33ed07 - Changing service from :0 to HOUMSEOSIFM007:8787
2018/09/23 09:23:07.048 INFO  88 A.cdc551499db0039f956e1d0666bfd1504.ca3aa6b2f13c2c1bc9c646f6abf33ed07 - Changing service from :0 to HOUMSEOSIFM007:8787
2018/09/23 09:24:44.639 INFO  79 A.cdc551499db0039f956e1d0666bfd1504.ca3aa6b2f13c2c1bc9c646f6abf33ed07 - Changing service from :0 to HOUMSEOSIFM007:8787
2018/09/23 09:30:56.949 INFO  3 A.ca9303324ae27c9d224e829df918b1ee8.c6ae4a85f8bc1eee64ee593e8582f1fd3 - Get a Copy for model file : APC Route Review EXT Historize_Russ.vwk folder id : 7 model file id : 2018 recursive at '9/23/2018 2:30:56 PM' ==> Started.
2018/09/23 09:30:57.562 INFO  3 A.ca9303324ae27c9d224e829df918b1ee8.c6ae4a85f8bc1eee64ee593e8582f1fd3 - Get a Copy for model file : APC Route Review EXT Historize_Russ.vwk folder id : 7 model file id : 2018 recursive at '9/23/2018 2:30:56 PM' ==> Completed. Took 00:00:00.610
2018/09/23 09:45:55.709 INFO  62 A.ca9303324ae27c9d224e829df918b1ee8.c6ae4a85f8bc1eee64ee593e8582f1fd3 - Get a Copy for model file : APC Well Flowing Times.vwk folder id : 7 model file id : 1600 recursive at '9/23/2018 2:45:55 PM' ==> Started.
2018/09/23 09:45:56.831 INFO  62 A.ca9303324ae27c9d224e829df918b1ee8.c6ae4a85f8bc1eee64ee593e8582f1fd3 - Get a Copy for model file : APC Well Flowing Times.vwk folder id : 7 model file id : 1600 recursive at '9/23/2018 2:45:55 PM' ==> Completed. Took 00:00:01.121
2018/09/23 10:01:02.937 INFO  69 A.ca9303324ae27c9d224e829df918b1ee8.c6ae4a85f8bc1eee64ee593e8582f1fd3 - Get a Copy for model file : APC Flowline Pressure Test Analysis.vwk folder id : 7 model file id : 2021 recursive at '9/23/2018 3:01:01 PM' ==> Started.
2018/09/23 10:01:03.566 INFO  69 A.ca9303324ae27c9d224e829df918b1ee8.c6ae4a85f8bc1eee64ee593e8582f1fd3 - Get a Copy for model file : APC Flowline Pressure Test Analysis.vwk folder id : 7 model file id : 2021 recursive at '9/23/2018 3:01:01 PM' ==> Completed. Took 00:00:00.629
2018/09/23 10:01:04.645 INFO  61 A.ca9303324ae27c9d224e829df918b1ee8.c6ae4a85f8bc1eee64ee593e8582f1fd3 - Get a Copy for model file : APC Exception Tracker.vwk folder id : 7 model file id : 3220 recursive at '9/23/2018 3:01:04 PM' ==> Started.
2018/09/23 10:01:05.242 INFO  61 A.ca9303324ae27c9d224e829df918b1ee8.c6ae4a85f8bc1eee64ee593e8582f1fd3 - Get a Copy for model file : APC Exception Tracker.vwk folder id : 7 model file id : 3220 recursive at '9/23/2018 3:01:04 PM' ==> Completed. Took 00:00:00.597
2018/09/23 10:01:14.117 INFO  116 A.ca9303324ae27c9d224e829df918b1ee8.c6ae4a85f8bc1eee64ee593e8582f1fd3 - Get a Copy for model file : APC Diagnostic Plot DataV3.vwk folder id : 7 model file id : 1610 recursive at '9/23/2018 3:01:13 PM' ==> Started.
2018/09/23 10:01:14.710 INFO  116 A.ca9303324ae27c9d224e829df918b1ee8.c6ae4a85f8bc1eee64ee593e8582f1fd3 - Get a Copy for model file : APC Diagnostic Plot DataV3.vwk folder id : 7 model file id : 1610 recursive at '9/23/2018 3:01:13 PM' ==> Completed. Took 00:00:00.593
2018/09/23 10:01:15.811 INFO  152 A.ca9303324ae27c9d224e829df918b1ee8.c6ae4a85f8bc1eee64ee593e8582f1fd3 - Get a Copy for model file : APC Diagnostic Plot DataV3_CHP.vwk folder id : 7 model file id : 1611 recursive at '9/23/2018 3:01:15 PM' ==> Started.
2018/09/23 10:01:16.421 INFO  152 A.ca9303324ae27c9d224e829df918b1ee8.c6ae4a85f8bc1eee64ee593e8582f1fd3 - Get a Copy for model file : APC Diagnostic Plot DataV3_CHP.vwk folder id : 7 model file id : 1611 recursive at '9/23/2018 3:01:15 PM' ==> Completed. Took 00:00:00.611
2018/09/23 10:30:24.090 INFO  115 A.ca9303324ae27c9d224e829df918b1ee8.c6ae4a85f8bc1eee64ee593e8582f1fd3 - Get a Copy for model file : APC Plunger Surveillance.vwk folder id : 7 model file id : 1582 recursive at '9/23/2018 3:30:23 PM' ==> Started.
2018/09/23 10:30:24.672 INFO  115 A.ca9303324ae27c9d224e829df918b1ee8.c6ae4a85f8bc1eee64ee593e8582f1fd3 - Get a Copy for model file : APC Plunger Surveillance.vwk folder id : 7 model file id : 1582 recursive at '9/23/2018 3:30:23 PM' ==> Completed. Took 00:00:00.581
2018/09/23 11:01:11.336 INFO  65 A.ca9303324ae27c9d224e829df918b1ee8.c6ae4a85f8bc1eee64ee593e8582f1fd3 - Get a Copy for model file : APC Line Pressure Macro.vwk folder id : 7 model file id : 3455 recursive at '9/23/2018 4:01:10 PM' ==> Started.
2018/09/23 11:01:11.942 INFO  65 A.ca9303324ae27c9d224e829df918b1ee8.c6ae4a85f8bc1eee64ee593e8582f1fd3 - Get a Copy for model file : APC Line Pressure Macro.vwk folder id : 7 model file id : 3455 recursive at '9/23/2018 4:01:10 PM' ==> Completed. Took 00:00:00.606
2018/09/23 11:01:12.939 INFO  112 A.ca9303324ae27c9d224e829df918b1ee8.c6ae4a85f8bc1eee64ee593e8582f1fd3 - Get a Copy for model file : DrawdownFlags3.vwk folder id : 7 model file id : 1946 recursive at '9/23/2018 4:01:12 PM' ==> Started.
2018/09/23 11:01:13.534 INFO  112 A.ca9303324ae27c9d224e829df918b1ee8.c6ae4a85f8bc1eee64ee593e8582f1fd3 - Get a Copy for model file : DrawdownFlags3.vwk folder id : 7 model file id : 1946 recursive at '9/23/2018 4:01:12 PM' ==> Completed. Took 00:00:00.594
2018/09/23 11:02:20.827 INFO  143 A.ca9303324ae27c9d224e829df918b1ee8.c6ae4a85f8bc1eee64ee593e8582f1fd3 - Get a Copy for model file : APC Line Pressure Macro Well.vwk folder id : 7 model file id : 3457 recursive at '9/23/2018 4:02:18 PM' ==> Started.
2018/09/23 11:02:21.418 INFO  143 A.ca9303324ae27c9d224e829df918b1ee8.c6ae4a85f8bc1eee64ee593e8582f1fd3 - Get a Copy for model file : APC Line Pressure Macro Well.vwk folder id : 7 model file id : 3457 recursive at '9/23/2018 4:02:18 PM' ==> Completed. Took 00:00:00.590
2018/09/23 11:05:13.435 INFO  115 A.ca9303324ae27c9d224e829df918b1ee8.c6ae4a85f8bc1eee64ee593e8582f1fd3 - Get a Copy for model file : APC Field Deferred Volume Breakout.vwk folder id : 7 model file id : 3511 recursive at '9/23/2018 4:05:12 PM' ==> Started.
2018/09/23 11:05:14.050 INFO  115 A.ca9303324ae27c9d224e829df918b1ee8.c6ae4a85f8bc1eee64ee593e8582f1fd3 - Get a Copy for model file : APC Field Deferred Volume Breakout.vwk folder id : 7 model file id : 3511 recursive at '9/23/2018 4:05:12 PM' ==> Completed. Took 00:00:00.613
2018/09/23 17:55:51.518 INFO  147 A.ca9303324ae27c9d224e829df918b1ee8.c6ae4a85f8bc1eee64ee593e8582f1fd3 - Get a Copy for model file : Dataset Filter.vwk folder id : 7 model file id : 1979 recursive at '9/23/2018 10:55:51 PM' ==> Started.
2018/09/23 17:55:52.137 INFO  147 A.ca9303324ae27c9d224e829df918b1ee8.c6ae4a85f8bc1eee64ee593e8582f1fd3 - Get a Copy for model file : Dataset Filter.vwk folder id : 7 model file id : 1979 recursive at '9/23/2018 10:55:51 PM' ==> Completed. Took 00:00:00.618
